"sample_id","replicate_id","case_id","case_type","data_origin","source_reference","source_file","original_row_number","normalized_order","raw_frequency","raw_z_real","raw_z_imag","frequency_Hz","z_real_ohm","z_imag_ohm","duplicate_frequency","high_frequency_inductive","status","detail"
"S_C001","R1","C001","PURE_RESISTOR","SYNTHETIC","M03A2_SYNTHETIC_CONTRACT","tests/fixtures/M03A_2/C001_pure_resistor.csv","2","1","1000000","2","0","1000000","2","0","FALSE","FALSE","PASS",""
"S_C001","R1","C001","PURE_RESISTOR","SYNTHETIC","M03A2_SYNTHETIC_CONTRACT","tests/fixtures/M03A_2/C001_pure_resistor.csv","3","2","668343.91756861494","2","0","668343.91756861494","2","0","FALSE","FALSE","PASS",""
"S_C001","R1","C001","PURE_RESISTOR","SYNTHETIC","M03A2_SYNTHETIC_CONTRACT","tests/fixtures/M03A_2/C001_pure_resistor.csv","4","3","446683.59215096349","2","0","446683.59215096349","2","0","FALSE","FALSE","PASS",""
"S_C001","R1","C001","PURE_RESISTOR","SYNTHETIC","M03A2_SYNTHETIC_CONTRACT","tests/fixtures/M03A_2/C001_pure_resistor.csv","5","4","298538.26189179573","2","0","298538.26189179573","2","0","FALSE","FALSE","PASS",""
"S_C001","R1","C001","PURE_RESISTOR","SYNTHETIC","M03A2_SYNTHETIC_CONTRACT","tests/fixtures/M03A_2/C001_pure_resistor.csv","6","5","199526.23149688789","2","0","199526.23149688789","2","0","FALSE","FALSE","PASS",""
"S_C001","R1","C001","PURE_RESISTOR","SYNTHETIC","M03A2_SYNTHETIC_CONTRACT","tests/fixtures/M03A_2/C001_pure_resistor.csv","7","6","133352.14321633239","2","0","133352.14321633239","2","0","FALSE","FALSE","PASS",""
"S_C001","R1","C001","PURE_RESISTOR","SYNTHETIC","M03A2_SYNTHETIC_CONTRACT","tests/fixtures/M03A_2/C001_pure_resistor.csv","8","7","89125.093813374595","2","0","89125.093813374595","2","0","FALSE","FALSE","PASS",""
"S_C001","R1","C001","PURE_RESISTOR","SYNTHETIC","M03A2_SYNTHETIC_CONTRACT","tests/fixtures/M03A_2/C001_pure_resistor.csv","9","8","59566.214352901094","2","0","59566.214352901094","2","0","FALSE","FALSE","PASS",""
"S_C001","R1","C001","PURE_RESISTOR","SYNTHETIC","M03A2_SYNTHETIC_CONTRACT","tests/fixtures/M03A_2/C001_pure_resistor.csv","10","9","39810.717055349691","2","0","39810.717055349691","2","0","FALSE","FALSE","PASS",""
"S_C001","R1","C001","PURE_RESISTOR","SYNTHETIC","M03A2_SYNTHETIC_CONTRACT","tests/fixtures/M03A_2/C001_pure_resistor.csv","11","10","26607.250597988084","2","0","26607.250597988084","2","0","FALSE","FALSE","PASS",""
"S_C001","R1","C001","PURE_RESISTOR","SYNTHETIC","M03A2_SYNTHETIC_CONTRACT","tests/fixtures/M03A_2/C001_pure_resistor.csv","12","11","17782.794100389227","2","0","17782.794100389227","2","0","FALSE","FALSE","PASS",""
"S_C001","R1","C001","PURE_RESISTOR","SYNTHETIC","M03A2_SYNTHETIC_CONTRACT","tests/fixtures/M03A_2/C001_pure_resistor.csv","13","12","11885.022274370165","2","0","11885.022274370165","2","0","FALSE","FALSE","PASS",""
"S_C001","R1","C001","PURE_RESISTOR","SYNTHETIC","M03A2_SYNTHETIC_CONTRACT","tests/fixtures/M03A_2/C001_pure_resistor.csv","14","13","7943.2823472428136","2","0","7943.2823472428136","2","0","FALSE","FALSE","PASS",""
"S_C001","R1","C001","PURE_RESISTOR","SYNTHETIC","M03A2_SYNTHETIC_CONTRACT","tests/fixtures/M03A_2/C001_pure_resistor.csv","15","14","5308.8444423098845","2","0","5308.8444423098845","2","0","FALSE","FALSE","PASS",""
"S_C001","R1","C001","PURE_RESISTOR","SYNTHETIC","M03A2_SYNTHETIC_CONTRACT","tests/fixtures/M03A_2/C001_pure_resistor.csv","16","15","3548.1338923357566","2","0","3548.1338923357566","2","0","FALSE","FALSE","PASS",""
"S_C001","R1","C001","PURE_RESISTOR","SYNTHETIC","M03A2_SYNTHETIC_CONTRACT","tests/fixtures/M03A_2/C001_pure_resistor.csv","17","16","2371.3737056616551","2","0","2371.3737056616551","2","0","FALSE","FALSE","PASS",""
"S_C001","R1","C001","PURE_RESISTOR","SYNTHETIC","M03A2_SYNTHETIC_CONTRACT","tests/fixtures/M03A_2/C001_pure_resistor.csv","18","17","1584.8931924611124","2","0","1584.8931924611124","2","0","FALSE","FALSE","PASS",""
"S_C001","R1","C001","PURE_RESISTOR","SYNTHETIC","M03A2_SYNTHETIC_CONTRACT","tests/fixtures/M03A_2/C001_pure_resistor.csv","19","18","1059.2537251772887","2","0","1059.2537251772887","2","0","FALSE","FALSE","PASS",""
"S_C001","R1","C001","PURE_RESISTOR","SYNTHETIC","M03A2_SYNTHETIC_CONTRACT","tests/fixtures/M03A_2/C001_pure_resistor.csv","20","19","707.94578438413805","2","0","707.94578438413805","2","0","FALSE","FALSE","PASS",""
"S_C001","R1","C001","PURE_RESISTOR","SYNTHETIC","M03A2_SYNTHETIC_CONTRACT","tests/fixtures/M03A_2/C001_pure_resistor.csv","21","20","473.15125896148078","2","0","473.15125896148078","2","0","FALSE","FALSE","PASS",""
"S_C001","R1","C001","PURE_RESISTOR","SYNTHETIC","M03A2_SYNTHETIC_CONTRACT","tests/fixtures/M03A_2/C001_pure_resistor.csv","22","21","316.22776601683796","2","0","316.22776601683796","2","0","FALSE","FALSE","PASS",""
"S_C001","R1","C001","PURE_RESISTOR","SYNTHETIC","M03A2_SYNTHETIC_CONTRACT","tests/fixtures/M03A_2/C001_pure_resistor.csv","23","22","211.34890398366454","2","0","211.34890398366454","2","0","FALSE","FALSE","PASS",""
"S_C001","R1","C001","PURE_RESISTOR","SYNTHETIC","M03A2_SYNTHETIC_CONTRACT","tests/fixtures/M03A_2/C001_pure_resistor.csv","24","23","141.25375446227525","2","0","141.25375446227525","2","0","FALSE","FALSE","PASS",""
"S_C001","R1","C001","PURE_RESISTOR","SYNTHETIC","M03A2_SYNTHETIC_CONTRACT","tests/fixtures/M03A_2/C001_pure_resistor.csv","25","24","94.406087628592459","2","0","94.406087628592459","2","0","FALSE","FALSE","PASS",""
"S_C001","R1","C001","PURE_RESISTOR","SYNTHETIC","M03A2_SYNTHETIC_CONTRACT","tests/fixtures/M03A_2/C001_pure_resistor.csv","26","25","63.0957344480193","2","0","63.0957344480193","2","0","FALSE","FALSE","PASS",""
"S_C001","R1","C001","PURE_RESISTOR","SYNTHETIC","M03A2_SYNTHETIC_CONTRACT","tests/fixtures/M03A_2/C001_pure_resistor.csv","27","26","42.169650342858226","2","0","42.169650342858226","2","0","FALSE","FALSE","PASS",""
"S_C001","R1","C001","PURE_RESISTOR","SYNTHETIC","M03A2_SYNTHETIC_CONTRACT","tests/fixtures/M03A_2/C001_pure_resistor.csv","28","27","28.183829312644551","2","0","28.183829312644551","2","0","FALSE","FALSE","PASS",""
"S_C001","R1","C001","PURE_RESISTOR","SYNTHETIC","M03A2_SYNTHETIC_CONTRACT","tests/fixtures/M03A_2/C001_pure_resistor.csv","29","28","18.836490894897981","2","0","18.836490894897981","2","0","FALSE","FALSE","PASS",""
"S_C001","R1","C001","PURE_RESISTOR","SYNTHETIC","M03A2_SYNTHETIC_CONTRACT","tests/fixtures/M03A_2/C001_pure_resistor.csv","30","29","12.589254117941687","2","0","12.589254117941687","2","0","FALSE","FALSE","PASS",""
"S_C001","R1","C001","PURE_RESISTOR","SYNTHETIC","M03A2_SYNTHETIC_CONTRACT","tests/fixtures/M03A_2/C001_pure_resistor.csv","31","30","8.4139514164519476","2","0","8.4139514164519476","2","0","FALSE","FALSE","PASS",""
"S_C001","R1","C001","PURE_RESISTOR","SYNTHETIC","M03A2_SYNTHETIC_CONTRACT","tests/fixtures/M03A_2/C001_pure_resistor.csv","32","31","5.6234132519034912","2","0","5.6234132519034912","2","0","FALSE","FALSE","PASS",""
"S_C001","R1","C001","PURE_RESISTOR","SYNTHETIC","M03A2_SYNTHETIC_CONTRACT","tests/fixtures/M03A_2/C001_pure_resistor.csv","33","32","3.7583740428844434","2","0","3.7583740428844434","2","0","FALSE","FALSE","PASS",""
"S_C001","R1","C001","PURE_RESISTOR","SYNTHETIC","M03A2_SYNTHETIC_CONTRACT","tests/fixtures/M03A_2/C001_pure_resistor.csv","34","33","2.511886431509577","2","0","2.511886431509577","2","0","FALSE","FALSE","PASS",""
"S_C001","R1","C001","PURE_RESISTOR","SYNTHETIC","M03A2_SYNTHETIC_CONTRACT","tests/fixtures/M03A_2/C001_pure_resistor.csv","35","34","1.6788040181225623","2","0","1.6788040181225623","2","0","FALSE","FALSE","PASS",""
"S_C001","R1","C001","PURE_RESISTOR","SYNTHETIC","M03A2_SYNTHETIC_CONTRACT","tests/fixtures/M03A_2/C001_pure_resistor.csv","36","35","1.1220184543019629","2","0","1.1220184543019629","2","0","FALSE","FALSE","PASS",""
"S_C001","R1","C001","PURE_RESISTOR","SYNTHETIC","M03A2_SYNTHETIC_CONTRACT","tests/fixtures/M03A_2/C001_pure_resistor.csv","37","36","0.74989420933245587","2","0","0.74989420933245587","2","0","FALSE","FALSE","PASS",""
"S_C001","R1","C001","PURE_RESISTOR","SYNTHETIC","M03A2_SYNTHETIC_CONTRACT","tests/fixtures/M03A_2/C001_pure_resistor.csv","38","37","0.50118723362727247","2","0","0.50118723362727247","2","0","FALSE","FALSE","PASS",""
"S_C001","R1","C001","PURE_RESISTOR","SYNTHETIC","M03A2_SYNTHETIC_CONTRACT","tests/fixtures/M03A_2/C001_pure_resistor.csv","39","38","0.33496543915782723","2","0","0.33496543915782723","2","0","FALSE","FALSE","PASS",""
"S_C001","R1","C001","PURE_RESISTOR","SYNTHETIC","M03A2_SYNTHETIC_CONTRACT","tests/fixtures/M03A_2/C001_pure_resistor.csv","40","39","0.22387211385683423","2","0","0.22387211385683423","2","0","FALSE","FALSE","PASS",""
"S_C001","R1","C001","PURE_RESISTOR","SYNTHETIC","M03A2_SYNTHETIC_CONTRACT","tests/fixtures/M03A_2/C001_pure_resistor.csv","41","40","0.14962356560944329","2","0","0.14962356560944329","2","0","FALSE","FALSE","PASS",""
"S_C001","R1","C001","PURE_RESISTOR","SYNTHETIC","M03A2_SYNTHETIC_CONTRACT","tests/fixtures/M03A_2/C001_pure_resistor.csv","42","41","0.10000000000000001","2","0","0.10000000000000001","2","0","FALSE","FALSE","PASS",""
"S_C002","R1","C002","IDEAL_RANDLES_NOISE_FREE","SYNTHETIC","M03A2_SYNTHETIC_CONTRACT","tests/fixtures/M03A_2/C002_ideal_randles_noise_free.csv","2","1","1000000","2.0000000031662868","-0.00015915494302890407","1000000","2.0000000031662868","-0.00015915494302890407","FALSE","FALSE","PASS",""
"S_C002","R1","C002","IDEAL_RANDLES_NOISE_FREE","SYNTHETIC","M03A2_SYNTHETIC_CONTRACT","tests/fixtures/M03A_2/C002_ideal_randles_noise_free.csv","3","2","764422.27425260097","2.0000000054185567","-0.00020820291132896045","764422.27425260097","2.0000000054185567","-0.00020820291132896045","FALSE","FALSE","PASS",""
"S_C002","R1","C002","IDEAL_RANDLES_NOISE_FREE","SYNTHETIC","M03A2_SYNTHETIC_CONTRACT","tests/fixtures/M03A_2/C002_ideal_randles_noise_free.csv","4","3","584341.41337351757","2.0000000092729291","-0.00027236635854471374","584341.41337351757","2.0000000092729291","-0.00027236635854471374","FALSE","FALSE","PASS",""
"S_C002","R1","C002","IDEAL_RANDLES_NOISE_FREE","SYNTHETIC","M03A2_SYNTHETIC_CONTRACT","tests/fixtures/M03A_2/C002_ideal_randles_noise_free.csv","5","4","446683.59215096349","2.0000000158690261","-0.00035630353470069315","446683.59215096349","2.0000000158690261","-0.00035630353470069315","FALSE","FALSE","PASS",""
"S_C002","R1","C002","IDEAL_RANDLES_NOISE_FREE","SYNTHETIC","M03A2_SYNTHETIC_CONTRACT","tests/fixtures/M03A_2/C002_ideal_randles_noise_free.csv","6","5","341454.88738336007","2.0000000271571134","-0.00046610825743704891","341454.88738336007","2.0000000271571134","-0.00046610825743704891","FALSE","FALSE","PASS",""
"S_C002","R1","C002","IDEAL_RANDLES_NOISE_FREE","SYNTHETIC","M03A2_SYNTHETIC_CONTRACT","tests/fixtures/M03A_2/C002_ideal_randles_noise_free.csv","7","6","261015.72156825385","2.0000000464747369","-0.00060975232147344766","261015.72156825385","2.0000000464747369","-0.00060975232147344766","FALSE","FALSE","PASS",""
"S_C002","R1","C002","IDEAL_RANDLES_NOISE_FREE","SYNTHETIC","M03A2_SYNTHETIC_CONTRACT","tests/fixtures/M03A_2/C002_ideal_randles_noise_free.csv","8","7","199526.23149688789","2.0000000795335326","-0.00079766424853319794","199526.23149688789","2.0000000795335326","-0.00079766424853319794","FALSE","FALSE","PASS",""
"S_C002","R1","C002","IDEAL_RANDLES_NOISE_FREE","SYNTHETIC","M03A2_SYNTHETIC_CONTRACT","tests/fixtures/M03A_2/C002_ideal_randles_noise_free.csv","9","8","152522.29565390197","2.0000001361079844","-0.0010434863945744798","152522.29565390197","2.0000001361079844","-0.0010434863945744798","FALSE","FALSE","PASS",""
"S_C002","R1","C002","IDEAL_RANDLES_NOISE_FREE","SYNTHETIC","M03A2_SYNTHETIC_CONTRACT","tests/fixtures/M03A_2/C002_ideal_randles_noise_free.csv","10","9","116591.4401179831","2.0000002329254429","-0.0013650653795590504","116591.4401179831","2.0000002329254429","-0.0013650653795590504","FALSE","FALSE","PASS",""
"S_C002","R1","C002","IDEAL_RANDLES_NOISE_FREE","SYNTHETIC","M03A2_SYNTHETIC_CONTRACT","tests/fixtures/M03A_2/C002_ideal_randles_noise_free.csv","11","10","89125.093813374595","2.000000398611895","-0.0017857477434473118","89125.093813374595","2.000000398611895","-0.0017857477434473118","FALSE","FALSE","PASS",""
"S_C002","R1","C002","IDEAL_RANDLES_NOISE_FREE","SYNTHETIC","M03A2_SYNTHETIC_CONTRACT","tests/fixtures/M03A_2/C002_ideal_randles_noise_free.csv","12","11","68129.206905796222","2.0000006821557945","-0.0023360748898912636","68129.206905796222","2.0000006821557945","-0.0023360748898912636","FALSE","FALSE","PASS",""
"S_C002","R1","C002","IDEAL_RANDLES_NOISE_FREE","SYNTHETIC","M03A2_SYNTHETIC_CONTRACT","tests/fixtures/M03A_2/C002_ideal_randles_noise_free.csv","13","12","52079.483285954651","2.0000011673924485","-0.0030560003637801663","52079.483285954651","2.0000011673924485","-0.0030560003637801663","FALSE","FALSE","PASS",""
"S_C002","R1","C002","IDEAL_RANDLES_NOISE_FREE","SYNTHETIC","M03A2_SYNTHETIC_CONTRACT","tests/fixtures/M03A_2/C002_ideal_randles_noise_free.csv","14","13","39810.717055349691","2.0000019977915313","-0.003997790422257886","39810.717055349691","2.0000019977915313","-0.003997790422257886","FALSE","FALSE","PASS",""
"S_C002","R1","C002","IDEAL_RANDLES_NOISE_FREE","SYNTHETIC","M03A2_SYNTHETIC_CONTRACT","tests/fixtures/M03A_2/C002_ideal_randles_noise_free.csv","15","14","30432.19887107722","2.0000034188765863","-0.0052298184482084094","30432.19887107722","2.0000034188765863","-0.0052298184482084094","FALSE","FALSE","PASS",""
"S_C002","R1","C002","IDEAL_RANDLES_NOISE_FREE","SYNTHETIC","M03A2_SYNTHETIC_CONTRACT","tests/fixtures/M03A_2/C002_ideal_randles_noise_free.csv","16","15","23263.050671536286","2.0000058508184919","-0.0068415286086401022","23263.050671536286","2.0000058508184919","-0.0068415286086401022","FALSE","FALSE","PASS",""
"S_C002","R1","C002","IDEAL_RANDLES_NOISE_FREE","SYNTHETIC","M03A2_SYNTHETIC_CONTRACT","tests/fixtures/M03A_2/C002_ideal_randles_noise_free.csv","17","16","17782.794100389227","2.0000100126660789","-0.0089499289592938208","17782.794100389227","2.0000100126660789","-0.0089499289592938208","FALSE","FALSE","PASS",""
"S_C002","R1","C002","IDEAL_RANDLES_NOISE_FREE","SYNTHETIC","M03A2_SYNTHETIC_CONTRACT","tests/fixtures/M03A_2/C002_ideal_randles_noise_free.csv","18","17","13593.563908785241","2.0000171349436058","-0.011708085037225978","13593.563908785241","2.0000171349436058","-0.011708085037225978","FALSE","FALSE","PASS",""
"S_C002","R1","C002","IDEAL_RANDLES_NOISE_FREE","SYNTHETIC","M03A2_SYNTHETIC_CONTRACT","tests/fixtures/M03A_2/C002_ideal_randles_noise_free.csv","19","18","10391.223038351691","2.0000293234693061","-0.015316229777053764","10391.223038351691","2.0000293234693061","-0.015316229777053764","FALSE","FALSE","PASS",""
"S_C002","R1","C002","IDEAL_RANDLES_NOISE_FREE","SYNTHETIC","M03A2_SYNTHETIC_CONTRACT","tests/fixtures/M03A_2/C002_ideal_randles_noise_free.csv","20","19","7943.2823472428136","2.000050181952159","-0.020036294543769002","7943.2823472428136","2.000050181952159","-0.020036294543769002","FALSE","FALSE","PASS",""
"S_C002","R1","C002","IDEAL_RANDLES_NOISE_FREE","SYNTHETIC","M03A2_SYNTHETIC_CONTRACT","tests/fixtures/M03A_2/C002_ideal_randles_noise_free.csv","21","20","6072.0219569098836","2.0000858774119048","-0.026210912237225267","6072.0219569098836","2.0000858774119048","-0.026210912237225267","FALSE","FALSE","PASS",""
"S_C002","R1","C002","IDEAL_RANDLES_NOISE_FREE","SYNTHETIC","M03A2_SYNTHETIC_CONTRACT","tests/fixtures/M03A_2/C002_ideal_randles_noise_free.csv","22","21","4641.5888336127819","2.0001469633234863","-0.0342882631475128","4641.5888336127819","2.0001469633234863","-0.0342882631475128","FALSE","FALSE","PASS",""
"S_C002","R1","C002","IDEAL_RANDLES_NOISE_FREE","SYNTHETIC","M03A2_SYNTHETIC_CONTRACT","tests/fixtures/M03A_2/C002_ideal_randles_noise_free.csv","23","22","3548.1338923357566","2.0002514992087161","-0.044854547348929005","3548.1338923357566","2.0002514992087161","-0.044854547348929005","FALSE","FALSE","PASS",""
"S_C002","R1","C002","IDEAL_RANDLES_NOISE_FREE","SYNTHETIC","M03A2_SYNTHETIC_CONTRACT","tests/fixtures/M03A_2/C002_ideal_randles_noise_free.csv","24","23","2712.2725793320296","2.0004303880898768","-0.058676396320054031","2712.2725793320296","2.0004303880898768","-0.058676396320054031","FALSE","FALSE","PASS",""
"S_C002","R1","C002","IDEAL_RANDLES_NOISE_FREE","SYNTHETIC","M03A2_SYNTHETIC_CONTRACT","tests/fixtures/M03A_2/C002_ideal_randles_noise_free.csv","25","24","2073.3215734859541","2.000736507135028","-0.076756202599306128","2073.3215734859541","2.000736507135028","-0.076756202599306128","FALSE","FALSE","PASS",""
"S_C002","R1","C002","IDEAL_RANDLES_NOISE_FREE","SYNTHETIC","M03A2_SYNTHETIC_CONTRACT","tests/fixtures/M03A_2/C002_ideal_randles_noise_free.csv","26","25","1584.8931924611124","2.0012603229712469","-0.10040416005317282","1584.8931924611124","2.0012603229712469","-0.10040416005317282","FALSE","FALSE","PASS",""
"S_C002","R1","C002","IDEAL_RANDLES_NOISE_FREE","SYNTHETIC","M03A2_SYNTHETIC_CONTRACT","tests/fixtures/M03A_2/C002_ideal_randles_noise_free.csv","27","26","1211.5276586285877","2.0021565846998901","-0.1313317430842704","1211.5276586285877","2.0021565846998901","-0.1313317430842704","FALSE","FALSE","PASS",""
"S_C002","R1","C002","IDEAL_RANDLES_NOISE_FREE","SYNTHETIC","M03A2_SYNTHETIC_CONTRACT","tests/fixtures/M03A_2/C002_ideal_randles_noise_free.csv","28","27","926.11872812879369","2.0036899168773545","-0.17177228976838432","926.11872812879369","2.0036899168773545","-0.17177228976838432","FALSE","FALSE","PASS",""
"S_C002","R1","C002","IDEAL_RANDLES_NOISE_FREE","SYNTHETIC","M03A2_SYNTHETIC_CONTRACT","tests/fixtures/M03A_2/C002_ideal_randles_noise_free.csv","29","28","707.94578438413805","2.0063125880775905","-0.22463493907334725","707.94578438413805","2.0063125880775905","-0.22463493907334725","FALSE","FALSE","PASS",""
"S_C002","R1","C002","IDEAL_RANDLES_NOISE_FREE","SYNTHETIC","M03A2_SYNTHETIC_CONTRACT","tests/fixtures/M03A_2/C002_ideal_randles_noise_free.csv","30","29","541.16952654646377","2.0107968504820164","-0.29369751765345276","541.16952654646377","2.0107968504820164","-0.29369751765345276","FALSE","FALSE","PASS",""
"S_C002","R1","C002","IDEAL_RANDLES_NOISE_FREE","SYNTHETIC","M03A2_SYNTHETIC_CONTRACT","tests/fixtures/M03A_2/C002_ideal_randles_noise_free.csv","31","30","413.68204023885073","2.0184592347172785","-0.38383998540000985","413.68204023885073","2.0184592347172785","-0.38383998540000985","FALSE","FALSE","PASS",""
"S_C002","R1","C002","IDEAL_RANDLES_NOISE_FREE","SYNTHETIC","M03A2_SYNTHETIC_CONTRACT","tests/fixtures/M03A_2/C002_ideal_randles_noise_free.csv","32","31","316.22776601683796","2.0315380467543664","-0.5013080147392931","316.22776601683796","2.0315380467543664","-0.5013080147392931","FALSE","FALSE","PASS",""
"S_C002","R1","C002","IDEAL_RANDLES_NOISE_FREE","SYNTHETIC","M03A2_SYNTHETIC_CONTRACT","tests/fixtures/M03A_2/C002_ideal_randles_noise_free.csv","33","32","241.73154808041014","2.0538210250961093","-0.65396597619943253","241.73154808041014","2.0538210250961093","-0.65396597619943253","FALSE","FALSE","PASS",""
"S_C002","R1","C002","IDEAL_RANDLES_NOISE_FREE","SYNTHETIC","M03A2_SYNTHETIC_CONTRACT","tests/fixtures/M03A_2/C002_ideal_randles_noise_free.csv","34","33","184.78497974222907","2.0916667674946963","-0.85142900097109853","184.78497974222907","2.0916667674946963","-0.85142900097109853","FALSE","FALSE","PASS",""
"S_C002","R1","C002","IDEAL_RANDLES_NOISE_FREE","SYNTHETIC","M03A2_SYNTHETIC_CONTRACT","tests/fixtures/M03A_2/C002_ideal_randles_noise_free.csv","35","34","141.25375446227525","2.1556036634214886","-1.104815281982342","141.25375446227525","2.1556036634214886","-1.104815281982342","FALSE","FALSE","PASS",""
"S_C002","R1","C002","IDEAL_RANDLES_NOISE_FREE","SYNTHETIC","M03A2_SYNTHETIC_CONTRACT","tests/fixtures/M03A_2/C002_ideal_randles_noise_free.csv","36","35","107.97751623277094","2.2626549485499292","-1.4255707511034548","107.97751623277094","2.2626549485499292","-1.4255707511034548","FALSE","FALSE","PASS",""
"S_C002","R1","C002","IDEAL_RANDLES_NOISE_FREE","SYNTHETIC","M03A2_SYNTHETIC_CONTRACT","tests/fixtures/M03A_2/C002_ideal_randles_noise_free.csv","37","36","82.54041852680173","2.439230943947035","-1.8223401794000142","82.54041852680173","2.439230943947035","-1.8223401794000142","FALSE","FALSE","PASS",""
"S_C002","R1","C002","IDEAL_RANDLES_NOISE_FREE","SYNTHETIC","M03A2_SYNTHETIC_CONTRACT","tests/fixtures/M03A_2/C002_ideal_randles_noise_free.csv","38","37","63.0957344480193","2.723415585628159","-2.2943396818029234","63.0957344480193","2.723415585628159","-2.2943396818029234","FALSE","FALSE","PASS",""
"S_C002","R1","C002","IDEAL_RANDLES_NOISE_FREE","SYNTHETIC","M03A2_SYNTHETIC_CONTRACT","tests/fixtures/M03A_2/C002_ideal_randles_noise_free.csv","39","38","48.231784822393095","3.16318192805972","-2.8200112103878299","48.231784822393095","3.16318192805972","-2.8200112103878299","FALSE","FALSE","PASS",""
"S_C002","R1","C002","IDEAL_RANDLES_NOISE_FREE","SYNTHETIC","M03A2_SYNTHETIC_CONTRACT","tests/fixtures/M03A_2/C002_ideal_randles_noise_free.csv","40","39","36.869450645195734","3.8040058933676253","-3.3432932691637864","36.869450645195734","3.8040058933676253","-3.3432932691637864","FALSE","FALSE","PASS",""
"S_C002","R1","C002","IDEAL_RANDLES_NOISE_FREE","SYNTHETIC","M03A2_SYNTHETIC_CONTRACT","tests/fixtures/M03A_2/C002_ideal_randles_noise_free.csv","41","40","28.183829312644551","4.6604902560760486","-3.7690467821364053","28.183829312644551","4.6604902560760486","-3.7690467821364053","FALSE","FALSE","PASS",""
"S_C002","R1","C002","IDEAL_RANDLES_NOISE_FREE","SYNTHETIC","M03A2_SYNTHETIC_CONTRACT","tests/fixtures/M03A_2/C002_ideal_randles_noise_free.csv","42","41","21.544346900318867","5.6819655718361606","-3.9873367179738537","21.544346900318867","5.6819655718361606","-3.9873367179738537","FALSE","FALSE","PASS",""
"S_C002","R1","C002","IDEAL_RANDLES_NOISE_FREE","SYNTHETIC","M03A2_SYNTHETIC_CONTRACT","tests/fixtures/M03A_2/C002_ideal_randles_noise_free.csv","43","42","16.468978654828689","6.7469634991013088","-3.9296368192251978","16.468978654828689","6.7469634991013088","-3.9296368192251978","FALSE","FALSE","PASS",""
"S_C002","R1","C002","IDEAL_RANDLES_NOISE_FREE","SYNTHETIC","M03A2_SYNTHETIC_CONTRACT","tests/fixtures/M03A_2/C002_ideal_randles_noise_free.csv","44","43","12.589254117941687","7.7124818676228877","-3.6148866998929341","12.589254117941687","7.7124818676228877","-3.6148866998929341","FALSE","FALSE","PASS",""
"S_C002","R1","C002","IDEAL_RANDLES_NOISE_FREE","SYNTHETIC","M03A2_SYNTHETIC_CONTRACT","tests/fixtures/M03A_2/C002_ideal_randles_noise_free.csv","45","44","9.6235062639808877","8.4830090066133739","-3.1360271480133686","9.6235062639808877","8.4830090066133739","-3.1360271480133686","FALSE","FALSE","PASS",""
"S_C002","R1","C002","IDEAL_RANDLES_NOISE_FREE","SYNTHETIC","M03A2_SYNTHETIC_CONTRACT","tests/fixtures/M03A_2/C002_ideal_randles_noise_free.csv","46","45","7.3564225445964215","9.0377130438621514","-2.6023642064764374","7.3564225445964215","9.0377130438621514","-2.6023642064764374","FALSE","FALSE","PASS",""
"S_C002","R1","C002","IDEAL_RANDLES_NOISE_FREE","SYNTHETIC","M03A2_SYNTHETIC_CONTRACT","tests/fixtures/M03A_2/C002_ideal_randles_noise_free.csv","47","46","5.6234132519034912","9.4081022630393925","-2.0940007078952414","5.6234132519034912","9.4081022630393925","-2.0940007078952414","FALSE","FALSE","PASS",""
"S_C002","R1","C002","IDEAL_RANDLES_NOISE_FREE","SYNTHETIC","M03A2_SYNTHETIC_CONTRACT","tests/fixtures/M03A_2/C002_ideal_randles_noise_free.csv","48","47","4.2986623470822725","9.6431554487029576","-1.651489744620277","4.2986623470822725","9.6431554487029576","-1.651489744620277","FALSE","FALSE","PASS",""
"S_C002","R1","C002","IDEAL_RANDLES_NOISE_FREE","SYNTHETIC","M03A2_SYNTHETIC_CONTRACT","tests/fixtures/M03A_2/C002_ideal_randles_noise_free.csv","49","48","3.2859932476006541","9.7875418299540033","-1.2862841390410882","3.2859932476006541","9.7875418299540033","-1.2862841390410882","FALSE","FALSE","PASS",""
"S_C002","R1","C002","IDEAL_RANDLES_NOISE_FREE","SYNTHETIC","M03A2_SYNTHETIC_CONTRACT","tests/fixtures/M03A_2/C002_ideal_randles_noise_free.csv","50","49","2.511886431509577","9.8744661549166217","-0.99423941503322122","2.511886431509577","9.8744661549166217","-0.99423941503322122","FALSE","FALSE","PASS",""
"S_C002","R1","C002","IDEAL_RANDLES_NOISE_FREE","SYNTHETIC","M03A2_SYNTHETIC_CONTRACT","tests/fixtures/M03A_2/C002_ideal_randles_noise_free.csv","51","50","1.920141938638801","9.9261637860254162","-0.76500844786353428","1.920141938638801","9.9261637860254162","-0.76500844786353428","FALSE","FALSE","PASS",""
"S_C002","R1","C002","IDEAL_RANDLES_NOISE_FREE","SYNTHETIC","M03A2_SYNTHETIC_CONTRACT","tests/fixtures/M03A_2/C002_ideal_randles_noise_free.csv","52","51","1.4677992676220675","9.9566882842449616","-0.58704158397737194","1.4677992676220675","9.9566882842449616","-0.58704158397737194","FALSE","FALSE","PASS",""
"S_C002","R1","C002","IDEAL_RANDLES_NOISE_FREE","SYNTHETIC","M03A2_SYNTHETIC_CONTRACT","tests/fixtures/M03A_2/C002_ideal_randles_noise_free.csv","53","52","1.1220184543019629","9.9746340883463347","-0.44975978450201171","1.1220184543019629","9.9746340883463347","-0.44975978450201171","FALSE","FALSE","PASS",""
"S_C002","R1","C002","IDEAL_RANDLES_NOISE_FREE","SYNTHETIC","M03A2_SYNTHETIC_CONTRACT","tests/fixtures/M03A_2/C002_ideal_randles_noise_free.csv","54","53","0.85769589859089457","9.9851580865089939","-0.34426011318764721","0.85769589859089457","9.9851580865089939","-0.34426011318764721","FALSE","FALSE","PASS",""
"S_C002","R1","C002","IDEAL_RANDLES_NOISE_FREE","SYNTHETIC","M03A2_SYNTHETIC_CONTRACT","tests/fixtures/M03A_2/C002_ideal_randles_noise_free.csv","55","54","0.65564184941797854","9.9913205621788901","-0.26336319015381915","0.65564184941797854","9.9913205621788901","-0.26336319015381915","FALSE","FALSE","PASS",""
"S_C002","R1","C002","IDEAL_RANDLES_NOISE_FREE","SYNTHETIC","M03A2_SYNTHETIC_CONTRACT","tests/fixtures/M03A_2/C002_ideal_randles_noise_free.csv","56","55","0.50118723362727247","9.9949259568440105","-0.20141151738162108","0.50118723362727247","9.9949259568440105","-0.20141151738162108","FALSE","FALSE","PASS",""
"S_C002","R1","C002","IDEAL_RANDLES_NOISE_FREE","SYNTHETIC","M03A2_SYNTHETIC_CONTRACT","tests/fixtures/M03A_2/C002_ideal_randles_noise_free.csv","57","56","0.38311868495572932","9.9970342445776321","-0.15400405083539176","0.38311868495572932","9.9970342445776321","-0.15400405083539176","FALSE","FALSE","PASS",""
"S_C002","R1","C002","IDEAL_RANDLES_NOISE_FREE","SYNTHETIC","M03A2_SYNTHETIC_CONTRACT","tests/fixtures/M03A_2/C002_ideal_randles_noise_free.csv","58","57","0.29286445646252374","9.998266719198833","-0.1177422700095699","0.29286445646252374","9.998266719198833","-0.1177422700095699","FALSE","FALSE","PASS",""
"S_C002","R1","C002","IDEAL_RANDLES_NOISE_FREE","SYNTHETIC","M03A2_SYNTHETIC_CONTRACT","tests/fixtures/M03A_2/C002_ideal_randles_noise_free.csv","59","58","0.22387211385683423","9.9989870810268027","-0.090012920076708275","0.22387211385683423","9.9989870810268027","-0.090012920076708275","FALSE","FALSE","PASS",""
"S_C002","R1","C002","IDEAL_RANDLES_NOISE_FREE","SYNTHETIC","M03A2_SYNTHETIC_CONTRACT","tests/fixtures/M03A_2/C002_ideal_randles_noise_free.csv","60","59","0.17113283041617811","9.9994080783435848","-0.068811502527347621","0.17113283041617811","9.9994080783435848","-0.068811502527347621","FALSE","FALSE","PASS",""
"S_C002","R1","C002","IDEAL_RANDLES_NOISE_FREE","SYNTHETIC","M03A2_SYNTHETIC_CONTRACT","tests/fixtures/M03A_2/C002_ideal_randles_noise_free.csv","61","60","0.13081774742601956","9.9996541050247991","-0.052602663033967462","0.13081774742601956","9.9996541050247991","-0.052602663033967462","FALSE","FALSE","PASS",""
"S_C002","R1","C002","IDEAL_RANDLES_NOISE_FREE","SYNTHETIC","M03A2_SYNTHETIC_CONTRACT","tests/fixtures/M03A_2/C002_ideal_randles_noise_free.csv","62","61","0.10000000000000001","9.9997978756087775","-0.040211369977945235","0.10000000000000001","9.9997978756087775","-0.040211369977945235","FALSE","FALSE","PASS",""
"S_C003","R1","C003","IDEAL_RANDLES_FIXED_SEED_NOISE","SYNTHETIC","M03A2_SYNTHETIC_CONTRACT","tests/fixtures/M03A_2/C003_ideal_randles_fixed_seed_noise.csv","2","1","1000000","2.0012406997580396","-0.0037182499338679151","1000000","2.0012406997580396","-0.0037182499338679151","FALSE","FALSE","PASS",""
"S_C003","R1","C003","IDEAL_RANDLES_FIXED_SEED_NOISE","SYNTHETIC","M03A2_SYNTHETIC_CONTRACT","tests/fixtures/M03A_2/C003_ideal_randles_fixed_seed_noise.csv","3","2","764422.27425260097","1.9957417325220312","-0.0032219422894429897","764422.27425260097","1.9957417325220312","-0.0032219422894429897","FALSE","FALSE","PASS",""
"S_C003","R1","C003","IDEAL_RANDLES_FIXED_SEED_NOISE","SYNTHETIC","M03A2_SYNTHETIC_CONTRACT","tests/fixtures/M03A_2/C003_ideal_randles_fixed_seed_noise.csv","4","3","584341.41337351757","2.0028424351796614","-0.0082455585898252009","584341.41337351757","2.0028424351796614","-0.0082455585898252009","FALSE","FALSE","PASS",""
"S_C003","R1","C003","IDEAL_RANDLES_FIXED_SEED_NOISE","SYNTHETIC","M03A2_SYNTHETIC_CONTRACT","tests/fixtures/M03A_2/C003_ideal_randles_fixed_seed_noise.csv","5","4","446683.59215096349","1.9901695920372637","-0.00088725531201420634","446683.59215096349","1.9901695920372637","-0.00088725531201420634","FALSE","FALSE","PASS",""
"S_C003","R1","C003","IDEAL_RANDLES_FIXED_SEED_NOISE","SYNTHETIC","M03A2_SYNTHETIC_CONTRACT","tests/fixtures/M03A_2/C003_ideal_randles_fixed_seed_noise.csv","6","5","341454.88738336007","2.0040287503759142","-0.0093457560876278722","341454.88738336007","2.0040287503759142","-0.0093457560876278722","FALSE","FALSE","PASS",""
"S_C003","R1","C003","IDEAL_RANDLES_FIXED_SEED_NOISE","SYNTHETIC","M03A2_SYNTHETIC_CONTRACT","tests/fixtures/M03A_2/C003_ideal_randles_fixed_seed_noise.csv","7","6","261015.72156825385","2.0004314877429361","0.0072109625064360637","261015.72156825385","2.0004314877429361","0.0072109625064360637","FALSE","FALSE","PASS",""
"S_C003","R1","C003","IDEAL_RANDLES_FIXED_SEED_NOISE","SYNTHETIC","M03A2_SYNTHETIC_CONTRACT","tests/fixtures/M03A_2/C003_ideal_randles_fixed_seed_noise.csv","8","7","199526.23149688789","1.9970160328277093","-0.010922524266863498","199526.23149688789","1.9970160328277093","-0.010922524266863498","FALSE","FALSE","PASS",""
"S_C003","R1","C003","IDEAL_RANDLES_FIXED_SEED_NOISE","SYNTHETIC","M03A2_SYNTHETIC_CONTRACT","tests/fixtures/M03A_2/C003_ideal_randles_fixed_seed_noise.csv","9","8","152522.29565390197","1.9992118276208368","0.0031994248674232142","152522.29565390197","1.9992118276208368","0.0031994248674232142","FALSE","FALSE","PASS",""
"S_C003","R1","C003","IDEAL_RANDLES_FIXED_SEED_NOISE","SYNTHETIC","M03A2_SYNTHETIC_CONTRACT","tests/fixtures/M03A_2/C003_ideal_randles_fixed_seed_noise.csv","10","9","116591.4401179831","2.0021445695331193","-0.0013264364661624303","116591.4401179831","2.0021445695331193","-0.0013264364661624303","FALSE","FALSE","PASS",""
"S_C003","R1","C003","IDEAL_RANDLES_FIXED_SEED_NOISE","SYNTHETIC","M03A2_SYNTHETIC_CONTRACT","tests/fixtures/M03A_2/C003_ideal_randles_fixed_seed_noise.csv","11","10","89125.093813374595","2.0029083495494269","-0.0025128601996979054","89125.093813374595","2.0029083495494269","-0.0025128601996979054","FALSE","FALSE","PASS",""
"S_C003","R1","C003","IDEAL_RANDLES_FIXED_SEED_NOISE","SYNTHETIC","M03A2_SYNTHETIC_CONTRACT","tests/fixtures/M03A_2/C003_ideal_randles_fixed_seed_noise.csv","12","11","68129.206905796222","2.0037026146487227","-0.0066409400566704623","68129.206905796222","2.0037026146487227","-0.0066409400566704623","FALSE","FALSE","PASS",""
"S_C003","R1","C003","IDEAL_RANDLES_FIXED_SEED_NOISE","SYNTHETIC","M03A2_SYNTHETIC_CONTRACT","tests/fixtures/M03A_2/C003_ideal_randles_fixed_seed_noise.csv","13","12","52079.483285954651","1.9949169581159536","0.0073645777340564525","52079.483285954651","1.9949169581159536","0.0073645777340564525","FALSE","FALSE","PASS",""
"S_C003","R1","C003","IDEAL_RANDLES_FIXED_SEED_NOISE","SYNTHETIC","M03A2_SYNTHETIC_CONTRACT","tests/fixtures/M03A_2/C003_ideal_randles_fixed_seed_noise.csv","14","13","39810.717055349691","1.987742179404014","-0.0055442327619698861","39810.717055349691","1.987742179404014","-0.0055442327619698861","FALSE","FALSE","PASS",""
"S_C003","R1","C003","IDEAL_RANDLES_FIXED_SEED_NOISE","SYNTHETIC","M03A2_SYNTHETIC_CONTRACT","tests/fixtures/M03A_2/C003_ideal_randles_fixed_seed_noise.csv","15","14","30432.19887107722","2.0022519889756616","-0.0090447875637370469","30432.19887107722","2.0022519889756616","-0.0090447875637370469","FALSE","FALSE","PASS",""
"S_C003","R1","C003","IDEAL_RANDLES_FIXED_SEED_NOISE","SYNTHETIC","M03A2_SYNTHETIC_CONTRACT","tests/fixtures/M03A_2/C003_ideal_randles_fixed_seed_noise.csv","16","15","23263.050671536286","1.9999913714804769","-0.0048832632116773741","23263.050671536286","1.9999913714804769","-0.0048832632116773741","FALSE","FALSE","PASS",""
"S_C003","R1","C003","IDEAL_RANDLES_FIXED_SEED_NOISE","SYNTHETIC","M03A2_SYNTHETIC_CONTRACT","tests/fixtures/M03A_2/C003_ideal_randles_fixed_seed_noise.csv","17","16","17782.794100389227","2.0014992498976474","-0.010005477253153178","17782.794100389227","2.0014992498976474","-0.010005477253153178","FALSE","FALSE","PASS",""
"S_C003","R1","C003","IDEAL_RANDLES_FIXED_SEED_NOISE","SYNTHETIC","M03A2_SYNTHETIC_CONTRACT","tests/fixtures/M03A_2/C003_ideal_randles_fixed_seed_noise.csv","18","17","13593.563908785241","1.9897013987045946","-0.010121014583549076","13593.563908785241","1.9897013987045946","-0.010121014583549076","FALSE","FALSE","PASS",""
"S_C003","R1","C003","IDEAL_RANDLES_FIXED_SEED_NOISE","SYNTHETIC","M03A2_SYNTHETIC_CONTRACT","tests/fixtures/M03A_2/C003_ideal_randles_fixed_seed_noise.csv","19","18","10391.223038351691","1.9967250639697109","-0.018301831508075666","10391.223038351691","1.9967250639697109","-0.018301831508075666","FALSE","FALSE","PASS",""
"S_C003","R1","C003","IDEAL_RANDLES_FIXED_SEED_NOISE","SYNTHETIC","M03A2_SYNTHETIC_CONTRACT","tests/fixtures/M03A_2/C003_ideal_randles_fixed_seed_noise.csv","20","19","7943.2823472428136","1.996708683729608","-0.020432980995449334","7943.2823472428136","1.996708683729608","-0.020432980995449334","FALSE","FALSE","PASS",""
"S_C003","R1","C003","IDEAL_RANDLES_FIXED_SEED_NOISE","SYNTHETIC","M03A2_SYNTHETIC_CONTRACT","tests/fixtures/M03A_2/C003_ideal_randles_fixed_seed_noise.csv","21","20","6072.0219569098836","2.0033962598376149","-0.021297187718270636","6072.0219569098836","2.0033962598376149","-0.021297187718270636","FALSE","FALSE","PASS",""
"S_C003","R1","C003","IDEAL_RANDLES_FIXED_SEED_NOISE","SYNTHETIC","M03A2_SYNTHETIC_CONTRACT","tests/fixtures/M03A_2/C003_ideal_randles_fixed_seed_noise.csv","22","21","4641.5888336127819","2.0004780249150103","-0.039764399168715901","4641.5888336127819","2.0004780249150103","-0.039764399168715901","FALSE","FALSE","PASS",""
"S_C003","R1","C003","IDEAL_RANDLES_FIXED_SEED_NOISE","SYNTHETIC","M03A2_SYNTHETIC_CONTRACT","tests/fixtures/M03A_2/C003_ideal_randles_fixed_seed_noise.csv","23","22","3548.1338923357566","1.9965438711455141","-0.048882757490323933","3548.1338923357566","1.9965438711455141","-0.048882757490323933","FALSE","FALSE","PASS",""
"S_C003","R1","C003","IDEAL_RANDLES_FIXED_SEED_NOISE","SYNTHETIC","M03A2_SYNTHETIC_CONTRACT","tests/fixtures/M03A_2/C003_ideal_randles_fixed_seed_noise.csv","24","23","2712.2725793320296","2.003026830077598","-0.061640368107293481","2712.2725793320296","2.003026830077598","-0.061640368107293481","FALSE","FALSE","PASS",""
"S_C003","R1","C003","IDEAL_RANDLES_FIXED_SEED_NOISE","SYNTHETIC","M03A2_SYNTHETIC_CONTRACT","tests/fixtures/M03A_2/C003_ideal_randles_fixed_seed_noise.csv","25","24","2073.3215734859541","1.998942979007184","-0.070109357167755043","2073.3215734859541","1.998942979007184","-0.070109357167755043","FALSE","FALSE","PASS",""
"S_C003","R1","C003","IDEAL_RANDLES_FIXED_SEED_NOISE","SYNTHETIC","M03A2_SYNTHETIC_CONTRACT","tests/fixtures/M03A_2/C003_ideal_randles_fixed_seed_noise.csv","26","25","1584.8931924611124","1.9989205622250927","-0.093357682270630946","1584.8931924611124","1.9989205622250927","-0.093357682270630946","FALSE","FALSE","PASS",""
"S_C003","R1","C003","IDEAL_RANDLES_FIXED_SEED_NOISE","SYNTHETIC","M03A2_SYNTHETIC_CONTRACT","tests/fixtures/M03A_2/C003_ideal_randles_fixed_seed_noise.csv","27","26","1211.5276586285877","2.0040670441611894","-0.13405820467884741","1211.5276586285877","2.0040670441611894","-0.13405820467884741","FALSE","FALSE","PASS",""
"S_C003","R1","C003","IDEAL_RANDLES_FIXED_SEED_NOISE","SYNTHETIC","M03A2_SYNTHETIC_CONTRACT","tests/fixtures/M03A_2/C003_ideal_randles_fixed_seed_noise.csv","28","27","926.11872812879369","2.0051607970852525","-0.17160247680354238","926.11872812879369","2.0051607970852525","-0.17160247680354238","FALSE","FALSE","PASS",""
"S_C003","R1","C003","IDEAL_RANDLES_FIXED_SEED_NOISE","SYNTHETIC","M03A2_SYNTHETIC_CONTRACT","tests/fixtures/M03A_2/C003_ideal_randles_fixed_seed_noise.csv","29","28","707.94578438413805","2.0002904741901162","-0.22071929737590232","707.94578438413805","2.0002904741901162","-0.22071929737590232","FALSE","FALSE","PASS",""
"S_C003","R1","C003","IDEAL_RANDLES_FIXED_SEED_NOISE","SYNTHETIC","M03A2_SYNTHETIC_CONTRACT","tests/fixtures/M03A_2/C003_ideal_randles_fixed_seed_noise.csv","30","29","541.16952654646377","2.0149175615740362","-0.28745278755672027","541.16952654646377","2.0149175615740362","-0.28745278755672027","FALSE","FALSE","PASS",""
"S_C003","R1","C003","IDEAL_RANDLES_FIXED_SEED_NOISE","SYNTHETIC","M03A2_SYNTHETIC_CONTRACT","tests/fixtures/M03A_2/C003_ideal_randles_fixed_seed_noise.csv","31","30","413.68204023885073","2.0249670541865479","-0.38063914866263615","413.68204023885073","2.0249670541865479","-0.38063914866263615","FALSE","FALSE","PASS",""
"S_C003","R1","C003","IDEAL_RANDLES_FIXED_SEED_NOISE","SYNTHETIC","M03A2_SYNTHETIC_CONTRACT","tests/fixtures/M03A_2/C003_ideal_randles_fixed_seed_noise.csv","32","31","316.22776601683796","2.0388466581645242","-0.50590863514057827","316.22776601683796","2.0388466581645242","-0.50590863514057827","FALSE","FALSE","PASS",""
"S_C003","R1","C003","IDEAL_RANDLES_FIXED_SEED_NOISE","SYNTHETIC","M03A2_SYNTHETIC_CONTRACT","tests/fixtures/M03A_2/C003_ideal_randles_fixed_seed_noise.csv","33","32","241.73154808041014","2.0476605954351386","-0.65764915573058402","241.73154808041014","2.0476605954351386","-0.65764915573058402","FALSE","FALSE","PASS",""
"S_C003","R1","C003","IDEAL_RANDLES_FIXED_SEED_NOISE","SYNTHETIC","M03A2_SYNTHETIC_CONTRACT","tests/fixtures/M03A_2/C003_ideal_randles_fixed_seed_noise.csv","34","33","184.78497974222907","2.0881836586239495","-0.85375264051154198","184.78497974222907","2.0881836586239495","-0.85375264051154198","FALSE","FALSE","PASS",""
"S_C003","R1","C003","IDEAL_RANDLES_FIXED_SEED_NOISE","SYNTHETIC","M03A2_SYNTHETIC_CONTRACT","tests/fixtures/M03A_2/C003_ideal_randles_fixed_seed_noise.csv","35","34","141.25375446227525","2.1533966456829154","-1.1011462604439515","141.25375446227525","2.1533966456829154","-1.1011462604439515","FALSE","FALSE","PASS",""
"S_C003","R1","C003","IDEAL_RANDLES_FIXED_SEED_NOISE","SYNTHETIC","M03A2_SYNTHETIC_CONTRACT","tests/fixtures/M03A_2/C003_ideal_randles_fixed_seed_noise.csv","36","35","107.97751623277094","2.2667253084796042","-1.4278752216178829","107.97751623277094","2.2667253084796042","-1.4278752216178829","FALSE","FALSE","PASS",""
"S_C003","R1","C003","IDEAL_RANDLES_FIXED_SEED_NOISE","SYNTHETIC","M03A2_SYNTHETIC_CONTRACT","tests/fixtures/M03A_2/C003_ideal_randles_fixed_seed_noise.csv","37","36","82.54041852680173","2.4451939455988732","-1.8182242664441168","82.54041852680173","2.4451939455988732","-1.8182242664441168","FALSE","FALSE","PASS",""
"S_C003","R1","C003","IDEAL_RANDLES_FIXED_SEED_NOISE","SYNTHETIC","M03A2_SYNTHETIC_CONTRACT","tests/fixtures/M03A_2/C003_ideal_randles_fixed_seed_noise.csv","38","37","63.0957344480193","2.7226215021222111","-2.289941036801439","63.0957344480193","2.7226215021222111","-2.289941036801439","FALSE","FALSE","PASS",""
"S_C003","R1","C003","IDEAL_RANDLES_FIXED_SEED_NOISE","SYNTHETIC","M03A2_SYNTHETIC_CONTRACT","tests/fixtures/M03A_2/C003_ideal_randles_fixed_seed_noise.csv","39","38","48.231784822393095","3.1585483904855112","-2.8198276726594216","48.231784822393095","3.1585483904855112","-2.8198276726594216","FALSE","FALSE","PASS",""
"S_C003","R1","C003","IDEAL_RANDLES_FIXED_SEED_NOISE","SYNTHETIC","M03A2_SYNTHETIC_CONTRACT","tests/fixtures/M03A_2/C003_ideal_randles_fixed_seed_noise.csv","40","39","36.869450645195734","3.7952954073389473","-3.3434377002441078","36.869450645195734","3.7952954073389473","-3.3434377002441078","FALSE","FALSE","PASS",""
"S_C003","R1","C003","IDEAL_RANDLES_FIXED_SEED_NOISE","SYNTHETIC","M03A2_SYNTHETIC_CONTRACT","tests/fixtures/M03A_2/C003_ideal_randles_fixed_seed_noise.csv","41","40","28.183829312644551","4.6612483091585029","-3.7698018843183418","28.183829312644551","4.6612483091585029","-3.7698018843183418","FALSE","FALSE","PASS",""
"S_C003","R1","C003","IDEAL_RANDLES_FIXED_SEED_NOISE","SYNTHETIC","M03A2_SYNTHETIC_CONTRACT","tests/fixtures/M03A_2/C003_ideal_randles_fixed_seed_noise.csv","42","41","21.544346900318867","5.6762807065889458","-3.9859850165800621","21.544346900318867","5.6762807065889458","-3.9859850165800621","FALSE","FALSE","PASS",""
"S_C003","R1","C003","IDEAL_RANDLES_FIXED_SEED_NOISE","SYNTHETIC","M03A2_SYNTHETIC_CONTRACT","tests/fixtures/M03A_2/C003_ideal_randles_fixed_seed_noise.csv","43","42","16.468978654828689","6.7412448255132853","-3.9239668738969962","16.468978654828689","6.7412448255132853","-3.9239668738969962","FALSE","FALSE","PASS",""
"S_C003","R1","C003","IDEAL_RANDLES_FIXED_SEED_NOISE","SYNTHETIC","M03A2_SYNTHETIC_CONTRACT","tests/fixtures/M03A_2/C003_ideal_randles_fixed_seed_noise.csv","44","43","12.589254117941687","7.7076993298013043","-3.6142807125423349","12.589254117941687","7.7076993298013043","-3.6142807125423349","FALSE","FALSE","PASS",""
"S_C003","R1","C003","IDEAL_RANDLES_FIXED_SEED_NOISE","SYNTHETIC","M03A2_SYNTHETIC_CONTRACT","tests/fixtures/M03A_2/C003_ideal_randles_fixed_seed_noise.csv","45","44","9.6235062639808877","8.4851209407501855","-3.1418148260997554","9.6235062639808877","8.4851209407501855","-3.1418148260997554","FALSE","FALSE","PASS",""
"S_C003","R1","C003","IDEAL_RANDLES_FIXED_SEED_NOISE","SYNTHETIC","M03A2_SYNTHETIC_CONTRACT","tests/fixtures/M03A_2/C003_ideal_randles_fixed_seed_noise.csv","46","45","7.3564225445964215","9.0355061336486973","-2.5957166018893396","7.3564225445964215","9.0355061336486973","-2.5957166018893396","FALSE","FALSE","PASS",""
"S_C003","R1","C003","IDEAL_RANDLES_FIXED_SEED_NOISE","SYNTHETIC","M03A2_SYNTHETIC_CONTRACT","tests/fixtures/M03A_2/C003_ideal_randles_fixed_seed_noise.csv","47","46","5.6234132519034912","9.4042639142315885","-2.0959235003611094","5.6234132519034912","9.4042639142315885","-2.0959235003611094","FALSE","FALSE","PASS",""
"S_C003","R1","C003","IDEAL_RANDLES_FIXED_SEED_NOISE","SYNTHETIC","M03A2_SYNTHETIC_CONTRACT","tests/fixtures/M03A_2/C003_ideal_randles_fixed_seed_noise.csv","48","47","4.2986623470822725","9.6394034733037692","-1.6405172962050101","4.2986623470822725","9.6394034733037692","-1.6405172962050101","FALSE","FALSE","PASS",""
"S_C003","R1","C003","IDEAL_RANDLES_FIXED_SEED_NOISE","SYNTHETIC","M03A2_SYNTHETIC_CONTRACT","tests/fixtures/M03A_2/C003_ideal_randles_fixed_seed_noise.csv","49","48","3.2859932476006541","9.7768094191156205","-1.2900773618366919","3.2859932476006541","9.7768094191156205","-1.2900773618366919","FALSE","FALSE","PASS",""
"S_C003","R1","C003","IDEAL_RANDLES_FIXED_SEED_NOISE","SYNTHETIC","M03A2_SYNTHETIC_CONTRACT","tests/fixtures/M03A_2/C003_ideal_randles_fixed_seed_noise.csv","50","49","2.511886431509577","9.8788665433288365","-0.99422229464890666","2.511886431509577","9.8788665433288365","-0.99422229464890666","FALSE","FALSE","PASS",""
"S_C003","R1","C003","IDEAL_RANDLES_FIXED_SEED_NOISE","SYNTHETIC","M03A2_SYNTHETIC_CONTRACT","tests/fixtures/M03A_2/C003_ideal_randles_fixed_seed_noise.csv","51","50","1.920141938638801","9.9223895679885263","-0.76565713517146117","1.920141938638801","9.9223895679885263","-0.76565713517146117","FALSE","FALSE","PASS",""
"S_C003","R1","C003","IDEAL_RANDLES_FIXED_SEED_NOISE","SYNTHETIC","M03A2_SYNTHETIC_CONTRACT","tests/fixtures/M03A_2/C003_ideal_randles_fixed_seed_noise.csv","52","51","1.4677992676220675","9.9561460996306632","-0.59356973698282833","1.4677992676220675","9.9561460996306632","-0.59356973698282833","FALSE","FALSE","PASS",""
"S_C003","R1","C003","IDEAL_RANDLES_FIXED_SEED_NOISE","SYNTHETIC","M03A2_SYNTHETIC_CONTRACT","tests/fixtures/M03A_2/C003_ideal_randles_fixed_seed_noise.csv","53","52","1.1220184543019629","9.9720687584207628","-0.45555257843047531","1.1220184543019629","9.9720687584207628","-0.45555257843047531","FALSE","FALSE","PASS",""
"S_C003","R1","C003","IDEAL_RANDLES_FIXED_SEED_NOISE","SYNTHETIC","M03A2_SYNTHETIC_CONTRACT","tests/fixtures/M03A_2/C003_ideal_randles_fixed_seed_noise.csv","54","53","0.85769589859089457","9.9912017201054066","-0.34306809477480643","0.85769589859089457","9.9912017201054066","-0.34306809477480643","FALSE","FALSE","PASS",""
"S_C003","R1","C003","IDEAL_RANDLES_FIXED_SEED_NOISE","SYNTHETIC","M03A2_SYNTHETIC_CONTRACT","tests/fixtures/M03A_2/C003_ideal_randles_fixed_seed_noise.csv","55","54","0.65564184941797854","9.9921331134707874","-0.2599756160172097","0.65564184941797854","9.9921331134707874","-0.2599756160172097","FALSE","FALSE","PASS",""
"S_C003","R1","C003","IDEAL_RANDLES_FIXED_SEED_NOISE","SYNTHETIC","M03A2_SYNTHETIC_CONTRACT","tests/fixtures/M03A_2/C003_ideal_randles_fixed_seed_noise.csv","56","55","0.50118723362727247","9.9874504441487932","-0.19853068457742501","0.50118723362727247","9.9874504441487932","-0.19853068457742501","FALSE","FALSE","PASS",""
"S_C003","R1","C003","IDEAL_RANDLES_FIXED_SEED_NOISE","SYNTHETIC","M03A2_SYNTHETIC_CONTRACT","tests/fixtures/M03A_2/C003_ideal_randles_fixed_seed_noise.csv","57","56","0.38311868495572932","9.9904520913212185","-0.15176249389528831","0.38311868495572932","9.9904520913212185","-0.15176249389528831","FALSE","FALSE","PASS",""
"S_C003","R1","C003","IDEAL_RANDLES_FIXED_SEED_NOISE","SYNTHETIC","M03A2_SYNTHETIC_CONTRACT","tests/fixtures/M03A_2/C003_ideal_randles_fixed_seed_noise.csv","58","57","0.29286445646252374","9.9989374886685276","-0.11170607983674903","0.29286445646252374","9.9989374886685276","-0.11170607983674903","FALSE","FALSE","PASS",""
"S_C003","R1","C003","IDEAL_RANDLES_FIXED_SEED_NOISE","SYNTHETIC","M03A2_SYNTHETIC_CONTRACT","tests/fixtures/M03A_2/C003_ideal_randles_fixed_seed_noise.csv","59","58","0.22387211385683423","9.9979032994202921","-0.0923553604402364","0.22387211385683423","9.9979032994202921","-0.0923553604402364","FALSE","FALSE","PASS",""
"S_C003","R1","C003","IDEAL_RANDLES_FIXED_SEED_NOISE","SYNTHETIC","M03A2_SYNTHETIC_CONTRACT","tests/fixtures/M03A_2/C003_ideal_randles_fixed_seed_noise.csv","60","59","0.17113283041617811","9.9945798380315036","-0.061412862620454478","0.17113283041617811","9.9945798380315036","-0.061412862620454478","FALSE","FALSE","PASS",""
"S_C003","R1","C003","IDEAL_RANDLES_FIXED_SEED_NOISE","SYNTHETIC","M03A2_SYNTHETIC_CONTRACT","tests/fixtures/M03A_2/C003_ideal_randles_fixed_seed_noise.csv","61","60","0.13081774742601956","9.9973339422683711","-0.053985296874369815","0.13081774742601956","9.9973339422683711","-0.053985296874369815","FALSE","FALSE","PASS",""
"S_C003","R1","C003","IDEAL_RANDLES_FIXED_SEED_NOISE","SYNTHETIC","M03A2_SYNTHETIC_CONTRACT","tests/fixtures/M03A_2/C003_ideal_randles_fixed_seed_noise.csv","62","61","0.10000000000000001","9.9981528928535344","-0.040044389040241261","0.10000000000000001","9.9981528928535344","-0.040044389040241261","FALSE","FALSE","PASS",""
"S_C004","R1","C004","RS_RCT_CPE","SYNTHETIC","M03A2_SYNTHETIC_CONTRACT","tests/fixtures/M03A_2/C004_rs_rct_cpe.csv","2","1","1000000","1.5009305105316391","-0.0031964800763368776","1000000","1.5009305105316391","-0.0031964800763368776","FALSE","FALSE","PASS",""
"S_C004","R1","C004","RS_RCT_CPE","SYNTHETIC","M03A2_SYNTHETIC_CONTRACT","tests/fixtures/M03A_2/C004_rs_rct_cpe.csv","3","2","764422.27425260097","1.5011602916373203","-0.003983872829426245","764422.27425260097","1.5011602916373203","-0.003983872829426245","FALSE","FALSE","PASS",""
"S_C004","R1","C004","RS_RCT_CPE","SYNTHETIC","M03A2_SYNTHETIC_CONTRACT","tests/fixtures/M03A_2/C004_rs_rct_cpe.csv","4","3","584341.41337351757","1.5014469616708732","-0.0049651312197048049","584341.41337351757","1.5014469616708732","-0.0049651312197048049","FALSE","FALSE","PASS",""
"S_C004","R1","C004","RS_RCT_CPE","SYNTHETIC","M03A2_SYNTHETIC_CONTRACT","tests/fixtures/M03A_2/C004_rs_rct_cpe.csv","5","4","446683.59215096349","1.5018046859559697","-0.0061879352697669773","446683.59215096349","1.5018046859559697","-0.0061879352697669773","FALSE","FALSE","PASS",""
"S_C004","R1","C004","RS_RCT_CPE","SYNTHETIC","M03A2_SYNTHETIC_CONTRACT","tests/fixtures/M03A_2/C004_rs_rct_cpe.csv","6","5","341454.88738336007","1.5022512013843807","-0.0077116626491443999","341454.88738336007","1.5022512013843807","-0.0077116626491443999","FALSE","FALSE","PASS",""
"S_C004","R1","C004","RS_RCT_CPE","SYNTHETIC","M03A2_SYNTHETIC_CONTRACT","tests/fixtures/M03A_2/C004_rs_rct_cpe.csv","7","6","261015.72156825385","1.5028087411382818","-0.0096102423673734109","261015.72156825385","1.5028087411382818","-0.0096102423673734109","FALSE","FALSE","PASS",""
"S_C004","R1","C004","RS_RCT_CPE","SYNTHETIC","M03A2_SYNTHETIC_CONTRACT","tests/fixtures/M03A_2/C004_rs_rct_cpe.csv","8","7","199526.23149688789","1.5035052118173664","-0.011975695549144292","199526.23149688789","1.5035052118173664","-0.011975695549144292","FALSE","FALSE","PASS",""
"S_C004","R1","C004","RS_RCT_CPE","SYNTHETIC","M03A2_SYNTHETIC_CONTRACT","tests/fixtures/M03A_2/C004_rs_rct_cpe.csv","9","8","152522.29565390197","1.5043756986009442","-0.014922523544010885","152522.29565390197","1.5043756986009442","-0.014922523544010885","FALSE","FALSE","PASS",""
"S_C004","R1","C004","RS_RCT_CPE","SYNTHETIC","M03A2_SYNTHETIC_CONTRACT","tests/fixtures/M03A_2/C004_rs_rct_cpe.csv","10","9","116591.4401179831","1.505464400008679","-0.018593137980001045","116591.4401179831","1.505464400008679","-0.018593137980001045","FALSE","FALSE","PASS",""
"S_C004","R1","C004","RS_RCT_CPE","SYNTHETIC","M03A2_SYNTHETIC_CONTRACT","tests/fixtures/M03A_2/C004_rs_rct_cpe.csv","11","10","89125.093813374595","1.5068271300558851","-0.02316456724466049","89125.093813374595","1.5068271300558851","-0.02316456724466049","FALSE","FALSE","PASS",""
"S_C004","R1","C004","RS_RCT_CPE","SYNTHETIC","M03A2_SYNTHETIC_CONTRACT","tests/fixtures/M03A_2/C004_rs_rct_cpe.csv","12","11","68129.206905796222","1.5085345767078895","-0.028856718898000327","68129.206905796222","1.5085345767078895","-0.028856718898000327","FALSE","FALSE","PASS",""
"S_C004","R1","C004","RS_RCT_CPE","SYNTHETIC","M03A2_SYNTHETIC_CONTRACT","tests/fixtures/M03A_2/C004_rs_rct_cpe.csv","13","12","52079.483285954651","1.510676578239964","-0.035942526182308691","52079.483285954651","1.510676578239964","-0.035942526182308691","FALSE","FALSE","PASS",""
"S_C004","R1","C004","RS_RCT_CPE","SYNTHETIC","M03A2_SYNTHETIC_CONTRACT","tests/fixtures/M03A_2/C004_rs_rct_cpe.csv","14","13","39810.717055349691","1.5133677832363972","-0.044760355515022832","39810.717055349691","1.5133677832363972","-0.044760355515022832","FALSE","FALSE","PASS",""
"S_C004","R1","C004","RS_RCT_CPE","SYNTHETIC","M03A2_SYNTHETIC_CONTRACT","tests/fixtures/M03A_2/C004_rs_rct_cpe.csv","15","14","30432.19887107722","1.5167552098157409","-0.055729093390920775","30432.19887107722","1.5167552098157409","-0.055729093390920775","FALSE","FALSE","PASS",""
"S_C004","R1","C004","RS_RCT_CPE","SYNTHETIC","M03A2_SYNTHETIC_CONTRACT","tests/fixtures/M03A_2/C004_rs_rct_cpe.csv","16","15","23263.050671536286","1.5210284358223856","-0.069366351880052413","23263.050671536286","1.5210284358223856","-0.069366351880052413","FALSE","FALSE","PASS",""
"S_C004","R1","C004","RS_RCT_CPE","SYNTHETIC","M03A2_SYNTHETIC_CONTRACT","tests/fixtures/M03A_2/C004_rs_rct_cpe.csv","17","16","17782.794100389227","1.5264334632381176","-0.086310207394624847","17782.794100389227","1.5264334632381176","-0.086310207394624847","FALSE","FALSE","PASS",""
"S_C004","R1","C004","RS_RCT_CPE","SYNTHETIC","M03A2_SYNTHETIC_CONTRACT","tests/fixtures/M03A_2/C004_rs_rct_cpe.csv","18","17","13593.563908785241","1.5332917467981364","-0.10734477462207413","13593.563908785241","1.5332917467981364","-0.10734477462207413","FALSE","FALSE","PASS",""
"S_C004","R1","C004","RS_RCT_CPE","SYNTHETIC","M03A2_SYNTHETIC_CONTRACT","tests/fixtures/M03A_2/C004_rs_rct_cpe.csv","19","18","10391.223038351691","1.5420265107739068","-0.13342964237841129","10391.223038351691","1.5420265107739068","-0.13342964237841129","FALSE","FALSE","PASS",""
"S_C004","R1","C004","RS_RCT_CPE","SYNTHETIC","M03A2_SYNTHETIC_CONTRACT","tests/fixtures/M03A_2/C004_rs_rct_cpe.csv","20","19","7943.2823472428136","1.5531993611482542","-0.16573263477451897","7943.2823472428136","1.5531993611482542","-0.16573263477451897","FALSE","FALSE","PASS",""
"S_C004","R1","C004","RS_RCT_CPE","SYNTHETIC","M03A2_SYNTHETIC_CONTRACT","tests/fixtures/M03A_2/C004_rs_rct_cpe.csv","21","20","6072.0219569098836","1.567561393311633","-0.20566429906394526","6072.0219569098836","1.567561393311633","-0.20566429906394526","FALSE","FALSE","PASS",""
"S_C004","R1","C004","RS_RCT_CPE","SYNTHETIC","M03A2_SYNTHETIC_CONTRACT","tests/fixtures/M03A_2/C004_rs_rct_cpe.csv","22","21","4641.5888336127819","1.5861245225844851","-0.25491061594786696","4641.5888336127819","1.5861245225844851","-0.25491061594786696","FALSE","FALSE","PASS",""
"S_C004","R1","C004","RS_RCT_CPE","SYNTHETIC","M03A2_SYNTHETIC_CONTRACT","tests/fixtures/M03A_2/C004_rs_rct_cpe.csv","23","22","3548.1338923357566","1.6102605329213302","-0.31545713044843515","3548.1338923357566","1.6102605329213302","-0.31545713044843515","FALSE","FALSE","PASS",""
"S_C004","R1","C004","RS_RCT_CPE","SYNTHETIC","M03A2_SYNTHETIC_CONTRACT","tests/fixtures/M03A_2/C004_rs_rct_cpe.csv","24","23","2712.2725793320296","1.6418369570745066","-0.38959218180836491","2712.2725793320296","1.6418369570745066","-0.38959218180836491","FALSE","FALSE","PASS",""
"S_C004","R1","C004","RS_RCT_CPE","SYNTHETIC","M03A2_SYNTHETIC_CONTRACT","tests/fixtures/M03A_2/C004_rs_rct_cpe.csv","25","24","2073.3215734859541","1.6833993198107235","-0.47986802250027033","2073.3215734859541","1.6833993198107235","-0.47986802250027033","FALSE","FALSE","PASS",""
"S_C004","R1","C004","RS_RCT_CPE","SYNTHETIC","M03A2_SYNTHETIC_CONTRACT","tests/fixtures/M03A_2/C004_rs_rct_cpe.csv","26","25","1584.8931924611124","1.7384061248771407","-0.58898505969790793","1584.8931924611124","1.7384061248771407","-0.58898505969790793","FALSE","FALSE","PASS",""
"S_C004","R1","C004","RS_RCT_CPE","SYNTHETIC","M03A2_SYNTHETIC_CONTRACT","tests/fixtures/M03A_2/C004_rs_rct_cpe.csv","27","26","1211.5276586285877","1.8115114998920427","-0.71954553264148724","1211.5276586285877","1.8115114998920427","-0.71954553264148724","FALSE","FALSE","PASS",""
"S_C004","R1","C004","RS_RCT_CPE","SYNTHETIC","M03A2_SYNTHETIC_CONTRACT","tests/fixtures/M03A_2/C004_rs_rct_cpe.csv","28","27","926.11872812879369","1.9088622487148499","-0.87360075110232183","926.11872812879369","1.9088622487148499","-0.87360075110232183","FALSE","FALSE","PASS",""
"S_C004","R1","C004","RS_RCT_CPE","SYNTHETIC","M03A2_SYNTHETIC_CONTRACT","tests/fixtures/M03A_2/C004_rs_rct_cpe.csv","29","28","707.94578438413805","2.0383189576086678","-1.0519004242187702","707.94578438413805","2.0383189576086678","-1.0519004242187702","FALSE","FALSE","PASS",""
"S_C004","R1","C004","RS_RCT_CPE","SYNTHETIC","M03A2_SYNTHETIC_CONTRACT","tests/fixtures/M03A_2/C004_rs_rct_cpe.csv","30","29","541.16952654646377","2.2094133729042316","-1.2527700586112693","541.16952654646377","2.2094133729042316","-1.2527700586112693","FALSE","FALSE","PASS",""
"S_C004","R1","C004","RS_RCT_CPE","SYNTHETIC","M03A2_SYNTHETIC_CONTRACT","tests/fixtures/M03A_2/C004_rs_rct_cpe.csv","31","30","413.68204023885073","2.432723976911618","-1.4706454083781859","413.68204023885073","2.432723976911618","-1.4706454083781859","FALSE","FALSE","PASS",""
"S_C004","R1","C004","RS_RCT_CPE","SYNTHETIC","M03A2_SYNTHETIC_CONTRACT","tests/fixtures/M03A_2/C004_rs_rct_cpe.csv","32","31","316.22776601683796","2.7182556152678679","-1.6945526371452608","316.22776601683796","2.7182556152678679","-1.6945526371452608","FALSE","FALSE","PASS",""
"S_C004","R1","C004","RS_RCT_CPE","SYNTHETIC","M03A2_SYNTHETIC_CONTRACT","tests/fixtures/M03A_2/C004_rs_rct_cpe.csv","33","32","241.73154808041014","3.07252459827835","-1.9072621147762439","241.73154808041014","3.07252459827835","-1.9072621147762439","FALSE","FALSE","PASS",""
"S_C004","R1","C004","RS_RCT_CPE","SYNTHETIC","M03A2_SYNTHETIC_CONTRACT","tests/fixtures/M03A_2/C004_rs_rct_cpe.csv","34","33","184.78497974222907","3.4946367925367019","-2.0862729609010584","184.78497974222907","3.4946367925367019","-2.0862729609010584","FALSE","FALSE","PASS",""
"S_C004","R1","C004","RS_RCT_CPE","SYNTHETIC","M03A2_SYNTHETIC_CONTRACT","tests/fixtures/M03A_2/C004_rs_rct_cpe.csv","35","34","141.25375446227525","3.9727587284010437","-2.2076513684320411","141.25375446227525","3.9727587284010437","-2.2076513684320411","FALSE","FALSE","PASS",""
"S_C004","R1","C004","RS_RCT_CPE","SYNTHETIC","M03A2_SYNTHETIC_CONTRACT","tests/fixtures/M03A_2/C004_rs_rct_cpe.csv","36","35","107.97751623277094","4.4833541494125058","-2.2524193667442245","107.97751623277094","4.4833541494125058","-2.2524193667442245","FALSE","FALSE","PASS",""
"S_C004","R1","C004","RS_RCT_CPE","SYNTHETIC","M03A2_SYNTHETIC_CONTRACT","tests/fixtures/M03A_2/C004_rs_rct_cpe.csv","37","36","82.54041852680173","4.9950120156614473","-2.2129965150289879","82.54041852680173","4.9950120156614473","-2.2129965150289879","FALSE","FALSE","PASS",""
"S_C004","R1","C004","RS_RCT_CPE","SYNTHETIC","M03A2_SYNTHETIC_CONTRACT","tests/fixtures/M03A_2/C004_rs_rct_cpe.csv","38","37","63.0957344480193","5.476050260306268","-2.0960748309077575","63.0957344480193","5.476050260306268","-2.0960748309077575","FALSE","FALSE","PASS",""
"S_C004","R1","C004","RS_RCT_CPE","SYNTHETIC","M03A2_SYNTHETIC_CONTRACT","tests/fixtures/M03A_2/C004_rs_rct_cpe.csv","39","38","48.231784822393095","5.9022579143924974","-1.9200722434374844","48.231784822393095","5.9022579143924974","-1.9200722434374844","FALSE","FALSE","PASS",""
"S_C004","R1","C004","RS_RCT_CPE","SYNTHETIC","M03A2_SYNTHETIC_CONTRACT","tests/fixtures/M03A_2/C004_rs_rct_cpe.csv","40","39","36.869450645195734","6.2610271242263096","-1.7088140039114674","36.869450645195734","6.2610271242263096","-1.7088140039114674","FALSE","FALSE","PASS",""
"S_C004","R1","C004","RS_RCT_CPE","SYNTHETIC","M03A2_SYNTHETIC_CONTRACT","tests/fixtures/M03A_2/C004_rs_rct_cpe.csv","41","40","28.183829312644551","6.5508490685248164","-1.4850421803677842","28.183829312644551","6.5508490685248164","-1.4850421803677842","FALSE","FALSE","PASS",""
"S_C004","R1","C004","RS_RCT_CPE","SYNTHETIC","M03A2_SYNTHETIC_CONTRACT","tests/fixtures/M03A_2/C004_rs_rct_cpe.csv","42","41","21.544346900318867","6.7778865902066165","-1.2663823323120611","21.544346900318867","6.7778865902066165","-1.2663823323120611","FALSE","FALSE","PASS",""
"S_C004","R1","C004","RS_RCT_CPE","SYNTHETIC","M03A2_SYNTHETIC_CONTRACT","tests/fixtures/M03A_2/C004_rs_rct_cpe.csv","43","42","16.468978654828689","6.952021785831703","-1.0641988211992137","16.468978654828689","6.952021785831703","-1.0641988211992137","FALSE","FALSE","PASS",""
"S_C004","R1","C004","RS_RCT_CPE","SYNTHETIC","M03A2_SYNTHETIC_CONTRACT","tests/fixtures/M03A_2/C004_rs_rct_cpe.csv","44","43","12.589254117941687","7.083857956496554","-0.88436098663129825","12.589254117941687","7.083857956496554","-0.88436098663129825","FALSE","FALSE","PASS",""
"S_C004","R1","C004","RS_RCT_CPE","SYNTHETIC","M03A2_SYNTHETIC_CONTRACT","tests/fixtures/M03A_2/C004_rs_rct_cpe.csv","45","44","9.6235062639808877","7.1830215357487122","-0.72874693661383261","9.6235062639808877","7.1830215357487122","-0.72874693661383261","FALSE","FALSE","PASS",""
"S_C004","R1","C004","RS_RCT_CPE","SYNTHETIC","M03A2_SYNTHETIC_CONTRACT","tests/fixtures/M03A_2/C004_rs_rct_cpe.csv","46","45","7.3564225445964215","7.2574863560296512","-0.59672514955510036","7.3564225445964215","7.2574863560296512","-0.59672514955510036","FALSE","FALSE","PASS",""
"S_C004","R1","C004","RS_RCT_CPE","SYNTHETIC","M03A2_SYNTHETIC_CONTRACT","tests/fixtures/M03A_2/C004_rs_rct_cpe.csv","47","46","5.6234132519034912","7.3135045744606906","-0.48630186206100584","5.6234132519034912","7.3135045744606906","-0.48630186206100584","FALSE","FALSE","PASS",""
"S_C004","R1","C004","RS_RCT_CPE","SYNTHETIC","M03A2_SYNTHETIC_CONTRACT","tests/fixtures/M03A_2/C004_rs_rct_cpe.csv","48","47","4.2986623470822725","7.3558177256739752","-0.39489398859691416","4.2986623470822725","7.3558177256739752","-0.39489398859691416","FALSE","FALSE","PASS",""
"S_C004","R1","C004","RS_RCT_CPE","SYNTHETIC","M03A2_SYNTHETIC_CONTRACT","tests/fixtures/M03A_2/C004_rs_rct_cpe.csv","49","48","3.2859932476006541","7.387952420742371","-0.31979825531317613","3.2859932476006541","7.387952420742371","-0.31979825531317613","FALSE","FALSE","PASS",""
"S_C004","R1","C004","RS_RCT_CPE","SYNTHETIC","M03A2_SYNTHETIC_CONTRACT","tests/fixtures/M03A_2/C004_rs_rct_cpe.csv","50","49","2.511886431509577","7.4125053541558605","-0.25844830215937753","2.511886431509577","7.4125053541558605","-0.25844830215937753","FALSE","FALSE","PASS",""
"S_C004","R1","C004","RS_RCT_CPE","SYNTHETIC","M03A2_SYNTHETIC_CONTRACT","tests/fixtures/M03A_2/C004_rs_rct_cpe.csv","51","50","1.920141938638801","7.4313817070583301","-0.20853700574982345","1.920141938638801","7.4313817070583301","-0.20853700574982345","FALSE","FALSE","PASS",""
"S_C004","R1","C004","RS_RCT_CPE","SYNTHETIC","M03A2_SYNTHETIC_CONTRACT","tests/fixtures/M03A_2/C004_rs_rct_cpe.csv","52","51","1.4677992676220675","7.4459806626360843","-0.16805909128172772","1.4677992676220675","7.4459806626360843","-0.16805909128172772","FALSE","FALSE","PASS",""
"S_C004","R1","C004","RS_RCT_CPE","SYNTHETIC","M03A2_SYNTHETIC_CONTRACT","tests/fixtures/M03A_2/C004_rs_rct_cpe.csv","53","52","1.1220184543019629","7.4573339944667119","-0.13530985855720534","1.1220184543019629","7.4573339944667119","-0.13530985855720534","FALSE","FALSE","PASS",""
"S_C004","R1","C004","RS_RCT_CPE","SYNTHETIC","M03A2_SYNTHETIC_CONTRACT","tests/fixtures/M03A_2/C004_rs_rct_cpe.csv","54","53","0.85769589859089457","7.4662071997418469","-0.10886195159855747","0.85769589859089457","7.4662071997418469","-0.10886195159855747","FALSE","FALSE","PASS",""
"S_C004","R1","C004","RS_RCT_CPE","SYNTHETIC","M03A2_SYNTHETIC_CONTRACT","tests/fixtures/M03A_2/C004_rs_rct_cpe.csv","55","54","0.65564184941797854","7.473172370437017","-0.08753295072483458","0.65564184941797854","7.473172370437017","-0.08753295072483458","FALSE","FALSE","PASS",""
"S_C004","R1","C004","RS_RCT_CPE","SYNTHETIC","M03A2_SYNTHETIC_CONTRACT","tests/fixtures/M03A_2/C004_rs_rct_cpe.csv","56","55","0.50118723362727247","7.4786604133346106","-0.070350866999142947","0.50118723362727247","7.4786604133346106","-0.070350866999142947","FALSE","FALSE","PASS",""
"S_C004","R1","C004","RS_RCT_CPE","SYNTHETIC","M03A2_SYNTHETIC_CONTRACT","tests/fixtures/M03A_2/C004_rs_rct_cpe.csv","57","56","0.38311868495572932","7.4829984549740658","-0.056521206531934549","0.38311868495572932","7.4829984549740658","-0.056521206531934549","FALSE","FALSE","PASS",""
"S_C004","R1","C004","RS_RCT_CPE","SYNTHETIC","M03A2_SYNTHETIC_CONTRACT","tests/fixtures/M03A_2/C004_rs_rct_cpe.csv","58","57","0.29286445646252374","7.4864367201194755","-0.045397295984662474","0.29286445646252374","7.4864367201194755","-0.045397295984662474","FALSE","FALSE","PASS",""
"S_C004","R1","C004","RS_RCT_CPE","SYNTHETIC","M03A2_SYNTHETIC_CONTRACT","tests/fixtures/M03A_2/C004_rs_rct_cpe.csv","59","58","0.22387211385683423","7.4891679579422998","-0.03645445641600651","0.22387211385683423","7.4891679579422998","-0.03645445641600651","FALSE","FALSE","PASS",""
"S_C004","R1","C004","RS_RCT_CPE","SYNTHETIC","M03A2_SYNTHETIC_CONTRACT","tests/fixtures/M03A_2/C004_rs_rct_cpe.csv","60","59","0.17113283041617811","7.4913415885840777","-0.0292680246025298","0.17113283041617811","7.4913415885840777","-0.0292680246025298","FALSE","FALSE","PASS",""
"S_C004","R1","C004","RS_RCT_CPE","SYNTHETIC","M03A2_SYNTHETIC_CONTRACT","tests/fixtures/M03A_2/C004_rs_rct_cpe.csv","61","60","0.13081774742601956","7.4930740946663201","-0.023494931748160145","0.13081774742601956","7.4930740946663201","-0.023494931748160145","FALSE","FALSE","PASS",""
"S_C004","R1","C004","RS_RCT_CPE","SYNTHETIC","M03A2_SYNTHETIC_CONTRACT","tests/fixtures/M03A_2/C004_rs_rct_cpe.csv","62","61","0.10000000000000001","7.4944567252174332","-0.018858428918075758","0.10000000000000001","7.4944567252174332","-0.018858428918075758","FALSE","FALSE","PASS",""
"S_C005","R1","C005","INSUFFICIENT_HIGH_FREQUENCY_COVERAGE","SYNTHETIC","M03A2_SYNTHETIC_CONTRACT","tests/fixtures/M03A_2/C005_insufficient_hf.csv","2","1","1000","2.0031650343129526","-0.15909197673490011","1000","2.0031650343129526","-0.15909197673490011","FALSE","FALSE","PASS",""
"S_C005","R1","C005","INSUFFICIENT_HIGH_FREQUENCY_COVERAGE","SYNTHETIC","M03A2_SYNTHETIC_CONTRACT","tests/fixtures/M03A_2/C005_insufficient_hf.csv","3","2","735.64225445964132","2.0058465468821738","-0.21619017773003812","735.64225445964132","2.0058465468821738","-0.21619017773003812","FALSE","FALSE","PASS",""
"S_C005","R1","C005","INSUFFICIENT_HIGH_FREQUENCY_COVERAGE","SYNTHETIC","M03A2_SYNTHETIC_CONTRACT","tests/fixtures/M03A_2/C005_insufficient_hf.csv","4","3","541.16952654646377","2.0107968504820164","-0.29369751765345276","541.16952654646377","2.0107968504820164","-0.29369751765345276","FALSE","FALSE","PASS",""
"S_C005","R1","C005","INSUFFICIENT_HIGH_FREQUENCY_COVERAGE","SYNTHETIC","M03A2_SYNTHETIC_CONTRACT","tests/fixtures/M03A_2/C005_insufficient_hf.csv","5","4","398.10717055349733","2.0199281549169594","-0.39878328447576816","398.10717055349733","2.0199281549169594","-0.39878328447576816","FALSE","FALSE","PASS",""
"S_C005","R1","C005","INSUFFICIENT_HIGH_FREQUENCY_COVERAGE","SYNTHETIC","M03A2_SYNTHETIC_CONTRACT","tests/fixtures/M03A_2/C005_insufficient_hf.csv","6","5","292.86445646252372","2.0367466277712953","-0.5409461225647163","292.86445646252372","2.0367466277712953","-0.5409461225647163","FALSE","FALSE","PASS",""
"S_C005","R1","C005","INSUFFICIENT_HIGH_FREQUENCY_COVERAGE","SYNTHETIC","M03A2_SYNTHETIC_CONTRACT","tests/fixtures/M03A_2/C005_insufficient_hf.csv","7","6","215.44346900318845","2.0676388324552786","-0.73248593705702947","215.44346900318845","2.0676388324552786","-0.73248593705702947","FALSE","FALSE","PASS",""
"S_C005","R1","C005","INSUFFICIENT_HIGH_FREQUENCY_COVERAGE","SYNTHETIC","M03A2_SYNTHETIC_CONTRACT","tests/fixtures/M03A_2/C005_insufficient_hf.csv","8","7","158.48931924611142","2.1240968214498785","-0.98862255209208449","158.48931924611142","2.1240968214498785","-0.98862255209208449","FALSE","FALSE","PASS",""
"S_C005","R1","C005","INSUFFICIENT_HIGH_FREQUENCY_COVERAGE","SYNTHETIC","M03A2_SYNTHETIC_CONTRACT","tests/fixtures/M03A_2/C005_insufficient_hf.csv","9","8","116.59144011798311","2.2263355365386066","-1.3264450675428039","116.59144011798311","2.2263355365386066","-1.3264450675428039","FALSE","FALSE","PASS",""
"S_C005","R1","C005","INSUFFICIENT_HIGH_FREQUENCY_COVERAGE","SYNTHETIC","M03A2_SYNTHETIC_CONTRACT","tests/fixtures/M03A_2/C005_insufficient_hf.csv","10","9","85.769589859089407","2.4084367728542739","-1.7608729611799305","85.769589859089407","2.4084367728542739","-1.7608729611799305","FALSE","FALSE","PASS",""
"S_C005","R1","C005","INSUFFICIENT_HIGH_FREQUENCY_COVERAGE","SYNTHETIC","M03A2_SYNTHETIC_CONTRACT","tests/fixtures/M03A_2/C005_insufficient_hf.csv","11","10","63.095734448019329","2.7234155856281586","-2.2943396818029225","63.095734448019329","2.7234155856281586","-2.2943396818029225","FALSE","FALSE","PASS",""
"S_C005","R1","C005","INSUFFICIENT_HIGH_FREQUENCY_COVERAGE","SYNTHETIC","M03A2_SYNTHETIC_CONTRACT","tests/fixtures/M03A_2/C005_insufficient_hf.csv","12","11","46.4158883361278","3.2415737814890111","-2.8967369223026047","46.4158883361278","3.2415737814890111","-2.8967369223026047","FALSE","FALSE","PASS",""
"S_C005","R1","C005","INSUFFICIENT_HIGH_FREQUENCY_COVERAGE","SYNTHETIC","M03A2_SYNTHETIC_CONTRACT","tests/fixtures/M03A_2/C005_insufficient_hf.csv","13","12","34.145488738336027","4.0274613765202769","-3.4798119746447105","34.145488738336027","4.0274613765202769","-3.4798119746447105","FALSE","FALSE","PASS",""
"S_C005","R1","C005","INSUFFICIENT_HIGH_FREQUENCY_COVERAGE","SYNTHETIC","M03A2_SYNTHETIC_CONTRACT","tests/fixtures/M03A_2/C005_insufficient_hf.csv","14","13","25.118864315095795","5.083815829564962","-3.8936623589936841","25.118864315095795","5.083815829564962","-3.8936623589936841","FALSE","FALSE","PASS",""
"S_C005","R1","C005","INSUFFICIENT_HIGH_FREQUENCY_COVERAGE","SYNTHETIC","M03A2_SYNTHETIC_CONTRACT","tests/fixtures/M03A_2/C005_insufficient_hf.csv","15","14","18.478497974222908","6.2947801537551484","-3.9891232947794544","18.478497974222908","6.2947801537551484","-3.9891232947794544","FALSE","FALSE","PASS",""
"S_C005","R1","C005","INSUFFICIENT_HIGH_FREQUENCY_COVERAGE","SYNTHETIC","M03A2_SYNTHETIC_CONTRACT","tests/fixtures/M03A_2/C005_insufficient_hf.csv","16","15","13.593563908785255","7.4537477563326924","-3.7264752060033439","13.593563908785255","7.4537477563326924","-3.7264752060033439","FALSE","FALSE","PASS",""
"S_C005","R1","C005","INSUFFICIENT_HIGH_FREQUENCY_COVERAGE","SYNTHETIC","M03A2_SYNTHETIC_CONTRACT","tests/fixtures/M03A_2/C005_insufficient_hf.csv","17","16","10","8.3864001727471766","-3.2101548584939392","10","8.3864001727471766","-3.2101548584939392","FALSE","FALSE","PASS",""
"S_C005","R1","C005","INSUFFICIENT_HIGH_FREQUENCY_COVERAGE","SYNTHETIC","M03A2_SYNTHETIC_CONTRACT","tests/fixtures/M03A_2/C005_insufficient_hf.csv","18","17","7.3564225445964135","9.0377130438621549","-2.6023642064764352","7.3564225445964135","9.0377130438621549","-2.6023642064764352","FALSE","FALSE","PASS",""
"S_C005","R1","C005","INSUFFICIENT_HIGH_FREQUENCY_COVERAGE","SYNTHETIC","M03A2_SYNTHETIC_CONTRACT","tests/fixtures/M03A_2/C005_insufficient_hf.csv","19","18","5.4116952654646377","9.4488195195022762","-2.026238861018137","5.4116952654646377","9.4488195195022762","-2.026238861018137","FALSE","FALSE","PASS",""
"S_C005","R1","C005","INSUFFICIENT_HIGH_FREQUENCY_COVERAGE","SYNTHETIC","M03A2_SYNTHETIC_CONTRACT","tests/fixtures/M03A_2/C005_insufficient_hf.csv","20","19","3.9810717055349731","9.6919807224891699","-1.5392460312660678","3.9810717055349731","9.6919807224891699","-1.5392460312660678","FALSE","FALSE","PASS",""
"S_C005","R1","C005","INSUFFICIENT_HIGH_FREQUENCY_COVERAGE","SYNTHETIC","M03A2_SYNTHETIC_CONTRACT","tests/fixtures/M03A_2/C005_insufficient_hf.csv","21","20","2.9286445646252375","9.8303116252104985","-1.152698075723785","2.9286445646252375","9.8303116252104985","-1.152698075723785","FALSE","FALSE","PASS",""
"S_C005","R1","C005","INSUFFICIENT_HIGH_FREQUENCY_COVERAGE","SYNTHETIC","M03A2_SYNTHETIC_CONTRACT","tests/fixtures/M03A_2/C005_insufficient_hf.csv","22","21","2.1544346900318843","9.9072673226682326","-0.85630722828259997","2.1544346900318843","9.9072673226682326","-0.85630722828259997","FALSE","FALSE","PASS",""
"S_C005","R1","C005","INSUFFICIENT_HIGH_FREQUENCY_COVERAGE","SYNTHETIC","M03A2_SYNTHETIC_CONTRACT","tests/fixtures/M03A_2/C005_insufficient_hf.csv","23","22","1.584893192461114","9.9495475659959993","-0.63330405330700501","1.584893192461114","9.9495475659959993","-0.63330405330700501","FALSE","FALSE","PASS",""
"S_C005","R1","C005","INSUFFICIENT_HIGH_FREQUENCY_COVERAGE","SYNTHETIC","M03A2_SYNTHETIC_CONTRACT","tests/fixtures/M03A_2/C005_insufficient_hf.csv","24","23","1.1659144011798324","9.9726174449402318","-0.46723723755340779","1.1659144011798324","9.9726174449402318","-0.46723723755340779","FALSE","FALSE","PASS",""
"S_C005","R1","C005","INSUFFICIENT_HIGH_FREQUENCY_COVERAGE","SYNTHETIC","M03A2_SYNTHETIC_CONTRACT","tests/fixtures/M03A_2/C005_insufficient_hf.csv","25","24","0.85769589859089368","9.9851580865089939","-0.34426011318764688","0.85769589859089368","9.9851580865089939","-0.34426011318764688","FALSE","FALSE","PASS",""
"S_C005","R1","C005","INSUFFICIENT_HIGH_FREQUENCY_COVERAGE","SYNTHETIC","M03A2_SYNTHETIC_CONTRACT","tests/fixtures/M03A_2/C005_insufficient_hf.csv","26","25","0.63095734448019303","9.9919611657235343","-0.25346804799658323","0.63095734448019303","9.9919611657235343","-0.25346804799658323","FALSE","FALSE","PASS",""
"S_C005","R1","C005","INSUFFICIENT_HIGH_FREQUENCY_COVERAGE","SYNTHETIC","M03A2_SYNTHETIC_CONTRACT","tests/fixtures/M03A_2/C005_insufficient_hf.csv","27","26","0.46415888336127775","9.9956476211625507","-0.18654781558100689","0.46415888336127775","9.9956476211625507","-0.18654781558100689","FALSE","FALSE","PASS",""
"S_C005","R1","C005","INSUFFICIENT_HIGH_FREQUENCY_COVERAGE","SYNTHETIC","M03A2_SYNTHETIC_CONTRACT","tests/fixtures/M03A_2/C005_insufficient_hf.csv","28","27","0.34145488738336005","9.997644037096757","-0.13726672089310113","0.34145488738336005","9.997644037096757","-0.13726672089310113","FALSE","FALSE","PASS",""
"S_C005","R1","C005","INSUFFICIENT_HIGH_FREQUENCY_COVERAGE","SYNTHETIC","M03A2_SYNTHETIC_CONTRACT","tests/fixtures/M03A_2/C005_insufficient_hf.csv","29","28","0.25118864315095796","9.9987248523687473","-0.10099284652160659","0.25118864315095796","9.9987248523687473","-0.10099284652160659","FALSE","FALSE","PASS",""
"S_C005","R1","C005","INSUFFICIENT_HIGH_FREQUENCY_COVERAGE","SYNTHETIC","M03A2_SYNTHETIC_CONTRACT","tests/fixtures/M03A_2/C005_insufficient_hf.csv","30","29","0.18478497974222907","9.9993098784883756","-0.074300039201160559","0.18478497974222907","9.9993098784883756","-0.074300039201160559","FALSE","FALSE","PASS",""
"S_C005","R1","C005","INSUFFICIENT_HIGH_FREQUENCY_COVERAGE","SYNTHETIC","M03A2_SYNTHETIC_CONTRACT","tests/fixtures/M03A_2/C005_insufficient_hf.csv","31","30","0.13593563908785256","9.9996265124852481","-0.054660411863472272","0.13593563908785256","9.9996265124852481","-0.054660411863472272","FALSE","FALSE","PASS",""
"S_C005","R1","C005","INSUFFICIENT_HIGH_FREQUENCY_COVERAGE","SYNTHETIC","M03A2_SYNTHETIC_CONTRACT","tests/fixtures/M03A_2/C005_insufficient_hf.csv","32","31","0.10000000000000001","9.9997978756087775","-0.040211369977945235","0.10000000000000001","9.9997978756087775","-0.040211369977945235","FALSE","FALSE","PASS",""
"S_C006","R1","C006","HIGH_FREQUENCY_INDUCTIVE_ARTIFACT","SYNTHETIC","M03A2_SYNTHETIC_CONTRACT","tests/fixtures/M03A_2/C006_hf_inductive.csv","2","1","1000000","2.0000000031662868","0.059999999999999998","1000000","2.0000000031662868","0.059999999999999998","FALSE","TRUE","PASS",""
"S_C006","R1","C006","HIGH_FREQUENCY_INDUCTIVE_ARTIFACT","SYNTHETIC","M03A2_SYNTHETIC_CONTRACT","tests/fixtures/M03A_2/C006_hf_inductive.csv","3","2","764422.27425260097","2.0000000054185567","0.039999999999999994","764422.27425260097","2.0000000054185567","0.039999999999999994","FALSE","FALSE","PASS",""
"S_C006","R1","C006","HIGH_FREQUENCY_INDUCTIVE_ARTIFACT","SYNTHETIC","M03A2_SYNTHETIC_CONTRACT","tests/fixtures/M03A_2/C006_hf_inductive.csv","4","3","584341.41337351757","2.0000000092729291","0.019999999999999997","584341.41337351757","2.0000000092729291","0.019999999999999997","FALSE","FALSE","PASS",""
"S_C006","R1","C006","HIGH_FREQUENCY_INDUCTIVE_ARTIFACT","SYNTHETIC","M03A2_SYNTHETIC_CONTRACT","tests/fixtures/M03A_2/C006_hf_inductive.csv","5","4","446683.59215096349","2.0000000158690261","-0.00035630353470069315","446683.59215096349","2.0000000158690261","-0.00035630353470069315","FALSE","FALSE","PASS",""
"S_C006","R1","C006","HIGH_FREQUENCY_INDUCTIVE_ARTIFACT","SYNTHETIC","M03A2_SYNTHETIC_CONTRACT","tests/fixtures/M03A_2/C006_hf_inductive.csv","6","5","341454.88738336007","2.0000000271571134","-0.00046610825743704891","341454.88738336007","2.0000000271571134","-0.00046610825743704891","FALSE","FALSE","PASS",""
"S_C006","R1","C006","HIGH_FREQUENCY_INDUCTIVE_ARTIFACT","SYNTHETIC","M03A2_SYNTHETIC_CONTRACT","tests/fixtures/M03A_2/C006_hf_inductive.csv","7","6","261015.72156825385","2.0000000464747369","-0.00060975232147344766","261015.72156825385","2.0000000464747369","-0.00060975232147344766","FALSE","FALSE","PASS",""
"S_C006","R1","C006","HIGH_FREQUENCY_INDUCTIVE_ARTIFACT","SYNTHETIC","M03A2_SYNTHETIC_CONTRACT","tests/fixtures/M03A_2/C006_hf_inductive.csv","8","7","199526.23149688789","2.0000000795335326","-0.00079766424853319794","199526.23149688789","2.0000000795335326","-0.00079766424853319794","FALSE","FALSE","PASS",""
"S_C006","R1","C006","HIGH_FREQUENCY_INDUCTIVE_ARTIFACT","SYNTHETIC","M03A2_SYNTHETIC_CONTRACT","tests/fixtures/M03A_2/C006_hf_inductive.csv","9","8","152522.29565390197","2.0000001361079844","-0.0010434863945744798","152522.29565390197","2.0000001361079844","-0.0010434863945744798","FALSE","FALSE","PASS",""
"S_C006","R1","C006","HIGH_FREQUENCY_INDUCTIVE_ARTIFACT","SYNTHETIC","M03A2_SYNTHETIC_CONTRACT","tests/fixtures/M03A_2/C006_hf_inductive.csv","10","9","116591.4401179831","2.0000002329254429","-0.0013650653795590504","116591.4401179831","2.0000002329254429","-0.0013650653795590504","FALSE","FALSE","PASS",""
"S_C006","R1","C006","HIGH_FREQUENCY_INDUCTIVE_ARTIFACT","SYNTHETIC","M03A2_SYNTHETIC_CONTRACT","tests/fixtures/M03A_2/C006_hf_inductive.csv","11","10","89125.093813374595","2.000000398611895","-0.0017857477434473118","89125.093813374595","2.000000398611895","-0.0017857477434473118","FALSE","FALSE","PASS",""
"S_C006","R1","C006","HIGH_FREQUENCY_INDUCTIVE_ARTIFACT","SYNTHETIC","M03A2_SYNTHETIC_CONTRACT","tests/fixtures/M03A_2/C006_hf_inductive.csv","12","11","68129.206905796222","2.0000006821557945","-0.0023360748898912636","68129.206905796222","2.0000006821557945","-0.0023360748898912636","FALSE","FALSE","PASS",""
"S_C006","R1","C006","HIGH_FREQUENCY_INDUCTIVE_ARTIFACT","SYNTHETIC","M03A2_SYNTHETIC_CONTRACT","tests/fixtures/M03A_2/C006_hf_inductive.csv","13","12","52079.483285954651","2.0000011673924485","-0.0030560003637801663","52079.483285954651","2.0000011673924485","-0.0030560003637801663","FALSE","FALSE","PASS",""
"S_C006","R1","C006","HIGH_FREQUENCY_INDUCTIVE_ARTIFACT","SYNTHETIC","M03A2_SYNTHETIC_CONTRACT","tests/fixtures/M03A_2/C006_hf_inductive.csv","14","13","39810.717055349691","2.0000019977915313","-0.003997790422257886","39810.717055349691","2.0000019977915313","-0.003997790422257886","FALSE","FALSE","PASS",""
"S_C006","R1","C006","HIGH_FREQUENCY_INDUCTIVE_ARTIFACT","SYNTHETIC","M03A2_SYNTHETIC_CONTRACT","tests/fixtures/M03A_2/C006_hf_inductive.csv","15","14","30432.19887107722","2.0000034188765863","-0.0052298184482084094","30432.19887107722","2.0000034188765863","-0.0052298184482084094","FALSE","FALSE","PASS",""
"S_C006","R1","C006","HIGH_FREQUENCY_INDUCTIVE_ARTIFACT","SYNTHETIC","M03A2_SYNTHETIC_CONTRACT","tests/fixtures/M03A_2/C006_hf_inductive.csv","16","15","23263.050671536286","2.0000058508184919","-0.0068415286086401022","23263.050671536286","2.0000058508184919","-0.0068415286086401022","FALSE","FALSE","PASS",""
"S_C006","R1","C006","HIGH_FREQUENCY_INDUCTIVE_ARTIFACT","SYNTHETIC","M03A2_SYNTHETIC_CONTRACT","tests/fixtures/M03A_2/C006_hf_inductive.csv","17","16","17782.794100389227","2.0000100126660789","-0.0089499289592938208","17782.794100389227","2.0000100126660789","-0.0089499289592938208","FALSE","FALSE","PASS",""
"S_C006","R1","C006","HIGH_FREQUENCY_INDUCTIVE_ARTIFACT","SYNTHETIC","M03A2_SYNTHETIC_CONTRACT","tests/fixtures/M03A_2/C006_hf_inductive.csv","18","17","13593.563908785241","2.0000171349436058","-0.011708085037225978","13593.563908785241","2.0000171349436058","-0.011708085037225978","FALSE","FALSE","PASS",""
"S_C006","R1","C006","HIGH_FREQUENCY_INDUCTIVE_ARTIFACT","SYNTHETIC","M03A2_SYNTHETIC_CONTRACT","tests/fixtures/M03A_2/C006_hf_inductive.csv","19","18","10391.223038351691","2.0000293234693061","-0.015316229777053764","10391.223038351691","2.0000293234693061","-0.015316229777053764","FALSE","FALSE","PASS",""
"S_C006","R1","C006","HIGH_FREQUENCY_INDUCTIVE_ARTIFACT","SYNTHETIC","M03A2_SYNTHETIC_CONTRACT","tests/fixtures/M03A_2/C006_hf_inductive.csv","20","19","7943.2823472428136","2.000050181952159","-0.020036294543769002","7943.2823472428136","2.000050181952159","-0.020036294543769002","FALSE","FALSE","PASS",""
"S_C006","R1","C006","HIGH_FREQUENCY_INDUCTIVE_ARTIFACT","SYNTHETIC","M03A2_SYNTHETIC_CONTRACT","tests/fixtures/M03A_2/C006_hf_inductive.csv","21","20","6072.0219569098836","2.0000858774119048","-0.026210912237225267","6072.0219569098836","2.0000858774119048","-0.026210912237225267","FALSE","FALSE","PASS",""
"S_C006","R1","C006","HIGH_FREQUENCY_INDUCTIVE_ARTIFACT","SYNTHETIC","M03A2_SYNTHETIC_CONTRACT","tests/fixtures/M03A_2/C006_hf_inductive.csv","22","21","4641.5888336127819","2.0001469633234863","-0.0342882631475128","4641.5888336127819","2.0001469633234863","-0.0342882631475128","FALSE","FALSE","PASS",""
"S_C006","R1","C006","HIGH_FREQUENCY_INDUCTIVE_ARTIFACT","SYNTHETIC","M03A2_SYNTHETIC_CONTRACT","tests/fixtures/M03A_2/C006_hf_inductive.csv","23","22","3548.1338923357566","2.0002514992087161","-0.044854547348929005","3548.1338923357566","2.0002514992087161","-0.044854547348929005","FALSE","FALSE","PASS",""
"S_C006","R1","C006","HIGH_FREQUENCY_INDUCTIVE_ARTIFACT","SYNTHETIC","M03A2_SYNTHETIC_CONTRACT","tests/fixtures/M03A_2/C006_hf_inductive.csv","24","23","2712.2725793320296","2.0004303880898768","-0.058676396320054031","2712.2725793320296","2.0004303880898768","-0.058676396320054031","FALSE","FALSE","PASS",""
"S_C006","R1","C006","HIGH_FREQUENCY_INDUCTIVE_ARTIFACT","SYNTHETIC","M03A2_SYNTHETIC_CONTRACT","tests/fixtures/M03A_2/C006_hf_inductive.csv","25","24","2073.3215734859541","2.000736507135028","-0.076756202599306128","2073.3215734859541","2.000736507135028","-0.076756202599306128","FALSE","FALSE","PASS",""
"S_C006","R1","C006","HIGH_FREQUENCY_INDUCTIVE_ARTIFACT","SYNTHETIC","M03A2_SYNTHETIC_CONTRACT","tests/fixtures/M03A_2/C006_hf_inductive.csv","26","25","1584.8931924611124","2.0012603229712469","-0.10040416005317282","1584.8931924611124","2.0012603229712469","-0.10040416005317282","FALSE","FALSE","PASS",""
"S_C006","R1","C006","HIGH_FREQUENCY_INDUCTIVE_ARTIFACT","SYNTHETIC","M03A2_SYNTHETIC_CONTRACT","tests/fixtures/M03A_2/C006_hf_inductive.csv","27","26","1211.5276586285877","2.0021565846998901","-0.1313317430842704","1211.5276586285877","2.0021565846998901","-0.1313317430842704","FALSE","FALSE","PASS",""
"S_C006","R1","C006","HIGH_FREQUENCY_INDUCTIVE_ARTIFACT","SYNTHETIC","M03A2_SYNTHETIC_CONTRACT","tests/fixtures/M03A_2/C006_hf_inductive.csv","28","27","926.11872812879369","2.0036899168773545","-0.17177228976838432","926.11872812879369","2.0036899168773545","-0.17177228976838432","FALSE","FALSE","PASS",""
"S_C006","R1","C006","HIGH_FREQUENCY_INDUCTIVE_ARTIFACT","SYNTHETIC","M03A2_SYNTHETIC_CONTRACT","tests/fixtures/M03A_2/C006_hf_inductive.csv","29","28","707.94578438413805","2.0063125880775905","-0.22463493907334725","707.94578438413805","2.0063125880775905","-0.22463493907334725","FALSE","FALSE","PASS",""
"S_C006","R1","C006","HIGH_FREQUENCY_INDUCTIVE_ARTIFACT","SYNTHETIC","M03A2_SYNTHETIC_CONTRACT","tests/fixtures/M03A_2/C006_hf_inductive.csv","30","29","541.16952654646377","2.0107968504820164","-0.29369751765345276","541.16952654646377","2.0107968504820164","-0.29369751765345276","FALSE","FALSE","PASS",""
"S_C006","R1","C006","HIGH_FREQUENCY_INDUCTIVE_ARTIFACT","SYNTHETIC","M03A2_SYNTHETIC_CONTRACT","tests/fixtures/M03A_2/C006_hf_inductive.csv","31","30","413.68204023885073","2.0184592347172785","-0.38383998540000985","413.68204023885073","2.0184592347172785","-0.38383998540000985","FALSE","FALSE","PASS",""
"S_C006","R1","C006","HIGH_FREQUENCY_INDUCTIVE_ARTIFACT","SYNTHETIC","M03A2_SYNTHETIC_CONTRACT","tests/fixtures/M03A_2/C006_hf_inductive.csv","32","31","316.22776601683796","2.0315380467543664","-0.5013080147392931","316.22776601683796","2.0315380467543664","-0.5013080147392931","FALSE","FALSE","PASS",""
"S_C006","R1","C006","HIGH_FREQUENCY_INDUCTIVE_ARTIFACT","SYNTHETIC","M03A2_SYNTHETIC_CONTRACT","tests/fixtures/M03A_2/C006_hf_inductive.csv","33","32","241.73154808041014","2.0538210250961093","-0.65396597619943253","241.73154808041014","2.0538210250961093","-0.65396597619943253","FALSE","FALSE","PASS",""
"S_C006","R1","C006","HIGH_FREQUENCY_INDUCTIVE_ARTIFACT","SYNTHETIC","M03A2_SYNTHETIC_CONTRACT","tests/fixtures/M03A_2/C006_hf_inductive.csv","34","33","184.78497974222907","2.0916667674946963","-0.85142900097109853","184.78497974222907","2.0916667674946963","-0.85142900097109853","FALSE","FALSE","PASS",""
"S_C006","R1","C006","HIGH_FREQUENCY_INDUCTIVE_ARTIFACT","SYNTHETIC","M03A2_SYNTHETIC_CONTRACT","tests/fixtures/M03A_2/C006_hf_inductive.csv","35","34","141.25375446227525","2.1556036634214886","-1.104815281982342","141.25375446227525","2.1556036634214886","-1.104815281982342","FALSE","FALSE","PASS",""
"S_C006","R1","C006","HIGH_FREQUENCY_INDUCTIVE_ARTIFACT","SYNTHETIC","M03A2_SYNTHETIC_CONTRACT","tests/fixtures/M03A_2/C006_hf_inductive.csv","36","35","107.97751623277094","2.2626549485499292","-1.4255707511034548","107.97751623277094","2.2626549485499292","-1.4255707511034548","FALSE","FALSE","PASS",""
"S_C006","R1","C006","HIGH_FREQUENCY_INDUCTIVE_ARTIFACT","SYNTHETIC","M03A2_SYNTHETIC_CONTRACT","tests/fixtures/M03A_2/C006_hf_inductive.csv","37","36","82.54041852680173","2.439230943947035","-1.8223401794000142","82.54041852680173","2.439230943947035","-1.8223401794000142","FALSE","FALSE","PASS",""
"S_C006","R1","C006","HIGH_FREQUENCY_INDUCTIVE_ARTIFACT","SYNTHETIC","M03A2_SYNTHETIC_CONTRACT","tests/fixtures/M03A_2/C006_hf_inductive.csv","38","37","63.0957344480193","2.723415585628159","-2.2943396818029234","63.0957344480193","2.723415585628159","-2.2943396818029234","FALSE","FALSE","PASS",""
"S_C006","R1","C006","HIGH_FREQUENCY_INDUCTIVE_ARTIFACT","SYNTHETIC","M03A2_SYNTHETIC_CONTRACT","tests/fixtures/M03A_2/C006_hf_inductive.csv","39","38","48.231784822393095","3.16318192805972","-2.8200112103878299","48.231784822393095","3.16318192805972","-2.8200112103878299","FALSE","FALSE","PASS",""
"S_C006","R1","C006","HIGH_FREQUENCY_INDUCTIVE_ARTIFACT","SYNTHETIC","M03A2_SYNTHETIC_CONTRACT","tests/fixtures/M03A_2/C006_hf_inductive.csv","40","39","36.869450645195734","3.8040058933676253","-3.3432932691637864","36.869450645195734","3.8040058933676253","-3.3432932691637864","FALSE","FALSE","PASS",""
"S_C006","R1","C006","HIGH_FREQUENCY_INDUCTIVE_ARTIFACT","SYNTHETIC","M03A2_SYNTHETIC_CONTRACT","tests/fixtures/M03A_2/C006_hf_inductive.csv","41","40","28.183829312644551","4.6604902560760486","-3.7690467821364053","28.183829312644551","4.6604902560760486","-3.7690467821364053","FALSE","FALSE","PASS",""
"S_C006","R1","C006","HIGH_FREQUENCY_INDUCTIVE_ARTIFACT","SYNTHETIC","M03A2_SYNTHETIC_CONTRACT","tests/fixtures/M03A_2/C006_hf_inductive.csv","42","41","21.544346900318867","5.6819655718361606","-3.9873367179738537","21.544346900318867","5.6819655718361606","-3.9873367179738537","FALSE","FALSE","PASS",""
"S_C006","R1","C006","HIGH_FREQUENCY_INDUCTIVE_ARTIFACT","SYNTHETIC","M03A2_SYNTHETIC_CONTRACT","tests/fixtures/M03A_2/C006_hf_inductive.csv","43","42","16.468978654828689","6.7469634991013088","-3.9296368192251978","16.468978654828689","6.7469634991013088","-3.9296368192251978","FALSE","FALSE","PASS",""
"S_C006","R1","C006","HIGH_FREQUENCY_INDUCTIVE_ARTIFACT","SYNTHETIC","M03A2_SYNTHETIC_CONTRACT","tests/fixtures/M03A_2/C006_hf_inductive.csv","44","43","12.589254117941687","7.7124818676228877","-3.6148866998929341","12.589254117941687","7.7124818676228877","-3.6148866998929341","FALSE","FALSE","PASS",""
"S_C006","R1","C006","HIGH_FREQUENCY_INDUCTIVE_ARTIFACT","SYNTHETIC","M03A2_SYNTHETIC_CONTRACT","tests/fixtures/M03A_2/C006_hf_inductive.csv","45","44","9.6235062639808877","8.4830090066133739","-3.1360271480133686","9.6235062639808877","8.4830090066133739","-3.1360271480133686","FALSE","FALSE","PASS",""
"S_C006","R1","C006","HIGH_FREQUENCY_INDUCTIVE_ARTIFACT","SYNTHETIC","M03A2_SYNTHETIC_CONTRACT","tests/fixtures/M03A_2/C006_hf_inductive.csv","46","45","7.3564225445964215","9.0377130438621514","-2.6023642064764374","7.3564225445964215","9.0377130438621514","-2.6023642064764374","FALSE","FALSE","PASS",""
"S_C006","R1","C006","HIGH_FREQUENCY_INDUCTIVE_ARTIFACT","SYNTHETIC","M03A2_SYNTHETIC_CONTRACT","tests/fixtures/M03A_2/C006_hf_inductive.csv","47","46","5.6234132519034912","9.4081022630393925","-2.0940007078952414","5.6234132519034912","9.4081022630393925","-2.0940007078952414","FALSE","FALSE","PASS",""
"S_C006","R1","C006","HIGH_FREQUENCY_INDUCTIVE_ARTIFACT","SYNTHETIC","M03A2_SYNTHETIC_CONTRACT","tests/fixtures/M03A_2/C006_hf_inductive.csv","48","47","4.2986623470822725","9.6431554487029576","-1.651489744620277","4.2986623470822725","9.6431554487029576","-1.651489744620277","FALSE","FALSE","PASS",""
"S_C006","R1","C006","HIGH_FREQUENCY_INDUCTIVE_ARTIFACT","SYNTHETIC","M03A2_SYNTHETIC_CONTRACT","tests/fixtures/M03A_2/C006_hf_inductive.csv","49","48","3.2859932476006541","9.7875418299540033","-1.2862841390410882","3.2859932476006541","9.7875418299540033","-1.2862841390410882","FALSE","FALSE","PASS",""
"S_C006","R1","C006","HIGH_FREQUENCY_INDUCTIVE_ARTIFACT","SYNTHETIC","M03A2_SYNTHETIC_CONTRACT","tests/fixtures/M03A_2/C006_hf_inductive.csv","50","49","2.511886431509577","9.8744661549166217","-0.99423941503322122","2.511886431509577","9.8744661549166217","-0.99423941503322122","FALSE","FALSE","PASS",""
"S_C006","R1","C006","HIGH_FREQUENCY_INDUCTIVE_ARTIFACT","SYNTHETIC","M03A2_SYNTHETIC_CONTRACT","tests/fixtures/M03A_2/C006_hf_inductive.csv","51","50","1.920141938638801","9.9261637860254162","-0.76500844786353428","1.920141938638801","9.9261637860254162","-0.76500844786353428","FALSE","FALSE","PASS",""
"S_C006","R1","C006","HIGH_FREQUENCY_INDUCTIVE_ARTIFACT","SYNTHETIC","M03A2_SYNTHETIC_CONTRACT","tests/fixtures/M03A_2/C006_hf_inductive.csv","52","51","1.4677992676220675","9.9566882842449616","-0.58704158397737194","1.4677992676220675","9.9566882842449616","-0.58704158397737194","FALSE","FALSE","PASS",""
"S_C006","R1","C006","HIGH_FREQUENCY_INDUCTIVE_ARTIFACT","SYNTHETIC","M03A2_SYNTHETIC_CONTRACT","tests/fixtures/M03A_2/C006_hf_inductive.csv","53","52","1.1220184543019629","9.9746340883463347","-0.44975978450201171","1.1220184543019629","9.9746340883463347","-0.44975978450201171","FALSE","FALSE","PASS",""
"S_C006","R1","C006","HIGH_FREQUENCY_INDUCTIVE_ARTIFACT","SYNTHETIC","M03A2_SYNTHETIC_CONTRACT","tests/fixtures/M03A_2/C006_hf_inductive.csv","54","53","0.85769589859089457","9.9851580865089939","-0.34426011318764721","0.85769589859089457","9.9851580865089939","-0.34426011318764721","FALSE","FALSE","PASS",""
"S_C006","R1","C006","HIGH_FREQUENCY_INDUCTIVE_ARTIFACT","SYNTHETIC","M03A2_SYNTHETIC_CONTRACT","tests/fixtures/M03A_2/C006_hf_inductive.csv","55","54","0.65564184941797854","9.9913205621788901","-0.26336319015381915","0.65564184941797854","9.9913205621788901","-0.26336319015381915","FALSE","FALSE","PASS",""
"S_C006","R1","C006","HIGH_FREQUENCY_INDUCTIVE_ARTIFACT","SYNTHETIC","M03A2_SYNTHETIC_CONTRACT","tests/fixtures/M03A_2/C006_hf_inductive.csv","56","55","0.50118723362727247","9.9949259568440105","-0.20141151738162108","0.50118723362727247","9.9949259568440105","-0.20141151738162108","FALSE","FALSE","PASS",""
"S_C006","R1","C006","HIGH_FREQUENCY_INDUCTIVE_ARTIFACT","SYNTHETIC","M03A2_SYNTHETIC_CONTRACT","tests/fixtures/M03A_2/C006_hf_inductive.csv","57","56","0.38311868495572932","9.9970342445776321","-0.15400405083539176","0.38311868495572932","9.9970342445776321","-0.15400405083539176","FALSE","FALSE","PASS",""
"S_C006","R1","C006","HIGH_FREQUENCY_INDUCTIVE_ARTIFACT","SYNTHETIC","M03A2_SYNTHETIC_CONTRACT","tests/fixtures/M03A_2/C006_hf_inductive.csv","58","57","0.29286445646252374","9.998266719198833","-0.1177422700095699","0.29286445646252374","9.998266719198833","-0.1177422700095699","FALSE","FALSE","PASS",""
"S_C006","R1","C006","HIGH_FREQUENCY_INDUCTIVE_ARTIFACT","SYNTHETIC","M03A2_SYNTHETIC_CONTRACT","tests/fixtures/M03A_2/C006_hf_inductive.csv","59","58","0.22387211385683423","9.9989870810268027","-0.090012920076708275","0.22387211385683423","9.9989870810268027","-0.090012920076708275","FALSE","FALSE","PASS",""
"S_C006","R1","C006","HIGH_FREQUENCY_INDUCTIVE_ARTIFACT","SYNTHETIC","M03A2_SYNTHETIC_CONTRACT","tests/fixtures/M03A_2/C006_hf_inductive.csv","60","59","0.17113283041617811","9.9994080783435848","-0.068811502527347621","0.17113283041617811","9.9994080783435848","-0.068811502527347621","FALSE","FALSE","PASS",""
"S_C006","R1","C006","HIGH_FREQUENCY_INDUCTIVE_ARTIFACT","SYNTHETIC","M03A2_SYNTHETIC_CONTRACT","tests/fixtures/M03A_2/C006_hf_inductive.csv","61","60","0.13081774742601956","9.9996541050247991","-0.052602663033967462","0.13081774742601956","9.9996541050247991","-0.052602663033967462","FALSE","FALSE","PASS",""
"S_C006","R1","C006","HIGH_FREQUENCY_INDUCTIVE_ARTIFACT","SYNTHETIC","M03A2_SYNTHETIC_CONTRACT","tests/fixtures/M03A_2/C006_hf_inductive.csv","62","61","0.10000000000000001","9.9997978756087775","-0.040211369977945235","0.10000000000000001","9.9997978756087775","-0.040211369977945235","FALSE","FALSE","PASS",""
"S_C007","R1","C007","DUPLICATE_FREQUENCY","SYNTHETIC","M03A2_SYNTHETIC_CONTRACT","tests/fixtures/M03A_2/C007_duplicate_frequency.csv","2","1","1000000","2.0000000031662868","-0.00015915494302890407","1000000","2.0000000031662868","-0.00015915494302890407","FALSE","FALSE","PASS",""
"S_C007","R1","C007","DUPLICATE_FREQUENCY","SYNTHETIC","M03A2_SYNTHETIC_CONTRACT","tests/fixtures/M03A_2/C007_duplicate_frequency.csv","3","2","764422.27425260097","2.0000000054185567","-0.00020820291132896045","764422.27425260097","2.0000000054185567","-0.00020820291132896045","FALSE","FALSE","PASS",""
"S_C007","R1","C007","DUPLICATE_FREQUENCY","SYNTHETIC","M03A2_SYNTHETIC_CONTRACT","tests/fixtures/M03A_2/C007_duplicate_frequency.csv","4","3","584341.41337351757","2.0000000092729291","-0.00027236635854471374","584341.41337351757","2.0000000092729291","-0.00027236635854471374","FALSE","FALSE","PASS",""
"S_C007","R1","C007","DUPLICATE_FREQUENCY","SYNTHETIC","M03A2_SYNTHETIC_CONTRACT","tests/fixtures/M03A_2/C007_duplicate_frequency.csv","5","4","446683.59215096349","2.0000000158690261","-0.00035630353470069315","446683.59215096349","2.0000000158690261","-0.00035630353470069315","FALSE","FALSE","PASS",""
"S_C007","R1","C007","DUPLICATE_FREQUENCY","SYNTHETIC","M03A2_SYNTHETIC_CONTRACT","tests/fixtures/M03A_2/C007_duplicate_frequency.csv","6","5","341454.88738336007","2.0000000271571134","-0.00046610825743704891","341454.88738336007","2.0000000271571134","-0.00046610825743704891","FALSE","FALSE","PASS",""
"S_C007","R1","C007","DUPLICATE_FREQUENCY","SYNTHETIC","M03A2_SYNTHETIC_CONTRACT","tests/fixtures/M03A_2/C007_duplicate_frequency.csv","7","6","261015.72156825385","2.0000000464747369","-0.00060975232147344766","261015.72156825385","2.0000000464747369","-0.00060975232147344766","FALSE","FALSE","PASS",""
"S_C007","R1","C007","DUPLICATE_FREQUENCY","SYNTHETIC","M03A2_SYNTHETIC_CONTRACT","tests/fixtures/M03A_2/C007_duplicate_frequency.csv","8","7","199526.23149688789","2.0000000795335326","-0.00079766424853319794","199526.23149688789","2.0000000795335326","-0.00079766424853319794","FALSE","FALSE","PASS",""
"S_C007","R1","C007","DUPLICATE_FREQUENCY","SYNTHETIC","M03A2_SYNTHETIC_CONTRACT","tests/fixtures/M03A_2/C007_duplicate_frequency.csv","9","8","152522.29565390197","2.0000001361079844","-0.0010434863945744798","152522.29565390197","2.0000001361079844","-0.0010434863945744798","FALSE","FALSE","PASS",""
"S_C007","R1","C007","DUPLICATE_FREQUENCY","SYNTHETIC","M03A2_SYNTHETIC_CONTRACT","tests/fixtures/M03A_2/C007_duplicate_frequency.csv","10","9","116591.4401179831","2.0000002329254429","-0.0013650653795590504","116591.4401179831","2.0000002329254429","-0.0013650653795590504","FALSE","FALSE","PASS",""
"S_C007","R1","C007","DUPLICATE_FREQUENCY","SYNTHETIC","M03A2_SYNTHETIC_CONTRACT","tests/fixtures/M03A_2/C007_duplicate_frequency.csv","11","10","89125.093813374595","2.000000398611895","-0.0017857477434473118","89125.093813374595","2.000000398611895","-0.0017857477434473118","FALSE","FALSE","PASS",""
"S_C007","R1","C007","DUPLICATE_FREQUENCY","SYNTHETIC","M03A2_SYNTHETIC_CONTRACT","tests/fixtures/M03A_2/C007_duplicate_frequency.csv","12","11","68129.206905796222","2.0000006821557945","-0.0023360748898912636","68129.206905796222","2.0000006821557945","-0.0023360748898912636","TRUE","FALSE","PASS",""
"S_C007","R1","C007","DUPLICATE_FREQUENCY","SYNTHETIC","M03A2_SYNTHETIC_CONTRACT","tests/fixtures/M03A_2/C007_duplicate_frequency.csv","13","12","68129.206905796222","2.0000006821557945","-0.0023360748898912636","68129.206905796222","2.0000006821557945","-0.0023360748898912636","TRUE","FALSE","PASS",""
"S_C007","R1","C007","DUPLICATE_FREQUENCY","SYNTHETIC","M03A2_SYNTHETIC_CONTRACT","tests/fixtures/M03A_2/C007_duplicate_frequency.csv","14","13","52079.483285954651","2.0000011673924485","-0.0030560003637801663","52079.483285954651","2.0000011673924485","-0.0030560003637801663","FALSE","FALSE","PASS",""
"S_C007","R1","C007","DUPLICATE_FREQUENCY","SYNTHETIC","M03A2_SYNTHETIC_CONTRACT","tests/fixtures/M03A_2/C007_duplicate_frequency.csv","15","14","39810.717055349691","2.0000019977915313","-0.003997790422257886","39810.717055349691","2.0000019977915313","-0.003997790422257886","FALSE","FALSE","PASS",""
"S_C007","R1","C007","DUPLICATE_FREQUENCY","SYNTHETIC","M03A2_SYNTHETIC_CONTRACT","tests/fixtures/M03A_2/C007_duplicate_frequency.csv","16","15","30432.19887107722","2.0000034188765863","-0.0052298184482084094","30432.19887107722","2.0000034188765863","-0.0052298184482084094","FALSE","FALSE","PASS",""
"S_C007","R1","C007","DUPLICATE_FREQUENCY","SYNTHETIC","M03A2_SYNTHETIC_CONTRACT","tests/fixtures/M03A_2/C007_duplicate_frequency.csv","17","16","23263.050671536286","2.0000058508184919","-0.0068415286086401022","23263.050671536286","2.0000058508184919","-0.0068415286086401022","FALSE","FALSE","PASS",""
"S_C007","R1","C007","DUPLICATE_FREQUENCY","SYNTHETIC","M03A2_SYNTHETIC_CONTRACT","tests/fixtures/M03A_2/C007_duplicate_frequency.csv","18","17","17782.794100389227","2.0000100126660789","-0.0089499289592938208","17782.794100389227","2.0000100126660789","-0.0089499289592938208","FALSE","FALSE","PASS",""
"S_C007","R1","C007","DUPLICATE_FREQUENCY","SYNTHETIC","M03A2_SYNTHETIC_CONTRACT","tests/fixtures/M03A_2/C007_duplicate_frequency.csv","19","18","13593.563908785241","2.0000171349436058","-0.011708085037225978","13593.563908785241","2.0000171349436058","-0.011708085037225978","FALSE","FALSE","PASS",""
"S_C007","R1","C007","DUPLICATE_FREQUENCY","SYNTHETIC","M03A2_SYNTHETIC_CONTRACT","tests/fixtures/M03A_2/C007_duplicate_frequency.csv","20","19","10391.223038351691","2.0000293234693061","-0.015316229777053764","10391.223038351691","2.0000293234693061","-0.015316229777053764","FALSE","FALSE","PASS",""
"S_C007","R1","C007","DUPLICATE_FREQUENCY","SYNTHETIC","M03A2_SYNTHETIC_CONTRACT","tests/fixtures/M03A_2/C007_duplicate_frequency.csv","21","20","7943.2823472428136","2.000050181952159","-0.020036294543769002","7943.2823472428136","2.000050181952159","-0.020036294543769002","FALSE","FALSE","PASS",""
"S_C007","R1","C007","DUPLICATE_FREQUENCY","SYNTHETIC","M03A2_SYNTHETIC_CONTRACT","tests/fixtures/M03A_2/C007_duplicate_frequency.csv","22","21","6072.0219569098836","2.0000858774119048","-0.026210912237225267","6072.0219569098836","2.0000858774119048","-0.026210912237225267","FALSE","FALSE","PASS",""
"S_C007","R1","C007","DUPLICATE_FREQUENCY","SYNTHETIC","M03A2_SYNTHETIC_CONTRACT","tests/fixtures/M03A_2/C007_duplicate_frequency.csv","23","22","4641.5888336127819","2.0001469633234863","-0.0342882631475128","4641.5888336127819","2.0001469633234863","-0.0342882631475128","FALSE","FALSE","PASS",""
"S_C007","R1","C007","DUPLICATE_FREQUENCY","SYNTHETIC","M03A2_SYNTHETIC_CONTRACT","tests/fixtures/M03A_2/C007_duplicate_frequency.csv","24","23","3548.1338923357566","2.0002514992087161","-0.044854547348929005","3548.1338923357566","2.0002514992087161","-0.044854547348929005","FALSE","FALSE","PASS",""
"S_C007","R1","C007","DUPLICATE_FREQUENCY","SYNTHETIC","M03A2_SYNTHETIC_CONTRACT","tests/fixtures/M03A_2/C007_duplicate_frequency.csv","25","24","2712.2725793320296","2.0004303880898768","-0.058676396320054031","2712.2725793320296","2.0004303880898768","-0.058676396320054031","FALSE","FALSE","PASS",""
"S_C007","R1","C007","DUPLICATE_FREQUENCY","SYNTHETIC","M03A2_SYNTHETIC_CONTRACT","tests/fixtures/M03A_2/C007_duplicate_frequency.csv","26","25","2073.3215734859541","2.000736507135028","-0.076756202599306128","2073.3215734859541","2.000736507135028","-0.076756202599306128","FALSE","FALSE","PASS",""
"S_C007","R1","C007","DUPLICATE_FREQUENCY","SYNTHETIC","M03A2_SYNTHETIC_CONTRACT","tests/fixtures/M03A_2/C007_duplicate_frequency.csv","27","26","1584.8931924611124","2.0012603229712469","-0.10040416005317282","1584.8931924611124","2.0012603229712469","-0.10040416005317282","FALSE","FALSE","PASS",""
"S_C007","R1","C007","DUPLICATE_FREQUENCY","SYNTHETIC","M03A2_SYNTHETIC_CONTRACT","tests/fixtures/M03A_2/C007_duplicate_frequency.csv","28","27","1211.5276586285877","2.0021565846998901","-0.1313317430842704","1211.5276586285877","2.0021565846998901","-0.1313317430842704","FALSE","FALSE","PASS",""
"S_C007","R1","C007","DUPLICATE_FREQUENCY","SYNTHETIC","M03A2_SYNTHETIC_CONTRACT","tests/fixtures/M03A_2/C007_duplicate_frequency.csv","29","28","926.11872812879369","2.0036899168773545","-0.17177228976838432","926.11872812879369","2.0036899168773545","-0.17177228976838432","FALSE","FALSE","PASS",""
"S_C007","R1","C007","DUPLICATE_FREQUENCY","SYNTHETIC","M03A2_SYNTHETIC_CONTRACT","tests/fixtures/M03A_2/C007_duplicate_frequency.csv","30","29","707.94578438413805","2.0063125880775905","-0.22463493907334725","707.94578438413805","2.0063125880775905","-0.22463493907334725","FALSE","FALSE","PASS",""
"S_C007","R1","C007","DUPLICATE_FREQUENCY","SYNTHETIC","M03A2_SYNTHETIC_CONTRACT","tests/fixtures/M03A_2/C007_duplicate_frequency.csv","31","30","541.16952654646377","2.0107968504820164","-0.29369751765345276","541.16952654646377","2.0107968504820164","-0.29369751765345276","FALSE","FALSE","PASS",""
"S_C007","R1","C007","DUPLICATE_FREQUENCY","SYNTHETIC","M03A2_SYNTHETIC_CONTRACT","tests/fixtures/M03A_2/C007_duplicate_frequency.csv","32","31","413.68204023885073","2.0184592347172785","-0.38383998540000985","413.68204023885073","2.0184592347172785","-0.38383998540000985","FALSE","FALSE","PASS",""
"S_C007","R1","C007","DUPLICATE_FREQUENCY","SYNTHETIC","M03A2_SYNTHETIC_CONTRACT","tests/fixtures/M03A_2/C007_duplicate_frequency.csv","33","32","316.22776601683796","2.0315380467543664","-0.5013080147392931","316.22776601683796","2.0315380467543664","-0.5013080147392931","FALSE","FALSE","PASS",""
"S_C007","R1","C007","DUPLICATE_FREQUENCY","SYNTHETIC","M03A2_SYNTHETIC_CONTRACT","tests/fixtures/M03A_2/C007_duplicate_frequency.csv","34","33","241.73154808041014","2.0538210250961093","-0.65396597619943253","241.73154808041014","2.0538210250961093","-0.65396597619943253","FALSE","FALSE","PASS",""
"S_C007","R1","C007","DUPLICATE_FREQUENCY","SYNTHETIC","M03A2_SYNTHETIC_CONTRACT","tests/fixtures/M03A_2/C007_duplicate_frequency.csv","35","34","184.78497974222907","2.0916667674946963","-0.85142900097109853","184.78497974222907","2.0916667674946963","-0.85142900097109853","FALSE","FALSE","PASS",""
"S_C007","R1","C007","DUPLICATE_FREQUENCY","SYNTHETIC","M03A2_SYNTHETIC_CONTRACT","tests/fixtures/M03A_2/C007_duplicate_frequency.csv","36","35","141.25375446227525","2.1556036634214886","-1.104815281982342","141.25375446227525","2.1556036634214886","-1.104815281982342","FALSE","FALSE","PASS",""
"S_C007","R1","C007","DUPLICATE_FREQUENCY","SYNTHETIC","M03A2_SYNTHETIC_CONTRACT","tests/fixtures/M03A_2/C007_duplicate_frequency.csv","37","36","107.97751623277094","2.2626549485499292","-1.4255707511034548","107.97751623277094","2.2626549485499292","-1.4255707511034548","FALSE","FALSE","PASS",""
"S_C007","R1","C007","DUPLICATE_FREQUENCY","SYNTHETIC","M03A2_SYNTHETIC_CONTRACT","tests/fixtures/M03A_2/C007_duplicate_frequency.csv","38","37","82.54041852680173","2.439230943947035","-1.8223401794000142","82.54041852680173","2.439230943947035","-1.8223401794000142","FALSE","FALSE","PASS",""
"S_C007","R1","C007","DUPLICATE_FREQUENCY","SYNTHETIC","M03A2_SYNTHETIC_CONTRACT","tests/fixtures/M03A_2/C007_duplicate_frequency.csv","39","38","63.0957344480193","2.723415585628159","-2.2943396818029234","63.0957344480193","2.723415585628159","-2.2943396818029234","FALSE","FALSE","PASS",""
"S_C007","R1","C007","DUPLICATE_FREQUENCY","SYNTHETIC","M03A2_SYNTHETIC_CONTRACT","tests/fixtures/M03A_2/C007_duplicate_frequency.csv","40","39","48.231784822393095","3.16318192805972","-2.8200112103878299","48.231784822393095","3.16318192805972","-2.8200112103878299","FALSE","FALSE","PASS",""
"S_C007","R1","C007","DUPLICATE_FREQUENCY","SYNTHETIC","M03A2_SYNTHETIC_CONTRACT","tests/fixtures/M03A_2/C007_duplicate_frequency.csv","41","40","36.869450645195734","3.8040058933676253","-3.3432932691637864","36.869450645195734","3.8040058933676253","-3.3432932691637864","FALSE","FALSE","PASS",""
"S_C007","R1","C007","DUPLICATE_FREQUENCY","SYNTHETIC","M03A2_SYNTHETIC_CONTRACT","tests/fixtures/M03A_2/C007_duplicate_frequency.csv","42","41","28.183829312644551","4.6604902560760486","-3.7690467821364053","28.183829312644551","4.6604902560760486","-3.7690467821364053","FALSE","FALSE","PASS",""
"S_C007","R1","C007","DUPLICATE_FREQUENCY","SYNTHETIC","M03A2_SYNTHETIC_CONTRACT","tests/fixtures/M03A_2/C007_duplicate_frequency.csv","43","42","21.544346900318867","5.6819655718361606","-3.9873367179738537","21.544346900318867","5.6819655718361606","-3.9873367179738537","FALSE","FALSE","PASS",""
"S_C007","R1","C007","DUPLICATE_FREQUENCY","SYNTHETIC","M03A2_SYNTHETIC_CONTRACT","tests/fixtures/M03A_2/C007_duplicate_frequency.csv","44","43","16.468978654828689","6.7469634991013088","-3.9296368192251978","16.468978654828689","6.7469634991013088","-3.9296368192251978","FALSE","FALSE","PASS",""
"S_C007","R1","C007","DUPLICATE_FREQUENCY","SYNTHETIC","M03A2_SYNTHETIC_CONTRACT","tests/fixtures/M03A_2/C007_duplicate_frequency.csv","45","44","12.589254117941687","7.7124818676228877","-3.6148866998929341","12.589254117941687","7.7124818676228877","-3.6148866998929341","FALSE","FALSE","PASS",""
"S_C007","R1","C007","DUPLICATE_FREQUENCY","SYNTHETIC","M03A2_SYNTHETIC_CONTRACT","tests/fixtures/M03A_2/C007_duplicate_frequency.csv","46","45","9.6235062639808877","8.4830090066133739","-3.1360271480133686","9.6235062639808877","8.4830090066133739","-3.1360271480133686","FALSE","FALSE","PASS",""
"S_C007","R1","C007","DUPLICATE_FREQUENCY","SYNTHETIC","M03A2_SYNTHETIC_CONTRACT","tests/fixtures/M03A_2/C007_duplicate_frequency.csv","47","46","7.3564225445964215","9.0377130438621514","-2.6023642064764374","7.3564225445964215","9.0377130438621514","-2.6023642064764374","FALSE","FALSE","PASS",""
"S_C007","R1","C007","DUPLICATE_FREQUENCY","SYNTHETIC","M03A2_SYNTHETIC_CONTRACT","tests/fixtures/M03A_2/C007_duplicate_frequency.csv","48","47","5.6234132519034912","9.4081022630393925","-2.0940007078952414","5.6234132519034912","9.4081022630393925","-2.0940007078952414","FALSE","FALSE","PASS",""
"S_C007","R1","C007","DUPLICATE_FREQUENCY","SYNTHETIC","M03A2_SYNTHETIC_CONTRACT","tests/fixtures/M03A_2/C007_duplicate_frequency.csv","49","48","4.2986623470822725","9.6431554487029576","-1.651489744620277","4.2986623470822725","9.6431554487029576","-1.651489744620277","FALSE","FALSE","PASS",""
"S_C007","R1","C007","DUPLICATE_FREQUENCY","SYNTHETIC","M03A2_SYNTHETIC_CONTRACT","tests/fixtures/M03A_2/C007_duplicate_frequency.csv","50","49","3.2859932476006541","9.7875418299540033","-1.2862841390410882","3.2859932476006541","9.7875418299540033","-1.2862841390410882","FALSE","FALSE","PASS",""
"S_C007","R1","C007","DUPLICATE_FREQUENCY","SYNTHETIC","M03A2_SYNTHETIC_CONTRACT","tests/fixtures/M03A_2/C007_duplicate_frequency.csv","51","50","2.511886431509577","9.8744661549166217","-0.99423941503322122","2.511886431509577","9.8744661549166217","-0.99423941503322122","FALSE","FALSE","PASS",""
"S_C007","R1","C007","DUPLICATE_FREQUENCY","SYNTHETIC","M03A2_SYNTHETIC_CONTRACT","tests/fixtures/M03A_2/C007_duplicate_frequency.csv","52","51","1.920141938638801","9.9261637860254162","-0.76500844786353428","1.920141938638801","9.9261637860254162","-0.76500844786353428","FALSE","FALSE","PASS",""
"S_C007","R1","C007","DUPLICATE_FREQUENCY","SYNTHETIC","M03A2_SYNTHETIC_CONTRACT","tests/fixtures/M03A_2/C007_duplicate_frequency.csv","53","52","1.4677992676220675","9.9566882842449616","-0.58704158397737194","1.4677992676220675","9.9566882842449616","-0.58704158397737194","FALSE","FALSE","PASS",""
"S_C007","R1","C007","DUPLICATE_FREQUENCY","SYNTHETIC","M03A2_SYNTHETIC_CONTRACT","tests/fixtures/M03A_2/C007_duplicate_frequency.csv","54","53","1.1220184543019629","9.9746340883463347","-0.44975978450201171","1.1220184543019629","9.9746340883463347","-0.44975978450201171","FALSE","FALSE","PASS",""
"S_C007","R1","C007","DUPLICATE_FREQUENCY","SYNTHETIC","M03A2_SYNTHETIC_CONTRACT","tests/fixtures/M03A_2/C007_duplicate_frequency.csv","55","54","0.85769589859089457","9.9851580865089939","-0.34426011318764721","0.85769589859089457","9.9851580865089939","-0.34426011318764721","FALSE","FALSE","PASS",""
"S_C007","R1","C007","DUPLICATE_FREQUENCY","SYNTHETIC","M03A2_SYNTHETIC_CONTRACT","tests/fixtures/M03A_2/C007_duplicate_frequency.csv","56","55","0.65564184941797854","9.9913205621788901","-0.26336319015381915","0.65564184941797854","9.9913205621788901","-0.26336319015381915","FALSE","FALSE","PASS",""
"S_C007","R1","C007","DUPLICATE_FREQUENCY","SYNTHETIC","M03A2_SYNTHETIC_CONTRACT","tests/fixtures/M03A_2/C007_duplicate_frequency.csv","57","56","0.50118723362727247","9.9949259568440105","-0.20141151738162108","0.50118723362727247","9.9949259568440105","-0.20141151738162108","FALSE","FALSE","PASS",""
"S_C007","R1","C007","DUPLICATE_FREQUENCY","SYNTHETIC","M03A2_SYNTHETIC_CONTRACT","tests/fixtures/M03A_2/C007_duplicate_frequency.csv","58","57","0.38311868495572932","9.9970342445776321","-0.15400405083539176","0.38311868495572932","9.9970342445776321","-0.15400405083539176","FALSE","FALSE","PASS",""
"S_C007","R1","C007","DUPLICATE_FREQUENCY","SYNTHETIC","M03A2_SYNTHETIC_CONTRACT","tests/fixtures/M03A_2/C007_duplicate_frequency.csv","59","58","0.29286445646252374","9.998266719198833","-0.1177422700095699","0.29286445646252374","9.998266719198833","-0.1177422700095699","FALSE","FALSE","PASS",""
"S_C007","R1","C007","DUPLICATE_FREQUENCY","SYNTHETIC","M03A2_SYNTHETIC_CONTRACT","tests/fixtures/M03A_2/C007_duplicate_frequency.csv","60","59","0.22387211385683423","9.9989870810268027","-0.090012920076708275","0.22387211385683423","9.9989870810268027","-0.090012920076708275","FALSE","FALSE","PASS",""
"S_C007","R1","C007","DUPLICATE_FREQUENCY","SYNTHETIC","M03A2_SYNTHETIC_CONTRACT","tests/fixtures/M03A_2/C007_duplicate_frequency.csv","61","60","0.17113283041617811","9.9994080783435848","-0.068811502527347621","0.17113283041617811","9.9994080783435848","-0.068811502527347621","FALSE","FALSE","PASS",""
"S_C007","R1","C007","DUPLICATE_FREQUENCY","SYNTHETIC","M03A2_SYNTHETIC_CONTRACT","tests/fixtures/M03A_2/C007_duplicate_frequency.csv","62","61","0.13081774742601956","9.9996541050247991","-0.052602663033967462","0.13081774742601956","9.9996541050247991","-0.052602663033967462","FALSE","FALSE","PASS",""
"S_C007","R1","C007","DUPLICATE_FREQUENCY","SYNTHETIC","M03A2_SYNTHETIC_CONTRACT","tests/fixtures/M03A_2/C007_duplicate_frequency.csv","63","62","0.10000000000000001","9.9997978756087775","-0.040211369977945235","0.10000000000000001","9.9997978756087775","-0.040211369977945235","FALSE","FALSE","PASS",""
"S_C008","R1","C008","INVALID_NUMERIC_DATA_NAN","SYNTHETIC","M03A2_SYNTHETIC_CONTRACT","tests/fixtures/M03A_2/C008_invalid_nan.csv","2","","1000000","2.0000000031662868","-0.00015915494302890407","1000000","2.0000000031662868","-0.00015915494302890407","FALSE","FALSE","PASS",""
"S_C008","R1","C008","INVALID_NUMERIC_DATA_NAN","SYNTHETIC","M03A2_SYNTHETIC_CONTRACT","tests/fixtures/M03A_2/C008_invalid_nan.csv","3","","584341.41337351757","2.0000000092729291","-0.00027236635854471374","584341.41337351757","2.0000000092729291","-0.00027236635854471374","FALSE","FALSE","PASS",""
"S_C008","R1","C008","INVALID_NUMERIC_DATA_NAN","SYNTHETIC","M03A2_SYNTHETIC_CONTRACT","tests/fixtures/M03A_2/C008_invalid_nan.csv","4","","341454.88738336007","2.0000000271571134","-0.00046610825743704891","341454.88738336007","2.0000000271571134","-0.00046610825743704891","FALSE","FALSE","PASS",""
"S_C008","R1","C008","INVALID_NUMERIC_DATA_NAN","SYNTHETIC","M03A2_SYNTHETIC_CONTRACT","tests/fixtures/M03A_2/C008_invalid_nan.csv","5","","199526.23149688789","2.0000000795335326","-0.00079766424853319794","199526.23149688789","2.0000000795335326","-0.00079766424853319794","FALSE","FALSE","PASS",""
"S_C008","R1","C008","INVALID_NUMERIC_DATA_NAN","SYNTHETIC","M03A2_SYNTHETIC_CONTRACT","tests/fixtures/M03A_2/C008_invalid_nan.csv","6","","116591.4401179831","2.0000002329254429","-0.0013650653795590504","116591.4401179831","2.0000002329254429","-0.0013650653795590504","FALSE","FALSE","PASS",""
"S_C008","R1","C008","INVALID_NUMERIC_DATA_NAN","SYNTHETIC","M03A2_SYNTHETIC_CONTRACT","tests/fixtures/M03A_2/C008_invalid_nan.csv","7","","68129.206905796222","NaN","-0.0023360748898912636","68129.206905796222","","","FALSE","FALSE","BLOCKED_INVALID_NUMERIC_DATA","Invalid nonfinite or nonnumeric value for z_real: 'NaN'"
"S_C008","R1","C008","INVALID_NUMERIC_DATA_NAN","SYNTHETIC","M03A2_SYNTHETIC_CONTRACT","tests/fixtures/M03A_2/C008_invalid_nan.csv","8","","39810.717055349691","2.0000019977915313","-0.003997790422257886","39810.717055349691","2.0000019977915313","-0.003997790422257886","FALSE","FALSE","PASS",""
"S_C008","R1","C008","INVALID_NUMERIC_DATA_NAN","SYNTHETIC","M03A2_SYNTHETIC_CONTRACT","tests/fixtures/M03A_2/C008_invalid_nan.csv","9","","23263.050671536286","2.0000058508184919","-0.0068415286086401022","23263.050671536286","2.0000058508184919","-0.0068415286086401022","FALSE","FALSE","PASS",""
"S_C008","R1","C008","INVALID_NUMERIC_DATA_NAN","SYNTHETIC","M03A2_SYNTHETIC_CONTRACT","tests/fixtures/M03A_2/C008_invalid_nan.csv","10","","13593.563908785241","2.0000171349436058","-0.011708085037225978","13593.563908785241","2.0000171349436058","-0.011708085037225978","FALSE","FALSE","PASS",""
"S_C008","R1","C008","INVALID_NUMERIC_DATA_NAN","SYNTHETIC","M03A2_SYNTHETIC_CONTRACT","tests/fixtures/M03A_2/C008_invalid_nan.csv","11","","7943.2823472428136","2.000050181952159","-0.020036294543769002","7943.2823472428136","2.000050181952159","-0.020036294543769002","FALSE","FALSE","PASS",""
"S_C008","R1","C008","INVALID_NUMERIC_DATA_NAN","SYNTHETIC","M03A2_SYNTHETIC_CONTRACT","tests/fixtures/M03A_2/C008_invalid_nan.csv","12","","4641.5888336127819","2.0001469633234863","-0.0342882631475128","4641.5888336127819","2.0001469633234863","-0.0342882631475128","FALSE","FALSE","PASS",""
"S_C008","R1","C008","INVALID_NUMERIC_DATA_NAN","SYNTHETIC","M03A2_SYNTHETIC_CONTRACT","tests/fixtures/M03A_2/C008_invalid_nan.csv","13","","2712.2725793320296","2.0004303880898768","-0.058676396320054031","2712.2725793320296","2.0004303880898768","-0.058676396320054031","FALSE","FALSE","PASS",""
"S_C008","R1","C008","INVALID_NUMERIC_DATA_NAN","SYNTHETIC","M03A2_SYNTHETIC_CONTRACT","tests/fixtures/M03A_2/C008_invalid_nan.csv","14","","1584.8931924611124","2.0012603229712469","-0.10040416005317282","1584.8931924611124","2.0012603229712469","-0.10040416005317282","FALSE","FALSE","PASS",""
"S_C008","R1","C008","INVALID_NUMERIC_DATA_NAN","SYNTHETIC","M03A2_SYNTHETIC_CONTRACT","tests/fixtures/M03A_2/C008_invalid_nan.csv","15","","926.11872812879369","2.0036899168773545","-0.17177228976838432","926.11872812879369","2.0036899168773545","-0.17177228976838432","FALSE","FALSE","PASS",""
"S_C008","R1","C008","INVALID_NUMERIC_DATA_NAN","SYNTHETIC","M03A2_SYNTHETIC_CONTRACT","tests/fixtures/M03A_2/C008_invalid_nan.csv","16","","541.16952654646377","2.0107968504820164","-0.29369751765345276","541.16952654646377","2.0107968504820164","-0.29369751765345276","FALSE","FALSE","PASS",""
"S_C008","R1","C008","INVALID_NUMERIC_DATA_NAN","SYNTHETIC","M03A2_SYNTHETIC_CONTRACT","tests/fixtures/M03A_2/C008_invalid_nan.csv","17","","316.22776601683796","2.0315380467543664","-0.5013080147392931","316.22776601683796","2.0315380467543664","-0.5013080147392931","FALSE","FALSE","PASS",""
"S_C008","R1","C008","INVALID_NUMERIC_DATA_NAN","SYNTHETIC","M03A2_SYNTHETIC_CONTRACT","tests/fixtures/M03A_2/C008_invalid_nan.csv","18","","184.78497974222907","2.0916667674946963","-0.85142900097109853","184.78497974222907","2.0916667674946963","-0.85142900097109853","FALSE","FALSE","PASS",""
"S_C008","R1","C008","INVALID_NUMERIC_DATA_NAN","SYNTHETIC","M03A2_SYNTHETIC_CONTRACT","tests/fixtures/M03A_2/C008_invalid_nan.csv","19","","107.97751623277094","2.2626549485499292","-1.4255707511034548","107.97751623277094","2.2626549485499292","-1.4255707511034548","FALSE","FALSE","PASS",""
"S_C008","R1","C008","INVALID_NUMERIC_DATA_NAN","SYNTHETIC","M03A2_SYNTHETIC_CONTRACT","tests/fixtures/M03A_2/C008_invalid_nan.csv","20","","63.0957344480193","2.723415585628159","-2.2943396818029234","63.0957344480193","2.723415585628159","-2.2943396818029234","FALSE","FALSE","PASS",""
"S_C008","R1","C008","INVALID_NUMERIC_DATA_NAN","SYNTHETIC","M03A2_SYNTHETIC_CONTRACT","tests/fixtures/M03A_2/C008_invalid_nan.csv","21","","36.869450645195734","3.8040058933676253","-3.3432932691637864","36.869450645195734","3.8040058933676253","-3.3432932691637864","FALSE","FALSE","PASS",""
"S_C008","R1","C008","INVALID_NUMERIC_DATA_NAN","SYNTHETIC","M03A2_SYNTHETIC_CONTRACT","tests/fixtures/M03A_2/C008_invalid_nan.csv","22","","21.544346900318867","5.6819655718361606","-3.9873367179738537","21.544346900318867","5.6819655718361606","-3.9873367179738537","FALSE","FALSE","PASS",""
"S_C008","R1","C008","INVALID_NUMERIC_DATA_NAN","SYNTHETIC","M03A2_SYNTHETIC_CONTRACT","tests/fixtures/M03A_2/C008_invalid_nan.csv","23","","12.589254117941687","7.7124818676228877","-3.6148866998929341","12.589254117941687","7.7124818676228877","-3.6148866998929341","FALSE","FALSE","PASS",""
"S_C008","R1","C008","INVALID_NUMERIC_DATA_NAN","SYNTHETIC","M03A2_SYNTHETIC_CONTRACT","tests/fixtures/M03A_2/C008_invalid_nan.csv","24","","7.3564225445964215","9.0377130438621514","-2.6023642064764374","7.3564225445964215","9.0377130438621514","-2.6023642064764374","FALSE","FALSE","PASS",""
"S_C008","R1","C008","INVALID_NUMERIC_DATA_NAN","SYNTHETIC","M03A2_SYNTHETIC_CONTRACT","tests/fixtures/M03A_2/C008_invalid_nan.csv","25","","4.2986623470822725","9.6431554487029576","-1.651489744620277","4.2986623470822725","9.6431554487029576","-1.651489744620277","FALSE","FALSE","PASS",""
"S_C008","R1","C008","INVALID_NUMERIC_DATA_NAN","SYNTHETIC","M03A2_SYNTHETIC_CONTRACT","tests/fixtures/M03A_2/C008_invalid_nan.csv","26","","2.511886431509577","9.8744661549166217","-0.99423941503322122","2.511886431509577","9.8744661549166217","-0.99423941503322122","FALSE","FALSE","PASS",""
"S_C008","R1","C008","INVALID_NUMERIC_DATA_NAN","SYNTHETIC","M03A2_SYNTHETIC_CONTRACT","tests/fixtures/M03A_2/C008_invalid_nan.csv","27","","1.4677992676220675","9.9566882842449616","-0.58704158397737194","1.4677992676220675","9.9566882842449616","-0.58704158397737194","FALSE","FALSE","PASS",""
"S_C008","R1","C008","INVALID_NUMERIC_DATA_NAN","SYNTHETIC","M03A2_SYNTHETIC_CONTRACT","tests/fixtures/M03A_2/C008_invalid_nan.csv","28","","0.85769589859089457","9.9851580865089939","-0.34426011318764721","0.85769589859089457","9.9851580865089939","-0.34426011318764721","FALSE","FALSE","PASS",""
"S_C008","R1","C008","INVALID_NUMERIC_DATA_NAN","SYNTHETIC","M03A2_SYNTHETIC_CONTRACT","tests/fixtures/M03A_2/C008_invalid_nan.csv","29","","0.50118723362727247","9.9949259568440105","-0.20141151738162108","0.50118723362727247","9.9949259568440105","-0.20141151738162108","FALSE","FALSE","PASS",""
"S_C008","R1","C008","INVALID_NUMERIC_DATA_NAN","SYNTHETIC","M03A2_SYNTHETIC_CONTRACT","tests/fixtures/M03A_2/C008_invalid_nan.csv","30","","0.29286445646252374","9.998266719198833","-0.1177422700095699","0.29286445646252374","9.998266719198833","-0.1177422700095699","FALSE","FALSE","PASS",""
"S_C008","R1","C008","INVALID_NUMERIC_DATA_NAN","SYNTHETIC","M03A2_SYNTHETIC_CONTRACT","tests/fixtures/M03A_2/C008_invalid_nan.csv","31","","0.17113283041617811","9.9994080783435848","-0.068811502527347621","0.17113283041617811","9.9994080783435848","-0.068811502527347621","FALSE","FALSE","PASS",""
"S_C008","R1","C008","INVALID_NUMERIC_DATA_NAN","SYNTHETIC","M03A2_SYNTHETIC_CONTRACT","tests/fixtures/M03A_2/C008_invalid_nan.csv","32","","0.10000000000000001","9.9997978756087775","-0.040211369977945235","0.10000000000000001","9.9997978756087775","-0.040211369977945235","FALSE","FALSE","PASS",""
"S_C009","R1","C009","INVALID_NUMERIC_DATA_INF","SYNTHETIC","M03A2_SYNTHETIC_CONTRACT","tests/fixtures/M03A_2/C009_invalid_inf.csv","2","","1000000","2.0000000031662868","-0.00015915494302890407","1000000","2.0000000031662868","-0.00015915494302890407","FALSE","FALSE","PASS",""
"S_C009","R1","C009","INVALID_NUMERIC_DATA_INF","SYNTHETIC","M03A2_SYNTHETIC_CONTRACT","tests/fixtures/M03A_2/C009_invalid_inf.csv","3","","584341.41337351757","2.0000000092729291","-0.00027236635854471374","584341.41337351757","2.0000000092729291","-0.00027236635854471374","FALSE","FALSE","PASS",""
"S_C009","R1","C009","INVALID_NUMERIC_DATA_INF","SYNTHETIC","M03A2_SYNTHETIC_CONTRACT","tests/fixtures/M03A_2/C009_invalid_inf.csv","4","","341454.88738336007","2.0000000271571134","-0.00046610825743704891","341454.88738336007","2.0000000271571134","-0.00046610825743704891","FALSE","FALSE","PASS",""
"S_C009","R1","C009","INVALID_NUMERIC_DATA_INF","SYNTHETIC","M03A2_SYNTHETIC_CONTRACT","tests/fixtures/M03A_2/C009_invalid_inf.csv","5","","199526.23149688789","2.0000000795335326","-0.00079766424853319794","199526.23149688789","2.0000000795335326","-0.00079766424853319794","FALSE","FALSE","PASS",""
"S_C009","R1","C009","INVALID_NUMERIC_DATA_INF","SYNTHETIC","M03A2_SYNTHETIC_CONTRACT","tests/fixtures/M03A_2/C009_invalid_inf.csv","6","","116591.4401179831","2.0000002329254429","-0.0013650653795590504","116591.4401179831","2.0000002329254429","-0.0013650653795590504","FALSE","FALSE","PASS",""
"S_C009","R1","C009","INVALID_NUMERIC_DATA_INF","SYNTHETIC","M03A2_SYNTHETIC_CONTRACT","tests/fixtures/M03A_2/C009_invalid_inf.csv","7","","68129.206905796222","2.0000006821557945","Infinity","68129.206905796222","2.0000006821557945","","FALSE","FALSE","BLOCKED_INVALID_NUMERIC_DATA","Invalid nonfinite or nonnumeric value for z_imag: 'Infinity'"
"S_C009","R1","C009","INVALID_NUMERIC_DATA_INF","SYNTHETIC","M03A2_SYNTHETIC_CONTRACT","tests/fixtures/M03A_2/C009_invalid_inf.csv","8","","39810.717055349691","2.0000019977915313","-0.003997790422257886","39810.717055349691","2.0000019977915313","-0.003997790422257886","FALSE","FALSE","PASS",""
"S_C009","R1","C009","INVALID_NUMERIC_DATA_INF","SYNTHETIC","M03A2_SYNTHETIC_CONTRACT","tests/fixtures/M03A_2/C009_invalid_inf.csv","9","","23263.050671536286","2.0000058508184919","-0.0068415286086401022","23263.050671536286","2.0000058508184919","-0.0068415286086401022","FALSE","FALSE","PASS",""
"S_C009","R1","C009","INVALID_NUMERIC_DATA_INF","SYNTHETIC","M03A2_SYNTHETIC_CONTRACT","tests/fixtures/M03A_2/C009_invalid_inf.csv","10","","13593.563908785241","2.0000171349436058","-0.011708085037225978","13593.563908785241","2.0000171349436058","-0.011708085037225978","FALSE","FALSE","PASS",""
"S_C009","R1","C009","INVALID_NUMERIC_DATA_INF","SYNTHETIC","M03A2_SYNTHETIC_CONTRACT","tests/fixtures/M03A_2/C009_invalid_inf.csv","11","","7943.2823472428136","2.000050181952159","-0.020036294543769002","7943.2823472428136","2.000050181952159","-0.020036294543769002","FALSE","FALSE","PASS",""
"S_C009","R1","C009","INVALID_NUMERIC_DATA_INF","SYNTHETIC","M03A2_SYNTHETIC_CONTRACT","tests/fixtures/M03A_2/C009_invalid_inf.csv","12","","4641.5888336127819","2.0001469633234863","-0.0342882631475128","4641.5888336127819","2.0001469633234863","-0.0342882631475128","FALSE","FALSE","PASS",""
"S_C009","R1","C009","INVALID_NUMERIC_DATA_INF","SYNTHETIC","M03A2_SYNTHETIC_CONTRACT","tests/fixtures/M03A_2/C009_invalid_inf.csv","13","","2712.2725793320296","2.0004303880898768","-0.058676396320054031","2712.2725793320296","2.0004303880898768","-0.058676396320054031","FALSE","FALSE","PASS",""
"S_C009","R1","C009","INVALID_NUMERIC_DATA_INF","SYNTHETIC","M03A2_SYNTHETIC_CONTRACT","tests/fixtures/M03A_2/C009_invalid_inf.csv","14","","1584.8931924611124","2.0012603229712469","-0.10040416005317282","1584.8931924611124","2.0012603229712469","-0.10040416005317282","FALSE","FALSE","PASS",""
"S_C009","R1","C009","INVALID_NUMERIC_DATA_INF","SYNTHETIC","M03A2_SYNTHETIC_CONTRACT","tests/fixtures/M03A_2/C009_invalid_inf.csv","15","","926.11872812879369","2.0036899168773545","-0.17177228976838432","926.11872812879369","2.0036899168773545","-0.17177228976838432","FALSE","FALSE","PASS",""
"S_C009","R1","C009","INVALID_NUMERIC_DATA_INF","SYNTHETIC","M03A2_SYNTHETIC_CONTRACT","tests/fixtures/M03A_2/C009_invalid_inf.csv","16","","541.16952654646377","2.0107968504820164","-0.29369751765345276","541.16952654646377","2.0107968504820164","-0.29369751765345276","FALSE","FALSE","PASS",""
"S_C009","R1","C009","INVALID_NUMERIC_DATA_INF","SYNTHETIC","M03A2_SYNTHETIC_CONTRACT","tests/fixtures/M03A_2/C009_invalid_inf.csv","17","","316.22776601683796","2.0315380467543664","-0.5013080147392931","316.22776601683796","2.0315380467543664","-0.5013080147392931","FALSE","FALSE","PASS",""
"S_C009","R1","C009","INVALID_NUMERIC_DATA_INF","SYNTHETIC","M03A2_SYNTHETIC_CONTRACT","tests/fixtures/M03A_2/C009_invalid_inf.csv","18","","184.78497974222907","2.0916667674946963","-0.85142900097109853","184.78497974222907","2.0916667674946963","-0.85142900097109853","FALSE","FALSE","PASS",""
"S_C009","R1","C009","INVALID_NUMERIC_DATA_INF","SYNTHETIC","M03A2_SYNTHETIC_CONTRACT","tests/fixtures/M03A_2/C009_invalid_inf.csv","19","","107.97751623277094","2.2626549485499292","-1.4255707511034548","107.97751623277094","2.2626549485499292","-1.4255707511034548","FALSE","FALSE","PASS",""
"S_C009","R1","C009","INVALID_NUMERIC_DATA_INF","SYNTHETIC","M03A2_SYNTHETIC_CONTRACT","tests/fixtures/M03A_2/C009_invalid_inf.csv","20","","63.0957344480193","2.723415585628159","-2.2943396818029234","63.0957344480193","2.723415585628159","-2.2943396818029234","FALSE","FALSE","PASS",""
"S_C009","R1","C009","INVALID_NUMERIC_DATA_INF","SYNTHETIC","M03A2_SYNTHETIC_CONTRACT","tests/fixtures/M03A_2/C009_invalid_inf.csv","21","","36.869450645195734","3.8040058933676253","-3.3432932691637864","36.869450645195734","3.8040058933676253","-3.3432932691637864","FALSE","FALSE","PASS",""
"S_C009","R1","C009","INVALID_NUMERIC_DATA_INF","SYNTHETIC","M03A2_SYNTHETIC_CONTRACT","tests/fixtures/M03A_2/C009_invalid_inf.csv","22","","21.544346900318867","5.6819655718361606","-3.9873367179738537","21.544346900318867","5.6819655718361606","-3.9873367179738537","FALSE","FALSE","PASS",""
"S_C009","R1","C009","INVALID_NUMERIC_DATA_INF","SYNTHETIC","M03A2_SYNTHETIC_CONTRACT","tests/fixtures/M03A_2/C009_invalid_inf.csv","23","","12.589254117941687","7.7124818676228877","-3.6148866998929341","12.589254117941687","7.7124818676228877","-3.6148866998929341","FALSE","FALSE","PASS",""
"S_C009","R1","C009","INVALID_NUMERIC_DATA_INF","SYNTHETIC","M03A2_SYNTHETIC_CONTRACT","tests/fixtures/M03A_2/C009_invalid_inf.csv","24","","7.3564225445964215","9.0377130438621514","-2.6023642064764374","7.3564225445964215","9.0377130438621514","-2.6023642064764374","FALSE","FALSE","PASS",""
"S_C009","R1","C009","INVALID_NUMERIC_DATA_INF","SYNTHETIC","M03A2_SYNTHETIC_CONTRACT","tests/fixtures/M03A_2/C009_invalid_inf.csv","25","","4.2986623470822725","9.6431554487029576","-1.651489744620277","4.2986623470822725","9.6431554487029576","-1.651489744620277","FALSE","FALSE","PASS",""
"S_C009","R1","C009","INVALID_NUMERIC_DATA_INF","SYNTHETIC","M03A2_SYNTHETIC_CONTRACT","tests/fixtures/M03A_2/C009_invalid_inf.csv","26","","2.511886431509577","9.8744661549166217","-0.99423941503322122","2.511886431509577","9.8744661549166217","-0.99423941503322122","FALSE","FALSE","PASS",""
"S_C009","R1","C009","INVALID_NUMERIC_DATA_INF","SYNTHETIC","M03A2_SYNTHETIC_CONTRACT","tests/fixtures/M03A_2/C009_invalid_inf.csv","27","","1.4677992676220675","9.9566882842449616","-0.58704158397737194","1.4677992676220675","9.9566882842449616","-0.58704158397737194","FALSE","FALSE","PASS",""
"S_C009","R1","C009","INVALID_NUMERIC_DATA_INF","SYNTHETIC","M03A2_SYNTHETIC_CONTRACT","tests/fixtures/M03A_2/C009_invalid_inf.csv","28","","0.85769589859089457","9.9851580865089939","-0.34426011318764721","0.85769589859089457","9.9851580865089939","-0.34426011318764721","FALSE","FALSE","PASS",""
"S_C009","R1","C009","INVALID_NUMERIC_DATA_INF","SYNTHETIC","M03A2_SYNTHETIC_CONTRACT","tests/fixtures/M03A_2/C009_invalid_inf.csv","29","","0.50118723362727247","9.9949259568440105","-0.20141151738162108","0.50118723362727247","9.9949259568440105","-0.20141151738162108","FALSE","FALSE","PASS",""
"S_C009","R1","C009","INVALID_NUMERIC_DATA_INF","SYNTHETIC","M03A2_SYNTHETIC_CONTRACT","tests/fixtures/M03A_2/C009_invalid_inf.csv","30","","0.29286445646252374","9.998266719198833","-0.1177422700095699","0.29286445646252374","9.998266719198833","-0.1177422700095699","FALSE","FALSE","PASS",""
"S_C009","R1","C009","INVALID_NUMERIC_DATA_INF","SYNTHETIC","M03A2_SYNTHETIC_CONTRACT","tests/fixtures/M03A_2/C009_invalid_inf.csv","31","","0.17113283041617811","9.9994080783435848","-0.068811502527347621","0.17113283041617811","9.9994080783435848","-0.068811502527347621","FALSE","FALSE","PASS",""
"S_C009","R1","C009","INVALID_NUMERIC_DATA_INF","SYNTHETIC","M03A2_SYNTHETIC_CONTRACT","tests/fixtures/M03A_2/C009_invalid_inf.csv","32","","0.10000000000000001","9.9997978756087775","-0.040211369977945235","0.10000000000000001","9.9997978756087775","-0.040211369977945235","FALSE","FALSE","PASS",""
"S_C010","R1","C010","INVALID_NUMERIC_DATA_EMPTY","SYNTHETIC","M03A2_SYNTHETIC_CONTRACT","tests/fixtures/M03A_2/C010_invalid_empty.csv","2","","1000000","2.0000000031662868","-0.00015915494302890407","1000000","2.0000000031662868","-0.00015915494302890407","FALSE","FALSE","PASS",""
"S_C010","R1","C010","INVALID_NUMERIC_DATA_EMPTY","SYNTHETIC","M03A2_SYNTHETIC_CONTRACT","tests/fixtures/M03A_2/C010_invalid_empty.csv","3","","584341.41337351757","2.0000000092729291","-0.00027236635854471374","584341.41337351757","2.0000000092729291","-0.00027236635854471374","FALSE","FALSE","PASS",""
"S_C010","R1","C010","INVALID_NUMERIC_DATA_EMPTY","SYNTHETIC","M03A2_SYNTHETIC_CONTRACT","tests/fixtures/M03A_2/C010_invalid_empty.csv","4","","341454.88738336007","2.0000000271571134","-0.00046610825743704891","341454.88738336007","2.0000000271571134","-0.00046610825743704891","FALSE","FALSE","PASS",""
"S_C010","R1","C010","INVALID_NUMERIC_DATA_EMPTY","SYNTHETIC","M03A2_SYNTHETIC_CONTRACT","tests/fixtures/M03A_2/C010_invalid_empty.csv","5","","199526.23149688789","2.0000000795335326","-0.00079766424853319794","199526.23149688789","2.0000000795335326","-0.00079766424853319794","FALSE","FALSE","PASS",""
"S_C010","R1","C010","INVALID_NUMERIC_DATA_EMPTY","SYNTHETIC","M03A2_SYNTHETIC_CONTRACT","tests/fixtures/M03A_2/C010_invalid_empty.csv","6","","116591.4401179831","2.0000002329254429","-0.0013650653795590504","116591.4401179831","2.0000002329254429","-0.0013650653795590504","FALSE","FALSE","PASS",""
"S_C010","R1","C010","INVALID_NUMERIC_DATA_EMPTY","SYNTHETIC","M03A2_SYNTHETIC_CONTRACT","tests/fixtures/M03A_2/C010_invalid_empty.csv","7","","","2.0000006821557945","-0.0023360748898912636","","","","FALSE","FALSE","BLOCKED_INVALID_NUMERIC_DATA","Blank numeric value for frequency"
"S_C010","R1","C010","INVALID_NUMERIC_DATA_EMPTY","SYNTHETIC","M03A2_SYNTHETIC_CONTRACT","tests/fixtures/M03A_2/C010_invalid_empty.csv","8","","39810.717055349691","2.0000019977915313","-0.003997790422257886","39810.717055349691","2.0000019977915313","-0.003997790422257886","FALSE","FALSE","PASS",""
"S_C010","R1","C010","INVALID_NUMERIC_DATA_EMPTY","SYNTHETIC","M03A2_SYNTHETIC_CONTRACT","tests/fixtures/M03A_2/C010_invalid_empty.csv","9","","23263.050671536286","2.0000058508184919","-0.0068415286086401022","23263.050671536286","2.0000058508184919","-0.0068415286086401022","FALSE","FALSE","PASS",""
"S_C010","R1","C010","INVALID_NUMERIC_DATA_EMPTY","SYNTHETIC","M03A2_SYNTHETIC_CONTRACT","tests/fixtures/M03A_2/C010_invalid_empty.csv","10","","13593.563908785241","2.0000171349436058","-0.011708085037225978","13593.563908785241","2.0000171349436058","-0.011708085037225978","FALSE","FALSE","PASS",""
"S_C010","R1","C010","INVALID_NUMERIC_DATA_EMPTY","SYNTHETIC","M03A2_SYNTHETIC_CONTRACT","tests/fixtures/M03A_2/C010_invalid_empty.csv","11","","7943.2823472428136","2.000050181952159","-0.020036294543769002","7943.2823472428136","2.000050181952159","-0.020036294543769002","FALSE","FALSE","PASS",""
"S_C010","R1","C010","INVALID_NUMERIC_DATA_EMPTY","SYNTHETIC","M03A2_SYNTHETIC_CONTRACT","tests/fixtures/M03A_2/C010_invalid_empty.csv","12","","4641.5888336127819","2.0001469633234863","-0.0342882631475128","4641.5888336127819","2.0001469633234863","-0.0342882631475128","FALSE","FALSE","PASS",""
"S_C010","R1","C010","INVALID_NUMERIC_DATA_EMPTY","SYNTHETIC","M03A2_SYNTHETIC_CONTRACT","tests/fixtures/M03A_2/C010_invalid_empty.csv","13","","2712.2725793320296","2.0004303880898768","-0.058676396320054031","2712.2725793320296","2.0004303880898768","-0.058676396320054031","FALSE","FALSE","PASS",""
"S_C010","R1","C010","INVALID_NUMERIC_DATA_EMPTY","SYNTHETIC","M03A2_SYNTHETIC_CONTRACT","tests/fixtures/M03A_2/C010_invalid_empty.csv","14","","1584.8931924611124","2.0012603229712469","-0.10040416005317282","1584.8931924611124","2.0012603229712469","-0.10040416005317282","FALSE","FALSE","PASS",""
"S_C010","R1","C010","INVALID_NUMERIC_DATA_EMPTY","SYNTHETIC","M03A2_SYNTHETIC_CONTRACT","tests/fixtures/M03A_2/C010_invalid_empty.csv","15","","926.11872812879369","2.0036899168773545","-0.17177228976838432","926.11872812879369","2.0036899168773545","-0.17177228976838432","FALSE","FALSE","PASS",""
"S_C010","R1","C010","INVALID_NUMERIC_DATA_EMPTY","SYNTHETIC","M03A2_SYNTHETIC_CONTRACT","tests/fixtures/M03A_2/C010_invalid_empty.csv","16","","541.16952654646377","2.0107968504820164","-0.29369751765345276","541.16952654646377","2.0107968504820164","-0.29369751765345276","FALSE","FALSE","PASS",""
"S_C010","R1","C010","INVALID_NUMERIC_DATA_EMPTY","SYNTHETIC","M03A2_SYNTHETIC_CONTRACT","tests/fixtures/M03A_2/C010_invalid_empty.csv","17","","316.22776601683796","2.0315380467543664","-0.5013080147392931","316.22776601683796","2.0315380467543664","-0.5013080147392931","FALSE","FALSE","PASS",""
"S_C010","R1","C010","INVALID_NUMERIC_DATA_EMPTY","SYNTHETIC","M03A2_SYNTHETIC_CONTRACT","tests/fixtures/M03A_2/C010_invalid_empty.csv","18","","184.78497974222907","2.0916667674946963","-0.85142900097109853","184.78497974222907","2.0916667674946963","-0.85142900097109853","FALSE","FALSE","PASS",""
"S_C010","R1","C010","INVALID_NUMERIC_DATA_EMPTY","SYNTHETIC","M03A2_SYNTHETIC_CONTRACT","tests/fixtures/M03A_2/C010_invalid_empty.csv","19","","107.97751623277094","2.2626549485499292","-1.4255707511034548","107.97751623277094","2.2626549485499292","-1.4255707511034548","FALSE","FALSE","PASS",""
"S_C010","R1","C010","INVALID_NUMERIC_DATA_EMPTY","SYNTHETIC","M03A2_SYNTHETIC_CONTRACT","tests/fixtures/M03A_2/C010_invalid_empty.csv","20","","63.0957344480193","2.723415585628159","-2.2943396818029234","63.0957344480193","2.723415585628159","-2.2943396818029234","FALSE","FALSE","PASS",""
"S_C010","R1","C010","INVALID_NUMERIC_DATA_EMPTY","SYNTHETIC","M03A2_SYNTHETIC_CONTRACT","tests/fixtures/M03A_2/C010_invalid_empty.csv","21","","36.869450645195734","3.8040058933676253","-3.3432932691637864","36.869450645195734","3.8040058933676253","-3.3432932691637864","FALSE","FALSE","PASS",""
"S_C010","R1","C010","INVALID_NUMERIC_DATA_EMPTY","SYNTHETIC","M03A2_SYNTHETIC_CONTRACT","tests/fixtures/M03A_2/C010_invalid_empty.csv","22","","21.544346900318867","5.6819655718361606","-3.9873367179738537","21.544346900318867","5.6819655718361606","-3.9873367179738537","FALSE","FALSE","PASS",""
"S_C010","R1","C010","INVALID_NUMERIC_DATA_EMPTY","SYNTHETIC","M03A2_SYNTHETIC_CONTRACT","tests/fixtures/M03A_2/C010_invalid_empty.csv","23","","12.589254117941687","7.7124818676228877","-3.6148866998929341","12.589254117941687","7.7124818676228877","-3.6148866998929341","FALSE","FALSE","PASS",""
"S_C010","R1","C010","INVALID_NUMERIC_DATA_EMPTY","SYNTHETIC","M03A2_SYNTHETIC_CONTRACT","tests/fixtures/M03A_2/C010_invalid_empty.csv","24","","7.3564225445964215","9.0377130438621514","-2.6023642064764374","7.3564225445964215","9.0377130438621514","-2.6023642064764374","FALSE","FALSE","PASS",""
"S_C010","R1","C010","INVALID_NUMERIC_DATA_EMPTY","SYNTHETIC","M03A2_SYNTHETIC_CONTRACT","tests/fixtures/M03A_2/C010_invalid_empty.csv","25","","4.2986623470822725","9.6431554487029576","-1.651489744620277","4.2986623470822725","9.6431554487029576","-1.651489744620277","FALSE","FALSE","PASS",""
"S_C010","R1","C010","INVALID_NUMERIC_DATA_EMPTY","SYNTHETIC","M03A2_SYNTHETIC_CONTRACT","tests/fixtures/M03A_2/C010_invalid_empty.csv","26","","2.511886431509577","9.8744661549166217","-0.99423941503322122","2.511886431509577","9.8744661549166217","-0.99423941503322122","FALSE","FALSE","PASS",""
"S_C010","R1","C010","INVALID_NUMERIC_DATA_EMPTY","SYNTHETIC","M03A2_SYNTHETIC_CONTRACT","tests/fixtures/M03A_2/C010_invalid_empty.csv","27","","1.4677992676220675","9.9566882842449616","-0.58704158397737194","1.4677992676220675","9.9566882842449616","-0.58704158397737194","FALSE","FALSE","PASS",""
"S_C010","R1","C010","INVALID_NUMERIC_DATA_EMPTY","SYNTHETIC","M03A2_SYNTHETIC_CONTRACT","tests/fixtures/M03A_2/C010_invalid_empty.csv","28","","0.85769589859089457","9.9851580865089939","-0.34426011318764721","0.85769589859089457","9.9851580865089939","-0.34426011318764721","FALSE","FALSE","PASS",""
"S_C010","R1","C010","INVALID_NUMERIC_DATA_EMPTY","SYNTHETIC","M03A2_SYNTHETIC_CONTRACT","tests/fixtures/M03A_2/C010_invalid_empty.csv","29","","0.50118723362727247","9.9949259568440105","-0.20141151738162108","0.50118723362727247","9.9949259568440105","-0.20141151738162108","FALSE","FALSE","PASS",""
"S_C010","R1","C010","INVALID_NUMERIC_DATA_EMPTY","SYNTHETIC","M03A2_SYNTHETIC_CONTRACT","tests/fixtures/M03A_2/C010_invalid_empty.csv","30","","0.29286445646252374","9.998266719198833","-0.1177422700095699","0.29286445646252374","9.998266719198833","-0.1177422700095699","FALSE","FALSE","PASS",""
"S_C010","R1","C010","INVALID_NUMERIC_DATA_EMPTY","SYNTHETIC","M03A2_SYNTHETIC_CONTRACT","tests/fixtures/M03A_2/C010_invalid_empty.csv","31","","0.17113283041617811","9.9994080783435848","-0.068811502527347621","0.17113283041617811","9.9994080783435848","-0.068811502527347621","FALSE","FALSE","PASS",""
"S_C010","R1","C010","INVALID_NUMERIC_DATA_EMPTY","SYNTHETIC","M03A2_SYNTHETIC_CONTRACT","tests/fixtures/M03A_2/C010_invalid_empty.csv","32","","0.10000000000000001","9.9997978756087775","-0.040211369977945235","0.10000000000000001","9.9997978756087775","-0.040211369977945235","FALSE","FALSE","PASS",""
"S_C011","R1","C011","INVALID_NUMERIC_DATA_STRING","SYNTHETIC","M03A2_SYNTHETIC_CONTRACT","tests/fixtures/M03A_2/C011_invalid_string.csv","2","","1000000","2.0000000031662868","-0.00015915494302890407","1000000","2.0000000031662868","-0.00015915494302890407","FALSE","FALSE","PASS",""
"S_C011","R1","C011","INVALID_NUMERIC_DATA_STRING","SYNTHETIC","M03A2_SYNTHETIC_CONTRACT","tests/fixtures/M03A_2/C011_invalid_string.csv","3","","584341.41337351757","2.0000000092729291","-0.00027236635854471374","584341.41337351757","2.0000000092729291","-0.00027236635854471374","FALSE","FALSE","PASS",""
"S_C011","R1","C011","INVALID_NUMERIC_DATA_STRING","SYNTHETIC","M03A2_SYNTHETIC_CONTRACT","tests/fixtures/M03A_2/C011_invalid_string.csv","4","","341454.88738336007","2.0000000271571134","-0.00046610825743704891","341454.88738336007","2.0000000271571134","-0.00046610825743704891","FALSE","FALSE","PASS",""
"S_C011","R1","C011","INVALID_NUMERIC_DATA_STRING","SYNTHETIC","M03A2_SYNTHETIC_CONTRACT","tests/fixtures/M03A_2/C011_invalid_string.csv","5","","199526.23149688789","2.0000000795335326","-0.00079766424853319794","199526.23149688789","2.0000000795335326","-0.00079766424853319794","FALSE","FALSE","PASS",""
"S_C011","R1","C011","INVALID_NUMERIC_DATA_STRING","SYNTHETIC","M03A2_SYNTHETIC_CONTRACT","tests/fixtures/M03A_2/C011_invalid_string.csv","6","","116591.4401179831","2.0000002329254429","-0.0013650653795590504","116591.4401179831","2.0000002329254429","-0.0013650653795590504","FALSE","FALSE","PASS",""
"S_C011","R1","C011","INVALID_NUMERIC_DATA_STRING","SYNTHETIC","M03A2_SYNTHETIC_CONTRACT","tests/fixtures/M03A_2/C011_invalid_string.csv","7","","68129.206905796222","not_a_number","-0.0023360748898912636","68129.206905796222","","","FALSE","FALSE","BLOCKED_INVALID_NUMERIC_DATA","Invalid nonfinite or nonnumeric value for z_real: 'not_a_number'"
"S_C011","R1","C011","INVALID_NUMERIC_DATA_STRING","SYNTHETIC","M03A2_SYNTHETIC_CONTRACT","tests/fixtures/M03A_2/C011_invalid_string.csv","8","","39810.717055349691","2.0000019977915313","-0.003997790422257886","39810.717055349691","2.0000019977915313","-0.003997790422257886","FALSE","FALSE","PASS",""
"S_C011","R1","C011","INVALID_NUMERIC_DATA_STRING","SYNTHETIC","M03A2_SYNTHETIC_CONTRACT","tests/fixtures/M03A_2/C011_invalid_string.csv","9","","23263.050671536286","2.0000058508184919","-0.0068415286086401022","23263.050671536286","2.0000058508184919","-0.0068415286086401022","FALSE","FALSE","PASS",""
"S_C011","R1","C011","INVALID_NUMERIC_DATA_STRING","SYNTHETIC","M03A2_SYNTHETIC_CONTRACT","tests/fixtures/M03A_2/C011_invalid_string.csv","10","","13593.563908785241","2.0000171349436058","-0.011708085037225978","13593.563908785241","2.0000171349436058","-0.011708085037225978","FALSE","FALSE","PASS",""
"S_C011","R1","C011","INVALID_NUMERIC_DATA_STRING","SYNTHETIC","M03A2_SYNTHETIC_CONTRACT","tests/fixtures/M03A_2/C011_invalid_string.csv","11","","7943.2823472428136","2.000050181952159","-0.020036294543769002","7943.2823472428136","2.000050181952159","-0.020036294543769002","FALSE","FALSE","PASS",""
"S_C011","R1","C011","INVALID_NUMERIC_DATA_STRING","SYNTHETIC","M03A2_SYNTHETIC_CONTRACT","tests/fixtures/M03A_2/C011_invalid_string.csv","12","","4641.5888336127819","2.0001469633234863","-0.0342882631475128","4641.5888336127819","2.0001469633234863","-0.0342882631475128","FALSE","FALSE","PASS",""
"S_C011","R1","C011","INVALID_NUMERIC_DATA_STRING","SYNTHETIC","M03A2_SYNTHETIC_CONTRACT","tests/fixtures/M03A_2/C011_invalid_string.csv","13","","2712.2725793320296","2.0004303880898768","-0.058676396320054031","2712.2725793320296","2.0004303880898768","-0.058676396320054031","FALSE","FALSE","PASS",""
"S_C011","R1","C011","INVALID_NUMERIC_DATA_STRING","SYNTHETIC","M03A2_SYNTHETIC_CONTRACT","tests/fixtures/M03A_2/C011_invalid_string.csv","14","","1584.8931924611124","2.0012603229712469","-0.10040416005317282","1584.8931924611124","2.0012603229712469","-0.10040416005317282","FALSE","FALSE","PASS",""
"S_C011","R1","C011","INVALID_NUMERIC_DATA_STRING","SYNTHETIC","M03A2_SYNTHETIC_CONTRACT","tests/fixtures/M03A_2/C011_invalid_string.csv","15","","926.11872812879369","2.0036899168773545","-0.17177228976838432","926.11872812879369","2.0036899168773545","-0.17177228976838432","FALSE","FALSE","PASS",""
"S_C011","R1","C011","INVALID_NUMERIC_DATA_STRING","SYNTHETIC","M03A2_SYNTHETIC_CONTRACT","tests/fixtures/M03A_2/C011_invalid_string.csv","16","","541.16952654646377","2.0107968504820164","-0.29369751765345276","541.16952654646377","2.0107968504820164","-0.29369751765345276","FALSE","FALSE","PASS",""
"S_C011","R1","C011","INVALID_NUMERIC_DATA_STRING","SYNTHETIC","M03A2_SYNTHETIC_CONTRACT","tests/fixtures/M03A_2/C011_invalid_string.csv","17","","316.22776601683796","2.0315380467543664","-0.5013080147392931","316.22776601683796","2.0315380467543664","-0.5013080147392931","FALSE","FALSE","PASS",""
"S_C011","R1","C011","INVALID_NUMERIC_DATA_STRING","SYNTHETIC","M03A2_SYNTHETIC_CONTRACT","tests/fixtures/M03A_2/C011_invalid_string.csv","18","","184.78497974222907","2.0916667674946963","-0.85142900097109853","184.78497974222907","2.0916667674946963","-0.85142900097109853","FALSE","FALSE","PASS",""
"S_C011","R1","C011","INVALID_NUMERIC_DATA_STRING","SYNTHETIC","M03A2_SYNTHETIC_CONTRACT","tests/fixtures/M03A_2/C011_invalid_string.csv","19","","107.97751623277094","2.2626549485499292","-1.4255707511034548","107.97751623277094","2.2626549485499292","-1.4255707511034548","FALSE","FALSE","PASS",""
"S_C011","R1","C011","INVALID_NUMERIC_DATA_STRING","SYNTHETIC","M03A2_SYNTHETIC_CONTRACT","tests/fixtures/M03A_2/C011_invalid_string.csv","20","","63.0957344480193","2.723415585628159","-2.2943396818029234","63.0957344480193","2.723415585628159","-2.2943396818029234","FALSE","FALSE","PASS",""
"S_C011","R1","C011","INVALID_NUMERIC_DATA_STRING","SYNTHETIC","M03A2_SYNTHETIC_CONTRACT","tests/fixtures/M03A_2/C011_invalid_string.csv","21","","36.869450645195734","3.8040058933676253","-3.3432932691637864","36.869450645195734","3.8040058933676253","-3.3432932691637864","FALSE","FALSE","PASS",""
"S_C011","R1","C011","INVALID_NUMERIC_DATA_STRING","SYNTHETIC","M03A2_SYNTHETIC_CONTRACT","tests/fixtures/M03A_2/C011_invalid_string.csv","22","","21.544346900318867","5.6819655718361606","-3.9873367179738537","21.544346900318867","5.6819655718361606","-3.9873367179738537","FALSE","FALSE","PASS",""
"S_C011","R1","C011","INVALID_NUMERIC_DATA_STRING","SYNTHETIC","M03A2_SYNTHETIC_CONTRACT","tests/fixtures/M03A_2/C011_invalid_string.csv","23","","12.589254117941687","7.7124818676228877","-3.6148866998929341","12.589254117941687","7.7124818676228877","-3.6148866998929341","FALSE","FALSE","PASS",""
"S_C011","R1","C011","INVALID_NUMERIC_DATA_STRING","SYNTHETIC","M03A2_SYNTHETIC_CONTRACT","tests/fixtures/M03A_2/C011_invalid_string.csv","24","","7.3564225445964215","9.0377130438621514","-2.6023642064764374","7.3564225445964215","9.0377130438621514","-2.6023642064764374","FALSE","FALSE","PASS",""
"S_C011","R1","C011","INVALID_NUMERIC_DATA_STRING","SYNTHETIC","M03A2_SYNTHETIC_CONTRACT","tests/fixtures/M03A_2/C011_invalid_string.csv","25","","4.2986623470822725","9.6431554487029576","-1.651489744620277","4.2986623470822725","9.6431554487029576","-1.651489744620277","FALSE","FALSE","PASS",""
"S_C011","R1","C011","INVALID_NUMERIC_DATA_STRING","SYNTHETIC","M03A2_SYNTHETIC_CONTRACT","tests/fixtures/M03A_2/C011_invalid_string.csv","26","","2.511886431509577","9.8744661549166217","-0.99423941503322122","2.511886431509577","9.8744661549166217","-0.99423941503322122","FALSE","FALSE","PASS",""
"S_C011","R1","C011","INVALID_NUMERIC_DATA_STRING","SYNTHETIC","M03A2_SYNTHETIC_CONTRACT","tests/fixtures/M03A_2/C011_invalid_string.csv","27","","1.4677992676220675","9.9566882842449616","-0.58704158397737194","1.4677992676220675","9.9566882842449616","-0.58704158397737194","FALSE","FALSE","PASS",""
"S_C011","R1","C011","INVALID_NUMERIC_DATA_STRING","SYNTHETIC","M03A2_SYNTHETIC_CONTRACT","tests/fixtures/M03A_2/C011_invalid_string.csv","28","","0.85769589859089457","9.9851580865089939","-0.34426011318764721","0.85769589859089457","9.9851580865089939","-0.34426011318764721","FALSE","FALSE","PASS",""
"S_C011","R1","C011","INVALID_NUMERIC_DATA_STRING","SYNTHETIC","M03A2_SYNTHETIC_CONTRACT","tests/fixtures/M03A_2/C011_invalid_string.csv","29","","0.50118723362727247","9.9949259568440105","-0.20141151738162108","0.50118723362727247","9.9949259568440105","-0.20141151738162108","FALSE","FALSE","PASS",""
"S_C011","R1","C011","INVALID_NUMERIC_DATA_STRING","SYNTHETIC","M03A2_SYNTHETIC_CONTRACT","tests/fixtures/M03A_2/C011_invalid_string.csv","30","","0.29286445646252374","9.998266719198833","-0.1177422700095699","0.29286445646252374","9.998266719198833","-0.1177422700095699","FALSE","FALSE","PASS",""
"S_C011","R1","C011","INVALID_NUMERIC_DATA_STRING","SYNTHETIC","M03A2_SYNTHETIC_CONTRACT","tests/fixtures/M03A_2/C011_invalid_string.csv","31","","0.17113283041617811","9.9994080783435848","-0.068811502527347621","0.17113283041617811","9.9994080783435848","-0.068811502527347621","FALSE","FALSE","PASS",""
"S_C011","R1","C011","INVALID_NUMERIC_DATA_STRING","SYNTHETIC","M03A2_SYNTHETIC_CONTRACT","tests/fixtures/M03A_2/C011_invalid_string.csv","32","","0.10000000000000001","9.9997978756087775","-0.040211369977945235","0.10000000000000001","9.9997978756087775","-0.040211369977945235","FALSE","FALSE","PASS",""
"S_C012","R1","C012","UNSORTED_FREQUENCY","SYNTHETIC","M03A2_SYNTHETIC_CONTRACT","tests/fixtures/M03A_2/C012_unsorted_frequency.csv","32","1","1000000","2.0000000031662868","-0.00015915494302890407","1000000","2.0000000031662868","-0.00015915494302890407","FALSE","FALSE","PASS",""
"S_C012","R1","C012","UNSORTED_FREQUENCY","SYNTHETIC","M03A2_SYNTHETIC_CONTRACT","tests/fixtures/M03A_2/C012_unsorted_frequency.csv","2","2","764422.27425260097","2.0000000054185567","-0.00020820291132896045","764422.27425260097","2.0000000054185567","-0.00020820291132896045","FALSE","FALSE","PASS",""
"S_C012","R1","C012","UNSORTED_FREQUENCY","SYNTHETIC","M03A2_SYNTHETIC_CONTRACT","tests/fixtures/M03A_2/C012_unsorted_frequency.csv","33","3","584341.41337351757","2.0000000092729291","-0.00027236635854471374","584341.41337351757","2.0000000092729291","-0.00027236635854471374","FALSE","FALSE","PASS",""
"S_C012","R1","C012","UNSORTED_FREQUENCY","SYNTHETIC","M03A2_SYNTHETIC_CONTRACT","tests/fixtures/M03A_2/C012_unsorted_frequency.csv","3","4","446683.59215096349","2.0000000158690261","-0.00035630353470069315","446683.59215096349","2.0000000158690261","-0.00035630353470069315","FALSE","FALSE","PASS",""
"S_C012","R1","C012","UNSORTED_FREQUENCY","SYNTHETIC","M03A2_SYNTHETIC_CONTRACT","tests/fixtures/M03A_2/C012_unsorted_frequency.csv","34","5","341454.88738336007","2.0000000271571134","-0.00046610825743704891","341454.88738336007","2.0000000271571134","-0.00046610825743704891","FALSE","FALSE","PASS",""
"S_C012","R1","C012","UNSORTED_FREQUENCY","SYNTHETIC","M03A2_SYNTHETIC_CONTRACT","tests/fixtures/M03A_2/C012_unsorted_frequency.csv","4","6","261015.72156825385","2.0000000464747369","-0.00060975232147344766","261015.72156825385","2.0000000464747369","-0.00060975232147344766","FALSE","FALSE","PASS",""
"S_C012","R1","C012","UNSORTED_FREQUENCY","SYNTHETIC","M03A2_SYNTHETIC_CONTRACT","tests/fixtures/M03A_2/C012_unsorted_frequency.csv","35","7","199526.23149688789","2.0000000795335326","-0.00079766424853319794","199526.23149688789","2.0000000795335326","-0.00079766424853319794","FALSE","FALSE","PASS",""
"S_C012","R1","C012","UNSORTED_FREQUENCY","SYNTHETIC","M03A2_SYNTHETIC_CONTRACT","tests/fixtures/M03A_2/C012_unsorted_frequency.csv","5","8","152522.29565390197","2.0000001361079844","-0.0010434863945744798","152522.29565390197","2.0000001361079844","-0.0010434863945744798","FALSE","FALSE","PASS",""
"S_C012","R1","C012","UNSORTED_FREQUENCY","SYNTHETIC","M03A2_SYNTHETIC_CONTRACT","tests/fixtures/M03A_2/C012_unsorted_frequency.csv","36","9","116591.4401179831","2.0000002329254429","-0.0013650653795590504","116591.4401179831","2.0000002329254429","-0.0013650653795590504","FALSE","FALSE","PASS",""
"S_C012","R1","C012","UNSORTED_FREQUENCY","SYNTHETIC","M03A2_SYNTHETIC_CONTRACT","tests/fixtures/M03A_2/C012_unsorted_frequency.csv","6","10","89125.093813374595","2.000000398611895","-0.0017857477434473118","89125.093813374595","2.000000398611895","-0.0017857477434473118","FALSE","FALSE","PASS",""
"S_C012","R1","C012","UNSORTED_FREQUENCY","SYNTHETIC","M03A2_SYNTHETIC_CONTRACT","tests/fixtures/M03A_2/C012_unsorted_frequency.csv","37","11","68129.206905796222","2.0000006821557945","-0.0023360748898912636","68129.206905796222","2.0000006821557945","-0.0023360748898912636","FALSE","FALSE","PASS",""
"S_C012","R1","C012","UNSORTED_FREQUENCY","SYNTHETIC","M03A2_SYNTHETIC_CONTRACT","tests/fixtures/M03A_2/C012_unsorted_frequency.csv","7","12","52079.483285954651","2.0000011673924485","-0.0030560003637801663","52079.483285954651","2.0000011673924485","-0.0030560003637801663","FALSE","FALSE","PASS",""
"S_C012","R1","C012","UNSORTED_FREQUENCY","SYNTHETIC","M03A2_SYNTHETIC_CONTRACT","tests/fixtures/M03A_2/C012_unsorted_frequency.csv","38","13","39810.717055349691","2.0000019977915313","-0.003997790422257886","39810.717055349691","2.0000019977915313","-0.003997790422257886","FALSE","FALSE","PASS",""
"S_C012","R1","C012","UNSORTED_FREQUENCY","SYNTHETIC","M03A2_SYNTHETIC_CONTRACT","tests/fixtures/M03A_2/C012_unsorted_frequency.csv","8","14","30432.19887107722","2.0000034188765863","-0.0052298184482084094","30432.19887107722","2.0000034188765863","-0.0052298184482084094","FALSE","FALSE","PASS",""
"S_C012","R1","C012","UNSORTED_FREQUENCY","SYNTHETIC","M03A2_SYNTHETIC_CONTRACT","tests/fixtures/M03A_2/C012_unsorted_frequency.csv","39","15","23263.050671536286","2.0000058508184919","-0.0068415286086401022","23263.050671536286","2.0000058508184919","-0.0068415286086401022","FALSE","FALSE","PASS",""
"S_C012","R1","C012","UNSORTED_FREQUENCY","SYNTHETIC","M03A2_SYNTHETIC_CONTRACT","tests/fixtures/M03A_2/C012_unsorted_frequency.csv","9","16","17782.794100389227","2.0000100126660789","-0.0089499289592938208","17782.794100389227","2.0000100126660789","-0.0089499289592938208","FALSE","FALSE","PASS",""
"S_C012","R1","C012","UNSORTED_FREQUENCY","SYNTHETIC","M03A2_SYNTHETIC_CONTRACT","tests/fixtures/M03A_2/C012_unsorted_frequency.csv","40","17","13593.563908785241","2.0000171349436058","-0.011708085037225978","13593.563908785241","2.0000171349436058","-0.011708085037225978","FALSE","FALSE","PASS",""
"S_C012","R1","C012","UNSORTED_FREQUENCY","SYNTHETIC","M03A2_SYNTHETIC_CONTRACT","tests/fixtures/M03A_2/C012_unsorted_frequency.csv","10","18","10391.223038351691","2.0000293234693061","-0.015316229777053764","10391.223038351691","2.0000293234693061","-0.015316229777053764","FALSE","FALSE","PASS",""
"S_C012","R1","C012","UNSORTED_FREQUENCY","SYNTHETIC","M03A2_SYNTHETIC_CONTRACT","tests/fixtures/M03A_2/C012_unsorted_frequency.csv","41","19","7943.2823472428136","2.000050181952159","-0.020036294543769002","7943.2823472428136","2.000050181952159","-0.020036294543769002","FALSE","FALSE","PASS",""
"S_C012","R1","C012","UNSORTED_FREQUENCY","SYNTHETIC","M03A2_SYNTHETIC_CONTRACT","tests/fixtures/M03A_2/C012_unsorted_frequency.csv","11","20","6072.0219569098836","2.0000858774119048","-0.026210912237225267","6072.0219569098836","2.0000858774119048","-0.026210912237225267","FALSE","FALSE","PASS",""
"S_C012","R1","C012","UNSORTED_FREQUENCY","SYNTHETIC","M03A2_SYNTHETIC_CONTRACT","tests/fixtures/M03A_2/C012_unsorted_frequency.csv","42","21","4641.5888336127819","2.0001469633234863","-0.0342882631475128","4641.5888336127819","2.0001469633234863","-0.0342882631475128","FALSE","FALSE","PASS",""
"S_C012","R1","C012","UNSORTED_FREQUENCY","SYNTHETIC","M03A2_SYNTHETIC_CONTRACT","tests/fixtures/M03A_2/C012_unsorted_frequency.csv","12","22","3548.1338923357566","2.0002514992087161","-0.044854547348929005","3548.1338923357566","2.0002514992087161","-0.044854547348929005","FALSE","FALSE","PASS",""
"S_C012","R1","C012","UNSORTED_FREQUENCY","SYNTHETIC","M03A2_SYNTHETIC_CONTRACT","tests/fixtures/M03A_2/C012_unsorted_frequency.csv","43","23","2712.2725793320296","2.0004303880898768","-0.058676396320054031","2712.2725793320296","2.0004303880898768","-0.058676396320054031","FALSE","FALSE","PASS",""
"S_C012","R1","C012","UNSORTED_FREQUENCY","SYNTHETIC","M03A2_SYNTHETIC_CONTRACT","tests/fixtures/M03A_2/C012_unsorted_frequency.csv","13","24","2073.3215734859541","2.000736507135028","-0.076756202599306128","2073.3215734859541","2.000736507135028","-0.076756202599306128","FALSE","FALSE","PASS",""
"S_C012","R1","C012","UNSORTED_FREQUENCY","SYNTHETIC","M03A2_SYNTHETIC_CONTRACT","tests/fixtures/M03A_2/C012_unsorted_frequency.csv","44","25","1584.8931924611124","2.0012603229712469","-0.10040416005317282","1584.8931924611124","2.0012603229712469","-0.10040416005317282","FALSE","FALSE","PASS",""
"S_C012","R1","C012","UNSORTED_FREQUENCY","SYNTHETIC","M03A2_SYNTHETIC_CONTRACT","tests/fixtures/M03A_2/C012_unsorted_frequency.csv","14","26","1211.5276586285877","2.0021565846998901","-0.1313317430842704","1211.5276586285877","2.0021565846998901","-0.1313317430842704","FALSE","FALSE","PASS",""
"S_C012","R1","C012","UNSORTED_FREQUENCY","SYNTHETIC","M03A2_SYNTHETIC_CONTRACT","tests/fixtures/M03A_2/C012_unsorted_frequency.csv","45","27","926.11872812879369","2.0036899168773545","-0.17177228976838432","926.11872812879369","2.0036899168773545","-0.17177228976838432","FALSE","FALSE","PASS",""
"S_C012","R1","C012","UNSORTED_FREQUENCY","SYNTHETIC","M03A2_SYNTHETIC_CONTRACT","tests/fixtures/M03A_2/C012_unsorted_frequency.csv","15","28","707.94578438413805","2.0063125880775905","-0.22463493907334725","707.94578438413805","2.0063125880775905","-0.22463493907334725","FALSE","FALSE","PASS",""
"S_C012","R1","C012","UNSORTED_FREQUENCY","SYNTHETIC","M03A2_SYNTHETIC_CONTRACT","tests/fixtures/M03A_2/C012_unsorted_frequency.csv","46","29","541.16952654646377","2.0107968504820164","-0.29369751765345276","541.16952654646377","2.0107968504820164","-0.29369751765345276","FALSE","FALSE","PASS",""
"S_C012","R1","C012","UNSORTED_FREQUENCY","SYNTHETIC","M03A2_SYNTHETIC_CONTRACT","tests/fixtures/M03A_2/C012_unsorted_frequency.csv","16","30","413.68204023885073","2.0184592347172785","-0.38383998540000985","413.68204023885073","2.0184592347172785","-0.38383998540000985","FALSE","FALSE","PASS",""
"S_C012","R1","C012","UNSORTED_FREQUENCY","SYNTHETIC","M03A2_SYNTHETIC_CONTRACT","tests/fixtures/M03A_2/C012_unsorted_frequency.csv","47","31","316.22776601683796","2.0315380467543664","-0.5013080147392931","316.22776601683796","2.0315380467543664","-0.5013080147392931","FALSE","FALSE","PASS",""
"S_C012","R1","C012","UNSORTED_FREQUENCY","SYNTHETIC","M03A2_SYNTHETIC_CONTRACT","tests/fixtures/M03A_2/C012_unsorted_frequency.csv","17","32","241.73154808041014","2.0538210250961093","-0.65396597619943253","241.73154808041014","2.0538210250961093","-0.65396597619943253","FALSE","FALSE","PASS",""
"S_C012","R1","C012","UNSORTED_FREQUENCY","SYNTHETIC","M03A2_SYNTHETIC_CONTRACT","tests/fixtures/M03A_2/C012_unsorted_frequency.csv","48","33","184.78497974222907","2.0916667674946963","-0.85142900097109853","184.78497974222907","2.0916667674946963","-0.85142900097109853","FALSE","FALSE","PASS",""
"S_C012","R1","C012","UNSORTED_FREQUENCY","SYNTHETIC","M03A2_SYNTHETIC_CONTRACT","tests/fixtures/M03A_2/C012_unsorted_frequency.csv","18","34","141.25375446227525","2.1556036634214886","-1.104815281982342","141.25375446227525","2.1556036634214886","-1.104815281982342","FALSE","FALSE","PASS",""
"S_C012","R1","C012","UNSORTED_FREQUENCY","SYNTHETIC","M03A2_SYNTHETIC_CONTRACT","tests/fixtures/M03A_2/C012_unsorted_frequency.csv","49","35","107.97751623277094","2.2626549485499292","-1.4255707511034548","107.97751623277094","2.2626549485499292","-1.4255707511034548","FALSE","FALSE","PASS",""
"S_C012","R1","C012","UNSORTED_FREQUENCY","SYNTHETIC","M03A2_SYNTHETIC_CONTRACT","tests/fixtures/M03A_2/C012_unsorted_frequency.csv","19","36","82.54041852680173","2.439230943947035","-1.8223401794000142","82.54041852680173","2.439230943947035","-1.8223401794000142","FALSE","FALSE","PASS",""
"S_C012","R1","C012","UNSORTED_FREQUENCY","SYNTHETIC","M03A2_SYNTHETIC_CONTRACT","tests/fixtures/M03A_2/C012_unsorted_frequency.csv","50","37","63.0957344480193","2.723415585628159","-2.2943396818029234","63.0957344480193","2.723415585628159","-2.2943396818029234","FALSE","FALSE","PASS",""
"S_C012","R1","C012","UNSORTED_FREQUENCY","SYNTHETIC","M03A2_SYNTHETIC_CONTRACT","tests/fixtures/M03A_2/C012_unsorted_frequency.csv","20","38","48.231784822393095","3.16318192805972","-2.8200112103878299","48.231784822393095","3.16318192805972","-2.8200112103878299","FALSE","FALSE","PASS",""
"S_C012","R1","C012","UNSORTED_FREQUENCY","SYNTHETIC","M03A2_SYNTHETIC_CONTRACT","tests/fixtures/M03A_2/C012_unsorted_frequency.csv","51","39","36.869450645195734","3.8040058933676253","-3.3432932691637864","36.869450645195734","3.8040058933676253","-3.3432932691637864","FALSE","FALSE","PASS",""
"S_C012","R1","C012","UNSORTED_FREQUENCY","SYNTHETIC","M03A2_SYNTHETIC_CONTRACT","tests/fixtures/M03A_2/C012_unsorted_frequency.csv","21","40","28.183829312644551","4.6604902560760486","-3.7690467821364053","28.183829312644551","4.6604902560760486","-3.7690467821364053","FALSE","FALSE","PASS",""
"S_C012","R1","C012","UNSORTED_FREQUENCY","SYNTHETIC","M03A2_SYNTHETIC_CONTRACT","tests/fixtures/M03A_2/C012_unsorted_frequency.csv","52","41","21.544346900318867","5.6819655718361606","-3.9873367179738537","21.544346900318867","5.6819655718361606","-3.9873367179738537","FALSE","FALSE","PASS",""
"S_C012","R1","C012","UNSORTED_FREQUENCY","SYNTHETIC","M03A2_SYNTHETIC_CONTRACT","tests/fixtures/M03A_2/C012_unsorted_frequency.csv","22","42","16.468978654828689","6.7469634991013088","-3.9296368192251978","16.468978654828689","6.7469634991013088","-3.9296368192251978","FALSE","FALSE","PASS",""
"S_C012","R1","C012","UNSORTED_FREQUENCY","SYNTHETIC","M03A2_SYNTHETIC_CONTRACT","tests/fixtures/M03A_2/C012_unsorted_frequency.csv","53","43","12.589254117941687","7.7124818676228877","-3.6148866998929341","12.589254117941687","7.7124818676228877","-3.6148866998929341","FALSE","FALSE","PASS",""
"S_C012","R1","C012","UNSORTED_FREQUENCY","SYNTHETIC","M03A2_SYNTHETIC_CONTRACT","tests/fixtures/M03A_2/C012_unsorted_frequency.csv","23","44","9.6235062639808877","8.4830090066133739","-3.1360271480133686","9.6235062639808877","8.4830090066133739","-3.1360271480133686","FALSE","FALSE","PASS",""
"S_C012","R1","C012","UNSORTED_FREQUENCY","SYNTHETIC","M03A2_SYNTHETIC_CONTRACT","tests/fixtures/M03A_2/C012_unsorted_frequency.csv","54","45","7.3564225445964215","9.0377130438621514","-2.6023642064764374","7.3564225445964215","9.0377130438621514","-2.6023642064764374","FALSE","FALSE","PASS",""
"S_C012","R1","C012","UNSORTED_FREQUENCY","SYNTHETIC","M03A2_SYNTHETIC_CONTRACT","tests/fixtures/M03A_2/C012_unsorted_frequency.csv","24","46","5.6234132519034912","9.4081022630393925","-2.0940007078952414","5.6234132519034912","9.4081022630393925","-2.0940007078952414","FALSE","FALSE","PASS",""
"S_C012","R1","C012","UNSORTED_FREQUENCY","SYNTHETIC","M03A2_SYNTHETIC_CONTRACT","tests/fixtures/M03A_2/C012_unsorted_frequency.csv","55","47","4.2986623470822725","9.6431554487029576","-1.651489744620277","4.2986623470822725","9.6431554487029576","-1.651489744620277","FALSE","FALSE","PASS",""
"S_C012","R1","C012","UNSORTED_FREQUENCY","SYNTHETIC","M03A2_SYNTHETIC_CONTRACT","tests/fixtures/M03A_2/C012_unsorted_frequency.csv","25","48","3.2859932476006541","9.7875418299540033","-1.2862841390410882","3.2859932476006541","9.7875418299540033","-1.2862841390410882","FALSE","FALSE","PASS",""
"S_C012","R1","C012","UNSORTED_FREQUENCY","SYNTHETIC","M03A2_SYNTHETIC_CONTRACT","tests/fixtures/M03A_2/C012_unsorted_frequency.csv","56","49","2.511886431509577","9.8744661549166217","-0.99423941503322122","2.511886431509577","9.8744661549166217","-0.99423941503322122","FALSE","FALSE","PASS",""
"S_C012","R1","C012","UNSORTED_FREQUENCY","SYNTHETIC","M03A2_SYNTHETIC_CONTRACT","tests/fixtures/M03A_2/C012_unsorted_frequency.csv","26","50","1.920141938638801","9.9261637860254162","-0.76500844786353428","1.920141938638801","9.9261637860254162","-0.76500844786353428","FALSE","FALSE","PASS",""
"S_C012","R1","C012","UNSORTED_FREQUENCY","SYNTHETIC","M03A2_SYNTHETIC_CONTRACT","tests/fixtures/M03A_2/C012_unsorted_frequency.csv","57","51","1.4677992676220675","9.9566882842449616","-0.58704158397737194","1.4677992676220675","9.9566882842449616","-0.58704158397737194","FALSE","FALSE","PASS",""
"S_C012","R1","C012","UNSORTED_FREQUENCY","SYNTHETIC","M03A2_SYNTHETIC_CONTRACT","tests/fixtures/M03A_2/C012_unsorted_frequency.csv","27","52","1.1220184543019629","9.9746340883463347","-0.44975978450201171","1.1220184543019629","9.9746340883463347","-0.44975978450201171","FALSE","FALSE","PASS",""
"S_C012","R1","C012","UNSORTED_FREQUENCY","SYNTHETIC","M03A2_SYNTHETIC_CONTRACT","tests/fixtures/M03A_2/C012_unsorted_frequency.csv","58","53","0.85769589859089457","9.9851580865089939","-0.34426011318764721","0.85769589859089457","9.9851580865089939","-0.34426011318764721","FALSE","FALSE","PASS",""
"S_C012","R1","C012","UNSORTED_FREQUENCY","SYNTHETIC","M03A2_SYNTHETIC_CONTRACT","tests/fixtures/M03A_2/C012_unsorted_frequency.csv","28","54","0.65564184941797854","9.9913205621788901","-0.26336319015381915","0.65564184941797854","9.9913205621788901","-0.26336319015381915","FALSE","FALSE","PASS",""
"S_C012","R1","C012","UNSORTED_FREQUENCY","SYNTHETIC","M03A2_SYNTHETIC_CONTRACT","tests/fixtures/M03A_2/C012_unsorted_frequency.csv","59","55","0.50118723362727247","9.9949259568440105","-0.20141151738162108","0.50118723362727247","9.9949259568440105","-0.20141151738162108","FALSE","FALSE","PASS",""
"S_C012","R1","C012","UNSORTED_FREQUENCY","SYNTHETIC","M03A2_SYNTHETIC_CONTRACT","tests/fixtures/M03A_2/C012_unsorted_frequency.csv","29","56","0.38311868495572932","9.9970342445776321","-0.15400405083539176","0.38311868495572932","9.9970342445776321","-0.15400405083539176","FALSE","FALSE","PASS",""
"S_C012","R1","C012","UNSORTED_FREQUENCY","SYNTHETIC","M03A2_SYNTHETIC_CONTRACT","tests/fixtures/M03A_2/C012_unsorted_frequency.csv","60","57","0.29286445646252374","9.998266719198833","-0.1177422700095699","0.29286445646252374","9.998266719198833","-0.1177422700095699","FALSE","FALSE","PASS",""
"S_C012","R1","C012","UNSORTED_FREQUENCY","SYNTHETIC","M03A2_SYNTHETIC_CONTRACT","tests/fixtures/M03A_2/C012_unsorted_frequency.csv","30","58","0.22387211385683423","9.9989870810268027","-0.090012920076708275","0.22387211385683423","9.9989870810268027","-0.090012920076708275","FALSE","FALSE","PASS",""
"S_C012","R1","C012","UNSORTED_FREQUENCY","SYNTHETIC","M03A2_SYNTHETIC_CONTRACT","tests/fixtures/M03A_2/C012_unsorted_frequency.csv","61","59","0.17113283041617811","9.9994080783435848","-0.068811502527347621","0.17113283041617811","9.9994080783435848","-0.068811502527347621","FALSE","FALSE","PASS",""
"S_C012","R1","C012","UNSORTED_FREQUENCY","SYNTHETIC","M03A2_SYNTHETIC_CONTRACT","tests/fixtures/M03A_2/C012_unsorted_frequency.csv","31","60","0.13081774742601956","9.9996541050247991","-0.052602663033967462","0.13081774742601956","9.9996541050247991","-0.052602663033967462","FALSE","FALSE","PASS",""
"S_C012","R1","C012","UNSORTED_FREQUENCY","SYNTHETIC","M03A2_SYNTHETIC_CONTRACT","tests/fixtures/M03A_2/C012_unsorted_frequency.csv","62","61","0.10000000000000001","9.9997978756087775","-0.040211369977945235","0.10000000000000001","9.9997978756087775","-0.040211369977945235","FALSE","FALSE","PASS",""
"S_AGREE","R1","C013","REPLICATE_CONSENSUS_AGREE","SYNTHETIC","M03A2_SYNTHETIC_CONTRACT","tests/fixtures/M03A_2/C013_replicate_agree_1.csv","2","1","1000000","2.0000000031662868","-0.00015915494302890407","1000000","2.0000000031662868","-0.00015915494302890407","FALSE","FALSE","PASS",""
"S_AGREE","R1","C013","REPLICATE_CONSENSUS_AGREE","SYNTHETIC","M03A2_SYNTHETIC_CONTRACT","tests/fixtures/M03A_2/C013_replicate_agree_1.csv","3","2","764422.27425260097","2.0000000054185567","-0.00020820291132896045","764422.27425260097","2.0000000054185567","-0.00020820291132896045","FALSE","FALSE","PASS",""
"S_AGREE","R1","C013","REPLICATE_CONSENSUS_AGREE","SYNTHETIC","M03A2_SYNTHETIC_CONTRACT","tests/fixtures/M03A_2/C013_replicate_agree_1.csv","4","3","584341.41337351757","2.0000000092729291","-0.00027236635854471374","584341.41337351757","2.0000000092729291","-0.00027236635854471374","FALSE","FALSE","PASS",""
"S_AGREE","R1","C013","REPLICATE_CONSENSUS_AGREE","SYNTHETIC","M03A2_SYNTHETIC_CONTRACT","tests/fixtures/M03A_2/C013_replicate_agree_1.csv","5","4","446683.59215096349","2.0000000158690261","-0.00035630353470069315","446683.59215096349","2.0000000158690261","-0.00035630353470069315","FALSE","FALSE","PASS",""
"S_AGREE","R1","C013","REPLICATE_CONSENSUS_AGREE","SYNTHETIC","M03A2_SYNTHETIC_CONTRACT","tests/fixtures/M03A_2/C013_replicate_agree_1.csv","6","5","341454.88738336007","2.0000000271571134","-0.00046610825743704891","341454.88738336007","2.0000000271571134","-0.00046610825743704891","FALSE","FALSE","PASS",""
"S_AGREE","R1","C013","REPLICATE_CONSENSUS_AGREE","SYNTHETIC","M03A2_SYNTHETIC_CONTRACT","tests/fixtures/M03A_2/C013_replicate_agree_1.csv","7","6","261015.72156825385","2.0000000464747369","-0.00060975232147344766","261015.72156825385","2.0000000464747369","-0.00060975232147344766","FALSE","FALSE","PASS",""
"S_AGREE","R1","C013","REPLICATE_CONSENSUS_AGREE","SYNTHETIC","M03A2_SYNTHETIC_CONTRACT","tests/fixtures/M03A_2/C013_replicate_agree_1.csv","8","7","199526.23149688789","2.0000000795335326","-0.00079766424853319794","199526.23149688789","2.0000000795335326","-0.00079766424853319794","FALSE","FALSE","PASS",""
"S_AGREE","R1","C013","REPLICATE_CONSENSUS_AGREE","SYNTHETIC","M03A2_SYNTHETIC_CONTRACT","tests/fixtures/M03A_2/C013_replicate_agree_1.csv","9","8","152522.29565390197","2.0000001361079844","-0.0010434863945744798","152522.29565390197","2.0000001361079844","-0.0010434863945744798","FALSE","FALSE","PASS",""
"S_AGREE","R1","C013","REPLICATE_CONSENSUS_AGREE","SYNTHETIC","M03A2_SYNTHETIC_CONTRACT","tests/fixtures/M03A_2/C013_replicate_agree_1.csv","10","9","116591.4401179831","2.0000002329254429","-0.0013650653795590504","116591.4401179831","2.0000002329254429","-0.0013650653795590504","FALSE","FALSE","PASS",""
"S_AGREE","R1","C013","REPLICATE_CONSENSUS_AGREE","SYNTHETIC","M03A2_SYNTHETIC_CONTRACT","tests/fixtures/M03A_2/C013_replicate_agree_1.csv","11","10","89125.093813374595","2.000000398611895","-0.0017857477434473118","89125.093813374595","2.000000398611895","-0.0017857477434473118","FALSE","FALSE","PASS",""
"S_AGREE","R1","C013","REPLICATE_CONSENSUS_AGREE","SYNTHETIC","M03A2_SYNTHETIC_CONTRACT","tests/fixtures/M03A_2/C013_replicate_agree_1.csv","12","11","68129.206905796222","2.0000006821557945","-0.0023360748898912636","68129.206905796222","2.0000006821557945","-0.0023360748898912636","FALSE","FALSE","PASS",""
"S_AGREE","R1","C013","REPLICATE_CONSENSUS_AGREE","SYNTHETIC","M03A2_SYNTHETIC_CONTRACT","tests/fixtures/M03A_2/C013_replicate_agree_1.csv","13","12","52079.483285954651","2.0000011673924485","-0.0030560003637801663","52079.483285954651","2.0000011673924485","-0.0030560003637801663","FALSE","FALSE","PASS",""
"S_AGREE","R1","C013","REPLICATE_CONSENSUS_AGREE","SYNTHETIC","M03A2_SYNTHETIC_CONTRACT","tests/fixtures/M03A_2/C013_replicate_agree_1.csv","14","13","39810.717055349691","2.0000019977915313","-0.003997790422257886","39810.717055349691","2.0000019977915313","-0.003997790422257886","FALSE","FALSE","PASS",""
"S_AGREE","R1","C013","REPLICATE_CONSENSUS_AGREE","SYNTHETIC","M03A2_SYNTHETIC_CONTRACT","tests/fixtures/M03A_2/C013_replicate_agree_1.csv","15","14","30432.19887107722","2.0000034188765863","-0.0052298184482084094","30432.19887107722","2.0000034188765863","-0.0052298184482084094","FALSE","FALSE","PASS",""
"S_AGREE","R1","C013","REPLICATE_CONSENSUS_AGREE","SYNTHETIC","M03A2_SYNTHETIC_CONTRACT","tests/fixtures/M03A_2/C013_replicate_agree_1.csv","16","15","23263.050671536286","2.0000058508184919","-0.0068415286086401022","23263.050671536286","2.0000058508184919","-0.0068415286086401022","FALSE","FALSE","PASS",""
"S_AGREE","R1","C013","REPLICATE_CONSENSUS_AGREE","SYNTHETIC","M03A2_SYNTHETIC_CONTRACT","tests/fixtures/M03A_2/C013_replicate_agree_1.csv","17","16","17782.794100389227","2.0000100126660789","-0.0089499289592938208","17782.794100389227","2.0000100126660789","-0.0089499289592938208","FALSE","FALSE","PASS",""
"S_AGREE","R1","C013","REPLICATE_CONSENSUS_AGREE","SYNTHETIC","M03A2_SYNTHETIC_CONTRACT","tests/fixtures/M03A_2/C013_replicate_agree_1.csv","18","17","13593.563908785241","2.0000171349436058","-0.011708085037225978","13593.563908785241","2.0000171349436058","-0.011708085037225978","FALSE","FALSE","PASS",""
"S_AGREE","R1","C013","REPLICATE_CONSENSUS_AGREE","SYNTHETIC","M03A2_SYNTHETIC_CONTRACT","tests/fixtures/M03A_2/C013_replicate_agree_1.csv","19","18","10391.223038351691","2.0000293234693061","-0.015316229777053764","10391.223038351691","2.0000293234693061","-0.015316229777053764","FALSE","FALSE","PASS",""
"S_AGREE","R1","C013","REPLICATE_CONSENSUS_AGREE","SYNTHETIC","M03A2_SYNTHETIC_CONTRACT","tests/fixtures/M03A_2/C013_replicate_agree_1.csv","20","19","7943.2823472428136","2.000050181952159","-0.020036294543769002","7943.2823472428136","2.000050181952159","-0.020036294543769002","FALSE","FALSE","PASS",""
"S_AGREE","R1","C013","REPLICATE_CONSENSUS_AGREE","SYNTHETIC","M03A2_SYNTHETIC_CONTRACT","tests/fixtures/M03A_2/C013_replicate_agree_1.csv","21","20","6072.0219569098836","2.0000858774119048","-0.026210912237225267","6072.0219569098836","2.0000858774119048","-0.026210912237225267","FALSE","FALSE","PASS",""
"S_AGREE","R1","C013","REPLICATE_CONSENSUS_AGREE","SYNTHETIC","M03A2_SYNTHETIC_CONTRACT","tests/fixtures/M03A_2/C013_replicate_agree_1.csv","22","21","4641.5888336127819","2.0001469633234863","-0.0342882631475128","4641.5888336127819","2.0001469633234863","-0.0342882631475128","FALSE","FALSE","PASS",""
"S_AGREE","R1","C013","REPLICATE_CONSENSUS_AGREE","SYNTHETIC","M03A2_SYNTHETIC_CONTRACT","tests/fixtures/M03A_2/C013_replicate_agree_1.csv","23","22","3548.1338923357566","2.0002514992087161","-0.044854547348929005","3548.1338923357566","2.0002514992087161","-0.044854547348929005","FALSE","FALSE","PASS",""
"S_AGREE","R1","C013","REPLICATE_CONSENSUS_AGREE","SYNTHETIC","M03A2_SYNTHETIC_CONTRACT","tests/fixtures/M03A_2/C013_replicate_agree_1.csv","24","23","2712.2725793320296","2.0004303880898768","-0.058676396320054031","2712.2725793320296","2.0004303880898768","-0.058676396320054031","FALSE","FALSE","PASS",""
"S_AGREE","R1","C013","REPLICATE_CONSENSUS_AGREE","SYNTHETIC","M03A2_SYNTHETIC_CONTRACT","tests/fixtures/M03A_2/C013_replicate_agree_1.csv","25","24","2073.3215734859541","2.000736507135028","-0.076756202599306128","2073.3215734859541","2.000736507135028","-0.076756202599306128","FALSE","FALSE","PASS",""
"S_AGREE","R1","C013","REPLICATE_CONSENSUS_AGREE","SYNTHETIC","M03A2_SYNTHETIC_CONTRACT","tests/fixtures/M03A_2/C013_replicate_agree_1.csv","26","25","1584.8931924611124","2.0012603229712469","-0.10040416005317282","1584.8931924611124","2.0012603229712469","-0.10040416005317282","FALSE","FALSE","PASS",""
"S_AGREE","R1","C013","REPLICATE_CONSENSUS_AGREE","SYNTHETIC","M03A2_SYNTHETIC_CONTRACT","tests/fixtures/M03A_2/C013_replicate_agree_1.csv","27","26","1211.5276586285877","2.0021565846998901","-0.1313317430842704","1211.5276586285877","2.0021565846998901","-0.1313317430842704","FALSE","FALSE","PASS",""
"S_AGREE","R1","C013","REPLICATE_CONSENSUS_AGREE","SYNTHETIC","M03A2_SYNTHETIC_CONTRACT","tests/fixtures/M03A_2/C013_replicate_agree_1.csv","28","27","926.11872812879369","2.0036899168773545","-0.17177228976838432","926.11872812879369","2.0036899168773545","-0.17177228976838432","FALSE","FALSE","PASS",""
"S_AGREE","R1","C013","REPLICATE_CONSENSUS_AGREE","SYNTHETIC","M03A2_SYNTHETIC_CONTRACT","tests/fixtures/M03A_2/C013_replicate_agree_1.csv","29","28","707.94578438413805","2.0063125880775905","-0.22463493907334725","707.94578438413805","2.0063125880775905","-0.22463493907334725","FALSE","FALSE","PASS",""
"S_AGREE","R1","C013","REPLICATE_CONSENSUS_AGREE","SYNTHETIC","M03A2_SYNTHETIC_CONTRACT","tests/fixtures/M03A_2/C013_replicate_agree_1.csv","30","29","541.16952654646377","2.0107968504820164","-0.29369751765345276","541.16952654646377","2.0107968504820164","-0.29369751765345276","FALSE","FALSE","PASS",""
"S_AGREE","R1","C013","REPLICATE_CONSENSUS_AGREE","SYNTHETIC","M03A2_SYNTHETIC_CONTRACT","tests/fixtures/M03A_2/C013_replicate_agree_1.csv","31","30","413.68204023885073","2.0184592347172785","-0.38383998540000985","413.68204023885073","2.0184592347172785","-0.38383998540000985","FALSE","FALSE","PASS",""
"S_AGREE","R1","C013","REPLICATE_CONSENSUS_AGREE","SYNTHETIC","M03A2_SYNTHETIC_CONTRACT","tests/fixtures/M03A_2/C013_replicate_agree_1.csv","32","31","316.22776601683796","2.0315380467543664","-0.5013080147392931","316.22776601683796","2.0315380467543664","-0.5013080147392931","FALSE","FALSE","PASS",""
"S_AGREE","R1","C013","REPLICATE_CONSENSUS_AGREE","SYNTHETIC","M03A2_SYNTHETIC_CONTRACT","tests/fixtures/M03A_2/C013_replicate_agree_1.csv","33","32","241.73154808041014","2.0538210250961093","-0.65396597619943253","241.73154808041014","2.0538210250961093","-0.65396597619943253","FALSE","FALSE","PASS",""
"S_AGREE","R1","C013","REPLICATE_CONSENSUS_AGREE","SYNTHETIC","M03A2_SYNTHETIC_CONTRACT","tests/fixtures/M03A_2/C013_replicate_agree_1.csv","34","33","184.78497974222907","2.0916667674946963","-0.85142900097109853","184.78497974222907","2.0916667674946963","-0.85142900097109853","FALSE","FALSE","PASS",""
"S_AGREE","R1","C013","REPLICATE_CONSENSUS_AGREE","SYNTHETIC","M03A2_SYNTHETIC_CONTRACT","tests/fixtures/M03A_2/C013_replicate_agree_1.csv","35","34","141.25375446227525","2.1556036634214886","-1.104815281982342","141.25375446227525","2.1556036634214886","-1.104815281982342","FALSE","FALSE","PASS",""
"S_AGREE","R1","C013","REPLICATE_CONSENSUS_AGREE","SYNTHETIC","M03A2_SYNTHETIC_CONTRACT","tests/fixtures/M03A_2/C013_replicate_agree_1.csv","36","35","107.97751623277094","2.2626549485499292","-1.4255707511034548","107.97751623277094","2.2626549485499292","-1.4255707511034548","FALSE","FALSE","PASS",""
"S_AGREE","R1","C013","REPLICATE_CONSENSUS_AGREE","SYNTHETIC","M03A2_SYNTHETIC_CONTRACT","tests/fixtures/M03A_2/C013_replicate_agree_1.csv","37","36","82.54041852680173","2.439230943947035","-1.8223401794000142","82.54041852680173","2.439230943947035","-1.8223401794000142","FALSE","FALSE","PASS",""
"S_AGREE","R1","C013","REPLICATE_CONSENSUS_AGREE","SYNTHETIC","M03A2_SYNTHETIC_CONTRACT","tests/fixtures/M03A_2/C013_replicate_agree_1.csv","38","37","63.0957344480193","2.723415585628159","-2.2943396818029234","63.0957344480193","2.723415585628159","-2.2943396818029234","FALSE","FALSE","PASS",""
"S_AGREE","R1","C013","REPLICATE_CONSENSUS_AGREE","SYNTHETIC","M03A2_SYNTHETIC_CONTRACT","tests/fixtures/M03A_2/C013_replicate_agree_1.csv","39","38","48.231784822393095","3.16318192805972","-2.8200112103878299","48.231784822393095","3.16318192805972","-2.8200112103878299","FALSE","FALSE","PASS",""
"S_AGREE","R1","C013","REPLICATE_CONSENSUS_AGREE","SYNTHETIC","M03A2_SYNTHETIC_CONTRACT","tests/fixtures/M03A_2/C013_replicate_agree_1.csv","40","39","36.869450645195734","3.8040058933676253","-3.3432932691637864","36.869450645195734","3.8040058933676253","-3.3432932691637864","FALSE","FALSE","PASS",""
"S_AGREE","R1","C013","REPLICATE_CONSENSUS_AGREE","SYNTHETIC","M03A2_SYNTHETIC_CONTRACT","tests/fixtures/M03A_2/C013_replicate_agree_1.csv","41","40","28.183829312644551","4.6604902560760486","-3.7690467821364053","28.183829312644551","4.6604902560760486","-3.7690467821364053","FALSE","FALSE","PASS",""
"S_AGREE","R1","C013","REPLICATE_CONSENSUS_AGREE","SYNTHETIC","M03A2_SYNTHETIC_CONTRACT","tests/fixtures/M03A_2/C013_replicate_agree_1.csv","42","41","21.544346900318867","5.6819655718361606","-3.9873367179738537","21.544346900318867","5.6819655718361606","-3.9873367179738537","FALSE","FALSE","PASS",""
"S_AGREE","R1","C013","REPLICATE_CONSENSUS_AGREE","SYNTHETIC","M03A2_SYNTHETIC_CONTRACT","tests/fixtures/M03A_2/C013_replicate_agree_1.csv","43","42","16.468978654828689","6.7469634991013088","-3.9296368192251978","16.468978654828689","6.7469634991013088","-3.9296368192251978","FALSE","FALSE","PASS",""
"S_AGREE","R1","C013","REPLICATE_CONSENSUS_AGREE","SYNTHETIC","M03A2_SYNTHETIC_CONTRACT","tests/fixtures/M03A_2/C013_replicate_agree_1.csv","44","43","12.589254117941687","7.7124818676228877","-3.6148866998929341","12.589254117941687","7.7124818676228877","-3.6148866998929341","FALSE","FALSE","PASS",""
"S_AGREE","R1","C013","REPLICATE_CONSENSUS_AGREE","SYNTHETIC","M03A2_SYNTHETIC_CONTRACT","tests/fixtures/M03A_2/C013_replicate_agree_1.csv","45","44","9.6235062639808877","8.4830090066133739","-3.1360271480133686","9.6235062639808877","8.4830090066133739","-3.1360271480133686","FALSE","FALSE","PASS",""
"S_AGREE","R1","C013","REPLICATE_CONSENSUS_AGREE","SYNTHETIC","M03A2_SYNTHETIC_CONTRACT","tests/fixtures/M03A_2/C013_replicate_agree_1.csv","46","45","7.3564225445964215","9.0377130438621514","-2.6023642064764374","7.3564225445964215","9.0377130438621514","-2.6023642064764374","FALSE","FALSE","PASS",""
"S_AGREE","R1","C013","REPLICATE_CONSENSUS_AGREE","SYNTHETIC","M03A2_SYNTHETIC_CONTRACT","tests/fixtures/M03A_2/C013_replicate_agree_1.csv","47","46","5.6234132519034912","9.4081022630393925","-2.0940007078952414","5.6234132519034912","9.4081022630393925","-2.0940007078952414","FALSE","FALSE","PASS",""
"S_AGREE","R1","C013","REPLICATE_CONSENSUS_AGREE","SYNTHETIC","M03A2_SYNTHETIC_CONTRACT","tests/fixtures/M03A_2/C013_replicate_agree_1.csv","48","47","4.2986623470822725","9.6431554487029576","-1.651489744620277","4.2986623470822725","9.6431554487029576","-1.651489744620277","FALSE","FALSE","PASS",""
"S_AGREE","R1","C013","REPLICATE_CONSENSUS_AGREE","SYNTHETIC","M03A2_SYNTHETIC_CONTRACT","tests/fixtures/M03A_2/C013_replicate_agree_1.csv","49","48","3.2859932476006541","9.7875418299540033","-1.2862841390410882","3.2859932476006541","9.7875418299540033","-1.2862841390410882","FALSE","FALSE","PASS",""
"S_AGREE","R1","C013","REPLICATE_CONSENSUS_AGREE","SYNTHETIC","M03A2_SYNTHETIC_CONTRACT","tests/fixtures/M03A_2/C013_replicate_agree_1.csv","50","49","2.511886431509577","9.8744661549166217","-0.99423941503322122","2.511886431509577","9.8744661549166217","-0.99423941503322122","FALSE","FALSE","PASS",""
"S_AGREE","R1","C013","REPLICATE_CONSENSUS_AGREE","SYNTHETIC","M03A2_SYNTHETIC_CONTRACT","tests/fixtures/M03A_2/C013_replicate_agree_1.csv","51","50","1.920141938638801","9.9261637860254162","-0.76500844786353428","1.920141938638801","9.9261637860254162","-0.76500844786353428","FALSE","FALSE","PASS",""
"S_AGREE","R1","C013","REPLICATE_CONSENSUS_AGREE","SYNTHETIC","M03A2_SYNTHETIC_CONTRACT","tests/fixtures/M03A_2/C013_replicate_agree_1.csv","52","51","1.4677992676220675","9.9566882842449616","-0.58704158397737194","1.4677992676220675","9.9566882842449616","-0.58704158397737194","FALSE","FALSE","PASS",""
"S_AGREE","R1","C013","REPLICATE_CONSENSUS_AGREE","SYNTHETIC","M03A2_SYNTHETIC_CONTRACT","tests/fixtures/M03A_2/C013_replicate_agree_1.csv","53","52","1.1220184543019629","9.9746340883463347","-0.44975978450201171","1.1220184543019629","9.9746340883463347","-0.44975978450201171","FALSE","FALSE","PASS",""
"S_AGREE","R1","C013","REPLICATE_CONSENSUS_AGREE","SYNTHETIC","M03A2_SYNTHETIC_CONTRACT","tests/fixtures/M03A_2/C013_replicate_agree_1.csv","54","53","0.85769589859089457","9.9851580865089939","-0.34426011318764721","0.85769589859089457","9.9851580865089939","-0.34426011318764721","FALSE","FALSE","PASS",""
"S_AGREE","R1","C013","REPLICATE_CONSENSUS_AGREE","SYNTHETIC","M03A2_SYNTHETIC_CONTRACT","tests/fixtures/M03A_2/C013_replicate_agree_1.csv","55","54","0.65564184941797854","9.9913205621788901","-0.26336319015381915","0.65564184941797854","9.9913205621788901","-0.26336319015381915","FALSE","FALSE","PASS",""
"S_AGREE","R1","C013","REPLICATE_CONSENSUS_AGREE","SYNTHETIC","M03A2_SYNTHETIC_CONTRACT","tests/fixtures/M03A_2/C013_replicate_agree_1.csv","56","55","0.50118723362727247","9.9949259568440105","-0.20141151738162108","0.50118723362727247","9.9949259568440105","-0.20141151738162108","FALSE","FALSE","PASS",""
"S_AGREE","R1","C013","REPLICATE_CONSENSUS_AGREE","SYNTHETIC","M03A2_SYNTHETIC_CONTRACT","tests/fixtures/M03A_2/C013_replicate_agree_1.csv","57","56","0.38311868495572932","9.9970342445776321","-0.15400405083539176","0.38311868495572932","9.9970342445776321","-0.15400405083539176","FALSE","FALSE","PASS",""
"S_AGREE","R1","C013","REPLICATE_CONSENSUS_AGREE","SYNTHETIC","M03A2_SYNTHETIC_CONTRACT","tests/fixtures/M03A_2/C013_replicate_agree_1.csv","58","57","0.29286445646252374","9.998266719198833","-0.1177422700095699","0.29286445646252374","9.998266719198833","-0.1177422700095699","FALSE","FALSE","PASS",""
"S_AGREE","R1","C013","REPLICATE_CONSENSUS_AGREE","SYNTHETIC","M03A2_SYNTHETIC_CONTRACT","tests/fixtures/M03A_2/C013_replicate_agree_1.csv","59","58","0.22387211385683423","9.9989870810268027","-0.090012920076708275","0.22387211385683423","9.9989870810268027","-0.090012920076708275","FALSE","FALSE","PASS",""
"S_AGREE","R1","C013","REPLICATE_CONSENSUS_AGREE","SYNTHETIC","M03A2_SYNTHETIC_CONTRACT","tests/fixtures/M03A_2/C013_replicate_agree_1.csv","60","59","0.17113283041617811","9.9994080783435848","-0.068811502527347621","0.17113283041617811","9.9994080783435848","-0.068811502527347621","FALSE","FALSE","PASS",""
"S_AGREE","R1","C013","REPLICATE_CONSENSUS_AGREE","SYNTHETIC","M03A2_SYNTHETIC_CONTRACT","tests/fixtures/M03A_2/C013_replicate_agree_1.csv","61","60","0.13081774742601956","9.9996541050247991","-0.052602663033967462","0.13081774742601956","9.9996541050247991","-0.052602663033967462","FALSE","FALSE","PASS",""
"S_AGREE","R1","C013","REPLICATE_CONSENSUS_AGREE","SYNTHETIC","M03A2_SYNTHETIC_CONTRACT","tests/fixtures/M03A_2/C013_replicate_agree_1.csv","62","61","0.10000000000000001","9.9997978756087775","-0.040211369977945235","0.10000000000000001","9.9997978756087775","-0.040211369977945235","FALSE","FALSE","PASS",""
"S_AGREE","R2","C014","REPLICATE_CONSENSUS_AGREE","SYNTHETIC","M03A2_SYNTHETIC_CONTRACT","tests/fixtures/M03A_2/C014_replicate_agree_2.csv","2","1","1000000","2.0200000031662868","-0.00015915494302890407","1000000","2.0200000031662868","-0.00015915494302890407","FALSE","FALSE","PASS",""
"S_AGREE","R2","C014","REPLICATE_CONSENSUS_AGREE","SYNTHETIC","M03A2_SYNTHETIC_CONTRACT","tests/fixtures/M03A_2/C014_replicate_agree_2.csv","3","2","764422.27425260097","2.0200000054185567","-0.00020820291132896045","764422.27425260097","2.0200000054185567","-0.00020820291132896045","FALSE","FALSE","PASS",""
"S_AGREE","R2","C014","REPLICATE_CONSENSUS_AGREE","SYNTHETIC","M03A2_SYNTHETIC_CONTRACT","tests/fixtures/M03A_2/C014_replicate_agree_2.csv","4","3","584341.41337351757","2.0200000092729291","-0.00027236635854471374","584341.41337351757","2.0200000092729291","-0.00027236635854471374","FALSE","FALSE","PASS",""
"S_AGREE","R2","C014","REPLICATE_CONSENSUS_AGREE","SYNTHETIC","M03A2_SYNTHETIC_CONTRACT","tests/fixtures/M03A_2/C014_replicate_agree_2.csv","5","4","446683.59215096349","2.0200000158690261","-0.00035630353470069315","446683.59215096349","2.0200000158690261","-0.00035630353470069315","FALSE","FALSE","PASS",""
"S_AGREE","R2","C014","REPLICATE_CONSENSUS_AGREE","SYNTHETIC","M03A2_SYNTHETIC_CONTRACT","tests/fixtures/M03A_2/C014_replicate_agree_2.csv","6","5","341454.88738336007","2.0200000271571135","-0.00046610825743704891","341454.88738336007","2.0200000271571135","-0.00046610825743704891","FALSE","FALSE","PASS",""
"S_AGREE","R2","C014","REPLICATE_CONSENSUS_AGREE","SYNTHETIC","M03A2_SYNTHETIC_CONTRACT","tests/fixtures/M03A_2/C014_replicate_agree_2.csv","7","6","261015.72156825385","2.020000046474737","-0.00060975232147344766","261015.72156825385","2.020000046474737","-0.00060975232147344766","FALSE","FALSE","PASS",""
"S_AGREE","R2","C014","REPLICATE_CONSENSUS_AGREE","SYNTHETIC","M03A2_SYNTHETIC_CONTRACT","tests/fixtures/M03A_2/C014_replicate_agree_2.csv","8","7","199526.23149688789","2.0200000795335327","-0.00079766424853319794","199526.23149688789","2.0200000795335327","-0.00079766424853319794","FALSE","FALSE","PASS",""
"S_AGREE","R2","C014","REPLICATE_CONSENSUS_AGREE","SYNTHETIC","M03A2_SYNTHETIC_CONTRACT","tests/fixtures/M03A_2/C014_replicate_agree_2.csv","9","8","152522.29565390197","2.0200001361079845","-0.0010434863945744798","152522.29565390197","2.0200001361079845","-0.0010434863945744798","FALSE","FALSE","PASS",""
"S_AGREE","R2","C014","REPLICATE_CONSENSUS_AGREE","SYNTHETIC","M03A2_SYNTHETIC_CONTRACT","tests/fixtures/M03A_2/C014_replicate_agree_2.csv","10","9","116591.4401179831","2.020000232925443","-0.0013650653795590504","116591.4401179831","2.020000232925443","-0.0013650653795590504","FALSE","FALSE","PASS",""
"S_AGREE","R2","C014","REPLICATE_CONSENSUS_AGREE","SYNTHETIC","M03A2_SYNTHETIC_CONTRACT","tests/fixtures/M03A_2/C014_replicate_agree_2.csv","11","10","89125.093813374595","2.0200003986118951","-0.0017857477434473118","89125.093813374595","2.0200003986118951","-0.0017857477434473118","FALSE","FALSE","PASS",""
"S_AGREE","R2","C014","REPLICATE_CONSENSUS_AGREE","SYNTHETIC","M03A2_SYNTHETIC_CONTRACT","tests/fixtures/M03A_2/C014_replicate_agree_2.csv","12","11","68129.206905796222","2.0200006821557945","-0.0023360748898912636","68129.206905796222","2.0200006821557945","-0.0023360748898912636","FALSE","FALSE","PASS",""
"S_AGREE","R2","C014","REPLICATE_CONSENSUS_AGREE","SYNTHETIC","M03A2_SYNTHETIC_CONTRACT","tests/fixtures/M03A_2/C014_replicate_agree_2.csv","13","12","52079.483285954651","2.0200011673924485","-0.0030560003637801663","52079.483285954651","2.0200011673924485","-0.0030560003637801663","FALSE","FALSE","PASS",""
"S_AGREE","R2","C014","REPLICATE_CONSENSUS_AGREE","SYNTHETIC","M03A2_SYNTHETIC_CONTRACT","tests/fixtures/M03A_2/C014_replicate_agree_2.csv","14","13","39810.717055349691","2.0200019977915313","-0.003997790422257886","39810.717055349691","2.0200019977915313","-0.003997790422257886","FALSE","FALSE","PASS",""
"S_AGREE","R2","C014","REPLICATE_CONSENSUS_AGREE","SYNTHETIC","M03A2_SYNTHETIC_CONTRACT","tests/fixtures/M03A_2/C014_replicate_agree_2.csv","15","14","30432.19887107722","2.0200034188765863","-0.0052298184482084094","30432.19887107722","2.0200034188765863","-0.0052298184482084094","FALSE","FALSE","PASS",""
"S_AGREE","R2","C014","REPLICATE_CONSENSUS_AGREE","SYNTHETIC","M03A2_SYNTHETIC_CONTRACT","tests/fixtures/M03A_2/C014_replicate_agree_2.csv","16","15","23263.050671536286","2.0200058508184919","-0.0068415286086401022","23263.050671536286","2.0200058508184919","-0.0068415286086401022","FALSE","FALSE","PASS",""
"S_AGREE","R2","C014","REPLICATE_CONSENSUS_AGREE","SYNTHETIC","M03A2_SYNTHETIC_CONTRACT","tests/fixtures/M03A_2/C014_replicate_agree_2.csv","17","16","17782.794100389227","2.0200100126660789","-0.0089499289592938208","17782.794100389227","2.0200100126660789","-0.0089499289592938208","FALSE","FALSE","PASS",""
"S_AGREE","R2","C014","REPLICATE_CONSENSUS_AGREE","SYNTHETIC","M03A2_SYNTHETIC_CONTRACT","tests/fixtures/M03A_2/C014_replicate_agree_2.csv","18","17","13593.563908785241","2.0200171349436058","-0.011708085037225978","13593.563908785241","2.0200171349436058","-0.011708085037225978","FALSE","FALSE","PASS",""
"S_AGREE","R2","C014","REPLICATE_CONSENSUS_AGREE","SYNTHETIC","M03A2_SYNTHETIC_CONTRACT","tests/fixtures/M03A_2/C014_replicate_agree_2.csv","19","18","10391.223038351691","2.0200293234693061","-0.015316229777053764","10391.223038351691","2.0200293234693061","-0.015316229777053764","FALSE","FALSE","PASS",""
"S_AGREE","R2","C014","REPLICATE_CONSENSUS_AGREE","SYNTHETIC","M03A2_SYNTHETIC_CONTRACT","tests/fixtures/M03A_2/C014_replicate_agree_2.csv","20","19","7943.2823472428136","2.020050181952159","-0.020036294543769002","7943.2823472428136","2.020050181952159","-0.020036294543769002","FALSE","FALSE","PASS",""
"S_AGREE","R2","C014","REPLICATE_CONSENSUS_AGREE","SYNTHETIC","M03A2_SYNTHETIC_CONTRACT","tests/fixtures/M03A_2/C014_replicate_agree_2.csv","21","20","6072.0219569098836","2.0200858774119048","-0.026210912237225267","6072.0219569098836","2.0200858774119048","-0.026210912237225267","FALSE","FALSE","PASS",""
"S_AGREE","R2","C014","REPLICATE_CONSENSUS_AGREE","SYNTHETIC","M03A2_SYNTHETIC_CONTRACT","tests/fixtures/M03A_2/C014_replicate_agree_2.csv","22","21","4641.5888336127819","2.0201469633234863","-0.0342882631475128","4641.5888336127819","2.0201469633234863","-0.0342882631475128","FALSE","FALSE","PASS",""
"S_AGREE","R2","C014","REPLICATE_CONSENSUS_AGREE","SYNTHETIC","M03A2_SYNTHETIC_CONTRACT","tests/fixtures/M03A_2/C014_replicate_agree_2.csv","23","22","3548.1338923357566","2.0202514992087162","-0.044854547348929005","3548.1338923357566","2.0202514992087162","-0.044854547348929005","FALSE","FALSE","PASS",""
"S_AGREE","R2","C014","REPLICATE_CONSENSUS_AGREE","SYNTHETIC","M03A2_SYNTHETIC_CONTRACT","tests/fixtures/M03A_2/C014_replicate_agree_2.csv","24","23","2712.2725793320296","2.0204303880898768","-0.058676396320054031","2712.2725793320296","2.0204303880898768","-0.058676396320054031","FALSE","FALSE","PASS",""
"S_AGREE","R2","C014","REPLICATE_CONSENSUS_AGREE","SYNTHETIC","M03A2_SYNTHETIC_CONTRACT","tests/fixtures/M03A_2/C014_replicate_agree_2.csv","25","24","2073.3215734859541","2.0207365071350281","-0.076756202599306128","2073.3215734859541","2.0207365071350281","-0.076756202599306128","FALSE","FALSE","PASS",""
"S_AGREE","R2","C014","REPLICATE_CONSENSUS_AGREE","SYNTHETIC","M03A2_SYNTHETIC_CONTRACT","tests/fixtures/M03A_2/C014_replicate_agree_2.csv","26","25","1584.8931924611124","2.0212603229712469","-0.10040416005317282","1584.8931924611124","2.0212603229712469","-0.10040416005317282","FALSE","FALSE","PASS",""
"S_AGREE","R2","C014","REPLICATE_CONSENSUS_AGREE","SYNTHETIC","M03A2_SYNTHETIC_CONTRACT","tests/fixtures/M03A_2/C014_replicate_agree_2.csv","27","26","1211.5276586285877","2.0221565846998901","-0.1313317430842704","1211.5276586285877","2.0221565846998901","-0.1313317430842704","FALSE","FALSE","PASS",""
"S_AGREE","R2","C014","REPLICATE_CONSENSUS_AGREE","SYNTHETIC","M03A2_SYNTHETIC_CONTRACT","tests/fixtures/M03A_2/C014_replicate_agree_2.csv","28","27","926.11872812879369","2.0236899168773546","-0.17177228976838432","926.11872812879369","2.0236899168773546","-0.17177228976838432","FALSE","FALSE","PASS",""
"S_AGREE","R2","C014","REPLICATE_CONSENSUS_AGREE","SYNTHETIC","M03A2_SYNTHETIC_CONTRACT","tests/fixtures/M03A_2/C014_replicate_agree_2.csv","29","28","707.94578438413805","2.0263125880775905","-0.22463493907334725","707.94578438413805","2.0263125880775905","-0.22463493907334725","FALSE","FALSE","PASS",""
"S_AGREE","R2","C014","REPLICATE_CONSENSUS_AGREE","SYNTHETIC","M03A2_SYNTHETIC_CONTRACT","tests/fixtures/M03A_2/C014_replicate_agree_2.csv","30","29","541.16952654646377","2.0307968504820164","-0.29369751765345276","541.16952654646377","2.0307968504820164","-0.29369751765345276","FALSE","FALSE","PASS",""
"S_AGREE","R2","C014","REPLICATE_CONSENSUS_AGREE","SYNTHETIC","M03A2_SYNTHETIC_CONTRACT","tests/fixtures/M03A_2/C014_replicate_agree_2.csv","31","30","413.68204023885073","2.0384592347172785","-0.38383998540000985","413.68204023885073","2.0384592347172785","-0.38383998540000985","FALSE","FALSE","PASS",""
"S_AGREE","R2","C014","REPLICATE_CONSENSUS_AGREE","SYNTHETIC","M03A2_SYNTHETIC_CONTRACT","tests/fixtures/M03A_2/C014_replicate_agree_2.csv","32","31","316.22776601683796","2.0515380467543665","-0.5013080147392931","316.22776601683796","2.0515380467543665","-0.5013080147392931","FALSE","FALSE","PASS",""
"S_AGREE","R2","C014","REPLICATE_CONSENSUS_AGREE","SYNTHETIC","M03A2_SYNTHETIC_CONTRACT","tests/fixtures/M03A_2/C014_replicate_agree_2.csv","33","32","241.73154808041014","2.0738210250961093","-0.65396597619943253","241.73154808041014","2.0738210250961093","-0.65396597619943253","FALSE","FALSE","PASS",""
"S_AGREE","R2","C014","REPLICATE_CONSENSUS_AGREE","SYNTHETIC","M03A2_SYNTHETIC_CONTRACT","tests/fixtures/M03A_2/C014_replicate_agree_2.csv","34","33","184.78497974222907","2.1116667674946963","-0.85142900097109853","184.78497974222907","2.1116667674946963","-0.85142900097109853","FALSE","FALSE","PASS",""
"S_AGREE","R2","C014","REPLICATE_CONSENSUS_AGREE","SYNTHETIC","M03A2_SYNTHETIC_CONTRACT","tests/fixtures/M03A_2/C014_replicate_agree_2.csv","35","34","141.25375446227525","2.1756036634214886","-1.104815281982342","141.25375446227525","2.1756036634214886","-1.104815281982342","FALSE","FALSE","PASS",""
"S_AGREE","R2","C014","REPLICATE_CONSENSUS_AGREE","SYNTHETIC","M03A2_SYNTHETIC_CONTRACT","tests/fixtures/M03A_2/C014_replicate_agree_2.csv","36","35","107.97751623277094","2.2826549485499292","-1.4255707511034548","107.97751623277094","2.2826549485499292","-1.4255707511034548","FALSE","FALSE","PASS",""
"S_AGREE","R2","C014","REPLICATE_CONSENSUS_AGREE","SYNTHETIC","M03A2_SYNTHETIC_CONTRACT","tests/fixtures/M03A_2/C014_replicate_agree_2.csv","37","36","82.54041852680173","2.459230943947035","-1.8223401794000142","82.54041852680173","2.459230943947035","-1.8223401794000142","FALSE","FALSE","PASS",""
"S_AGREE","R2","C014","REPLICATE_CONSENSUS_AGREE","SYNTHETIC","M03A2_SYNTHETIC_CONTRACT","tests/fixtures/M03A_2/C014_replicate_agree_2.csv","38","37","63.0957344480193","2.743415585628159","-2.2943396818029234","63.0957344480193","2.743415585628159","-2.2943396818029234","FALSE","FALSE","PASS",""
"S_AGREE","R2","C014","REPLICATE_CONSENSUS_AGREE","SYNTHETIC","M03A2_SYNTHETIC_CONTRACT","tests/fixtures/M03A_2/C014_replicate_agree_2.csv","39","38","48.231784822393095","3.18318192805972","-2.8200112103878299","48.231784822393095","3.18318192805972","-2.8200112103878299","FALSE","FALSE","PASS",""
"S_AGREE","R2","C014","REPLICATE_CONSENSUS_AGREE","SYNTHETIC","M03A2_SYNTHETIC_CONTRACT","tests/fixtures/M03A_2/C014_replicate_agree_2.csv","40","39","36.869450645195734","3.8240058933676249","-3.3432932691637864","36.869450645195734","3.8240058933676249","-3.3432932691637864","FALSE","FALSE","PASS",""
"S_AGREE","R2","C014","REPLICATE_CONSENSUS_AGREE","SYNTHETIC","M03A2_SYNTHETIC_CONTRACT","tests/fixtures/M03A_2/C014_replicate_agree_2.csv","41","40","28.183829312644551","4.6804902560760491","-3.7690467821364053","28.183829312644551","4.6804902560760491","-3.7690467821364053","FALSE","FALSE","PASS",""
"S_AGREE","R2","C014","REPLICATE_CONSENSUS_AGREE","SYNTHETIC","M03A2_SYNTHETIC_CONTRACT","tests/fixtures/M03A_2/C014_replicate_agree_2.csv","42","41","21.544346900318867","5.7019655718361602","-3.9873367179738537","21.544346900318867","5.7019655718361602","-3.9873367179738537","FALSE","FALSE","PASS",""
"S_AGREE","R2","C014","REPLICATE_CONSENSUS_AGREE","SYNTHETIC","M03A2_SYNTHETIC_CONTRACT","tests/fixtures/M03A_2/C014_replicate_agree_2.csv","43","42","16.468978654828689","6.7669634991013083","-3.9296368192251978","16.468978654828689","6.7669634991013083","-3.9296368192251978","FALSE","FALSE","PASS",""
"S_AGREE","R2","C014","REPLICATE_CONSENSUS_AGREE","SYNTHETIC","M03A2_SYNTHETIC_CONTRACT","tests/fixtures/M03A_2/C014_replicate_agree_2.csv","44","43","12.589254117941687","7.7324818676228873","-3.6148866998929341","12.589254117941687","7.7324818676228873","-3.6148866998929341","FALSE","FALSE","PASS",""
"S_AGREE","R2","C014","REPLICATE_CONSENSUS_AGREE","SYNTHETIC","M03A2_SYNTHETIC_CONTRACT","tests/fixtures/M03A_2/C014_replicate_agree_2.csv","45","44","9.6235062639808877","8.5030090066133734","-3.1360271480133686","9.6235062639808877","8.5030090066133734","-3.1360271480133686","FALSE","FALSE","PASS",""
"S_AGREE","R2","C014","REPLICATE_CONSENSUS_AGREE","SYNTHETIC","M03A2_SYNTHETIC_CONTRACT","tests/fixtures/M03A_2/C014_replicate_agree_2.csv","46","45","7.3564225445964215","9.0577130438621527","-2.6023642064764374","7.3564225445964215","9.0577130438621527","-2.6023642064764374","FALSE","FALSE","PASS",""
"S_AGREE","R2","C014","REPLICATE_CONSENSUS_AGREE","SYNTHETIC","M03A2_SYNTHETIC_CONTRACT","tests/fixtures/M03A_2/C014_replicate_agree_2.csv","47","46","5.6234132519034912","9.428102263039392","-2.0940007078952414","5.6234132519034912","9.428102263039392","-2.0940007078952414","FALSE","FALSE","PASS",""
"S_AGREE","R2","C014","REPLICATE_CONSENSUS_AGREE","SYNTHETIC","M03A2_SYNTHETIC_CONTRACT","tests/fixtures/M03A_2/C014_replicate_agree_2.csv","48","47","4.2986623470822725","9.6631554487029572","-1.651489744620277","4.2986623470822725","9.6631554487029572","-1.651489744620277","FALSE","FALSE","PASS",""
"S_AGREE","R2","C014","REPLICATE_CONSENSUS_AGREE","SYNTHETIC","M03A2_SYNTHETIC_CONTRACT","tests/fixtures/M03A_2/C014_replicate_agree_2.csv","49","48","3.2859932476006541","9.8075418299540029","-1.2862841390410882","3.2859932476006541","9.8075418299540029","-1.2862841390410882","FALSE","FALSE","PASS",""
"S_AGREE","R2","C014","REPLICATE_CONSENSUS_AGREE","SYNTHETIC","M03A2_SYNTHETIC_CONTRACT","tests/fixtures/M03A_2/C014_replicate_agree_2.csv","50","49","2.511886431509577","9.8944661549166213","-0.99423941503322122","2.511886431509577","9.8944661549166213","-0.99423941503322122","FALSE","FALSE","PASS",""
"S_AGREE","R2","C014","REPLICATE_CONSENSUS_AGREE","SYNTHETIC","M03A2_SYNTHETIC_CONTRACT","tests/fixtures/M03A_2/C014_replicate_agree_2.csv","51","50","1.920141938638801","9.9461637860254157","-0.76500844786353428","1.920141938638801","9.9461637860254157","-0.76500844786353428","FALSE","FALSE","PASS",""
"S_AGREE","R2","C014","REPLICATE_CONSENSUS_AGREE","SYNTHETIC","M03A2_SYNTHETIC_CONTRACT","tests/fixtures/M03A_2/C014_replicate_agree_2.csv","52","51","1.4677992676220675","9.9766882842449629","-0.58704158397737194","1.4677992676220675","9.9766882842449629","-0.58704158397737194","FALSE","FALSE","PASS",""
"S_AGREE","R2","C014","REPLICATE_CONSENSUS_AGREE","SYNTHETIC","M03A2_SYNTHETIC_CONTRACT","tests/fixtures/M03A_2/C014_replicate_agree_2.csv","53","52","1.1220184543019629","9.994634088346336","-0.44975978450201171","1.1220184543019629","9.994634088346336","-0.44975978450201171","FALSE","FALSE","PASS",""
"S_AGREE","R2","C014","REPLICATE_CONSENSUS_AGREE","SYNTHETIC","M03A2_SYNTHETIC_CONTRACT","tests/fixtures/M03A_2/C014_replicate_agree_2.csv","54","53","0.85769589859089457","10.005158086508994","-0.34426011318764721","0.85769589859089457","10.005158086508994","-0.34426011318764721","FALSE","FALSE","PASS",""
"S_AGREE","R2","C014","REPLICATE_CONSENSUS_AGREE","SYNTHETIC","M03A2_SYNTHETIC_CONTRACT","tests/fixtures/M03A_2/C014_replicate_agree_2.csv","55","54","0.65564184941797854","10.01132056217889","-0.26336319015381915","0.65564184941797854","10.01132056217889","-0.26336319015381915","FALSE","FALSE","PASS",""
"S_AGREE","R2","C014","REPLICATE_CONSENSUS_AGREE","SYNTHETIC","M03A2_SYNTHETIC_CONTRACT","tests/fixtures/M03A_2/C014_replicate_agree_2.csv","56","55","0.50118723362727247","10.01492595684401","-0.20141151738162108","0.50118723362727247","10.01492595684401","-0.20141151738162108","FALSE","FALSE","PASS",""
"S_AGREE","R2","C014","REPLICATE_CONSENSUS_AGREE","SYNTHETIC","M03A2_SYNTHETIC_CONTRACT","tests/fixtures/M03A_2/C014_replicate_agree_2.csv","57","56","0.38311868495572932","10.017034244577632","-0.15400405083539176","0.38311868495572932","10.017034244577632","-0.15400405083539176","FALSE","FALSE","PASS",""
"S_AGREE","R2","C014","REPLICATE_CONSENSUS_AGREE","SYNTHETIC","M03A2_SYNTHETIC_CONTRACT","tests/fixtures/M03A_2/C014_replicate_agree_2.csv","58","57","0.29286445646252374","10.018266719198833","-0.1177422700095699","0.29286445646252374","10.018266719198833","-0.1177422700095699","FALSE","FALSE","PASS",""
"S_AGREE","R2","C014","REPLICATE_CONSENSUS_AGREE","SYNTHETIC","M03A2_SYNTHETIC_CONTRACT","tests/fixtures/M03A_2/C014_replicate_agree_2.csv","59","58","0.22387211385683423","10.018987081026802","-0.090012920076708275","0.22387211385683423","10.018987081026802","-0.090012920076708275","FALSE","FALSE","PASS",""
"S_AGREE","R2","C014","REPLICATE_CONSENSUS_AGREE","SYNTHETIC","M03A2_SYNTHETIC_CONTRACT","tests/fixtures/M03A_2/C014_replicate_agree_2.csv","60","59","0.17113283041617811","10.019408078343584","-0.068811502527347621","0.17113283041617811","10.019408078343584","-0.068811502527347621","FALSE","FALSE","PASS",""
"S_AGREE","R2","C014","REPLICATE_CONSENSUS_AGREE","SYNTHETIC","M03A2_SYNTHETIC_CONTRACT","tests/fixtures/M03A_2/C014_replicate_agree_2.csv","61","60","0.13081774742601956","10.019654105024799","-0.052602663033967462","0.13081774742601956","10.019654105024799","-0.052602663033967462","FALSE","FALSE","PASS",""
"S_AGREE","R2","C014","REPLICATE_CONSENSUS_AGREE","SYNTHETIC","M03A2_SYNTHETIC_CONTRACT","tests/fixtures/M03A_2/C014_replicate_agree_2.csv","62","61","0.10000000000000001","10.019797875608779","-0.040211369977945235","0.10000000000000001","10.019797875608779","-0.040211369977945235","FALSE","FALSE","PASS",""
"S_DISAGREE","R1","C015","THREE_REPLICATES_WITH_DISAGREEMENT","SYNTHETIC","M03A2_SYNTHETIC_CONTRACT","tests/fixtures/M03A_2/C015_replicate_disagree_1.csv","2","1","1000000","2.0000000031662868","-0.00015915494302890407","1000000","2.0000000031662868","-0.00015915494302890407","FALSE","FALSE","PASS",""
"S_DISAGREE","R1","C015","THREE_REPLICATES_WITH_DISAGREEMENT","SYNTHETIC","M03A2_SYNTHETIC_CONTRACT","tests/fixtures/M03A_2/C015_replicate_disagree_1.csv","3","2","764422.27425260097","2.0000000054185567","-0.00020820291132896045","764422.27425260097","2.0000000054185567","-0.00020820291132896045","FALSE","FALSE","PASS",""
"S_DISAGREE","R1","C015","THREE_REPLICATES_WITH_DISAGREEMENT","SYNTHETIC","M03A2_SYNTHETIC_CONTRACT","tests/fixtures/M03A_2/C015_replicate_disagree_1.csv","4","3","584341.41337351757","2.0000000092729291","-0.00027236635854471374","584341.41337351757","2.0000000092729291","-0.00027236635854471374","FALSE","FALSE","PASS",""
"S_DISAGREE","R1","C015","THREE_REPLICATES_WITH_DISAGREEMENT","SYNTHETIC","M03A2_SYNTHETIC_CONTRACT","tests/fixtures/M03A_2/C015_replicate_disagree_1.csv","5","4","446683.59215096349","2.0000000158690261","-0.00035630353470069315","446683.59215096349","2.0000000158690261","-0.00035630353470069315","FALSE","FALSE","PASS",""
"S_DISAGREE","R1","C015","THREE_REPLICATES_WITH_DISAGREEMENT","SYNTHETIC","M03A2_SYNTHETIC_CONTRACT","tests/fixtures/M03A_2/C015_replicate_disagree_1.csv","6","5","341454.88738336007","2.0000000271571134","-0.00046610825743704891","341454.88738336007","2.0000000271571134","-0.00046610825743704891","FALSE","FALSE","PASS",""
"S_DISAGREE","R1","C015","THREE_REPLICATES_WITH_DISAGREEMENT","SYNTHETIC","M03A2_SYNTHETIC_CONTRACT","tests/fixtures/M03A_2/C015_replicate_disagree_1.csv","7","6","261015.72156825385","2.0000000464747369","-0.00060975232147344766","261015.72156825385","2.0000000464747369","-0.00060975232147344766","FALSE","FALSE","PASS",""
"S_DISAGREE","R1","C015","THREE_REPLICATES_WITH_DISAGREEMENT","SYNTHETIC","M03A2_SYNTHETIC_CONTRACT","tests/fixtures/M03A_2/C015_replicate_disagree_1.csv","8","7","199526.23149688789","2.0000000795335326","-0.00079766424853319794","199526.23149688789","2.0000000795335326","-0.00079766424853319794","FALSE","FALSE","PASS",""
"S_DISAGREE","R1","C015","THREE_REPLICATES_WITH_DISAGREEMENT","SYNTHETIC","M03A2_SYNTHETIC_CONTRACT","tests/fixtures/M03A_2/C015_replicate_disagree_1.csv","9","8","152522.29565390197","2.0000001361079844","-0.0010434863945744798","152522.29565390197","2.0000001361079844","-0.0010434863945744798","FALSE","FALSE","PASS",""
"S_DISAGREE","R1","C015","THREE_REPLICATES_WITH_DISAGREEMENT","SYNTHETIC","M03A2_SYNTHETIC_CONTRACT","tests/fixtures/M03A_2/C015_replicate_disagree_1.csv","10","9","116591.4401179831","2.0000002329254429","-0.0013650653795590504","116591.4401179831","2.0000002329254429","-0.0013650653795590504","FALSE","FALSE","PASS",""
"S_DISAGREE","R1","C015","THREE_REPLICATES_WITH_DISAGREEMENT","SYNTHETIC","M03A2_SYNTHETIC_CONTRACT","tests/fixtures/M03A_2/C015_replicate_disagree_1.csv","11","10","89125.093813374595","2.000000398611895","-0.0017857477434473118","89125.093813374595","2.000000398611895","-0.0017857477434473118","FALSE","FALSE","PASS",""
"S_DISAGREE","R1","C015","THREE_REPLICATES_WITH_DISAGREEMENT","SYNTHETIC","M03A2_SYNTHETIC_CONTRACT","tests/fixtures/M03A_2/C015_replicate_disagree_1.csv","12","11","68129.206905796222","2.0000006821557945","-0.0023360748898912636","68129.206905796222","2.0000006821557945","-0.0023360748898912636","FALSE","FALSE","PASS",""
"S_DISAGREE","R1","C015","THREE_REPLICATES_WITH_DISAGREEMENT","SYNTHETIC","M03A2_SYNTHETIC_CONTRACT","tests/fixtures/M03A_2/C015_replicate_disagree_1.csv","13","12","52079.483285954651","2.0000011673924485","-0.0030560003637801663","52079.483285954651","2.0000011673924485","-0.0030560003637801663","FALSE","FALSE","PASS",""
"S_DISAGREE","R1","C015","THREE_REPLICATES_WITH_DISAGREEMENT","SYNTHETIC","M03A2_SYNTHETIC_CONTRACT","tests/fixtures/M03A_2/C015_replicate_disagree_1.csv","14","13","39810.717055349691","2.0000019977915313","-0.003997790422257886","39810.717055349691","2.0000019977915313","-0.003997790422257886","FALSE","FALSE","PASS",""
"S_DISAGREE","R1","C015","THREE_REPLICATES_WITH_DISAGREEMENT","SYNTHETIC","M03A2_SYNTHETIC_CONTRACT","tests/fixtures/M03A_2/C015_replicate_disagree_1.csv","15","14","30432.19887107722","2.0000034188765863","-0.0052298184482084094","30432.19887107722","2.0000034188765863","-0.0052298184482084094","FALSE","FALSE","PASS",""
"S_DISAGREE","R1","C015","THREE_REPLICATES_WITH_DISAGREEMENT","SYNTHETIC","M03A2_SYNTHETIC_CONTRACT","tests/fixtures/M03A_2/C015_replicate_disagree_1.csv","16","15","23263.050671536286","2.0000058508184919","-0.0068415286086401022","23263.050671536286","2.0000058508184919","-0.0068415286086401022","FALSE","FALSE","PASS",""
"S_DISAGREE","R1","C015","THREE_REPLICATES_WITH_DISAGREEMENT","SYNTHETIC","M03A2_SYNTHETIC_CONTRACT","tests/fixtures/M03A_2/C015_replicate_disagree_1.csv","17","16","17782.794100389227","2.0000100126660789","-0.0089499289592938208","17782.794100389227","2.0000100126660789","-0.0089499289592938208","FALSE","FALSE","PASS",""
"S_DISAGREE","R1","C015","THREE_REPLICATES_WITH_DISAGREEMENT","SYNTHETIC","M03A2_SYNTHETIC_CONTRACT","tests/fixtures/M03A_2/C015_replicate_disagree_1.csv","18","17","13593.563908785241","2.0000171349436058","-0.011708085037225978","13593.563908785241","2.0000171349436058","-0.011708085037225978","FALSE","FALSE","PASS",""
"S_DISAGREE","R1","C015","THREE_REPLICATES_WITH_DISAGREEMENT","SYNTHETIC","M03A2_SYNTHETIC_CONTRACT","tests/fixtures/M03A_2/C015_replicate_disagree_1.csv","19","18","10391.223038351691","2.0000293234693061","-0.015316229777053764","10391.223038351691","2.0000293234693061","-0.015316229777053764","FALSE","FALSE","PASS",""
"S_DISAGREE","R1","C015","THREE_REPLICATES_WITH_DISAGREEMENT","SYNTHETIC","M03A2_SYNTHETIC_CONTRACT","tests/fixtures/M03A_2/C015_replicate_disagree_1.csv","20","19","7943.2823472428136","2.000050181952159","-0.020036294543769002","7943.2823472428136","2.000050181952159","-0.020036294543769002","FALSE","FALSE","PASS",""
"S_DISAGREE","R1","C015","THREE_REPLICATES_WITH_DISAGREEMENT","SYNTHETIC","M03A2_SYNTHETIC_CONTRACT","tests/fixtures/M03A_2/C015_replicate_disagree_1.csv","21","20","6072.0219569098836","2.0000858774119048","-0.026210912237225267","6072.0219569098836","2.0000858774119048","-0.026210912237225267","FALSE","FALSE","PASS",""
"S_DISAGREE","R1","C015","THREE_REPLICATES_WITH_DISAGREEMENT","SYNTHETIC","M03A2_SYNTHETIC_CONTRACT","tests/fixtures/M03A_2/C015_replicate_disagree_1.csv","22","21","4641.5888336127819","2.0001469633234863","-0.0342882631475128","4641.5888336127819","2.0001469633234863","-0.0342882631475128","FALSE","FALSE","PASS",""
"S_DISAGREE","R1","C015","THREE_REPLICATES_WITH_DISAGREEMENT","SYNTHETIC","M03A2_SYNTHETIC_CONTRACT","tests/fixtures/M03A_2/C015_replicate_disagree_1.csv","23","22","3548.1338923357566","2.0002514992087161","-0.044854547348929005","3548.1338923357566","2.0002514992087161","-0.044854547348929005","FALSE","FALSE","PASS",""
"S_DISAGREE","R1","C015","THREE_REPLICATES_WITH_DISAGREEMENT","SYNTHETIC","M03A2_SYNTHETIC_CONTRACT","tests/fixtures/M03A_2/C015_replicate_disagree_1.csv","24","23","2712.2725793320296","2.0004303880898768","-0.058676396320054031","2712.2725793320296","2.0004303880898768","-0.058676396320054031","FALSE","FALSE","PASS",""
"S_DISAGREE","R1","C015","THREE_REPLICATES_WITH_DISAGREEMENT","SYNTHETIC","M03A2_SYNTHETIC_CONTRACT","tests/fixtures/M03A_2/C015_replicate_disagree_1.csv","25","24","2073.3215734859541","2.000736507135028","-0.076756202599306128","2073.3215734859541","2.000736507135028","-0.076756202599306128","FALSE","FALSE","PASS",""
"S_DISAGREE","R1","C015","THREE_REPLICATES_WITH_DISAGREEMENT","SYNTHETIC","M03A2_SYNTHETIC_CONTRACT","tests/fixtures/M03A_2/C015_replicate_disagree_1.csv","26","25","1584.8931924611124","2.0012603229712469","-0.10040416005317282","1584.8931924611124","2.0012603229712469","-0.10040416005317282","FALSE","FALSE","PASS",""
"S_DISAGREE","R1","C015","THREE_REPLICATES_WITH_DISAGREEMENT","SYNTHETIC","M03A2_SYNTHETIC_CONTRACT","tests/fixtures/M03A_2/C015_replicate_disagree_1.csv","27","26","1211.5276586285877","2.0021565846998901","-0.1313317430842704","1211.5276586285877","2.0021565846998901","-0.1313317430842704","FALSE","FALSE","PASS",""
"S_DISAGREE","R1","C015","THREE_REPLICATES_WITH_DISAGREEMENT","SYNTHETIC","M03A2_SYNTHETIC_CONTRACT","tests/fixtures/M03A_2/C015_replicate_disagree_1.csv","28","27","926.11872812879369","2.0036899168773545","-0.17177228976838432","926.11872812879369","2.0036899168773545","-0.17177228976838432","FALSE","FALSE","PASS",""
"S_DISAGREE","R1","C015","THREE_REPLICATES_WITH_DISAGREEMENT","SYNTHETIC","M03A2_SYNTHETIC_CONTRACT","tests/fixtures/M03A_2/C015_replicate_disagree_1.csv","29","28","707.94578438413805","2.0063125880775905","-0.22463493907334725","707.94578438413805","2.0063125880775905","-0.22463493907334725","FALSE","FALSE","PASS",""
"S_DISAGREE","R1","C015","THREE_REPLICATES_WITH_DISAGREEMENT","SYNTHETIC","M03A2_SYNTHETIC_CONTRACT","tests/fixtures/M03A_2/C015_replicate_disagree_1.csv","30","29","541.16952654646377","2.0107968504820164","-0.29369751765345276","541.16952654646377","2.0107968504820164","-0.29369751765345276","FALSE","FALSE","PASS",""
"S_DISAGREE","R1","C015","THREE_REPLICATES_WITH_DISAGREEMENT","SYNTHETIC","M03A2_SYNTHETIC_CONTRACT","tests/fixtures/M03A_2/C015_replicate_disagree_1.csv","31","30","413.68204023885073","2.0184592347172785","-0.38383998540000985","413.68204023885073","2.0184592347172785","-0.38383998540000985","FALSE","FALSE","PASS",""
"S_DISAGREE","R1","C015","THREE_REPLICATES_WITH_DISAGREEMENT","SYNTHETIC","M03A2_SYNTHETIC_CONTRACT","tests/fixtures/M03A_2/C015_replicate_disagree_1.csv","32","31","316.22776601683796","2.0315380467543664","-0.5013080147392931","316.22776601683796","2.0315380467543664","-0.5013080147392931","FALSE","FALSE","PASS",""
"S_DISAGREE","R1","C015","THREE_REPLICATES_WITH_DISAGREEMENT","SYNTHETIC","M03A2_SYNTHETIC_CONTRACT","tests/fixtures/M03A_2/C015_replicate_disagree_1.csv","33","32","241.73154808041014","2.0538210250961093","-0.65396597619943253","241.73154808041014","2.0538210250961093","-0.65396597619943253","FALSE","FALSE","PASS",""
"S_DISAGREE","R1","C015","THREE_REPLICATES_WITH_DISAGREEMENT","SYNTHETIC","M03A2_SYNTHETIC_CONTRACT","tests/fixtures/M03A_2/C015_replicate_disagree_1.csv","34","33","184.78497974222907","2.0916667674946963","-0.85142900097109853","184.78497974222907","2.0916667674946963","-0.85142900097109853","FALSE","FALSE","PASS",""
"S_DISAGREE","R1","C015","THREE_REPLICATES_WITH_DISAGREEMENT","SYNTHETIC","M03A2_SYNTHETIC_CONTRACT","tests/fixtures/M03A_2/C015_replicate_disagree_1.csv","35","34","141.25375446227525","2.1556036634214886","-1.104815281982342","141.25375446227525","2.1556036634214886","-1.104815281982342","FALSE","FALSE","PASS",""
"S_DISAGREE","R1","C015","THREE_REPLICATES_WITH_DISAGREEMENT","SYNTHETIC","M03A2_SYNTHETIC_CONTRACT","tests/fixtures/M03A_2/C015_replicate_disagree_1.csv","36","35","107.97751623277094","2.2626549485499292","-1.4255707511034548","107.97751623277094","2.2626549485499292","-1.4255707511034548","FALSE","FALSE","PASS",""
"S_DISAGREE","R1","C015","THREE_REPLICATES_WITH_DISAGREEMENT","SYNTHETIC","M03A2_SYNTHETIC_CONTRACT","tests/fixtures/M03A_2/C015_replicate_disagree_1.csv","37","36","82.54041852680173","2.439230943947035","-1.8223401794000142","82.54041852680173","2.439230943947035","-1.8223401794000142","FALSE","FALSE","PASS",""
"S_DISAGREE","R1","C015","THREE_REPLICATES_WITH_DISAGREEMENT","SYNTHETIC","M03A2_SYNTHETIC_CONTRACT","tests/fixtures/M03A_2/C015_replicate_disagree_1.csv","38","37","63.0957344480193","2.723415585628159","-2.2943396818029234","63.0957344480193","2.723415585628159","-2.2943396818029234","FALSE","FALSE","PASS",""
"S_DISAGREE","R1","C015","THREE_REPLICATES_WITH_DISAGREEMENT","SYNTHETIC","M03A2_SYNTHETIC_CONTRACT","tests/fixtures/M03A_2/C015_replicate_disagree_1.csv","39","38","48.231784822393095","3.16318192805972","-2.8200112103878299","48.231784822393095","3.16318192805972","-2.8200112103878299","FALSE","FALSE","PASS",""
"S_DISAGREE","R1","C015","THREE_REPLICATES_WITH_DISAGREEMENT","SYNTHETIC","M03A2_SYNTHETIC_CONTRACT","tests/fixtures/M03A_2/C015_replicate_disagree_1.csv","40","39","36.869450645195734","3.8040058933676253","-3.3432932691637864","36.869450645195734","3.8040058933676253","-3.3432932691637864","FALSE","FALSE","PASS",""
"S_DISAGREE","R1","C015","THREE_REPLICATES_WITH_DISAGREEMENT","SYNTHETIC","M03A2_SYNTHETIC_CONTRACT","tests/fixtures/M03A_2/C015_replicate_disagree_1.csv","41","40","28.183829312644551","4.6604902560760486","-3.7690467821364053","28.183829312644551","4.6604902560760486","-3.7690467821364053","FALSE","FALSE","PASS",""
"S_DISAGREE","R1","C015","THREE_REPLICATES_WITH_DISAGREEMENT","SYNTHETIC","M03A2_SYNTHETIC_CONTRACT","tests/fixtures/M03A_2/C015_replicate_disagree_1.csv","42","41","21.544346900318867","5.6819655718361606","-3.9873367179738537","21.544346900318867","5.6819655718361606","-3.9873367179738537","FALSE","FALSE","PASS",""
"S_DISAGREE","R1","C015","THREE_REPLICATES_WITH_DISAGREEMENT","SYNTHETIC","M03A2_SYNTHETIC_CONTRACT","tests/fixtures/M03A_2/C015_replicate_disagree_1.csv","43","42","16.468978654828689","6.7469634991013088","-3.9296368192251978","16.468978654828689","6.7469634991013088","-3.9296368192251978","FALSE","FALSE","PASS",""
"S_DISAGREE","R1","C015","THREE_REPLICATES_WITH_DISAGREEMENT","SYNTHETIC","M03A2_SYNTHETIC_CONTRACT","tests/fixtures/M03A_2/C015_replicate_disagree_1.csv","44","43","12.589254117941687","7.7124818676228877","-3.6148866998929341","12.589254117941687","7.7124818676228877","-3.6148866998929341","FALSE","FALSE","PASS",""
"S_DISAGREE","R1","C015","THREE_REPLICATES_WITH_DISAGREEMENT","SYNTHETIC","M03A2_SYNTHETIC_CONTRACT","tests/fixtures/M03A_2/C015_replicate_disagree_1.csv","45","44","9.6235062639808877","8.4830090066133739","-3.1360271480133686","9.6235062639808877","8.4830090066133739","-3.1360271480133686","FALSE","FALSE","PASS",""
"S_DISAGREE","R1","C015","THREE_REPLICATES_WITH_DISAGREEMENT","SYNTHETIC","M03A2_SYNTHETIC_CONTRACT","tests/fixtures/M03A_2/C015_replicate_disagree_1.csv","46","45","7.3564225445964215","9.0377130438621514","-2.6023642064764374","7.3564225445964215","9.0377130438621514","-2.6023642064764374","FALSE","FALSE","PASS",""
"S_DISAGREE","R1","C015","THREE_REPLICATES_WITH_DISAGREEMENT","SYNTHETIC","M03A2_SYNTHETIC_CONTRACT","tests/fixtures/M03A_2/C015_replicate_disagree_1.csv","47","46","5.6234132519034912","9.4081022630393925","-2.0940007078952414","5.6234132519034912","9.4081022630393925","-2.0940007078952414","FALSE","FALSE","PASS",""
"S_DISAGREE","R1","C015","THREE_REPLICATES_WITH_DISAGREEMENT","SYNTHETIC","M03A2_SYNTHETIC_CONTRACT","tests/fixtures/M03A_2/C015_replicate_disagree_1.csv","48","47","4.2986623470822725","9.6431554487029576","-1.651489744620277","4.2986623470822725","9.6431554487029576","-1.651489744620277","FALSE","FALSE","PASS",""
"S_DISAGREE","R1","C015","THREE_REPLICATES_WITH_DISAGREEMENT","SYNTHETIC","M03A2_SYNTHETIC_CONTRACT","tests/fixtures/M03A_2/C015_replicate_disagree_1.csv","49","48","3.2859932476006541","9.7875418299540033","-1.2862841390410882","3.2859932476006541","9.7875418299540033","-1.2862841390410882","FALSE","FALSE","PASS",""
"S_DISAGREE","R1","C015","THREE_REPLICATES_WITH_DISAGREEMENT","SYNTHETIC","M03A2_SYNTHETIC_CONTRACT","tests/fixtures/M03A_2/C015_replicate_disagree_1.csv","50","49","2.511886431509577","9.8744661549166217","-0.99423941503322122","2.511886431509577","9.8744661549166217","-0.99423941503322122","FALSE","FALSE","PASS",""
"S_DISAGREE","R1","C015","THREE_REPLICATES_WITH_DISAGREEMENT","SYNTHETIC","M03A2_SYNTHETIC_CONTRACT","tests/fixtures/M03A_2/C015_replicate_disagree_1.csv","51","50","1.920141938638801","9.9261637860254162","-0.76500844786353428","1.920141938638801","9.9261637860254162","-0.76500844786353428","FALSE","FALSE","PASS",""
"S_DISAGREE","R1","C015","THREE_REPLICATES_WITH_DISAGREEMENT","SYNTHETIC","M03A2_SYNTHETIC_CONTRACT","tests/fixtures/M03A_2/C015_replicate_disagree_1.csv","52","51","1.4677992676220675","9.9566882842449616","-0.58704158397737194","1.4677992676220675","9.9566882842449616","-0.58704158397737194","FALSE","FALSE","PASS",""
"S_DISAGREE","R1","C015","THREE_REPLICATES_WITH_DISAGREEMENT","SYNTHETIC","M03A2_SYNTHETIC_CONTRACT","tests/fixtures/M03A_2/C015_replicate_disagree_1.csv","53","52","1.1220184543019629","9.9746340883463347","-0.44975978450201171","1.1220184543019629","9.9746340883463347","-0.44975978450201171","FALSE","FALSE","PASS",""
"S_DISAGREE","R1","C015","THREE_REPLICATES_WITH_DISAGREEMENT","SYNTHETIC","M03A2_SYNTHETIC_CONTRACT","tests/fixtures/M03A_2/C015_replicate_disagree_1.csv","54","53","0.85769589859089457","9.9851580865089939","-0.34426011318764721","0.85769589859089457","9.9851580865089939","-0.34426011318764721","FALSE","FALSE","PASS",""
"S_DISAGREE","R1","C015","THREE_REPLICATES_WITH_DISAGREEMENT","SYNTHETIC","M03A2_SYNTHETIC_CONTRACT","tests/fixtures/M03A_2/C015_replicate_disagree_1.csv","55","54","0.65564184941797854","9.9913205621788901","-0.26336319015381915","0.65564184941797854","9.9913205621788901","-0.26336319015381915","FALSE","FALSE","PASS",""
"S_DISAGREE","R1","C015","THREE_REPLICATES_WITH_DISAGREEMENT","SYNTHETIC","M03A2_SYNTHETIC_CONTRACT","tests/fixtures/M03A_2/C015_replicate_disagree_1.csv","56","55","0.50118723362727247","9.9949259568440105","-0.20141151738162108","0.50118723362727247","9.9949259568440105","-0.20141151738162108","FALSE","FALSE","PASS",""
"S_DISAGREE","R1","C015","THREE_REPLICATES_WITH_DISAGREEMENT","SYNTHETIC","M03A2_SYNTHETIC_CONTRACT","tests/fixtures/M03A_2/C015_replicate_disagree_1.csv","57","56","0.38311868495572932","9.9970342445776321","-0.15400405083539176","0.38311868495572932","9.9970342445776321","-0.15400405083539176","FALSE","FALSE","PASS",""
"S_DISAGREE","R1","C015","THREE_REPLICATES_WITH_DISAGREEMENT","SYNTHETIC","M03A2_SYNTHETIC_CONTRACT","tests/fixtures/M03A_2/C015_replicate_disagree_1.csv","58","57","0.29286445646252374","9.998266719198833","-0.1177422700095699","0.29286445646252374","9.998266719198833","-0.1177422700095699","FALSE","FALSE","PASS",""
"S_DISAGREE","R1","C015","THREE_REPLICATES_WITH_DISAGREEMENT","SYNTHETIC","M03A2_SYNTHETIC_CONTRACT","tests/fixtures/M03A_2/C015_replicate_disagree_1.csv","59","58","0.22387211385683423","9.9989870810268027","-0.090012920076708275","0.22387211385683423","9.9989870810268027","-0.090012920076708275","FALSE","FALSE","PASS",""
"S_DISAGREE","R1","C015","THREE_REPLICATES_WITH_DISAGREEMENT","SYNTHETIC","M03A2_SYNTHETIC_CONTRACT","tests/fixtures/M03A_2/C015_replicate_disagree_1.csv","60","59","0.17113283041617811","9.9994080783435848","-0.068811502527347621","0.17113283041617811","9.9994080783435848","-0.068811502527347621","FALSE","FALSE","PASS",""
"S_DISAGREE","R1","C015","THREE_REPLICATES_WITH_DISAGREEMENT","SYNTHETIC","M03A2_SYNTHETIC_CONTRACT","tests/fixtures/M03A_2/C015_replicate_disagree_1.csv","61","60","0.13081774742601956","9.9996541050247991","-0.052602663033967462","0.13081774742601956","9.9996541050247991","-0.052602663033967462","FALSE","FALSE","PASS",""
"S_DISAGREE","R1","C015","THREE_REPLICATES_WITH_DISAGREEMENT","SYNTHETIC","M03A2_SYNTHETIC_CONTRACT","tests/fixtures/M03A_2/C015_replicate_disagree_1.csv","62","61","0.10000000000000001","9.9997978756087775","-0.040211369977945235","0.10000000000000001","9.9997978756087775","-0.040211369977945235","FALSE","FALSE","PASS",""
"S_DISAGREE","R2","C016","THREE_REPLICATES_WITH_DISAGREEMENT","SYNTHETIC","M03A2_SYNTHETIC_CONTRACT","tests/fixtures/M03A_2/C016_replicate_disagree_2.csv","2","1","1000000","2.1000000031662869","-0.00015915494302890407","1000000","2.1000000031662869","-0.00015915494302890407","FALSE","FALSE","PASS",""
"S_DISAGREE","R2","C016","THREE_REPLICATES_WITH_DISAGREEMENT","SYNTHETIC","M03A2_SYNTHETIC_CONTRACT","tests/fixtures/M03A_2/C016_replicate_disagree_2.csv","3","2","764422.27425260097","2.1000000054185568","-0.00020820291132896045","764422.27425260097","2.1000000054185568","-0.00020820291132896045","FALSE","FALSE","PASS",""
"S_DISAGREE","R2","C016","THREE_REPLICATES_WITH_DISAGREEMENT","SYNTHETIC","M03A2_SYNTHETIC_CONTRACT","tests/fixtures/M03A_2/C016_replicate_disagree_2.csv","4","3","584341.41337351757","2.1000000092729292","-0.00027236635854471374","584341.41337351757","2.1000000092729292","-0.00027236635854471374","FALSE","FALSE","PASS",""
"S_DISAGREE","R2","C016","THREE_REPLICATES_WITH_DISAGREEMENT","SYNTHETIC","M03A2_SYNTHETIC_CONTRACT","tests/fixtures/M03A_2/C016_replicate_disagree_2.csv","5","4","446683.59215096349","2.1000000158690262","-0.00035630353470069315","446683.59215096349","2.1000000158690262","-0.00035630353470069315","FALSE","FALSE","PASS",""
"S_DISAGREE","R2","C016","THREE_REPLICATES_WITH_DISAGREEMENT","SYNTHETIC","M03A2_SYNTHETIC_CONTRACT","tests/fixtures/M03A_2/C016_replicate_disagree_2.csv","6","5","341454.88738336007","2.1000000271571135","-0.00046610825743704891","341454.88738336007","2.1000000271571135","-0.00046610825743704891","FALSE","FALSE","PASS",""
"S_DISAGREE","R2","C016","THREE_REPLICATES_WITH_DISAGREEMENT","SYNTHETIC","M03A2_SYNTHETIC_CONTRACT","tests/fixtures/M03A_2/C016_replicate_disagree_2.csv","7","6","261015.72156825385","2.100000046474737","-0.00060975232147344766","261015.72156825385","2.100000046474737","-0.00060975232147344766","FALSE","FALSE","PASS",""
"S_DISAGREE","R2","C016","THREE_REPLICATES_WITH_DISAGREEMENT","SYNTHETIC","M03A2_SYNTHETIC_CONTRACT","tests/fixtures/M03A_2/C016_replicate_disagree_2.csv","8","7","199526.23149688789","2.1000000795335327","-0.00079766424853319794","199526.23149688789","2.1000000795335327","-0.00079766424853319794","FALSE","FALSE","PASS",""
"S_DISAGREE","R2","C016","THREE_REPLICATES_WITH_DISAGREEMENT","SYNTHETIC","M03A2_SYNTHETIC_CONTRACT","tests/fixtures/M03A_2/C016_replicate_disagree_2.csv","9","8","152522.29565390197","2.1000001361079845","-0.0010434863945744798","152522.29565390197","2.1000001361079845","-0.0010434863945744798","FALSE","FALSE","PASS",""
"S_DISAGREE","R2","C016","THREE_REPLICATES_WITH_DISAGREEMENT","SYNTHETIC","M03A2_SYNTHETIC_CONTRACT","tests/fixtures/M03A_2/C016_replicate_disagree_2.csv","10","9","116591.4401179831","2.100000232925443","-0.0013650653795590504","116591.4401179831","2.100000232925443","-0.0013650653795590504","FALSE","FALSE","PASS",""
"S_DISAGREE","R2","C016","THREE_REPLICATES_WITH_DISAGREEMENT","SYNTHETIC","M03A2_SYNTHETIC_CONTRACT","tests/fixtures/M03A_2/C016_replicate_disagree_2.csv","11","10","89125.093813374595","2.1000003986118951","-0.0017857477434473118","89125.093813374595","2.1000003986118951","-0.0017857477434473118","FALSE","FALSE","PASS",""
"S_DISAGREE","R2","C016","THREE_REPLICATES_WITH_DISAGREEMENT","SYNTHETIC","M03A2_SYNTHETIC_CONTRACT","tests/fixtures/M03A_2/C016_replicate_disagree_2.csv","12","11","68129.206905796222","2.1000006821557946","-0.0023360748898912636","68129.206905796222","2.1000006821557946","-0.0023360748898912636","FALSE","FALSE","PASS",""
"S_DISAGREE","R2","C016","THREE_REPLICATES_WITH_DISAGREEMENT","SYNTHETIC","M03A2_SYNTHETIC_CONTRACT","tests/fixtures/M03A_2/C016_replicate_disagree_2.csv","13","12","52079.483285954651","2.1000011673924486","-0.0030560003637801663","52079.483285954651","2.1000011673924486","-0.0030560003637801663","FALSE","FALSE","PASS",""
"S_DISAGREE","R2","C016","THREE_REPLICATES_WITH_DISAGREEMENT","SYNTHETIC","M03A2_SYNTHETIC_CONTRACT","tests/fixtures/M03A_2/C016_replicate_disagree_2.csv","14","13","39810.717055349691","2.1000019977915314","-0.003997790422257886","39810.717055349691","2.1000019977915314","-0.003997790422257886","FALSE","FALSE","PASS",""
"S_DISAGREE","R2","C016","THREE_REPLICATES_WITH_DISAGREEMENT","SYNTHETIC","M03A2_SYNTHETIC_CONTRACT","tests/fixtures/M03A_2/C016_replicate_disagree_2.csv","15","14","30432.19887107722","2.1000034188765864","-0.0052298184482084094","30432.19887107722","2.1000034188765864","-0.0052298184482084094","FALSE","FALSE","PASS",""
"S_DISAGREE","R2","C016","THREE_REPLICATES_WITH_DISAGREEMENT","SYNTHETIC","M03A2_SYNTHETIC_CONTRACT","tests/fixtures/M03A_2/C016_replicate_disagree_2.csv","16","15","23263.050671536286","2.100005850818492","-0.0068415286086401022","23263.050671536286","2.100005850818492","-0.0068415286086401022","FALSE","FALSE","PASS",""
"S_DISAGREE","R2","C016","THREE_REPLICATES_WITH_DISAGREEMENT","SYNTHETIC","M03A2_SYNTHETIC_CONTRACT","tests/fixtures/M03A_2/C016_replicate_disagree_2.csv","17","16","17782.794100389227","2.100010012666079","-0.0089499289592938208","17782.794100389227","2.100010012666079","-0.0089499289592938208","FALSE","FALSE","PASS",""
"S_DISAGREE","R2","C016","THREE_REPLICATES_WITH_DISAGREEMENT","SYNTHETIC","M03A2_SYNTHETIC_CONTRACT","tests/fixtures/M03A_2/C016_replicate_disagree_2.csv","18","17","13593.563908785241","2.1000171349436059","-0.011708085037225978","13593.563908785241","2.1000171349436059","-0.011708085037225978","FALSE","FALSE","PASS",""
"S_DISAGREE","R2","C016","THREE_REPLICATES_WITH_DISAGREEMENT","SYNTHETIC","M03A2_SYNTHETIC_CONTRACT","tests/fixtures/M03A_2/C016_replicate_disagree_2.csv","19","18","10391.223038351691","2.1000293234693062","-0.015316229777053764","10391.223038351691","2.1000293234693062","-0.015316229777053764","FALSE","FALSE","PASS",""
"S_DISAGREE","R2","C016","THREE_REPLICATES_WITH_DISAGREEMENT","SYNTHETIC","M03A2_SYNTHETIC_CONTRACT","tests/fixtures/M03A_2/C016_replicate_disagree_2.csv","20","19","7943.2823472428136","2.1000501819521591","-0.020036294543769002","7943.2823472428136","2.1000501819521591","-0.020036294543769002","FALSE","FALSE","PASS",""
"S_DISAGREE","R2","C016","THREE_REPLICATES_WITH_DISAGREEMENT","SYNTHETIC","M03A2_SYNTHETIC_CONTRACT","tests/fixtures/M03A_2/C016_replicate_disagree_2.csv","21","20","6072.0219569098836","2.1000858774119049","-0.026210912237225267","6072.0219569098836","2.1000858774119049","-0.026210912237225267","FALSE","FALSE","PASS",""
"S_DISAGREE","R2","C016","THREE_REPLICATES_WITH_DISAGREEMENT","SYNTHETIC","M03A2_SYNTHETIC_CONTRACT","tests/fixtures/M03A_2/C016_replicate_disagree_2.csv","22","21","4641.5888336127819","2.1001469633234864","-0.0342882631475128","4641.5888336127819","2.1001469633234864","-0.0342882631475128","FALSE","FALSE","PASS",""
"S_DISAGREE","R2","C016","THREE_REPLICATES_WITH_DISAGREEMENT","SYNTHETIC","M03A2_SYNTHETIC_CONTRACT","tests/fixtures/M03A_2/C016_replicate_disagree_2.csv","23","22","3548.1338923357566","2.1002514992087162","-0.044854547348929005","3548.1338923357566","2.1002514992087162","-0.044854547348929005","FALSE","FALSE","PASS",""
"S_DISAGREE","R2","C016","THREE_REPLICATES_WITH_DISAGREEMENT","SYNTHETIC","M03A2_SYNTHETIC_CONTRACT","tests/fixtures/M03A_2/C016_replicate_disagree_2.csv","24","23","2712.2725793320296","2.1004303880898769","-0.058676396320054031","2712.2725793320296","2.1004303880898769","-0.058676396320054031","FALSE","FALSE","PASS",""
"S_DISAGREE","R2","C016","THREE_REPLICATES_WITH_DISAGREEMENT","SYNTHETIC","M03A2_SYNTHETIC_CONTRACT","tests/fixtures/M03A_2/C016_replicate_disagree_2.csv","25","24","2073.3215734859541","2.1007365071350281","-0.076756202599306128","2073.3215734859541","2.1007365071350281","-0.076756202599306128","FALSE","FALSE","PASS",""
"S_DISAGREE","R2","C016","THREE_REPLICATES_WITH_DISAGREEMENT","SYNTHETIC","M03A2_SYNTHETIC_CONTRACT","tests/fixtures/M03A_2/C016_replicate_disagree_2.csv","26","25","1584.8931924611124","2.101260322971247","-0.10040416005317282","1584.8931924611124","2.101260322971247","-0.10040416005317282","FALSE","FALSE","PASS",""
"S_DISAGREE","R2","C016","THREE_REPLICATES_WITH_DISAGREEMENT","SYNTHETIC","M03A2_SYNTHETIC_CONTRACT","tests/fixtures/M03A_2/C016_replicate_disagree_2.csv","27","26","1211.5276586285877","2.1021565846998902","-0.1313317430842704","1211.5276586285877","2.1021565846998902","-0.1313317430842704","FALSE","FALSE","PASS",""
"S_DISAGREE","R2","C016","THREE_REPLICATES_WITH_DISAGREEMENT","SYNTHETIC","M03A2_SYNTHETIC_CONTRACT","tests/fixtures/M03A_2/C016_replicate_disagree_2.csv","28","27","926.11872812879369","2.1036899168773546","-0.17177228976838432","926.11872812879369","2.1036899168773546","-0.17177228976838432","FALSE","FALSE","PASS",""
"S_DISAGREE","R2","C016","THREE_REPLICATES_WITH_DISAGREEMENT","SYNTHETIC","M03A2_SYNTHETIC_CONTRACT","tests/fixtures/M03A_2/C016_replicate_disagree_2.csv","29","28","707.94578438413805","2.1063125880775906","-0.22463493907334725","707.94578438413805","2.1063125880775906","-0.22463493907334725","FALSE","FALSE","PASS",""
"S_DISAGREE","R2","C016","THREE_REPLICATES_WITH_DISAGREEMENT","SYNTHETIC","M03A2_SYNTHETIC_CONTRACT","tests/fixtures/M03A_2/C016_replicate_disagree_2.csv","30","29","541.16952654646377","2.1107968504820165","-0.29369751765345276","541.16952654646377","2.1107968504820165","-0.29369751765345276","FALSE","FALSE","PASS",""
"S_DISAGREE","R2","C016","THREE_REPLICATES_WITH_DISAGREEMENT","SYNTHETIC","M03A2_SYNTHETIC_CONTRACT","tests/fixtures/M03A_2/C016_replicate_disagree_2.csv","31","30","413.68204023885073","2.1184592347172786","-0.38383998540000985","413.68204023885073","2.1184592347172786","-0.38383998540000985","FALSE","FALSE","PASS",""
"S_DISAGREE","R2","C016","THREE_REPLICATES_WITH_DISAGREEMENT","SYNTHETIC","M03A2_SYNTHETIC_CONTRACT","tests/fixtures/M03A_2/C016_replicate_disagree_2.csv","32","31","316.22776601683796","2.1315380467543665","-0.5013080147392931","316.22776601683796","2.1315380467543665","-0.5013080147392931","FALSE","FALSE","PASS",""
"S_DISAGREE","R2","C016","THREE_REPLICATES_WITH_DISAGREEMENT","SYNTHETIC","M03A2_SYNTHETIC_CONTRACT","tests/fixtures/M03A_2/C016_replicate_disagree_2.csv","33","32","241.73154808041014","2.1538210250961094","-0.65396597619943253","241.73154808041014","2.1538210250961094","-0.65396597619943253","FALSE","FALSE","PASS",""
"S_DISAGREE","R2","C016","THREE_REPLICATES_WITH_DISAGREEMENT","SYNTHETIC","M03A2_SYNTHETIC_CONTRACT","tests/fixtures/M03A_2/C016_replicate_disagree_2.csv","34","33","184.78497974222907","2.1916667674946964","-0.85142900097109853","184.78497974222907","2.1916667674946964","-0.85142900097109853","FALSE","FALSE","PASS",""
"S_DISAGREE","R2","C016","THREE_REPLICATES_WITH_DISAGREEMENT","SYNTHETIC","M03A2_SYNTHETIC_CONTRACT","tests/fixtures/M03A_2/C016_replicate_disagree_2.csv","35","34","141.25375446227525","2.2556036634214887","-1.104815281982342","141.25375446227525","2.2556036634214887","-1.104815281982342","FALSE","FALSE","PASS",""
"S_DISAGREE","R2","C016","THREE_REPLICATES_WITH_DISAGREEMENT","SYNTHETIC","M03A2_SYNTHETIC_CONTRACT","tests/fixtures/M03A_2/C016_replicate_disagree_2.csv","36","35","107.97751623277094","2.3626549485499293","-1.4255707511034548","107.97751623277094","2.3626549485499293","-1.4255707511034548","FALSE","FALSE","PASS",""
"S_DISAGREE","R2","C016","THREE_REPLICATES_WITH_DISAGREEMENT","SYNTHETIC","M03A2_SYNTHETIC_CONTRACT","tests/fixtures/M03A_2/C016_replicate_disagree_2.csv","37","36","82.54041852680173","2.5392309439470351","-1.8223401794000142","82.54041852680173","2.5392309439470351","-1.8223401794000142","FALSE","FALSE","PASS",""
"S_DISAGREE","R2","C016","THREE_REPLICATES_WITH_DISAGREEMENT","SYNTHETIC","M03A2_SYNTHETIC_CONTRACT","tests/fixtures/M03A_2/C016_replicate_disagree_2.csv","38","37","63.0957344480193","2.8234155856281591","-2.2943396818029234","63.0957344480193","2.8234155856281591","-2.2943396818029234","FALSE","FALSE","PASS",""
"S_DISAGREE","R2","C016","THREE_REPLICATES_WITH_DISAGREEMENT","SYNTHETIC","M03A2_SYNTHETIC_CONTRACT","tests/fixtures/M03A_2/C016_replicate_disagree_2.csv","39","38","48.231784822393095","3.2631819280597201","-2.8200112103878299","48.231784822393095","3.2631819280597201","-2.8200112103878299","FALSE","FALSE","PASS",""
"S_DISAGREE","R2","C016","THREE_REPLICATES_WITH_DISAGREEMENT","SYNTHETIC","M03A2_SYNTHETIC_CONTRACT","tests/fixtures/M03A_2/C016_replicate_disagree_2.csv","40","39","36.869450645195734","3.9040058933676249","-3.3432932691637864","36.869450645195734","3.9040058933676249","-3.3432932691637864","FALSE","FALSE","PASS",""
"S_DISAGREE","R2","C016","THREE_REPLICATES_WITH_DISAGREEMENT","SYNTHETIC","M03A2_SYNTHETIC_CONTRACT","tests/fixtures/M03A_2/C016_replicate_disagree_2.csv","41","40","28.183829312644551","4.7604902560760491","-3.7690467821364053","28.183829312644551","4.7604902560760491","-3.7690467821364053","FALSE","FALSE","PASS",""
"S_DISAGREE","R2","C016","THREE_REPLICATES_WITH_DISAGREEMENT","SYNTHETIC","M03A2_SYNTHETIC_CONTRACT","tests/fixtures/M03A_2/C016_replicate_disagree_2.csv","42","41","21.544346900318867","5.7819655718361602","-3.9873367179738537","21.544346900318867","5.7819655718361602","-3.9873367179738537","FALSE","FALSE","PASS",""
"S_DISAGREE","R2","C016","THREE_REPLICATES_WITH_DISAGREEMENT","SYNTHETIC","M03A2_SYNTHETIC_CONTRACT","tests/fixtures/M03A_2/C016_replicate_disagree_2.csv","43","42","16.468978654828689","6.8469634991013084","-3.9296368192251978","16.468978654828689","6.8469634991013084","-3.9296368192251978","FALSE","FALSE","PASS",""
"S_DISAGREE","R2","C016","THREE_REPLICATES_WITH_DISAGREEMENT","SYNTHETIC","M03A2_SYNTHETIC_CONTRACT","tests/fixtures/M03A_2/C016_replicate_disagree_2.csv","44","43","12.589254117941687","7.8124818676228873","-3.6148866998929341","12.589254117941687","7.8124818676228873","-3.6148866998929341","FALSE","FALSE","PASS",""
"S_DISAGREE","R2","C016","THREE_REPLICATES_WITH_DISAGREEMENT","SYNTHETIC","M03A2_SYNTHETIC_CONTRACT","tests/fixtures/M03A_2/C016_replicate_disagree_2.csv","45","44","9.6235062639808877","8.5830090066133735","-3.1360271480133686","9.6235062639808877","8.5830090066133735","-3.1360271480133686","FALSE","FALSE","PASS",""
"S_DISAGREE","R2","C016","THREE_REPLICATES_WITH_DISAGREEMENT","SYNTHETIC","M03A2_SYNTHETIC_CONTRACT","tests/fixtures/M03A_2/C016_replicate_disagree_2.csv","46","45","7.3564225445964215","9.1377130438621528","-2.6023642064764374","7.3564225445964215","9.1377130438621528","-2.6023642064764374","FALSE","FALSE","PASS",""
"S_DISAGREE","R2","C016","THREE_REPLICATES_WITH_DISAGREEMENT","SYNTHETIC","M03A2_SYNTHETIC_CONTRACT","tests/fixtures/M03A_2/C016_replicate_disagree_2.csv","47","46","5.6234132519034912","9.5081022630393921","-2.0940007078952414","5.6234132519034912","9.5081022630393921","-2.0940007078952414","FALSE","FALSE","PASS",""
"S_DISAGREE","R2","C016","THREE_REPLICATES_WITH_DISAGREEMENT","SYNTHETIC","M03A2_SYNTHETIC_CONTRACT","tests/fixtures/M03A_2/C016_replicate_disagree_2.csv","48","47","4.2986623470822725","9.7431554487029572","-1.651489744620277","4.2986623470822725","9.7431554487029572","-1.651489744620277","FALSE","FALSE","PASS",""
"S_DISAGREE","R2","C016","THREE_REPLICATES_WITH_DISAGREEMENT","SYNTHETIC","M03A2_SYNTHETIC_CONTRACT","tests/fixtures/M03A_2/C016_replicate_disagree_2.csv","49","48","3.2859932476006541","9.887541829954003","-1.2862841390410882","3.2859932476006541","9.887541829954003","-1.2862841390410882","FALSE","FALSE","PASS",""
"S_DISAGREE","R2","C016","THREE_REPLICATES_WITH_DISAGREEMENT","SYNTHETIC","M03A2_SYNTHETIC_CONTRACT","tests/fixtures/M03A_2/C016_replicate_disagree_2.csv","50","49","2.511886431509577","9.9744661549166214","-0.99423941503322122","2.511886431509577","9.9744661549166214","-0.99423941503322122","FALSE","FALSE","PASS",""
"S_DISAGREE","R2","C016","THREE_REPLICATES_WITH_DISAGREEMENT","SYNTHETIC","M03A2_SYNTHETIC_CONTRACT","tests/fixtures/M03A_2/C016_replicate_disagree_2.csv","51","50","1.920141938638801","10.026163786025416","-0.76500844786353428","1.920141938638801","10.026163786025416","-0.76500844786353428","FALSE","FALSE","PASS",""
"S_DISAGREE","R2","C016","THREE_REPLICATES_WITH_DISAGREEMENT","SYNTHETIC","M03A2_SYNTHETIC_CONTRACT","tests/fixtures/M03A_2/C016_replicate_disagree_2.csv","52","51","1.4677992676220675","10.056688284244963","-0.58704158397737194","1.4677992676220675","10.056688284244963","-0.58704158397737194","FALSE","FALSE","PASS",""
"S_DISAGREE","R2","C016","THREE_REPLICATES_WITH_DISAGREEMENT","SYNTHETIC","M03A2_SYNTHETIC_CONTRACT","tests/fixtures/M03A_2/C016_replicate_disagree_2.csv","53","52","1.1220184543019629","10.074634088346336","-0.44975978450201171","1.1220184543019629","10.074634088346336","-0.44975978450201171","FALSE","FALSE","PASS",""
"S_DISAGREE","R2","C016","THREE_REPLICATES_WITH_DISAGREEMENT","SYNTHETIC","M03A2_SYNTHETIC_CONTRACT","tests/fixtures/M03A_2/C016_replicate_disagree_2.csv","54","53","0.85769589859089457","10.085158086508994","-0.34426011318764721","0.85769589859089457","10.085158086508994","-0.34426011318764721","FALSE","FALSE","PASS",""
"S_DISAGREE","R2","C016","THREE_REPLICATES_WITH_DISAGREEMENT","SYNTHETIC","M03A2_SYNTHETIC_CONTRACT","tests/fixtures/M03A_2/C016_replicate_disagree_2.csv","55","54","0.65564184941797854","10.09132056217889","-0.26336319015381915","0.65564184941797854","10.09132056217889","-0.26336319015381915","FALSE","FALSE","PASS",""
"S_DISAGREE","R2","C016","THREE_REPLICATES_WITH_DISAGREEMENT","SYNTHETIC","M03A2_SYNTHETIC_CONTRACT","tests/fixtures/M03A_2/C016_replicate_disagree_2.csv","56","55","0.50118723362727247","10.09492595684401","-0.20141151738162108","0.50118723362727247","10.09492595684401","-0.20141151738162108","FALSE","FALSE","PASS",""
"S_DISAGREE","R2","C016","THREE_REPLICATES_WITH_DISAGREEMENT","SYNTHETIC","M03A2_SYNTHETIC_CONTRACT","tests/fixtures/M03A_2/C016_replicate_disagree_2.csv","57","56","0.38311868495572932","10.097034244577632","-0.15400405083539176","0.38311868495572932","10.097034244577632","-0.15400405083539176","FALSE","FALSE","PASS",""
"S_DISAGREE","R2","C016","THREE_REPLICATES_WITH_DISAGREEMENT","SYNTHETIC","M03A2_SYNTHETIC_CONTRACT","tests/fixtures/M03A_2/C016_replicate_disagree_2.csv","58","57","0.29286445646252374","10.098266719198833","-0.1177422700095699","0.29286445646252374","10.098266719198833","-0.1177422700095699","FALSE","FALSE","PASS",""
"S_DISAGREE","R2","C016","THREE_REPLICATES_WITH_DISAGREEMENT","SYNTHETIC","M03A2_SYNTHETIC_CONTRACT","tests/fixtures/M03A_2/C016_replicate_disagree_2.csv","59","58","0.22387211385683423","10.098987081026802","-0.090012920076708275","0.22387211385683423","10.098987081026802","-0.090012920076708275","FALSE","FALSE","PASS",""
"S_DISAGREE","R2","C016","THREE_REPLICATES_WITH_DISAGREEMENT","SYNTHETIC","M03A2_SYNTHETIC_CONTRACT","tests/fixtures/M03A_2/C016_replicate_disagree_2.csv","60","59","0.17113283041617811","10.099408078343584","-0.068811502527347621","0.17113283041617811","10.099408078343584","-0.068811502527347621","FALSE","FALSE","PASS",""
"S_DISAGREE","R2","C016","THREE_REPLICATES_WITH_DISAGREEMENT","SYNTHETIC","M03A2_SYNTHETIC_CONTRACT","tests/fixtures/M03A_2/C016_replicate_disagree_2.csv","61","60","0.13081774742601956","10.099654105024799","-0.052602663033967462","0.13081774742601956","10.099654105024799","-0.052602663033967462","FALSE","FALSE","PASS",""
"S_DISAGREE","R2","C016","THREE_REPLICATES_WITH_DISAGREEMENT","SYNTHETIC","M03A2_SYNTHETIC_CONTRACT","tests/fixtures/M03A_2/C016_replicate_disagree_2.csv","62","61","0.10000000000000001","10.099797875608779","-0.040211369977945235","0.10000000000000001","10.099797875608779","-0.040211369977945235","FALSE","FALSE","PASS",""
"S_DISAGREE","R3","C017","THREE_REPLICATES_WITH_DISAGREEMENT","SYNTHETIC","M03A2_SYNTHETIC_CONTRACT","tests/fixtures/M03A_2/C017_replicate_disagree_3.csv","2","1","1000000","3.0000000031662868","-0.00015915494302890407","1000000","3.0000000031662868","-0.00015915494302890407","FALSE","FALSE","PASS",""
"S_DISAGREE","R3","C017","THREE_REPLICATES_WITH_DISAGREEMENT","SYNTHETIC","M03A2_SYNTHETIC_CONTRACT","tests/fixtures/M03A_2/C017_replicate_disagree_3.csv","3","2","764422.27425260097","3.0000000054185567","-0.00020820291132896045","764422.27425260097","3.0000000054185567","-0.00020820291132896045","FALSE","FALSE","PASS",""
"S_DISAGREE","R3","C017","THREE_REPLICATES_WITH_DISAGREEMENT","SYNTHETIC","M03A2_SYNTHETIC_CONTRACT","tests/fixtures/M03A_2/C017_replicate_disagree_3.csv","4","3","584341.41337351757","3.0000000092729291","-0.00027236635854471374","584341.41337351757","3.0000000092729291","-0.00027236635854471374","FALSE","FALSE","PASS",""
"S_DISAGREE","R3","C017","THREE_REPLICATES_WITH_DISAGREEMENT","SYNTHETIC","M03A2_SYNTHETIC_CONTRACT","tests/fixtures/M03A_2/C017_replicate_disagree_3.csv","5","4","446683.59215096349","3.0000000158690261","-0.00035630353470069315","446683.59215096349","3.0000000158690261","-0.00035630353470069315","FALSE","FALSE","PASS",""
"S_DISAGREE","R3","C017","THREE_REPLICATES_WITH_DISAGREEMENT","SYNTHETIC","M03A2_SYNTHETIC_CONTRACT","tests/fixtures/M03A_2/C017_replicate_disagree_3.csv","6","5","341454.88738336007","3.0000000271571134","-0.00046610825743704891","341454.88738336007","3.0000000271571134","-0.00046610825743704891","FALSE","FALSE","PASS",""
"S_DISAGREE","R3","C017","THREE_REPLICATES_WITH_DISAGREEMENT","SYNTHETIC","M03A2_SYNTHETIC_CONTRACT","tests/fixtures/M03A_2/C017_replicate_disagree_3.csv","7","6","261015.72156825385","3.0000000464747369","-0.00060975232147344766","261015.72156825385","3.0000000464747369","-0.00060975232147344766","FALSE","FALSE","PASS",""
"S_DISAGREE","R3","C017","THREE_REPLICATES_WITH_DISAGREEMENT","SYNTHETIC","M03A2_SYNTHETIC_CONTRACT","tests/fixtures/M03A_2/C017_replicate_disagree_3.csv","8","7","199526.23149688789","3.0000000795335326","-0.00079766424853319794","199526.23149688789","3.0000000795335326","-0.00079766424853319794","FALSE","FALSE","PASS",""
"S_DISAGREE","R3","C017","THREE_REPLICATES_WITH_DISAGREEMENT","SYNTHETIC","M03A2_SYNTHETIC_CONTRACT","tests/fixtures/M03A_2/C017_replicate_disagree_3.csv","9","8","152522.29565390197","3.0000001361079844","-0.0010434863945744798","152522.29565390197","3.0000001361079844","-0.0010434863945744798","FALSE","FALSE","PASS",""
"S_DISAGREE","R3","C017","THREE_REPLICATES_WITH_DISAGREEMENT","SYNTHETIC","M03A2_SYNTHETIC_CONTRACT","tests/fixtures/M03A_2/C017_replicate_disagree_3.csv","10","9","116591.4401179831","3.0000002329254429","-0.0013650653795590504","116591.4401179831","3.0000002329254429","-0.0013650653795590504","FALSE","FALSE","PASS",""
"S_DISAGREE","R3","C017","THREE_REPLICATES_WITH_DISAGREEMENT","SYNTHETIC","M03A2_SYNTHETIC_CONTRACT","tests/fixtures/M03A_2/C017_replicate_disagree_3.csv","11","10","89125.093813374595","3.000000398611895","-0.0017857477434473118","89125.093813374595","3.000000398611895","-0.0017857477434473118","FALSE","FALSE","PASS",""
"S_DISAGREE","R3","C017","THREE_REPLICATES_WITH_DISAGREEMENT","SYNTHETIC","M03A2_SYNTHETIC_CONTRACT","tests/fixtures/M03A_2/C017_replicate_disagree_3.csv","12","11","68129.206905796222","3.0000006821557945","-0.0023360748898912636","68129.206905796222","3.0000006821557945","-0.0023360748898912636","FALSE","FALSE","PASS",""
"S_DISAGREE","R3","C017","THREE_REPLICATES_WITH_DISAGREEMENT","SYNTHETIC","M03A2_SYNTHETIC_CONTRACT","tests/fixtures/M03A_2/C017_replicate_disagree_3.csv","13","12","52079.483285954651","3.0000011673924485","-0.0030560003637801663","52079.483285954651","3.0000011673924485","-0.0030560003637801663","FALSE","FALSE","PASS",""
"S_DISAGREE","R3","C017","THREE_REPLICATES_WITH_DISAGREEMENT","SYNTHETIC","M03A2_SYNTHETIC_CONTRACT","tests/fixtures/M03A_2/C017_replicate_disagree_3.csv","14","13","39810.717055349691","3.0000019977915313","-0.003997790422257886","39810.717055349691","3.0000019977915313","-0.003997790422257886","FALSE","FALSE","PASS",""
"S_DISAGREE","R3","C017","THREE_REPLICATES_WITH_DISAGREEMENT","SYNTHETIC","M03A2_SYNTHETIC_CONTRACT","tests/fixtures/M03A_2/C017_replicate_disagree_3.csv","15","14","30432.19887107722","3.0000034188765863","-0.0052298184482084094","30432.19887107722","3.0000034188765863","-0.0052298184482084094","FALSE","FALSE","PASS",""
"S_DISAGREE","R3","C017","THREE_REPLICATES_WITH_DISAGREEMENT","SYNTHETIC","M03A2_SYNTHETIC_CONTRACT","tests/fixtures/M03A_2/C017_replicate_disagree_3.csv","16","15","23263.050671536286","3.0000058508184919","-0.0068415286086401022","23263.050671536286","3.0000058508184919","-0.0068415286086401022","FALSE","FALSE","PASS",""
"S_DISAGREE","R3","C017","THREE_REPLICATES_WITH_DISAGREEMENT","SYNTHETIC","M03A2_SYNTHETIC_CONTRACT","tests/fixtures/M03A_2/C017_replicate_disagree_3.csv","17","16","17782.794100389227","3.0000100126660789","-0.0089499289592938208","17782.794100389227","3.0000100126660789","-0.0089499289592938208","FALSE","FALSE","PASS",""
"S_DISAGREE","R3","C017","THREE_REPLICATES_WITH_DISAGREEMENT","SYNTHETIC","M03A2_SYNTHETIC_CONTRACT","tests/fixtures/M03A_2/C017_replicate_disagree_3.csv","18","17","13593.563908785241","3.0000171349436058","-0.011708085037225978","13593.563908785241","3.0000171349436058","-0.011708085037225978","FALSE","FALSE","PASS",""
"S_DISAGREE","R3","C017","THREE_REPLICATES_WITH_DISAGREEMENT","SYNTHETIC","M03A2_SYNTHETIC_CONTRACT","tests/fixtures/M03A_2/C017_replicate_disagree_3.csv","19","18","10391.223038351691","3.0000293234693061","-0.015316229777053764","10391.223038351691","3.0000293234693061","-0.015316229777053764","FALSE","FALSE","PASS",""
"S_DISAGREE","R3","C017","THREE_REPLICATES_WITH_DISAGREEMENT","SYNTHETIC","M03A2_SYNTHETIC_CONTRACT","tests/fixtures/M03A_2/C017_replicate_disagree_3.csv","20","19","7943.2823472428136","3.000050181952159","-0.020036294543769002","7943.2823472428136","3.000050181952159","-0.020036294543769002","FALSE","FALSE","PASS",""
"S_DISAGREE","R3","C017","THREE_REPLICATES_WITH_DISAGREEMENT","SYNTHETIC","M03A2_SYNTHETIC_CONTRACT","tests/fixtures/M03A_2/C017_replicate_disagree_3.csv","21","20","6072.0219569098836","3.0000858774119048","-0.026210912237225267","6072.0219569098836","3.0000858774119048","-0.026210912237225267","FALSE","FALSE","PASS",""
"S_DISAGREE","R3","C017","THREE_REPLICATES_WITH_DISAGREEMENT","SYNTHETIC","M03A2_SYNTHETIC_CONTRACT","tests/fixtures/M03A_2/C017_replicate_disagree_3.csv","22","21","4641.5888336127819","3.0001469633234863","-0.0342882631475128","4641.5888336127819","3.0001469633234863","-0.0342882631475128","FALSE","FALSE","PASS",""
"S_DISAGREE","R3","C017","THREE_REPLICATES_WITH_DISAGREEMENT","SYNTHETIC","M03A2_SYNTHETIC_CONTRACT","tests/fixtures/M03A_2/C017_replicate_disagree_3.csv","23","22","3548.1338923357566","3.0002514992087161","-0.044854547348929005","3548.1338923357566","3.0002514992087161","-0.044854547348929005","FALSE","FALSE","PASS",""
"S_DISAGREE","R3","C017","THREE_REPLICATES_WITH_DISAGREEMENT","SYNTHETIC","M03A2_SYNTHETIC_CONTRACT","tests/fixtures/M03A_2/C017_replicate_disagree_3.csv","24","23","2712.2725793320296","3.0004303880898768","-0.058676396320054031","2712.2725793320296","3.0004303880898768","-0.058676396320054031","FALSE","FALSE","PASS",""
"S_DISAGREE","R3","C017","THREE_REPLICATES_WITH_DISAGREEMENT","SYNTHETIC","M03A2_SYNTHETIC_CONTRACT","tests/fixtures/M03A_2/C017_replicate_disagree_3.csv","25","24","2073.3215734859541","3.000736507135028","-0.076756202599306128","2073.3215734859541","3.000736507135028","-0.076756202599306128","FALSE","FALSE","PASS",""
"S_DISAGREE","R3","C017","THREE_REPLICATES_WITH_DISAGREEMENT","SYNTHETIC","M03A2_SYNTHETIC_CONTRACT","tests/fixtures/M03A_2/C017_replicate_disagree_3.csv","26","25","1584.8931924611124","3.0012603229712469","-0.10040416005317282","1584.8931924611124","3.0012603229712469","-0.10040416005317282","FALSE","FALSE","PASS",""
"S_DISAGREE","R3","C017","THREE_REPLICATES_WITH_DISAGREEMENT","SYNTHETIC","M03A2_SYNTHETIC_CONTRACT","tests/fixtures/M03A_2/C017_replicate_disagree_3.csv","27","26","1211.5276586285877","3.0021565846998901","-0.1313317430842704","1211.5276586285877","3.0021565846998901","-0.1313317430842704","FALSE","FALSE","PASS",""
"S_DISAGREE","R3","C017","THREE_REPLICATES_WITH_DISAGREEMENT","SYNTHETIC","M03A2_SYNTHETIC_CONTRACT","tests/fixtures/M03A_2/C017_replicate_disagree_3.csv","28","27","926.11872812879369","3.0036899168773545","-0.17177228976838432","926.11872812879369","3.0036899168773545","-0.17177228976838432","FALSE","FALSE","PASS",""
"S_DISAGREE","R3","C017","THREE_REPLICATES_WITH_DISAGREEMENT","SYNTHETIC","M03A2_SYNTHETIC_CONTRACT","tests/fixtures/M03A_2/C017_replicate_disagree_3.csv","29","28","707.94578438413805","3.0063125880775905","-0.22463493907334725","707.94578438413805","3.0063125880775905","-0.22463493907334725","FALSE","FALSE","PASS",""
"S_DISAGREE","R3","C017","THREE_REPLICATES_WITH_DISAGREEMENT","SYNTHETIC","M03A2_SYNTHETIC_CONTRACT","tests/fixtures/M03A_2/C017_replicate_disagree_3.csv","30","29","541.16952654646377","3.0107968504820164","-0.29369751765345276","541.16952654646377","3.0107968504820164","-0.29369751765345276","FALSE","FALSE","PASS",""
"S_DISAGREE","R3","C017","THREE_REPLICATES_WITH_DISAGREEMENT","SYNTHETIC","M03A2_SYNTHETIC_CONTRACT","tests/fixtures/M03A_2/C017_replicate_disagree_3.csv","31","30","413.68204023885073","3.0184592347172785","-0.38383998540000985","413.68204023885073","3.0184592347172785","-0.38383998540000985","FALSE","FALSE","PASS",""
"S_DISAGREE","R3","C017","THREE_REPLICATES_WITH_DISAGREEMENT","SYNTHETIC","M03A2_SYNTHETIC_CONTRACT","tests/fixtures/M03A_2/C017_replicate_disagree_3.csv","32","31","316.22776601683796","3.0315380467543664","-0.5013080147392931","316.22776601683796","3.0315380467543664","-0.5013080147392931","FALSE","FALSE","PASS",""
"S_DISAGREE","R3","C017","THREE_REPLICATES_WITH_DISAGREEMENT","SYNTHETIC","M03A2_SYNTHETIC_CONTRACT","tests/fixtures/M03A_2/C017_replicate_disagree_3.csv","33","32","241.73154808041014","3.0538210250961093","-0.65396597619943253","241.73154808041014","3.0538210250961093","-0.65396597619943253","FALSE","FALSE","PASS",""
"S_DISAGREE","R3","C017","THREE_REPLICATES_WITH_DISAGREEMENT","SYNTHETIC","M03A2_SYNTHETIC_CONTRACT","tests/fixtures/M03A_2/C017_replicate_disagree_3.csv","34","33","184.78497974222907","3.0916667674946963","-0.85142900097109853","184.78497974222907","3.0916667674946963","-0.85142900097109853","FALSE","FALSE","PASS",""
"S_DISAGREE","R3","C017","THREE_REPLICATES_WITH_DISAGREEMENT","SYNTHETIC","M03A2_SYNTHETIC_CONTRACT","tests/fixtures/M03A_2/C017_replicate_disagree_3.csv","35","34","141.25375446227525","3.1556036634214886","-1.104815281982342","141.25375446227525","3.1556036634214886","-1.104815281982342","FALSE","FALSE","PASS",""
"S_DISAGREE","R3","C017","THREE_REPLICATES_WITH_DISAGREEMENT","SYNTHETIC","M03A2_SYNTHETIC_CONTRACT","tests/fixtures/M03A_2/C017_replicate_disagree_3.csv","36","35","107.97751623277094","3.2626549485499292","-1.4255707511034548","107.97751623277094","3.2626549485499292","-1.4255707511034548","FALSE","FALSE","PASS",""
"S_DISAGREE","R3","C017","THREE_REPLICATES_WITH_DISAGREEMENT","SYNTHETIC","M03A2_SYNTHETIC_CONTRACT","tests/fixtures/M03A_2/C017_replicate_disagree_3.csv","37","36","82.54041852680173","3.439230943947035","-1.8223401794000142","82.54041852680173","3.439230943947035","-1.8223401794000142","FALSE","FALSE","PASS",""
"S_DISAGREE","R3","C017","THREE_REPLICATES_WITH_DISAGREEMENT","SYNTHETIC","M03A2_SYNTHETIC_CONTRACT","tests/fixtures/M03A_2/C017_replicate_disagree_3.csv","38","37","63.0957344480193","3.723415585628159","-2.2943396818029234","63.0957344480193","3.723415585628159","-2.2943396818029234","FALSE","FALSE","PASS",""
"S_DISAGREE","R3","C017","THREE_REPLICATES_WITH_DISAGREEMENT","SYNTHETIC","M03A2_SYNTHETIC_CONTRACT","tests/fixtures/M03A_2/C017_replicate_disagree_3.csv","39","38","48.231784822393095","4.1631819280597195","-2.8200112103878299","48.231784822393095","4.1631819280597195","-2.8200112103878299","FALSE","FALSE","PASS",""
"S_DISAGREE","R3","C017","THREE_REPLICATES_WITH_DISAGREEMENT","SYNTHETIC","M03A2_SYNTHETIC_CONTRACT","tests/fixtures/M03A_2/C017_replicate_disagree_3.csv","40","39","36.869450645195734","4.8040058933676253","-3.3432932691637864","36.869450645195734","4.8040058933676253","-3.3432932691637864","FALSE","FALSE","PASS",""
"S_DISAGREE","R3","C017","THREE_REPLICATES_WITH_DISAGREEMENT","SYNTHETIC","M03A2_SYNTHETIC_CONTRACT","tests/fixtures/M03A_2/C017_replicate_disagree_3.csv","41","40","28.183829312644551","5.6604902560760486","-3.7690467821364053","28.183829312644551","5.6604902560760486","-3.7690467821364053","FALSE","FALSE","PASS",""
"S_DISAGREE","R3","C017","THREE_REPLICATES_WITH_DISAGREEMENT","SYNTHETIC","M03A2_SYNTHETIC_CONTRACT","tests/fixtures/M03A_2/C017_replicate_disagree_3.csv","42","41","21.544346900318867","6.6819655718361606","-3.9873367179738537","21.544346900318867","6.6819655718361606","-3.9873367179738537","FALSE","FALSE","PASS",""
"S_DISAGREE","R3","C017","THREE_REPLICATES_WITH_DISAGREEMENT","SYNTHETIC","M03A2_SYNTHETIC_CONTRACT","tests/fixtures/M03A_2/C017_replicate_disagree_3.csv","43","42","16.468978654828689","7.7469634991013088","-3.9296368192251978","16.468978654828689","7.7469634991013088","-3.9296368192251978","FALSE","FALSE","PASS",""
"S_DISAGREE","R3","C017","THREE_REPLICATES_WITH_DISAGREEMENT","SYNTHETIC","M03A2_SYNTHETIC_CONTRACT","tests/fixtures/M03A_2/C017_replicate_disagree_3.csv","44","43","12.589254117941687","8.7124818676228877","-3.6148866998929341","12.589254117941687","8.7124818676228877","-3.6148866998929341","FALSE","FALSE","PASS",""
"S_DISAGREE","R3","C017","THREE_REPLICATES_WITH_DISAGREEMENT","SYNTHETIC","M03A2_SYNTHETIC_CONTRACT","tests/fixtures/M03A_2/C017_replicate_disagree_3.csv","45","44","9.6235062639808877","9.4830090066133739","-3.1360271480133686","9.6235062639808877","9.4830090066133739","-3.1360271480133686","FALSE","FALSE","PASS",""
"S_DISAGREE","R3","C017","THREE_REPLICATES_WITH_DISAGREEMENT","SYNTHETIC","M03A2_SYNTHETIC_CONTRACT","tests/fixtures/M03A_2/C017_replicate_disagree_3.csv","46","45","7.3564225445964215","10.037713043862151","-2.6023642064764374","7.3564225445964215","10.037713043862151","-2.6023642064764374","FALSE","FALSE","PASS",""
"S_DISAGREE","R3","C017","THREE_REPLICATES_WITH_DISAGREEMENT","SYNTHETIC","M03A2_SYNTHETIC_CONTRACT","tests/fixtures/M03A_2/C017_replicate_disagree_3.csv","47","46","5.6234132519034912","10.408102263039392","-2.0940007078952414","5.6234132519034912","10.408102263039392","-2.0940007078952414","FALSE","FALSE","PASS",""
"S_DISAGREE","R3","C017","THREE_REPLICATES_WITH_DISAGREEMENT","SYNTHETIC","M03A2_SYNTHETIC_CONTRACT","tests/fixtures/M03A_2/C017_replicate_disagree_3.csv","48","47","4.2986623470822725","10.643155448702958","-1.651489744620277","4.2986623470822725","10.643155448702958","-1.651489744620277","FALSE","FALSE","PASS",""
"S_DISAGREE","R3","C017","THREE_REPLICATES_WITH_DISAGREEMENT","SYNTHETIC","M03A2_SYNTHETIC_CONTRACT","tests/fixtures/M03A_2/C017_replicate_disagree_3.csv","49","48","3.2859932476006541","10.787541829954003","-1.2862841390410882","3.2859932476006541","10.787541829954003","-1.2862841390410882","FALSE","FALSE","PASS",""
"S_DISAGREE","R3","C017","THREE_REPLICATES_WITH_DISAGREEMENT","SYNTHETIC","M03A2_SYNTHETIC_CONTRACT","tests/fixtures/M03A_2/C017_replicate_disagree_3.csv","50","49","2.511886431509577","10.874466154916622","-0.99423941503322122","2.511886431509577","10.874466154916622","-0.99423941503322122","FALSE","FALSE","PASS",""
"S_DISAGREE","R3","C017","THREE_REPLICATES_WITH_DISAGREEMENT","SYNTHETIC","M03A2_SYNTHETIC_CONTRACT","tests/fixtures/M03A_2/C017_replicate_disagree_3.csv","51","50","1.920141938638801","10.926163786025416","-0.76500844786353428","1.920141938638801","10.926163786025416","-0.76500844786353428","FALSE","FALSE","PASS",""
"S_DISAGREE","R3","C017","THREE_REPLICATES_WITH_DISAGREEMENT","SYNTHETIC","M03A2_SYNTHETIC_CONTRACT","tests/fixtures/M03A_2/C017_replicate_disagree_3.csv","52","51","1.4677992676220675","10.956688284244962","-0.58704158397737194","1.4677992676220675","10.956688284244962","-0.58704158397737194","FALSE","FALSE","PASS",""
"S_DISAGREE","R3","C017","THREE_REPLICATES_WITH_DISAGREEMENT","SYNTHETIC","M03A2_SYNTHETIC_CONTRACT","tests/fixtures/M03A_2/C017_replicate_disagree_3.csv","53","52","1.1220184543019629","10.974634088346335","-0.44975978450201171","1.1220184543019629","10.974634088346335","-0.44975978450201171","FALSE","FALSE","PASS",""
"S_DISAGREE","R3","C017","THREE_REPLICATES_WITH_DISAGREEMENT","SYNTHETIC","M03A2_SYNTHETIC_CONTRACT","tests/fixtures/M03A_2/C017_replicate_disagree_3.csv","54","53","0.85769589859089457","10.985158086508994","-0.34426011318764721","0.85769589859089457","10.985158086508994","-0.34426011318764721","FALSE","FALSE","PASS",""
"S_DISAGREE","R3","C017","THREE_REPLICATES_WITH_DISAGREEMENT","SYNTHETIC","M03A2_SYNTHETIC_CONTRACT","tests/fixtures/M03A_2/C017_replicate_disagree_3.csv","55","54","0.65564184941797854","10.99132056217889","-0.26336319015381915","0.65564184941797854","10.99132056217889","-0.26336319015381915","FALSE","FALSE","PASS",""
"S_DISAGREE","R3","C017","THREE_REPLICATES_WITH_DISAGREEMENT","SYNTHETIC","M03A2_SYNTHETIC_CONTRACT","tests/fixtures/M03A_2/C017_replicate_disagree_3.csv","56","55","0.50118723362727247","10.994925956844011","-0.20141151738162108","0.50118723362727247","10.994925956844011","-0.20141151738162108","FALSE","FALSE","PASS",""
"S_DISAGREE","R3","C017","THREE_REPLICATES_WITH_DISAGREEMENT","SYNTHETIC","M03A2_SYNTHETIC_CONTRACT","tests/fixtures/M03A_2/C017_replicate_disagree_3.csv","57","56","0.38311868495572932","10.997034244577632","-0.15400405083539176","0.38311868495572932","10.997034244577632","-0.15400405083539176","FALSE","FALSE","PASS",""
"S_DISAGREE","R3","C017","THREE_REPLICATES_WITH_DISAGREEMENT","SYNTHETIC","M03A2_SYNTHETIC_CONTRACT","tests/fixtures/M03A_2/C017_replicate_disagree_3.csv","58","57","0.29286445646252374","10.998266719198833","-0.1177422700095699","0.29286445646252374","10.998266719198833","-0.1177422700095699","FALSE","FALSE","PASS",""
"S_DISAGREE","R3","C017","THREE_REPLICATES_WITH_DISAGREEMENT","SYNTHETIC","M03A2_SYNTHETIC_CONTRACT","tests/fixtures/M03A_2/C017_replicate_disagree_3.csv","59","58","0.22387211385683423","10.998987081026803","-0.090012920076708275","0.22387211385683423","10.998987081026803","-0.090012920076708275","FALSE","FALSE","PASS",""
"S_DISAGREE","R3","C017","THREE_REPLICATES_WITH_DISAGREEMENT","SYNTHETIC","M03A2_SYNTHETIC_CONTRACT","tests/fixtures/M03A_2/C017_replicate_disagree_3.csv","60","59","0.17113283041617811","10.999408078343585","-0.068811502527347621","0.17113283041617811","10.999408078343585","-0.068811502527347621","FALSE","FALSE","PASS",""
"S_DISAGREE","R3","C017","THREE_REPLICATES_WITH_DISAGREEMENT","SYNTHETIC","M03A2_SYNTHETIC_CONTRACT","tests/fixtures/M03A_2/C017_replicate_disagree_3.csv","61","60","0.13081774742601956","10.999654105024799","-0.052602663033967462","0.13081774742601956","10.999654105024799","-0.052602663033967462","FALSE","FALSE","PASS",""
"S_DISAGREE","R3","C017","THREE_REPLICATES_WITH_DISAGREEMENT","SYNTHETIC","M03A2_SYNTHETIC_CONTRACT","tests/fixtures/M03A_2/C017_replicate_disagree_3.csv","62","61","0.10000000000000001","10.999797875608778","-0.040211369977945235","0.10000000000000001","10.999797875608778","-0.040211369977945235","FALSE","FALSE","PASS",""
"S_C018","R1","C018","NEGATIVE_DEEMBEDDED_RESISTANCE","SYNTHETIC","M03A2_SYNTHETIC_CONTRACT","tests/fixtures/M03A_2/C018_negative_deembedded.csv","2","1","1000000","0.40000000000000002","0","1000000","0.40000000000000002","0","FALSE","FALSE","PASS",""
"S_C018","R1","C018","NEGATIVE_DEEMBEDDED_RESISTANCE","SYNTHETIC","M03A2_SYNTHETIC_CONTRACT","tests/fixtures/M03A_2/C018_negative_deembedded.csv","3","2","668343.91756861494","0.40000000000000002","0","668343.91756861494","0.40000000000000002","0","FALSE","FALSE","PASS",""
"S_C018","R1","C018","NEGATIVE_DEEMBEDDED_RESISTANCE","SYNTHETIC","M03A2_SYNTHETIC_CONTRACT","tests/fixtures/M03A_2/C018_negative_deembedded.csv","4","3","446683.59215096349","0.40000000000000002","0","446683.59215096349","0.40000000000000002","0","FALSE","FALSE","PASS",""
"S_C018","R1","C018","NEGATIVE_DEEMBEDDED_RESISTANCE","SYNTHETIC","M03A2_SYNTHETIC_CONTRACT","tests/fixtures/M03A_2/C018_negative_deembedded.csv","5","4","298538.26189179573","0.40000000000000002","0","298538.26189179573","0.40000000000000002","0","FALSE","FALSE","PASS",""
"S_C018","R1","C018","NEGATIVE_DEEMBEDDED_RESISTANCE","SYNTHETIC","M03A2_SYNTHETIC_CONTRACT","tests/fixtures/M03A_2/C018_negative_deembedded.csv","6","5","199526.23149688789","0.40000000000000002","0","199526.23149688789","0.40000000000000002","0","FALSE","FALSE","PASS",""
"S_C018","R1","C018","NEGATIVE_DEEMBEDDED_RESISTANCE","SYNTHETIC","M03A2_SYNTHETIC_CONTRACT","tests/fixtures/M03A_2/C018_negative_deembedded.csv","7","6","133352.14321633239","0.40000000000000002","0","133352.14321633239","0.40000000000000002","0","FALSE","FALSE","PASS",""
"S_C018","R1","C018","NEGATIVE_DEEMBEDDED_RESISTANCE","SYNTHETIC","M03A2_SYNTHETIC_CONTRACT","tests/fixtures/M03A_2/C018_negative_deembedded.csv","8","7","89125.093813374595","0.40000000000000002","0","89125.093813374595","0.40000000000000002","0","FALSE","FALSE","PASS",""
"S_C018","R1","C018","NEGATIVE_DEEMBEDDED_RESISTANCE","SYNTHETIC","M03A2_SYNTHETIC_CONTRACT","tests/fixtures/M03A_2/C018_negative_deembedded.csv","9","8","59566.214352901094","0.40000000000000002","0","59566.214352901094","0.40000000000000002","0","FALSE","FALSE","PASS",""
"S_C018","R1","C018","NEGATIVE_DEEMBEDDED_RESISTANCE","SYNTHETIC","M03A2_SYNTHETIC_CONTRACT","tests/fixtures/M03A_2/C018_negative_deembedded.csv","10","9","39810.717055349691","0.40000000000000002","0","39810.717055349691","0.40000000000000002","0","FALSE","FALSE","PASS",""
"S_C018","R1","C018","NEGATIVE_DEEMBEDDED_RESISTANCE","SYNTHETIC","M03A2_SYNTHETIC_CONTRACT","tests/fixtures/M03A_2/C018_negative_deembedded.csv","11","10","26607.250597988084","0.40000000000000002","0","26607.250597988084","0.40000000000000002","0","FALSE","FALSE","PASS",""
"S_C018","R1","C018","NEGATIVE_DEEMBEDDED_RESISTANCE","SYNTHETIC","M03A2_SYNTHETIC_CONTRACT","tests/fixtures/M03A_2/C018_negative_deembedded.csv","12","11","17782.794100389227","0.40000000000000002","0","17782.794100389227","0.40000000000000002","0","FALSE","FALSE","PASS",""
"S_C018","R1","C018","NEGATIVE_DEEMBEDDED_RESISTANCE","SYNTHETIC","M03A2_SYNTHETIC_CONTRACT","tests/fixtures/M03A_2/C018_negative_deembedded.csv","13","12","11885.022274370165","0.40000000000000002","0","11885.022274370165","0.40000000000000002","0","FALSE","FALSE","PASS",""
"S_C018","R1","C018","NEGATIVE_DEEMBEDDED_RESISTANCE","SYNTHETIC","M03A2_SYNTHETIC_CONTRACT","tests/fixtures/M03A_2/C018_negative_deembedded.csv","14","13","7943.2823472428136","0.40000000000000002","0","7943.2823472428136","0.40000000000000002","0","FALSE","FALSE","PASS",""
"S_C018","R1","C018","NEGATIVE_DEEMBEDDED_RESISTANCE","SYNTHETIC","M03A2_SYNTHETIC_CONTRACT","tests/fixtures/M03A_2/C018_negative_deembedded.csv","15","14","5308.8444423098845","0.40000000000000002","0","5308.8444423098845","0.40000000000000002","0","FALSE","FALSE","PASS",""
"S_C018","R1","C018","NEGATIVE_DEEMBEDDED_RESISTANCE","SYNTHETIC","M03A2_SYNTHETIC_CONTRACT","tests/fixtures/M03A_2/C018_negative_deembedded.csv","16","15","3548.1338923357566","0.40000000000000002","0","3548.1338923357566","0.40000000000000002","0","FALSE","FALSE","PASS",""
"S_C018","R1","C018","NEGATIVE_DEEMBEDDED_RESISTANCE","SYNTHETIC","M03A2_SYNTHETIC_CONTRACT","tests/fixtures/M03A_2/C018_negative_deembedded.csv","17","16","2371.3737056616551","0.40000000000000002","0","2371.3737056616551","0.40000000000000002","0","FALSE","FALSE","PASS",""
"S_C018","R1","C018","NEGATIVE_DEEMBEDDED_RESISTANCE","SYNTHETIC","M03A2_SYNTHETIC_CONTRACT","tests/fixtures/M03A_2/C018_negative_deembedded.csv","18","17","1584.8931924611124","0.40000000000000002","0","1584.8931924611124","0.40000000000000002","0","FALSE","FALSE","PASS",""
"S_C018","R1","C018","NEGATIVE_DEEMBEDDED_RESISTANCE","SYNTHETIC","M03A2_SYNTHETIC_CONTRACT","tests/fixtures/M03A_2/C018_negative_deembedded.csv","19","18","1059.2537251772887","0.40000000000000002","0","1059.2537251772887","0.40000000000000002","0","FALSE","FALSE","PASS",""
"S_C018","R1","C018","NEGATIVE_DEEMBEDDED_RESISTANCE","SYNTHETIC","M03A2_SYNTHETIC_CONTRACT","tests/fixtures/M03A_2/C018_negative_deembedded.csv","20","19","707.94578438413805","0.40000000000000002","0","707.94578438413805","0.40000000000000002","0","FALSE","FALSE","PASS",""
"S_C018","R1","C018","NEGATIVE_DEEMBEDDED_RESISTANCE","SYNTHETIC","M03A2_SYNTHETIC_CONTRACT","tests/fixtures/M03A_2/C018_negative_deembedded.csv","21","20","473.15125896148078","0.40000000000000002","0","473.15125896148078","0.40000000000000002","0","FALSE","FALSE","PASS",""
"S_C018","R1","C018","NEGATIVE_DEEMBEDDED_RESISTANCE","SYNTHETIC","M03A2_SYNTHETIC_CONTRACT","tests/fixtures/M03A_2/C018_negative_deembedded.csv","22","21","316.22776601683796","0.40000000000000002","0","316.22776601683796","0.40000000000000002","0","FALSE","FALSE","PASS",""
"S_C018","R1","C018","NEGATIVE_DEEMBEDDED_RESISTANCE","SYNTHETIC","M03A2_SYNTHETIC_CONTRACT","tests/fixtures/M03A_2/C018_negative_deembedded.csv","23","22","211.34890398366454","0.40000000000000002","0","211.34890398366454","0.40000000000000002","0","FALSE","FALSE","PASS",""
"S_C018","R1","C018","NEGATIVE_DEEMBEDDED_RESISTANCE","SYNTHETIC","M03A2_SYNTHETIC_CONTRACT","tests/fixtures/M03A_2/C018_negative_deembedded.csv","24","23","141.25375446227525","0.40000000000000002","0","141.25375446227525","0.40000000000000002","0","FALSE","FALSE","PASS",""
"S_C018","R1","C018","NEGATIVE_DEEMBEDDED_RESISTANCE","SYNTHETIC","M03A2_SYNTHETIC_CONTRACT","tests/fixtures/M03A_2/C018_negative_deembedded.csv","25","24","94.406087628592459","0.40000000000000002","0","94.406087628592459","0.40000000000000002","0","FALSE","FALSE","PASS",""
"S_C018","R1","C018","NEGATIVE_DEEMBEDDED_RESISTANCE","SYNTHETIC","M03A2_SYNTHETIC_CONTRACT","tests/fixtures/M03A_2/C018_negative_deembedded.csv","26","25","63.0957344480193","0.40000000000000002","0","63.0957344480193","0.40000000000000002","0","FALSE","FALSE","PASS",""
"S_C018","R1","C018","NEGATIVE_DEEMBEDDED_RESISTANCE","SYNTHETIC","M03A2_SYNTHETIC_CONTRACT","tests/fixtures/M03A_2/C018_negative_deembedded.csv","27","26","42.169650342858226","0.40000000000000002","0","42.169650342858226","0.40000000000000002","0","FALSE","FALSE","PASS",""
"S_C018","R1","C018","NEGATIVE_DEEMBEDDED_RESISTANCE","SYNTHETIC","M03A2_SYNTHETIC_CONTRACT","tests/fixtures/M03A_2/C018_negative_deembedded.csv","28","27","28.183829312644551","0.40000000000000002","0","28.183829312644551","0.40000000000000002","0","FALSE","FALSE","PASS",""
"S_C018","R1","C018","NEGATIVE_DEEMBEDDED_RESISTANCE","SYNTHETIC","M03A2_SYNTHETIC_CONTRACT","tests/fixtures/M03A_2/C018_negative_deembedded.csv","29","28","18.836490894897981","0.40000000000000002","0","18.836490894897981","0.40000000000000002","0","FALSE","FALSE","PASS",""
"S_C018","R1","C018","NEGATIVE_DEEMBEDDED_RESISTANCE","SYNTHETIC","M03A2_SYNTHETIC_CONTRACT","tests/fixtures/M03A_2/C018_negative_deembedded.csv","30","29","12.589254117941687","0.40000000000000002","0","12.589254117941687","0.40000000000000002","0","FALSE","FALSE","PASS",""
"S_C018","R1","C018","NEGATIVE_DEEMBEDDED_RESISTANCE","SYNTHETIC","M03A2_SYNTHETIC_CONTRACT","tests/fixtures/M03A_2/C018_negative_deembedded.csv","31","30","8.4139514164519476","0.40000000000000002","0","8.4139514164519476","0.40000000000000002","0","FALSE","FALSE","PASS",""
"S_C018","R1","C018","NEGATIVE_DEEMBEDDED_RESISTANCE","SYNTHETIC","M03A2_SYNTHETIC_CONTRACT","tests/fixtures/M03A_2/C018_negative_deembedded.csv","32","31","5.6234132519034912","0.40000000000000002","0","5.6234132519034912","0.40000000000000002","0","FALSE","FALSE","PASS",""
"S_C018","R1","C018","NEGATIVE_DEEMBEDDED_RESISTANCE","SYNTHETIC","M03A2_SYNTHETIC_CONTRACT","tests/fixtures/M03A_2/C018_negative_deembedded.csv","33","32","3.7583740428844434","0.40000000000000002","0","3.7583740428844434","0.40000000000000002","0","FALSE","FALSE","PASS",""
"S_C018","R1","C018","NEGATIVE_DEEMBEDDED_RESISTANCE","SYNTHETIC","M03A2_SYNTHETIC_CONTRACT","tests/fixtures/M03A_2/C018_negative_deembedded.csv","34","33","2.511886431509577","0.40000000000000002","0","2.511886431509577","0.40000000000000002","0","FALSE","FALSE","PASS",""
"S_C018","R1","C018","NEGATIVE_DEEMBEDDED_RESISTANCE","SYNTHETIC","M03A2_SYNTHETIC_CONTRACT","tests/fixtures/M03A_2/C018_negative_deembedded.csv","35","34","1.6788040181225623","0.40000000000000002","0","1.6788040181225623","0.40000000000000002","0","FALSE","FALSE","PASS",""
"S_C018","R1","C018","NEGATIVE_DEEMBEDDED_RESISTANCE","SYNTHETIC","M03A2_SYNTHETIC_CONTRACT","tests/fixtures/M03A_2/C018_negative_deembedded.csv","36","35","1.1220184543019629","0.40000000000000002","0","1.1220184543019629","0.40000000000000002","0","FALSE","FALSE","PASS",""
"S_C018","R1","C018","NEGATIVE_DEEMBEDDED_RESISTANCE","SYNTHETIC","M03A2_SYNTHETIC_CONTRACT","tests/fixtures/M03A_2/C018_negative_deembedded.csv","37","36","0.74989420933245587","0.40000000000000002","0","0.74989420933245587","0.40000000000000002","0","FALSE","FALSE","PASS",""
"S_C018","R1","C018","NEGATIVE_DEEMBEDDED_RESISTANCE","SYNTHETIC","M03A2_SYNTHETIC_CONTRACT","tests/fixtures/M03A_2/C018_negative_deembedded.csv","38","37","0.50118723362727247","0.40000000000000002","0","0.50118723362727247","0.40000000000000002","0","FALSE","FALSE","PASS",""
"S_C018","R1","C018","NEGATIVE_DEEMBEDDED_RESISTANCE","SYNTHETIC","M03A2_SYNTHETIC_CONTRACT","tests/fixtures/M03A_2/C018_negative_deembedded.csv","39","38","0.33496543915782723","0.40000000000000002","0","0.33496543915782723","0.40000000000000002","0","FALSE","FALSE","PASS",""
"S_C018","R1","C018","NEGATIVE_DEEMBEDDED_RESISTANCE","SYNTHETIC","M03A2_SYNTHETIC_CONTRACT","tests/fixtures/M03A_2/C018_negative_deembedded.csv","40","39","0.22387211385683423","0.40000000000000002","0","0.22387211385683423","0.40000000000000002","0","FALSE","FALSE","PASS",""
"S_C018","R1","C018","NEGATIVE_DEEMBEDDED_RESISTANCE","SYNTHETIC","M03A2_SYNTHETIC_CONTRACT","tests/fixtures/M03A_2/C018_negative_deembedded.csv","41","40","0.14962356560944329","0.40000000000000002","0","0.14962356560944329","0.40000000000000002","0","FALSE","FALSE","PASS",""
"S_C018","R1","C018","NEGATIVE_DEEMBEDDED_RESISTANCE","SYNTHETIC","M03A2_SYNTHETIC_CONTRACT","tests/fixtures/M03A_2/C018_negative_deembedded.csv","42","41","0.10000000000000001","0.40000000000000002","0","0.10000000000000001","0.40000000000000002","0","FALSE","FALSE","PASS",""
"S_C019","R1","C019","AREA_BASIS_CONFLICT","SYNTHETIC","M03A2_SYNTHETIC_CONTRACT","tests/fixtures/M03A_2/C019_area_basis_conflict.csv","2","1","1000000","2.0000000031662868","-0.00015915494302890407","1000000","2.0000000031662868","-0.00015915494302890407","FALSE","FALSE","PASS",""
"S_C019","R1","C019","AREA_BASIS_CONFLICT","SYNTHETIC","M03A2_SYNTHETIC_CONTRACT","tests/fixtures/M03A_2/C019_area_basis_conflict.csv","3","2","764422.27425260097","2.0000000054185567","-0.00020820291132896045","764422.27425260097","2.0000000054185567","-0.00020820291132896045","FALSE","FALSE","PASS",""
"S_C019","R1","C019","AREA_BASIS_CONFLICT","SYNTHETIC","M03A2_SYNTHETIC_CONTRACT","tests/fixtures/M03A_2/C019_area_basis_conflict.csv","4","3","584341.41337351757","2.0000000092729291","-0.00027236635854471374","584341.41337351757","2.0000000092729291","-0.00027236635854471374","FALSE","FALSE","PASS",""
"S_C019","R1","C019","AREA_BASIS_CONFLICT","SYNTHETIC","M03A2_SYNTHETIC_CONTRACT","tests/fixtures/M03A_2/C019_area_basis_conflict.csv","5","4","446683.59215096349","2.0000000158690261","-0.00035630353470069315","446683.59215096349","2.0000000158690261","-0.00035630353470069315","FALSE","FALSE","PASS",""
"S_C019","R1","C019","AREA_BASIS_CONFLICT","SYNTHETIC","M03A2_SYNTHETIC_CONTRACT","tests/fixtures/M03A_2/C019_area_basis_conflict.csv","6","5","341454.88738336007","2.0000000271571134","-0.00046610825743704891","341454.88738336007","2.0000000271571134","-0.00046610825743704891","FALSE","FALSE","PASS",""
"S_C019","R1","C019","AREA_BASIS_CONFLICT","SYNTHETIC","M03A2_SYNTHETIC_CONTRACT","tests/fixtures/M03A_2/C019_area_basis_conflict.csv","7","6","261015.72156825385","2.0000000464747369","-0.00060975232147344766","261015.72156825385","2.0000000464747369","-0.00060975232147344766","FALSE","FALSE","PASS",""
"S_C019","R1","C019","AREA_BASIS_CONFLICT","SYNTHETIC","M03A2_SYNTHETIC_CONTRACT","tests/fixtures/M03A_2/C019_area_basis_conflict.csv","8","7","199526.23149688789","2.0000000795335326","-0.00079766424853319794","199526.23149688789","2.0000000795335326","-0.00079766424853319794","FALSE","FALSE","PASS",""
"S_C019","R1","C019","AREA_BASIS_CONFLICT","SYNTHETIC","M03A2_SYNTHETIC_CONTRACT","tests/fixtures/M03A_2/C019_area_basis_conflict.csv","9","8","152522.29565390197","2.0000001361079844","-0.0010434863945744798","152522.29565390197","2.0000001361079844","-0.0010434863945744798","FALSE","FALSE","PASS",""
"S_C019","R1","C019","AREA_BASIS_CONFLICT","SYNTHETIC","M03A2_SYNTHETIC_CONTRACT","tests/fixtures/M03A_2/C019_area_basis_conflict.csv","10","9","116591.4401179831","2.0000002329254429","-0.0013650653795590504","116591.4401179831","2.0000002329254429","-0.0013650653795590504","FALSE","FALSE","PASS",""
"S_C019","R1","C019","AREA_BASIS_CONFLICT","SYNTHETIC","M03A2_SYNTHETIC_CONTRACT","tests/fixtures/M03A_2/C019_area_basis_conflict.csv","11","10","89125.093813374595","2.000000398611895","-0.0017857477434473118","89125.093813374595","2.000000398611895","-0.0017857477434473118","FALSE","FALSE","PASS",""
"S_C019","R1","C019","AREA_BASIS_CONFLICT","SYNTHETIC","M03A2_SYNTHETIC_CONTRACT","tests/fixtures/M03A_2/C019_area_basis_conflict.csv","12","11","68129.206905796222","2.0000006821557945","-0.0023360748898912636","68129.206905796222","2.0000006821557945","-0.0023360748898912636","FALSE","FALSE","PASS",""
"S_C019","R1","C019","AREA_BASIS_CONFLICT","SYNTHETIC","M03A2_SYNTHETIC_CONTRACT","tests/fixtures/M03A_2/C019_area_basis_conflict.csv","13","12","52079.483285954651","2.0000011673924485","-0.0030560003637801663","52079.483285954651","2.0000011673924485","-0.0030560003637801663","FALSE","FALSE","PASS",""
"S_C019","R1","C019","AREA_BASIS_CONFLICT","SYNTHETIC","M03A2_SYNTHETIC_CONTRACT","tests/fixtures/M03A_2/C019_area_basis_conflict.csv","14","13","39810.717055349691","2.0000019977915313","-0.003997790422257886","39810.717055349691","2.0000019977915313","-0.003997790422257886","FALSE","FALSE","PASS",""
"S_C019","R1","C019","AREA_BASIS_CONFLICT","SYNTHETIC","M03A2_SYNTHETIC_CONTRACT","tests/fixtures/M03A_2/C019_area_basis_conflict.csv","15","14","30432.19887107722","2.0000034188765863","-0.0052298184482084094","30432.19887107722","2.0000034188765863","-0.0052298184482084094","FALSE","FALSE","PASS",""
"S_C019","R1","C019","AREA_BASIS_CONFLICT","SYNTHETIC","M03A2_SYNTHETIC_CONTRACT","tests/fixtures/M03A_2/C019_area_basis_conflict.csv","16","15","23263.050671536286","2.0000058508184919","-0.0068415286086401022","23263.050671536286","2.0000058508184919","-0.0068415286086401022","FALSE","FALSE","PASS",""
"S_C019","R1","C019","AREA_BASIS_CONFLICT","SYNTHETIC","M03A2_SYNTHETIC_CONTRACT","tests/fixtures/M03A_2/C019_area_basis_conflict.csv","17","16","17782.794100389227","2.0000100126660789","-0.0089499289592938208","17782.794100389227","2.0000100126660789","-0.0089499289592938208","FALSE","FALSE","PASS",""
"S_C019","R1","C019","AREA_BASIS_CONFLICT","SYNTHETIC","M03A2_SYNTHETIC_CONTRACT","tests/fixtures/M03A_2/C019_area_basis_conflict.csv","18","17","13593.563908785241","2.0000171349436058","-0.011708085037225978","13593.563908785241","2.0000171349436058","-0.011708085037225978","FALSE","FALSE","PASS",""
"S_C019","R1","C019","AREA_BASIS_CONFLICT","SYNTHETIC","M03A2_SYNTHETIC_CONTRACT","tests/fixtures/M03A_2/C019_area_basis_conflict.csv","19","18","10391.223038351691","2.0000293234693061","-0.015316229777053764","10391.223038351691","2.0000293234693061","-0.015316229777053764","FALSE","FALSE","PASS",""
"S_C019","R1","C019","AREA_BASIS_CONFLICT","SYNTHETIC","M03A2_SYNTHETIC_CONTRACT","tests/fixtures/M03A_2/C019_area_basis_conflict.csv","20","19","7943.2823472428136","2.000050181952159","-0.020036294543769002","7943.2823472428136","2.000050181952159","-0.020036294543769002","FALSE","FALSE","PASS",""
"S_C019","R1","C019","AREA_BASIS_CONFLICT","SYNTHETIC","M03A2_SYNTHETIC_CONTRACT","tests/fixtures/M03A_2/C019_area_basis_conflict.csv","21","20","6072.0219569098836","2.0000858774119048","-0.026210912237225267","6072.0219569098836","2.0000858774119048","-0.026210912237225267","FALSE","FALSE","PASS",""
"S_C019","R1","C019","AREA_BASIS_CONFLICT","SYNTHETIC","M03A2_SYNTHETIC_CONTRACT","tests/fixtures/M03A_2/C019_area_basis_conflict.csv","22","21","4641.5888336127819","2.0001469633234863","-0.0342882631475128","4641.5888336127819","2.0001469633234863","-0.0342882631475128","FALSE","FALSE","PASS",""
"S_C019","R1","C019","AREA_BASIS_CONFLICT","SYNTHETIC","M03A2_SYNTHETIC_CONTRACT","tests/fixtures/M03A_2/C019_area_basis_conflict.csv","23","22","3548.1338923357566","2.0002514992087161","-0.044854547348929005","3548.1338923357566","2.0002514992087161","-0.044854547348929005","FALSE","FALSE","PASS",""
"S_C019","R1","C019","AREA_BASIS_CONFLICT","SYNTHETIC","M03A2_SYNTHETIC_CONTRACT","tests/fixtures/M03A_2/C019_area_basis_conflict.csv","24","23","2712.2725793320296","2.0004303880898768","-0.058676396320054031","2712.2725793320296","2.0004303880898768","-0.058676396320054031","FALSE","FALSE","PASS",""
"S_C019","R1","C019","AREA_BASIS_CONFLICT","SYNTHETIC","M03A2_SYNTHETIC_CONTRACT","tests/fixtures/M03A_2/C019_area_basis_conflict.csv","25","24","2073.3215734859541","2.000736507135028","-0.076756202599306128","2073.3215734859541","2.000736507135028","-0.076756202599306128","FALSE","FALSE","PASS",""
"S_C019","R1","C019","AREA_BASIS_CONFLICT","SYNTHETIC","M03A2_SYNTHETIC_CONTRACT","tests/fixtures/M03A_2/C019_area_basis_conflict.csv","26","25","1584.8931924611124","2.0012603229712469","-0.10040416005317282","1584.8931924611124","2.0012603229712469","-0.10040416005317282","FALSE","FALSE","PASS",""
"S_C019","R1","C019","AREA_BASIS_CONFLICT","SYNTHETIC","M03A2_SYNTHETIC_CONTRACT","tests/fixtures/M03A_2/C019_area_basis_conflict.csv","27","26","1211.5276586285877","2.0021565846998901","-0.1313317430842704","1211.5276586285877","2.0021565846998901","-0.1313317430842704","FALSE","FALSE","PASS",""
"S_C019","R1","C019","AREA_BASIS_CONFLICT","SYNTHETIC","M03A2_SYNTHETIC_CONTRACT","tests/fixtures/M03A_2/C019_area_basis_conflict.csv","28","27","926.11872812879369","2.0036899168773545","-0.17177228976838432","926.11872812879369","2.0036899168773545","-0.17177228976838432","FALSE","FALSE","PASS",""
"S_C019","R1","C019","AREA_BASIS_CONFLICT","SYNTHETIC","M03A2_SYNTHETIC_CONTRACT","tests/fixtures/M03A_2/C019_area_basis_conflict.csv","29","28","707.94578438413805","2.0063125880775905","-0.22463493907334725","707.94578438413805","2.0063125880775905","-0.22463493907334725","FALSE","FALSE","PASS",""
"S_C019","R1","C019","AREA_BASIS_CONFLICT","SYNTHETIC","M03A2_SYNTHETIC_CONTRACT","tests/fixtures/M03A_2/C019_area_basis_conflict.csv","30","29","541.16952654646377","2.0107968504820164","-0.29369751765345276","541.16952654646377","2.0107968504820164","-0.29369751765345276","FALSE","FALSE","PASS",""
"S_C019","R1","C019","AREA_BASIS_CONFLICT","SYNTHETIC","M03A2_SYNTHETIC_CONTRACT","tests/fixtures/M03A_2/C019_area_basis_conflict.csv","31","30","413.68204023885073","2.0184592347172785","-0.38383998540000985","413.68204023885073","2.0184592347172785","-0.38383998540000985","FALSE","FALSE","PASS",""
"S_C019","R1","C019","AREA_BASIS_CONFLICT","SYNTHETIC","M03A2_SYNTHETIC_CONTRACT","tests/fixtures/M03A_2/C019_area_basis_conflict.csv","32","31","316.22776601683796","2.0315380467543664","-0.5013080147392931","316.22776601683796","2.0315380467543664","-0.5013080147392931","FALSE","FALSE","PASS",""
"S_C019","R1","C019","AREA_BASIS_CONFLICT","SYNTHETIC","M03A2_SYNTHETIC_CONTRACT","tests/fixtures/M03A_2/C019_area_basis_conflict.csv","33","32","241.73154808041014","2.0538210250961093","-0.65396597619943253","241.73154808041014","2.0538210250961093","-0.65396597619943253","FALSE","FALSE","PASS",""
"S_C019","R1","C019","AREA_BASIS_CONFLICT","SYNTHETIC","M03A2_SYNTHETIC_CONTRACT","tests/fixtures/M03A_2/C019_area_basis_conflict.csv","34","33","184.78497974222907","2.0916667674946963","-0.85142900097109853","184.78497974222907","2.0916667674946963","-0.85142900097109853","FALSE","FALSE","PASS",""
"S_C019","R1","C019","AREA_BASIS_CONFLICT","SYNTHETIC","M03A2_SYNTHETIC_CONTRACT","tests/fixtures/M03A_2/C019_area_basis_conflict.csv","35","34","141.25375446227525","2.1556036634214886","-1.104815281982342","141.25375446227525","2.1556036634214886","-1.104815281982342","FALSE","FALSE","PASS",""
"S_C019","R1","C019","AREA_BASIS_CONFLICT","SYNTHETIC","M03A2_SYNTHETIC_CONTRACT","tests/fixtures/M03A_2/C019_area_basis_conflict.csv","36","35","107.97751623277094","2.2626549485499292","-1.4255707511034548","107.97751623277094","2.2626549485499292","-1.4255707511034548","FALSE","FALSE","PASS",""
"S_C019","R1","C019","AREA_BASIS_CONFLICT","SYNTHETIC","M03A2_SYNTHETIC_CONTRACT","tests/fixtures/M03A_2/C019_area_basis_conflict.csv","37","36","82.54041852680173","2.439230943947035","-1.8223401794000142","82.54041852680173","2.439230943947035","-1.8223401794000142","FALSE","FALSE","PASS",""
"S_C019","R1","C019","AREA_BASIS_CONFLICT","SYNTHETIC","M03A2_SYNTHETIC_CONTRACT","tests/fixtures/M03A_2/C019_area_basis_conflict.csv","38","37","63.0957344480193","2.723415585628159","-2.2943396818029234","63.0957344480193","2.723415585628159","-2.2943396818029234","FALSE","FALSE","PASS",""
"S_C019","R1","C019","AREA_BASIS_CONFLICT","SYNTHETIC","M03A2_SYNTHETIC_CONTRACT","tests/fixtures/M03A_2/C019_area_basis_conflict.csv","39","38","48.231784822393095","3.16318192805972","-2.8200112103878299","48.231784822393095","3.16318192805972","-2.8200112103878299","FALSE","FALSE","PASS",""
"S_C019","R1","C019","AREA_BASIS_CONFLICT","SYNTHETIC","M03A2_SYNTHETIC_CONTRACT","tests/fixtures/M03A_2/C019_area_basis_conflict.csv","40","39","36.869450645195734","3.8040058933676253","-3.3432932691637864","36.869450645195734","3.8040058933676253","-3.3432932691637864","FALSE","FALSE","PASS",""
"S_C019","R1","C019","AREA_BASIS_CONFLICT","SYNTHETIC","M03A2_SYNTHETIC_CONTRACT","tests/fixtures/M03A_2/C019_area_basis_conflict.csv","41","40","28.183829312644551","4.6604902560760486","-3.7690467821364053","28.183829312644551","4.6604902560760486","-3.7690467821364053","FALSE","FALSE","PASS",""
"S_C019","R1","C019","AREA_BASIS_CONFLICT","SYNTHETIC","M03A2_SYNTHETIC_CONTRACT","tests/fixtures/M03A_2/C019_area_basis_conflict.csv","42","41","21.544346900318867","5.6819655718361606","-3.9873367179738537","21.544346900318867","5.6819655718361606","-3.9873367179738537","FALSE","FALSE","PASS",""
"S_C019","R1","C019","AREA_BASIS_CONFLICT","SYNTHETIC","M03A2_SYNTHETIC_CONTRACT","tests/fixtures/M03A_2/C019_area_basis_conflict.csv","43","42","16.468978654828689","6.7469634991013088","-3.9296368192251978","16.468978654828689","6.7469634991013088","-3.9296368192251978","FALSE","FALSE","PASS",""
"S_C019","R1","C019","AREA_BASIS_CONFLICT","SYNTHETIC","M03A2_SYNTHETIC_CONTRACT","tests/fixtures/M03A_2/C019_area_basis_conflict.csv","44","43","12.589254117941687","7.7124818676228877","-3.6148866998929341","12.589254117941687","7.7124818676228877","-3.6148866998929341","FALSE","FALSE","PASS",""
"S_C019","R1","C019","AREA_BASIS_CONFLICT","SYNTHETIC","M03A2_SYNTHETIC_CONTRACT","tests/fixtures/M03A_2/C019_area_basis_conflict.csv","45","44","9.6235062639808877","8.4830090066133739","-3.1360271480133686","9.6235062639808877","8.4830090066133739","-3.1360271480133686","FALSE","FALSE","PASS",""
"S_C019","R1","C019","AREA_BASIS_CONFLICT","SYNTHETIC","M03A2_SYNTHETIC_CONTRACT","tests/fixtures/M03A_2/C019_area_basis_conflict.csv","46","45","7.3564225445964215","9.0377130438621514","-2.6023642064764374","7.3564225445964215","9.0377130438621514","-2.6023642064764374","FALSE","FALSE","PASS",""
"S_C019","R1","C019","AREA_BASIS_CONFLICT","SYNTHETIC","M03A2_SYNTHETIC_CONTRACT","tests/fixtures/M03A_2/C019_area_basis_conflict.csv","47","46","5.6234132519034912","9.4081022630393925","-2.0940007078952414","5.6234132519034912","9.4081022630393925","-2.0940007078952414","FALSE","FALSE","PASS",""
"S_C019","R1","C019","AREA_BASIS_CONFLICT","SYNTHETIC","M03A2_SYNTHETIC_CONTRACT","tests/fixtures/M03A_2/C019_area_basis_conflict.csv","48","47","4.2986623470822725","9.6431554487029576","-1.651489744620277","4.2986623470822725","9.6431554487029576","-1.651489744620277","FALSE","FALSE","PASS",""
"S_C019","R1","C019","AREA_BASIS_CONFLICT","SYNTHETIC","M03A2_SYNTHETIC_CONTRACT","tests/fixtures/M03A_2/C019_area_basis_conflict.csv","49","48","3.2859932476006541","9.7875418299540033","-1.2862841390410882","3.2859932476006541","9.7875418299540033","-1.2862841390410882","FALSE","FALSE","PASS",""
"S_C019","R1","C019","AREA_BASIS_CONFLICT","SYNTHETIC","M03A2_SYNTHETIC_CONTRACT","tests/fixtures/M03A_2/C019_area_basis_conflict.csv","50","49","2.511886431509577","9.8744661549166217","-0.99423941503322122","2.511886431509577","9.8744661549166217","-0.99423941503322122","FALSE","FALSE","PASS",""
"S_C019","R1","C019","AREA_BASIS_CONFLICT","SYNTHETIC","M03A2_SYNTHETIC_CONTRACT","tests/fixtures/M03A_2/C019_area_basis_conflict.csv","51","50","1.920141938638801","9.9261637860254162","-0.76500844786353428","1.920141938638801","9.9261637860254162","-0.76500844786353428","FALSE","FALSE","PASS",""
"S_C019","R1","C019","AREA_BASIS_CONFLICT","SYNTHETIC","M03A2_SYNTHETIC_CONTRACT","tests/fixtures/M03A_2/C019_area_basis_conflict.csv","52","51","1.4677992676220675","9.9566882842449616","-0.58704158397737194","1.4677992676220675","9.9566882842449616","-0.58704158397737194","FALSE","FALSE","PASS",""
"S_C019","R1","C019","AREA_BASIS_CONFLICT","SYNTHETIC","M03A2_SYNTHETIC_CONTRACT","tests/fixtures/M03A_2/C019_area_basis_conflict.csv","53","52","1.1220184543019629","9.9746340883463347","-0.44975978450201171","1.1220184543019629","9.9746340883463347","-0.44975978450201171","FALSE","FALSE","PASS",""
"S_C019","R1","C019","AREA_BASIS_CONFLICT","SYNTHETIC","M03A2_SYNTHETIC_CONTRACT","tests/fixtures/M03A_2/C019_area_basis_conflict.csv","54","53","0.85769589859089457","9.9851580865089939","-0.34426011318764721","0.85769589859089457","9.9851580865089939","-0.34426011318764721","FALSE","FALSE","PASS",""
"S_C019","R1","C019","AREA_BASIS_CONFLICT","SYNTHETIC","M03A2_SYNTHETIC_CONTRACT","tests/fixtures/M03A_2/C019_area_basis_conflict.csv","55","54","0.65564184941797854","9.9913205621788901","-0.26336319015381915","0.65564184941797854","9.9913205621788901","-0.26336319015381915","FALSE","FALSE","PASS",""
"S_C019","R1","C019","AREA_BASIS_CONFLICT","SYNTHETIC","M03A2_SYNTHETIC_CONTRACT","tests/fixtures/M03A_2/C019_area_basis_conflict.csv","56","55","0.50118723362727247","9.9949259568440105","-0.20141151738162108","0.50118723362727247","9.9949259568440105","-0.20141151738162108","FALSE","FALSE","PASS",""
"S_C019","R1","C019","AREA_BASIS_CONFLICT","SYNTHETIC","M03A2_SYNTHETIC_CONTRACT","tests/fixtures/M03A_2/C019_area_basis_conflict.csv","57","56","0.38311868495572932","9.9970342445776321","-0.15400405083539176","0.38311868495572932","9.9970342445776321","-0.15400405083539176","FALSE","FALSE","PASS",""
"S_C019","R1","C019","AREA_BASIS_CONFLICT","SYNTHETIC","M03A2_SYNTHETIC_CONTRACT","tests/fixtures/M03A_2/C019_area_basis_conflict.csv","58","57","0.29286445646252374","9.998266719198833","-0.1177422700095699","0.29286445646252374","9.998266719198833","-0.1177422700095699","FALSE","FALSE","PASS",""
"S_C019","R1","C019","AREA_BASIS_CONFLICT","SYNTHETIC","M03A2_SYNTHETIC_CONTRACT","tests/fixtures/M03A_2/C019_area_basis_conflict.csv","59","58","0.22387211385683423","9.9989870810268027","-0.090012920076708275","0.22387211385683423","9.9989870810268027","-0.090012920076708275","FALSE","FALSE","PASS",""
"S_C019","R1","C019","AREA_BASIS_CONFLICT","SYNTHETIC","M03A2_SYNTHETIC_CONTRACT","tests/fixtures/M03A_2/C019_area_basis_conflict.csv","60","59","0.17113283041617811","9.9994080783435848","-0.068811502527347621","0.17113283041617811","9.9994080783435848","-0.068811502527347621","FALSE","FALSE","PASS",""
"S_C019","R1","C019","AREA_BASIS_CONFLICT","SYNTHETIC","M03A2_SYNTHETIC_CONTRACT","tests/fixtures/M03A_2/C019_area_basis_conflict.csv","61","60","0.13081774742601956","9.9996541050247991","-0.052602663033967462","0.13081774742601956","9.9996541050247991","-0.052602663033967462","FALSE","FALSE","PASS",""
"S_C019","R1","C019","AREA_BASIS_CONFLICT","SYNTHETIC","M03A2_SYNTHETIC_CONTRACT","tests/fixtures/M03A_2/C019_area_basis_conflict.csv","62","61","0.10000000000000001","9.9997978756087775","-0.040211369977945235","0.10000000000000001","9.9997978756087775","-0.040211369977945235","FALSE","FALSE","PASS",""
"S_C020","R1","C020","CONDUCTIVITY_CONFLICT","SYNTHETIC","M03A2_SYNTHETIC_CONTRACT","tests/fixtures/M03A_2/C020_conductivity_conflict.csv","2","1","1000000","2.0000000031662868","-0.00015915494302890407","1000000","2.0000000031662868","-0.00015915494302890407","FALSE","FALSE","PASS",""
"S_C020","R1","C020","CONDUCTIVITY_CONFLICT","SYNTHETIC","M03A2_SYNTHETIC_CONTRACT","tests/fixtures/M03A_2/C020_conductivity_conflict.csv","3","2","764422.27425260097","2.0000000054185567","-0.00020820291132896045","764422.27425260097","2.0000000054185567","-0.00020820291132896045","FALSE","FALSE","PASS",""
"S_C020","R1","C020","CONDUCTIVITY_CONFLICT","SYNTHETIC","M03A2_SYNTHETIC_CONTRACT","tests/fixtures/M03A_2/C020_conductivity_conflict.csv","4","3","584341.41337351757","2.0000000092729291","-0.00027236635854471374","584341.41337351757","2.0000000092729291","-0.00027236635854471374","FALSE","FALSE","PASS",""
"S_C020","R1","C020","CONDUCTIVITY_CONFLICT","SYNTHETIC","M03A2_SYNTHETIC_CONTRACT","tests/fixtures/M03A_2/C020_conductivity_conflict.csv","5","4","446683.59215096349","2.0000000158690261","-0.00035630353470069315","446683.59215096349","2.0000000158690261","-0.00035630353470069315","FALSE","FALSE","PASS",""
"S_C020","R1","C020","CONDUCTIVITY_CONFLICT","SYNTHETIC","M03A2_SYNTHETIC_CONTRACT","tests/fixtures/M03A_2/C020_conductivity_conflict.csv","6","5","341454.88738336007","2.0000000271571134","-0.00046610825743704891","341454.88738336007","2.0000000271571134","-0.00046610825743704891","FALSE","FALSE","PASS",""
"S_C020","R1","C020","CONDUCTIVITY_CONFLICT","SYNTHETIC","M03A2_SYNTHETIC_CONTRACT","tests/fixtures/M03A_2/C020_conductivity_conflict.csv","7","6","261015.72156825385","2.0000000464747369","-0.00060975232147344766","261015.72156825385","2.0000000464747369","-0.00060975232147344766","FALSE","FALSE","PASS",""
"S_C020","R1","C020","CONDUCTIVITY_CONFLICT","SYNTHETIC","M03A2_SYNTHETIC_CONTRACT","tests/fixtures/M03A_2/C020_conductivity_conflict.csv","8","7","199526.23149688789","2.0000000795335326","-0.00079766424853319794","199526.23149688789","2.0000000795335326","-0.00079766424853319794","FALSE","FALSE","PASS",""
"S_C020","R1","C020","CONDUCTIVITY_CONFLICT","SYNTHETIC","M03A2_SYNTHETIC_CONTRACT","tests/fixtures/M03A_2/C020_conductivity_conflict.csv","9","8","152522.29565390197","2.0000001361079844","-0.0010434863945744798","152522.29565390197","2.0000001361079844","-0.0010434863945744798","FALSE","FALSE","PASS",""
"S_C020","R1","C020","CONDUCTIVITY_CONFLICT","SYNTHETIC","M03A2_SYNTHETIC_CONTRACT","tests/fixtures/M03A_2/C020_conductivity_conflict.csv","10","9","116591.4401179831","2.0000002329254429","-0.0013650653795590504","116591.4401179831","2.0000002329254429","-0.0013650653795590504","FALSE","FALSE","PASS",""
"S_C020","R1","C020","CONDUCTIVITY_CONFLICT","SYNTHETIC","M03A2_SYNTHETIC_CONTRACT","tests/fixtures/M03A_2/C020_conductivity_conflict.csv","11","10","89125.093813374595","2.000000398611895","-0.0017857477434473118","89125.093813374595","2.000000398611895","-0.0017857477434473118","FALSE","FALSE","PASS",""
"S_C020","R1","C020","CONDUCTIVITY_CONFLICT","SYNTHETIC","M03A2_SYNTHETIC_CONTRACT","tests/fixtures/M03A_2/C020_conductivity_conflict.csv","12","11","68129.206905796222","2.0000006821557945","-0.0023360748898912636","68129.206905796222","2.0000006821557945","-0.0023360748898912636","FALSE","FALSE","PASS",""
"S_C020","R1","C020","CONDUCTIVITY_CONFLICT","SYNTHETIC","M03A2_SYNTHETIC_CONTRACT","tests/fixtures/M03A_2/C020_conductivity_conflict.csv","13","12","52079.483285954651","2.0000011673924485","-0.0030560003637801663","52079.483285954651","2.0000011673924485","-0.0030560003637801663","FALSE","FALSE","PASS",""
"S_C020","R1","C020","CONDUCTIVITY_CONFLICT","SYNTHETIC","M03A2_SYNTHETIC_CONTRACT","tests/fixtures/M03A_2/C020_conductivity_conflict.csv","14","13","39810.717055349691","2.0000019977915313","-0.003997790422257886","39810.717055349691","2.0000019977915313","-0.003997790422257886","FALSE","FALSE","PASS",""
"S_C020","R1","C020","CONDUCTIVITY_CONFLICT","SYNTHETIC","M03A2_SYNTHETIC_CONTRACT","tests/fixtures/M03A_2/C020_conductivity_conflict.csv","15","14","30432.19887107722","2.0000034188765863","-0.0052298184482084094","30432.19887107722","2.0000034188765863","-0.0052298184482084094","FALSE","FALSE","PASS",""
"S_C020","R1","C020","CONDUCTIVITY_CONFLICT","SYNTHETIC","M03A2_SYNTHETIC_CONTRACT","tests/fixtures/M03A_2/C020_conductivity_conflict.csv","16","15","23263.050671536286","2.0000058508184919","-0.0068415286086401022","23263.050671536286","2.0000058508184919","-0.0068415286086401022","FALSE","FALSE","PASS",""
"S_C020","R1","C020","CONDUCTIVITY_CONFLICT","SYNTHETIC","M03A2_SYNTHETIC_CONTRACT","tests/fixtures/M03A_2/C020_conductivity_conflict.csv","17","16","17782.794100389227","2.0000100126660789","-0.0089499289592938208","17782.794100389227","2.0000100126660789","-0.0089499289592938208","FALSE","FALSE","PASS",""
"S_C020","R1","C020","CONDUCTIVITY_CONFLICT","SYNTHETIC","M03A2_SYNTHETIC_CONTRACT","tests/fixtures/M03A_2/C020_conductivity_conflict.csv","18","17","13593.563908785241","2.0000171349436058","-0.011708085037225978","13593.563908785241","2.0000171349436058","-0.011708085037225978","FALSE","FALSE","PASS",""
"S_C020","R1","C020","CONDUCTIVITY_CONFLICT","SYNTHETIC","M03A2_SYNTHETIC_CONTRACT","tests/fixtures/M03A_2/C020_conductivity_conflict.csv","19","18","10391.223038351691","2.0000293234693061","-0.015316229777053764","10391.223038351691","2.0000293234693061","-0.015316229777053764","FALSE","FALSE","PASS",""
"S_C020","R1","C020","CONDUCTIVITY_CONFLICT","SYNTHETIC","M03A2_SYNTHETIC_CONTRACT","tests/fixtures/M03A_2/C020_conductivity_conflict.csv","20","19","7943.2823472428136","2.000050181952159","-0.020036294543769002","7943.2823472428136","2.000050181952159","-0.020036294543769002","FALSE","FALSE","PASS",""
"S_C020","R1","C020","CONDUCTIVITY_CONFLICT","SYNTHETIC","M03A2_SYNTHETIC_CONTRACT","tests/fixtures/M03A_2/C020_conductivity_conflict.csv","21","20","6072.0219569098836","2.0000858774119048","-0.026210912237225267","6072.0219569098836","2.0000858774119048","-0.026210912237225267","FALSE","FALSE","PASS",""
"S_C020","R1","C020","CONDUCTIVITY_CONFLICT","SYNTHETIC","M03A2_SYNTHETIC_CONTRACT","tests/fixtures/M03A_2/C020_conductivity_conflict.csv","22","21","4641.5888336127819","2.0001469633234863","-0.0342882631475128","4641.5888336127819","2.0001469633234863","-0.0342882631475128","FALSE","FALSE","PASS",""
"S_C020","R1","C020","CONDUCTIVITY_CONFLICT","SYNTHETIC","M03A2_SYNTHETIC_CONTRACT","tests/fixtures/M03A_2/C020_conductivity_conflict.csv","23","22","3548.1338923357566","2.0002514992087161","-0.044854547348929005","3548.1338923357566","2.0002514992087161","-0.044854547348929005","FALSE","FALSE","PASS",""
"S_C020","R1","C020","CONDUCTIVITY_CONFLICT","SYNTHETIC","M03A2_SYNTHETIC_CONTRACT","tests/fixtures/M03A_2/C020_conductivity_conflict.csv","24","23","2712.2725793320296","2.0004303880898768","-0.058676396320054031","2712.2725793320296","2.0004303880898768","-0.058676396320054031","FALSE","FALSE","PASS",""
"S_C020","R1","C020","CONDUCTIVITY_CONFLICT","SYNTHETIC","M03A2_SYNTHETIC_CONTRACT","tests/fixtures/M03A_2/C020_conductivity_conflict.csv","25","24","2073.3215734859541","2.000736507135028","-0.076756202599306128","2073.3215734859541","2.000736507135028","-0.076756202599306128","FALSE","FALSE","PASS",""
"S_C020","R1","C020","CONDUCTIVITY_CONFLICT","SYNTHETIC","M03A2_SYNTHETIC_CONTRACT","tests/fixtures/M03A_2/C020_conductivity_conflict.csv","26","25","1584.8931924611124","2.0012603229712469","-0.10040416005317282","1584.8931924611124","2.0012603229712469","-0.10040416005317282","FALSE","FALSE","PASS",""
"S_C020","R1","C020","CONDUCTIVITY_CONFLICT","SYNTHETIC","M03A2_SYNTHETIC_CONTRACT","tests/fixtures/M03A_2/C020_conductivity_conflict.csv","27","26","1211.5276586285877","2.0021565846998901","-0.1313317430842704","1211.5276586285877","2.0021565846998901","-0.1313317430842704","FALSE","FALSE","PASS",""
"S_C020","R1","C020","CONDUCTIVITY_CONFLICT","SYNTHETIC","M03A2_SYNTHETIC_CONTRACT","tests/fixtures/M03A_2/C020_conductivity_conflict.csv","28","27","926.11872812879369","2.0036899168773545","-0.17177228976838432","926.11872812879369","2.0036899168773545","-0.17177228976838432","FALSE","FALSE","PASS",""
"S_C020","R1","C020","CONDUCTIVITY_CONFLICT","SYNTHETIC","M03A2_SYNTHETIC_CONTRACT","tests/fixtures/M03A_2/C020_conductivity_conflict.csv","29","28","707.94578438413805","2.0063125880775905","-0.22463493907334725","707.94578438413805","2.0063125880775905","-0.22463493907334725","FALSE","FALSE","PASS",""
"S_C020","R1","C020","CONDUCTIVITY_CONFLICT","SYNTHETIC","M03A2_SYNTHETIC_CONTRACT","tests/fixtures/M03A_2/C020_conductivity_conflict.csv","30","29","541.16952654646377","2.0107968504820164","-0.29369751765345276","541.16952654646377","2.0107968504820164","-0.29369751765345276","FALSE","FALSE","PASS",""
"S_C020","R1","C020","CONDUCTIVITY_CONFLICT","SYNTHETIC","M03A2_SYNTHETIC_CONTRACT","tests/fixtures/M03A_2/C020_conductivity_conflict.csv","31","30","413.68204023885073","2.0184592347172785","-0.38383998540000985","413.68204023885073","2.0184592347172785","-0.38383998540000985","FALSE","FALSE","PASS",""
"S_C020","R1","C020","CONDUCTIVITY_CONFLICT","SYNTHETIC","M03A2_SYNTHETIC_CONTRACT","tests/fixtures/M03A_2/C020_conductivity_conflict.csv","32","31","316.22776601683796","2.0315380467543664","-0.5013080147392931","316.22776601683796","2.0315380467543664","-0.5013080147392931","FALSE","FALSE","PASS",""
"S_C020","R1","C020","CONDUCTIVITY_CONFLICT","SYNTHETIC","M03A2_SYNTHETIC_CONTRACT","tests/fixtures/M03A_2/C020_conductivity_conflict.csv","33","32","241.73154808041014","2.0538210250961093","-0.65396597619943253","241.73154808041014","2.0538210250961093","-0.65396597619943253","FALSE","FALSE","PASS",""
"S_C020","R1","C020","CONDUCTIVITY_CONFLICT","SYNTHETIC","M03A2_SYNTHETIC_CONTRACT","tests/fixtures/M03A_2/C020_conductivity_conflict.csv","34","33","184.78497974222907","2.0916667674946963","-0.85142900097109853","184.78497974222907","2.0916667674946963","-0.85142900097109853","FALSE","FALSE","PASS",""
"S_C020","R1","C020","CONDUCTIVITY_CONFLICT","SYNTHETIC","M03A2_SYNTHETIC_CONTRACT","tests/fixtures/M03A_2/C020_conductivity_conflict.csv","35","34","141.25375446227525","2.1556036634214886","-1.104815281982342","141.25375446227525","2.1556036634214886","-1.104815281982342","FALSE","FALSE","PASS",""
"S_C020","R1","C020","CONDUCTIVITY_CONFLICT","SYNTHETIC","M03A2_SYNTHETIC_CONTRACT","tests/fixtures/M03A_2/C020_conductivity_conflict.csv","36","35","107.97751623277094","2.2626549485499292","-1.4255707511034548","107.97751623277094","2.2626549485499292","-1.4255707511034548","FALSE","FALSE","PASS",""
"S_C020","R1","C020","CONDUCTIVITY_CONFLICT","SYNTHETIC","M03A2_SYNTHETIC_CONTRACT","tests/fixtures/M03A_2/C020_conductivity_conflict.csv","37","36","82.54041852680173","2.439230943947035","-1.8223401794000142","82.54041852680173","2.439230943947035","-1.8223401794000142","FALSE","FALSE","PASS",""
"S_C020","R1","C020","CONDUCTIVITY_CONFLICT","SYNTHETIC","M03A2_SYNTHETIC_CONTRACT","tests/fixtures/M03A_2/C020_conductivity_conflict.csv","38","37","63.0957344480193","2.723415585628159","-2.2943396818029234","63.0957344480193","2.723415585628159","-2.2943396818029234","FALSE","FALSE","PASS",""
"S_C020","R1","C020","CONDUCTIVITY_CONFLICT","SYNTHETIC","M03A2_SYNTHETIC_CONTRACT","tests/fixtures/M03A_2/C020_conductivity_conflict.csv","39","38","48.231784822393095","3.16318192805972","-2.8200112103878299","48.231784822393095","3.16318192805972","-2.8200112103878299","FALSE","FALSE","PASS",""
"S_C020","R1","C020","CONDUCTIVITY_CONFLICT","SYNTHETIC","M03A2_SYNTHETIC_CONTRACT","tests/fixtures/M03A_2/C020_conductivity_conflict.csv","40","39","36.869450645195734","3.8040058933676253","-3.3432932691637864","36.869450645195734","3.8040058933676253","-3.3432932691637864","FALSE","FALSE","PASS",""
"S_C020","R1","C020","CONDUCTIVITY_CONFLICT","SYNTHETIC","M03A2_SYNTHETIC_CONTRACT","tests/fixtures/M03A_2/C020_conductivity_conflict.csv","41","40","28.183829312644551","4.6604902560760486","-3.7690467821364053","28.183829312644551","4.6604902560760486","-3.7690467821364053","FALSE","FALSE","PASS",""
"S_C020","R1","C020","CONDUCTIVITY_CONFLICT","SYNTHETIC","M03A2_SYNTHETIC_CONTRACT","tests/fixtures/M03A_2/C020_conductivity_conflict.csv","42","41","21.544346900318867","5.6819655718361606","-3.9873367179738537","21.544346900318867","5.6819655718361606","-3.9873367179738537","FALSE","FALSE","PASS",""
"S_C020","R1","C020","CONDUCTIVITY_CONFLICT","SYNTHETIC","M03A2_SYNTHETIC_CONTRACT","tests/fixtures/M03A_2/C020_conductivity_conflict.csv","43","42","16.468978654828689","6.7469634991013088","-3.9296368192251978","16.468978654828689","6.7469634991013088","-3.9296368192251978","FALSE","FALSE","PASS",""
"S_C020","R1","C020","CONDUCTIVITY_CONFLICT","SYNTHETIC","M03A2_SYNTHETIC_CONTRACT","tests/fixtures/M03A_2/C020_conductivity_conflict.csv","44","43","12.589254117941687","7.7124818676228877","-3.6148866998929341","12.589254117941687","7.7124818676228877","-3.6148866998929341","FALSE","FALSE","PASS",""
"S_C020","R1","C020","CONDUCTIVITY_CONFLICT","SYNTHETIC","M03A2_SYNTHETIC_CONTRACT","tests/fixtures/M03A_2/C020_conductivity_conflict.csv","45","44","9.6235062639808877","8.4830090066133739","-3.1360271480133686","9.6235062639808877","8.4830090066133739","-3.1360271480133686","FALSE","FALSE","PASS",""
"S_C020","R1","C020","CONDUCTIVITY_CONFLICT","SYNTHETIC","M03A2_SYNTHETIC_CONTRACT","tests/fixtures/M03A_2/C020_conductivity_conflict.csv","46","45","7.3564225445964215","9.0377130438621514","-2.6023642064764374","7.3564225445964215","9.0377130438621514","-2.6023642064764374","FALSE","FALSE","PASS",""
"S_C020","R1","C020","CONDUCTIVITY_CONFLICT","SYNTHETIC","M03A2_SYNTHETIC_CONTRACT","tests/fixtures/M03A_2/C020_conductivity_conflict.csv","47","46","5.6234132519034912","9.4081022630393925","-2.0940007078952414","5.6234132519034912","9.4081022630393925","-2.0940007078952414","FALSE","FALSE","PASS",""
"S_C020","R1","C020","CONDUCTIVITY_CONFLICT","SYNTHETIC","M03A2_SYNTHETIC_CONTRACT","tests/fixtures/M03A_2/C020_conductivity_conflict.csv","48","47","4.2986623470822725","9.6431554487029576","-1.651489744620277","4.2986623470822725","9.6431554487029576","-1.651489744620277","FALSE","FALSE","PASS",""
"S_C020","R1","C020","CONDUCTIVITY_CONFLICT","SYNTHETIC","M03A2_SYNTHETIC_CONTRACT","tests/fixtures/M03A_2/C020_conductivity_conflict.csv","49","48","3.2859932476006541","9.7875418299540033","-1.2862841390410882","3.2859932476006541","9.7875418299540033","-1.2862841390410882","FALSE","FALSE","PASS",""
"S_C020","R1","C020","CONDUCTIVITY_CONFLICT","SYNTHETIC","M03A2_SYNTHETIC_CONTRACT","tests/fixtures/M03A_2/C020_conductivity_conflict.csv","50","49","2.511886431509577","9.8744661549166217","-0.99423941503322122","2.511886431509577","9.8744661549166217","-0.99423941503322122","FALSE","FALSE","PASS",""
"S_C020","R1","C020","CONDUCTIVITY_CONFLICT","SYNTHETIC","M03A2_SYNTHETIC_CONTRACT","tests/fixtures/M03A_2/C020_conductivity_conflict.csv","51","50","1.920141938638801","9.9261637860254162","-0.76500844786353428","1.920141938638801","9.9261637860254162","-0.76500844786353428","FALSE","FALSE","PASS",""
"S_C020","R1","C020","CONDUCTIVITY_CONFLICT","SYNTHETIC","M03A2_SYNTHETIC_CONTRACT","tests/fixtures/M03A_2/C020_conductivity_conflict.csv","52","51","1.4677992676220675","9.9566882842449616","-0.58704158397737194","1.4677992676220675","9.9566882842449616","-0.58704158397737194","FALSE","FALSE","PASS",""
"S_C020","R1","C020","CONDUCTIVITY_CONFLICT","SYNTHETIC","M03A2_SYNTHETIC_CONTRACT","tests/fixtures/M03A_2/C020_conductivity_conflict.csv","53","52","1.1220184543019629","9.9746340883463347","-0.44975978450201171","1.1220184543019629","9.9746340883463347","-0.44975978450201171","FALSE","FALSE","PASS",""
"S_C020","R1","C020","CONDUCTIVITY_CONFLICT","SYNTHETIC","M03A2_SYNTHETIC_CONTRACT","tests/fixtures/M03A_2/C020_conductivity_conflict.csv","54","53","0.85769589859089457","9.9851580865089939","-0.34426011318764721","0.85769589859089457","9.9851580865089939","-0.34426011318764721","FALSE","FALSE","PASS",""
"S_C020","R1","C020","CONDUCTIVITY_CONFLICT","SYNTHETIC","M03A2_SYNTHETIC_CONTRACT","tests/fixtures/M03A_2/C020_conductivity_conflict.csv","55","54","0.65564184941797854","9.9913205621788901","-0.26336319015381915","0.65564184941797854","9.9913205621788901","-0.26336319015381915","FALSE","FALSE","PASS",""
"S_C020","R1","C020","CONDUCTIVITY_CONFLICT","SYNTHETIC","M03A2_SYNTHETIC_CONTRACT","tests/fixtures/M03A_2/C020_conductivity_conflict.csv","56","55","0.50118723362727247","9.9949259568440105","-0.20141151738162108","0.50118723362727247","9.9949259568440105","-0.20141151738162108","FALSE","FALSE","PASS",""
"S_C020","R1","C020","CONDUCTIVITY_CONFLICT","SYNTHETIC","M03A2_SYNTHETIC_CONTRACT","tests/fixtures/M03A_2/C020_conductivity_conflict.csv","57","56","0.38311868495572932","9.9970342445776321","-0.15400405083539176","0.38311868495572932","9.9970342445776321","-0.15400405083539176","FALSE","FALSE","PASS",""
"S_C020","R1","C020","CONDUCTIVITY_CONFLICT","SYNTHETIC","M03A2_SYNTHETIC_CONTRACT","tests/fixtures/M03A_2/C020_conductivity_conflict.csv","58","57","0.29286445646252374","9.998266719198833","-0.1177422700095699","0.29286445646252374","9.998266719198833","-0.1177422700095699","FALSE","FALSE","PASS",""
"S_C020","R1","C020","CONDUCTIVITY_CONFLICT","SYNTHETIC","M03A2_SYNTHETIC_CONTRACT","tests/fixtures/M03A_2/C020_conductivity_conflict.csv","59","58","0.22387211385683423","9.9989870810268027","-0.090012920076708275","0.22387211385683423","9.9989870810268027","-0.090012920076708275","FALSE","FALSE","PASS",""
"S_C020","R1","C020","CONDUCTIVITY_CONFLICT","SYNTHETIC","M03A2_SYNTHETIC_CONTRACT","tests/fixtures/M03A_2/C020_conductivity_conflict.csv","60","59","0.17113283041617811","9.9994080783435848","-0.068811502527347621","0.17113283041617811","9.9994080783435848","-0.068811502527347621","FALSE","FALSE","PASS",""
"S_C020","R1","C020","CONDUCTIVITY_CONFLICT","SYNTHETIC","M03A2_SYNTHETIC_CONTRACT","tests/fixtures/M03A_2/C020_conductivity_conflict.csv","61","60","0.13081774742601956","9.9996541050247991","-0.052602663033967462","0.13081774742601956","9.9996541050247991","-0.052602663033967462","FALSE","FALSE","PASS",""
"S_C020","R1","C020","CONDUCTIVITY_CONFLICT","SYNTHETIC","M03A2_SYNTHETIC_CONTRACT","tests/fixtures/M03A_2/C020_conductivity_conflict.csv","62","61","0.10000000000000001","9.9997978756087775","-0.040211369977945235","0.10000000000000001","9.9997978756087775","-0.040211369977945235","FALSE","FALSE","PASS",""
"S_C021","R1","C021","FAILED_INPUT_DISTRIBUTION","SYNTHETIC","M03A2_SYNTHETIC_CONTRACT","tests/fixtures/M03A_2/C021_failed_distribution.csv","2","1","1000000","2.0000000031662868","-0.00015915494302890407","1000000","2.0000000031662868","-0.00015915494302890407","FALSE","FALSE","PASS",""
"S_C021","R1","C021","FAILED_INPUT_DISTRIBUTION","SYNTHETIC","M03A2_SYNTHETIC_CONTRACT","tests/fixtures/M03A_2/C021_failed_distribution.csv","3","2","764422.27425260097","2.0000000054185567","-0.00020820291132896045","764422.27425260097","2.0000000054185567","-0.00020820291132896045","FALSE","FALSE","PASS",""
"S_C021","R1","C021","FAILED_INPUT_DISTRIBUTION","SYNTHETIC","M03A2_SYNTHETIC_CONTRACT","tests/fixtures/M03A_2/C021_failed_distribution.csv","4","3","584341.41337351757","2.0000000092729291","-0.00027236635854471374","584341.41337351757","2.0000000092729291","-0.00027236635854471374","FALSE","FALSE","PASS",""
"S_C021","R1","C021","FAILED_INPUT_DISTRIBUTION","SYNTHETIC","M03A2_SYNTHETIC_CONTRACT","tests/fixtures/M03A_2/C021_failed_distribution.csv","5","4","446683.59215096349","2.0000000158690261","-0.00035630353470069315","446683.59215096349","2.0000000158690261","-0.00035630353470069315","FALSE","FALSE","PASS",""
"S_C021","R1","C021","FAILED_INPUT_DISTRIBUTION","SYNTHETIC","M03A2_SYNTHETIC_CONTRACT","tests/fixtures/M03A_2/C021_failed_distribution.csv","6","5","341454.88738336007","2.0000000271571134","-0.00046610825743704891","341454.88738336007","2.0000000271571134","-0.00046610825743704891","FALSE","FALSE","PASS",""
"S_C021","R1","C021","FAILED_INPUT_DISTRIBUTION","SYNTHETIC","M03A2_SYNTHETIC_CONTRACT","tests/fixtures/M03A_2/C021_failed_distribution.csv","7","6","261015.72156825385","2.0000000464747369","-0.00060975232147344766","261015.72156825385","2.0000000464747369","-0.00060975232147344766","FALSE","FALSE","PASS",""
"S_C021","R1","C021","FAILED_INPUT_DISTRIBUTION","SYNTHETIC","M03A2_SYNTHETIC_CONTRACT","tests/fixtures/M03A_2/C021_failed_distribution.csv","8","7","199526.23149688789","2.0000000795335326","-0.00079766424853319794","199526.23149688789","2.0000000795335326","-0.00079766424853319794","FALSE","FALSE","PASS",""
"S_C021","R1","C021","FAILED_INPUT_DISTRIBUTION","SYNTHETIC","M03A2_SYNTHETIC_CONTRACT","tests/fixtures/M03A_2/C021_failed_distribution.csv","9","8","152522.29565390197","2.0000001361079844","-0.0010434863945744798","152522.29565390197","2.0000001361079844","-0.0010434863945744798","FALSE","FALSE","PASS",""
"S_C021","R1","C021","FAILED_INPUT_DISTRIBUTION","SYNTHETIC","M03A2_SYNTHETIC_CONTRACT","tests/fixtures/M03A_2/C021_failed_distribution.csv","10","9","116591.4401179831","2.0000002329254429","-0.0013650653795590504","116591.4401179831","2.0000002329254429","-0.0013650653795590504","FALSE","FALSE","PASS",""
"S_C021","R1","C021","FAILED_INPUT_DISTRIBUTION","SYNTHETIC","M03A2_SYNTHETIC_CONTRACT","tests/fixtures/M03A_2/C021_failed_distribution.csv","11","10","89125.093813374595","2.000000398611895","-0.0017857477434473118","89125.093813374595","2.000000398611895","-0.0017857477434473118","FALSE","FALSE","PASS",""
"S_C021","R1","C021","FAILED_INPUT_DISTRIBUTION","SYNTHETIC","M03A2_SYNTHETIC_CONTRACT","tests/fixtures/M03A_2/C021_failed_distribution.csv","12","11","68129.206905796222","2.0000006821557945","-0.0023360748898912636","68129.206905796222","2.0000006821557945","-0.0023360748898912636","FALSE","FALSE","PASS",""
"S_C021","R1","C021","FAILED_INPUT_DISTRIBUTION","SYNTHETIC","M03A2_SYNTHETIC_CONTRACT","tests/fixtures/M03A_2/C021_failed_distribution.csv","13","12","52079.483285954651","2.0000011673924485","-0.0030560003637801663","52079.483285954651","2.0000011673924485","-0.0030560003637801663","FALSE","FALSE","PASS",""
"S_C021","R1","C021","FAILED_INPUT_DISTRIBUTION","SYNTHETIC","M03A2_SYNTHETIC_CONTRACT","tests/fixtures/M03A_2/C021_failed_distribution.csv","14","13","39810.717055349691","2.0000019977915313","-0.003997790422257886","39810.717055349691","2.0000019977915313","-0.003997790422257886","FALSE","FALSE","PASS",""
"S_C021","R1","C021","FAILED_INPUT_DISTRIBUTION","SYNTHETIC","M03A2_SYNTHETIC_CONTRACT","tests/fixtures/M03A_2/C021_failed_distribution.csv","15","14","30432.19887107722","2.0000034188765863","-0.0052298184482084094","30432.19887107722","2.0000034188765863","-0.0052298184482084094","FALSE","FALSE","PASS",""
"S_C021","R1","C021","FAILED_INPUT_DISTRIBUTION","SYNTHETIC","M03A2_SYNTHETIC_CONTRACT","tests/fixtures/M03A_2/C021_failed_distribution.csv","16","15","23263.050671536286","2.0000058508184919","-0.0068415286086401022","23263.050671536286","2.0000058508184919","-0.0068415286086401022","FALSE","FALSE","PASS",""
"S_C021","R1","C021","FAILED_INPUT_DISTRIBUTION","SYNTHETIC","M03A2_SYNTHETIC_CONTRACT","tests/fixtures/M03A_2/C021_failed_distribution.csv","17","16","17782.794100389227","2.0000100126660789","-0.0089499289592938208","17782.794100389227","2.0000100126660789","-0.0089499289592938208","FALSE","FALSE","PASS",""
"S_C021","R1","C021","FAILED_INPUT_DISTRIBUTION","SYNTHETIC","M03A2_SYNTHETIC_CONTRACT","tests/fixtures/M03A_2/C021_failed_distribution.csv","18","17","13593.563908785241","2.0000171349436058","-0.011708085037225978","13593.563908785241","2.0000171349436058","-0.011708085037225978","FALSE","FALSE","PASS",""
"S_C021","R1","C021","FAILED_INPUT_DISTRIBUTION","SYNTHETIC","M03A2_SYNTHETIC_CONTRACT","tests/fixtures/M03A_2/C021_failed_distribution.csv","19","18","10391.223038351691","2.0000293234693061","-0.015316229777053764","10391.223038351691","2.0000293234693061","-0.015316229777053764","FALSE","FALSE","PASS",""
"S_C021","R1","C021","FAILED_INPUT_DISTRIBUTION","SYNTHETIC","M03A2_SYNTHETIC_CONTRACT","tests/fixtures/M03A_2/C021_failed_distribution.csv","20","19","7943.2823472428136","2.000050181952159","-0.020036294543769002","7943.2823472428136","2.000050181952159","-0.020036294543769002","FALSE","FALSE","PASS",""
"S_C021","R1","C021","FAILED_INPUT_DISTRIBUTION","SYNTHETIC","M03A2_SYNTHETIC_CONTRACT","tests/fixtures/M03A_2/C021_failed_distribution.csv","21","20","6072.0219569098836","2.0000858774119048","-0.026210912237225267","6072.0219569098836","2.0000858774119048","-0.026210912237225267","FALSE","FALSE","PASS",""
"S_C021","R1","C021","FAILED_INPUT_DISTRIBUTION","SYNTHETIC","M03A2_SYNTHETIC_CONTRACT","tests/fixtures/M03A_2/C021_failed_distribution.csv","22","21","4641.5888336127819","2.0001469633234863","-0.0342882631475128","4641.5888336127819","2.0001469633234863","-0.0342882631475128","FALSE","FALSE","PASS",""
"S_C021","R1","C021","FAILED_INPUT_DISTRIBUTION","SYNTHETIC","M03A2_SYNTHETIC_CONTRACT","tests/fixtures/M03A_2/C021_failed_distribution.csv","23","22","3548.1338923357566","2.0002514992087161","-0.044854547348929005","3548.1338923357566","2.0002514992087161","-0.044854547348929005","FALSE","FALSE","PASS",""
"S_C021","R1","C021","FAILED_INPUT_DISTRIBUTION","SYNTHETIC","M03A2_SYNTHETIC_CONTRACT","tests/fixtures/M03A_2/C021_failed_distribution.csv","24","23","2712.2725793320296","2.0004303880898768","-0.058676396320054031","2712.2725793320296","2.0004303880898768","-0.058676396320054031","FALSE","FALSE","PASS",""
"S_C021","R1","C021","FAILED_INPUT_DISTRIBUTION","SYNTHETIC","M03A2_SYNTHETIC_CONTRACT","tests/fixtures/M03A_2/C021_failed_distribution.csv","25","24","2073.3215734859541","2.000736507135028","-0.076756202599306128","2073.3215734859541","2.000736507135028","-0.076756202599306128","FALSE","FALSE","PASS",""
"S_C021","R1","C021","FAILED_INPUT_DISTRIBUTION","SYNTHETIC","M03A2_SYNTHETIC_CONTRACT","tests/fixtures/M03A_2/C021_failed_distribution.csv","26","25","1584.8931924611124","2.0012603229712469","-0.10040416005317282","1584.8931924611124","2.0012603229712469","-0.10040416005317282","FALSE","FALSE","PASS",""
"S_C021","R1","C021","FAILED_INPUT_DISTRIBUTION","SYNTHETIC","M03A2_SYNTHETIC_CONTRACT","tests/fixtures/M03A_2/C021_failed_distribution.csv","27","26","1211.5276586285877","2.0021565846998901","-0.1313317430842704","1211.5276586285877","2.0021565846998901","-0.1313317430842704","FALSE","FALSE","PASS",""
"S_C021","R1","C021","FAILED_INPUT_DISTRIBUTION","SYNTHETIC","M03A2_SYNTHETIC_CONTRACT","tests/fixtures/M03A_2/C021_failed_distribution.csv","28","27","926.11872812879369","2.0036899168773545","-0.17177228976838432","926.11872812879369","2.0036899168773545","-0.17177228976838432","FALSE","FALSE","PASS",""
"S_C021","R1","C021","FAILED_INPUT_DISTRIBUTION","SYNTHETIC","M03A2_SYNTHETIC_CONTRACT","tests/fixtures/M03A_2/C021_failed_distribution.csv","29","28","707.94578438413805","2.0063125880775905","-0.22463493907334725","707.94578438413805","2.0063125880775905","-0.22463493907334725","FALSE","FALSE","PASS",""
"S_C021","R1","C021","FAILED_INPUT_DISTRIBUTION","SYNTHETIC","M03A2_SYNTHETIC_CONTRACT","tests/fixtures/M03A_2/C021_failed_distribution.csv","30","29","541.16952654646377","2.0107968504820164","-0.29369751765345276","541.16952654646377","2.0107968504820164","-0.29369751765345276","FALSE","FALSE","PASS",""
"S_C021","R1","C021","FAILED_INPUT_DISTRIBUTION","SYNTHETIC","M03A2_SYNTHETIC_CONTRACT","tests/fixtures/M03A_2/C021_failed_distribution.csv","31","30","413.68204023885073","2.0184592347172785","-0.38383998540000985","413.68204023885073","2.0184592347172785","-0.38383998540000985","FALSE","FALSE","PASS",""
"S_C021","R1","C021","FAILED_INPUT_DISTRIBUTION","SYNTHETIC","M03A2_SYNTHETIC_CONTRACT","tests/fixtures/M03A_2/C021_failed_distribution.csv","32","31","316.22776601683796","2.0315380467543664","-0.5013080147392931","316.22776601683796","2.0315380467543664","-0.5013080147392931","FALSE","FALSE","PASS",""
"S_C021","R1","C021","FAILED_INPUT_DISTRIBUTION","SYNTHETIC","M03A2_SYNTHETIC_CONTRACT","tests/fixtures/M03A_2/C021_failed_distribution.csv","33","32","241.73154808041014","2.0538210250961093","-0.65396597619943253","241.73154808041014","2.0538210250961093","-0.65396597619943253","FALSE","FALSE","PASS",""
"S_C021","R1","C021","FAILED_INPUT_DISTRIBUTION","SYNTHETIC","M03A2_SYNTHETIC_CONTRACT","tests/fixtures/M03A_2/C021_failed_distribution.csv","34","33","184.78497974222907","2.0916667674946963","-0.85142900097109853","184.78497974222907","2.0916667674946963","-0.85142900097109853","FALSE","FALSE","PASS",""
"S_C021","R1","C021","FAILED_INPUT_DISTRIBUTION","SYNTHETIC","M03A2_SYNTHETIC_CONTRACT","tests/fixtures/M03A_2/C021_failed_distribution.csv","35","34","141.25375446227525","2.1556036634214886","-1.104815281982342","141.25375446227525","2.1556036634214886","-1.104815281982342","FALSE","FALSE","PASS",""
"S_C021","R1","C021","FAILED_INPUT_DISTRIBUTION","SYNTHETIC","M03A2_SYNTHETIC_CONTRACT","tests/fixtures/M03A_2/C021_failed_distribution.csv","36","35","107.97751623277094","2.2626549485499292","-1.4255707511034548","107.97751623277094","2.2626549485499292","-1.4255707511034548","FALSE","FALSE","PASS",""
"S_C021","R1","C021","FAILED_INPUT_DISTRIBUTION","SYNTHETIC","M03A2_SYNTHETIC_CONTRACT","tests/fixtures/M03A_2/C021_failed_distribution.csv","37","36","82.54041852680173","2.439230943947035","-1.8223401794000142","82.54041852680173","2.439230943947035","-1.8223401794000142","FALSE","FALSE","PASS",""
"S_C021","R1","C021","FAILED_INPUT_DISTRIBUTION","SYNTHETIC","M03A2_SYNTHETIC_CONTRACT","tests/fixtures/M03A_2/C021_failed_distribution.csv","38","37","63.0957344480193","2.723415585628159","-2.2943396818029234","63.0957344480193","2.723415585628159","-2.2943396818029234","FALSE","FALSE","PASS",""
"S_C021","R1","C021","FAILED_INPUT_DISTRIBUTION","SYNTHETIC","M03A2_SYNTHETIC_CONTRACT","tests/fixtures/M03A_2/C021_failed_distribution.csv","39","38","48.231784822393095","3.16318192805972","-2.8200112103878299","48.231784822393095","3.16318192805972","-2.8200112103878299","FALSE","FALSE","PASS",""
"S_C021","R1","C021","FAILED_INPUT_DISTRIBUTION","SYNTHETIC","M03A2_SYNTHETIC_CONTRACT","tests/fixtures/M03A_2/C021_failed_distribution.csv","40","39","36.869450645195734","3.8040058933676253","-3.3432932691637864","36.869450645195734","3.8040058933676253","-3.3432932691637864","FALSE","FALSE","PASS",""
"S_C021","R1","C021","FAILED_INPUT_DISTRIBUTION","SYNTHETIC","M03A2_SYNTHETIC_CONTRACT","tests/fixtures/M03A_2/C021_failed_distribution.csv","41","40","28.183829312644551","4.6604902560760486","-3.7690467821364053","28.183829312644551","4.6604902560760486","-3.7690467821364053","FALSE","FALSE","PASS",""
"S_C021","R1","C021","FAILED_INPUT_DISTRIBUTION","SYNTHETIC","M03A2_SYNTHETIC_CONTRACT","tests/fixtures/M03A_2/C021_failed_distribution.csv","42","41","21.544346900318867","5.6819655718361606","-3.9873367179738537","21.544346900318867","5.6819655718361606","-3.9873367179738537","FALSE","FALSE","PASS",""
"S_C021","R1","C021","FAILED_INPUT_DISTRIBUTION","SYNTHETIC","M03A2_SYNTHETIC_CONTRACT","tests/fixtures/M03A_2/C021_failed_distribution.csv","43","42","16.468978654828689","6.7469634991013088","-3.9296368192251978","16.468978654828689","6.7469634991013088","-3.9296368192251978","FALSE","FALSE","PASS",""
"S_C021","R1","C021","FAILED_INPUT_DISTRIBUTION","SYNTHETIC","M03A2_SYNTHETIC_CONTRACT","tests/fixtures/M03A_2/C021_failed_distribution.csv","44","43","12.589254117941687","7.7124818676228877","-3.6148866998929341","12.589254117941687","7.7124818676228877","-3.6148866998929341","FALSE","FALSE","PASS",""
"S_C021","R1","C021","FAILED_INPUT_DISTRIBUTION","SYNTHETIC","M03A2_SYNTHETIC_CONTRACT","tests/fixtures/M03A_2/C021_failed_distribution.csv","45","44","9.6235062639808877","8.4830090066133739","-3.1360271480133686","9.6235062639808877","8.4830090066133739","-3.1360271480133686","FALSE","FALSE","PASS",""
"S_C021","R1","C021","FAILED_INPUT_DISTRIBUTION","SYNTHETIC","M03A2_SYNTHETIC_CONTRACT","tests/fixtures/M03A_2/C021_failed_distribution.csv","46","45","7.3564225445964215","9.0377130438621514","-2.6023642064764374","7.3564225445964215","9.0377130438621514","-2.6023642064764374","FALSE","FALSE","PASS",""
"S_C021","R1","C021","FAILED_INPUT_DISTRIBUTION","SYNTHETIC","M03A2_SYNTHETIC_CONTRACT","tests/fixtures/M03A_2/C021_failed_distribution.csv","47","46","5.6234132519034912","9.4081022630393925","-2.0940007078952414","5.6234132519034912","9.4081022630393925","-2.0940007078952414","FALSE","FALSE","PASS",""
"S_C021","R1","C021","FAILED_INPUT_DISTRIBUTION","SYNTHETIC","M03A2_SYNTHETIC_CONTRACT","tests/fixtures/M03A_2/C021_failed_distribution.csv","48","47","4.2986623470822725","9.6431554487029576","-1.651489744620277","4.2986623470822725","9.6431554487029576","-1.651489744620277","FALSE","FALSE","PASS",""
"S_C021","R1","C021","FAILED_INPUT_DISTRIBUTION","SYNTHETIC","M03A2_SYNTHETIC_CONTRACT","tests/fixtures/M03A_2/C021_failed_distribution.csv","49","48","3.2859932476006541","9.7875418299540033","-1.2862841390410882","3.2859932476006541","9.7875418299540033","-1.2862841390410882","FALSE","FALSE","PASS",""
"S_C021","R1","C021","FAILED_INPUT_DISTRIBUTION","SYNTHETIC","M03A2_SYNTHETIC_CONTRACT","tests/fixtures/M03A_2/C021_failed_distribution.csv","50","49","2.511886431509577","9.8744661549166217","-0.99423941503322122","2.511886431509577","9.8744661549166217","-0.99423941503322122","FALSE","FALSE","PASS",""
"S_C021","R1","C021","FAILED_INPUT_DISTRIBUTION","SYNTHETIC","M03A2_SYNTHETIC_CONTRACT","tests/fixtures/M03A_2/C021_failed_distribution.csv","51","50","1.920141938638801","9.9261637860254162","-0.76500844786353428","1.920141938638801","9.9261637860254162","-0.76500844786353428","FALSE","FALSE","PASS",""
"S_C021","R1","C021","FAILED_INPUT_DISTRIBUTION","SYNTHETIC","M03A2_SYNTHETIC_CONTRACT","tests/fixtures/M03A_2/C021_failed_distribution.csv","52","51","1.4677992676220675","9.9566882842449616","-0.58704158397737194","1.4677992676220675","9.9566882842449616","-0.58704158397737194","FALSE","FALSE","PASS",""
"S_C021","R1","C021","FAILED_INPUT_DISTRIBUTION","SYNTHETIC","M03A2_SYNTHETIC_CONTRACT","tests/fixtures/M03A_2/C021_failed_distribution.csv","53","52","1.1220184543019629","9.9746340883463347","-0.44975978450201171","1.1220184543019629","9.9746340883463347","-0.44975978450201171","FALSE","FALSE","PASS",""
"S_C021","R1","C021","FAILED_INPUT_DISTRIBUTION","SYNTHETIC","M03A2_SYNTHETIC_CONTRACT","tests/fixtures/M03A_2/C021_failed_distribution.csv","54","53","0.85769589859089457","9.9851580865089939","-0.34426011318764721","0.85769589859089457","9.9851580865089939","-0.34426011318764721","FALSE","FALSE","PASS",""
"S_C021","R1","C021","FAILED_INPUT_DISTRIBUTION","SYNTHETIC","M03A2_SYNTHETIC_CONTRACT","tests/fixtures/M03A_2/C021_failed_distribution.csv","55","54","0.65564184941797854","9.9913205621788901","-0.26336319015381915","0.65564184941797854","9.9913205621788901","-0.26336319015381915","FALSE","FALSE","PASS",""
"S_C021","R1","C021","FAILED_INPUT_DISTRIBUTION","SYNTHETIC","M03A2_SYNTHETIC_CONTRACT","tests/fixtures/M03A_2/C021_failed_distribution.csv","56","55","0.50118723362727247","9.9949259568440105","-0.20141151738162108","0.50118723362727247","9.9949259568440105","-0.20141151738162108","FALSE","FALSE","PASS",""
"S_C021","R1","C021","FAILED_INPUT_DISTRIBUTION","SYNTHETIC","M03A2_SYNTHETIC_CONTRACT","tests/fixtures/M03A_2/C021_failed_distribution.csv","57","56","0.38311868495572932","9.9970342445776321","-0.15400405083539176","0.38311868495572932","9.9970342445776321","-0.15400405083539176","FALSE","FALSE","PASS",""
"S_C021","R1","C021","FAILED_INPUT_DISTRIBUTION","SYNTHETIC","M03A2_SYNTHETIC_CONTRACT","tests/fixtures/M03A_2/C021_failed_distribution.csv","58","57","0.29286445646252374","9.998266719198833","-0.1177422700095699","0.29286445646252374","9.998266719198833","-0.1177422700095699","FALSE","FALSE","PASS",""
"S_C021","R1","C021","FAILED_INPUT_DISTRIBUTION","SYNTHETIC","M03A2_SYNTHETIC_CONTRACT","tests/fixtures/M03A_2/C021_failed_distribution.csv","59","58","0.22387211385683423","9.9989870810268027","-0.090012920076708275","0.22387211385683423","9.9989870810268027","-0.090012920076708275","FALSE","FALSE","PASS",""
"S_C021","R1","C021","FAILED_INPUT_DISTRIBUTION","SYNTHETIC","M03A2_SYNTHETIC_CONTRACT","tests/fixtures/M03A_2/C021_failed_distribution.csv","60","59","0.17113283041617811","9.9994080783435848","-0.068811502527347621","0.17113283041617811","9.9994080783435848","-0.068811502527347621","FALSE","FALSE","PASS",""
"S_C021","R1","C021","FAILED_INPUT_DISTRIBUTION","SYNTHETIC","M03A2_SYNTHETIC_CONTRACT","tests/fixtures/M03A_2/C021_failed_distribution.csv","61","60","0.13081774742601956","9.9996541050247991","-0.052602663033967462","0.13081774742601956","9.9996541050247991","-0.052602663033967462","FALSE","FALSE","PASS",""
"S_C021","R1","C021","FAILED_INPUT_DISTRIBUTION","SYNTHETIC","M03A2_SYNTHETIC_CONTRACT","tests/fixtures/M03A_2/C021_failed_distribution.csv","62","61","0.10000000000000001","9.9997978756087775","-0.040211369977945235","0.10000000000000001","9.9997978756087775","-0.040211369977945235","FALSE","FALSE","PASS",""
"S_C022","R1","C022","MISSING_SERIES_COMPONENT","SYNTHETIC","M03A2_SYNTHETIC_CONTRACT","tests/fixtures/M03A_2/C022_missing_series_component.csv","2","1","1000000","2.0000000031662868","-0.00015915494302890407","1000000","2.0000000031662868","-0.00015915494302890407","FALSE","FALSE","PASS",""
"S_C022","R1","C022","MISSING_SERIES_COMPONENT","SYNTHETIC","M03A2_SYNTHETIC_CONTRACT","tests/fixtures/M03A_2/C022_missing_series_component.csv","3","2","764422.27425260097","2.0000000054185567","-0.00020820291132896045","764422.27425260097","2.0000000054185567","-0.00020820291132896045","FALSE","FALSE","PASS",""
"S_C022","R1","C022","MISSING_SERIES_COMPONENT","SYNTHETIC","M03A2_SYNTHETIC_CONTRACT","tests/fixtures/M03A_2/C022_missing_series_component.csv","4","3","584341.41337351757","2.0000000092729291","-0.00027236635854471374","584341.41337351757","2.0000000092729291","-0.00027236635854471374","FALSE","FALSE","PASS",""
"S_C022","R1","C022","MISSING_SERIES_COMPONENT","SYNTHETIC","M03A2_SYNTHETIC_CONTRACT","tests/fixtures/M03A_2/C022_missing_series_component.csv","5","4","446683.59215096349","2.0000000158690261","-0.00035630353470069315","446683.59215096349","2.0000000158690261","-0.00035630353470069315","FALSE","FALSE","PASS",""
"S_C022","R1","C022","MISSING_SERIES_COMPONENT","SYNTHETIC","M03A2_SYNTHETIC_CONTRACT","tests/fixtures/M03A_2/C022_missing_series_component.csv","6","5","341454.88738336007","2.0000000271571134","-0.00046610825743704891","341454.88738336007","2.0000000271571134","-0.00046610825743704891","FALSE","FALSE","PASS",""
"S_C022","R1","C022","MISSING_SERIES_COMPONENT","SYNTHETIC","M03A2_SYNTHETIC_CONTRACT","tests/fixtures/M03A_2/C022_missing_series_component.csv","7","6","261015.72156825385","2.0000000464747369","-0.00060975232147344766","261015.72156825385","2.0000000464747369","-0.00060975232147344766","FALSE","FALSE","PASS",""
"S_C022","R1","C022","MISSING_SERIES_COMPONENT","SYNTHETIC","M03A2_SYNTHETIC_CONTRACT","tests/fixtures/M03A_2/C022_missing_series_component.csv","8","7","199526.23149688789","2.0000000795335326","-0.00079766424853319794","199526.23149688789","2.0000000795335326","-0.00079766424853319794","FALSE","FALSE","PASS",""
"S_C022","R1","C022","MISSING_SERIES_COMPONENT","SYNTHETIC","M03A2_SYNTHETIC_CONTRACT","tests/fixtures/M03A_2/C022_missing_series_component.csv","9","8","152522.29565390197","2.0000001361079844","-0.0010434863945744798","152522.29565390197","2.0000001361079844","-0.0010434863945744798","FALSE","FALSE","PASS",""
"S_C022","R1","C022","MISSING_SERIES_COMPONENT","SYNTHETIC","M03A2_SYNTHETIC_CONTRACT","tests/fixtures/M03A_2/C022_missing_series_component.csv","10","9","116591.4401179831","2.0000002329254429","-0.0013650653795590504","116591.4401179831","2.0000002329254429","-0.0013650653795590504","FALSE","FALSE","PASS",""
"S_C022","R1","C022","MISSING_SERIES_COMPONENT","SYNTHETIC","M03A2_SYNTHETIC_CONTRACT","tests/fixtures/M03A_2/C022_missing_series_component.csv","11","10","89125.093813374595","2.000000398611895","-0.0017857477434473118","89125.093813374595","2.000000398611895","-0.0017857477434473118","FALSE","FALSE","PASS",""
"S_C022","R1","C022","MISSING_SERIES_COMPONENT","SYNTHETIC","M03A2_SYNTHETIC_CONTRACT","tests/fixtures/M03A_2/C022_missing_series_component.csv","12","11","68129.206905796222","2.0000006821557945","-0.0023360748898912636","68129.206905796222","2.0000006821557945","-0.0023360748898912636","FALSE","FALSE","PASS",""
"S_C022","R1","C022","MISSING_SERIES_COMPONENT","SYNTHETIC","M03A2_SYNTHETIC_CONTRACT","tests/fixtures/M03A_2/C022_missing_series_component.csv","13","12","52079.483285954651","2.0000011673924485","-0.0030560003637801663","52079.483285954651","2.0000011673924485","-0.0030560003637801663","FALSE","FALSE","PASS",""
"S_C022","R1","C022","MISSING_SERIES_COMPONENT","SYNTHETIC","M03A2_SYNTHETIC_CONTRACT","tests/fixtures/M03A_2/C022_missing_series_component.csv","14","13","39810.717055349691","2.0000019977915313","-0.003997790422257886","39810.717055349691","2.0000019977915313","-0.003997790422257886","FALSE","FALSE","PASS",""
"S_C022","R1","C022","MISSING_SERIES_COMPONENT","SYNTHETIC","M03A2_SYNTHETIC_CONTRACT","tests/fixtures/M03A_2/C022_missing_series_component.csv","15","14","30432.19887107722","2.0000034188765863","-0.0052298184482084094","30432.19887107722","2.0000034188765863","-0.0052298184482084094","FALSE","FALSE","PASS",""
"S_C022","R1","C022","MISSING_SERIES_COMPONENT","SYNTHETIC","M03A2_SYNTHETIC_CONTRACT","tests/fixtures/M03A_2/C022_missing_series_component.csv","16","15","23263.050671536286","2.0000058508184919","-0.0068415286086401022","23263.050671536286","2.0000058508184919","-0.0068415286086401022","FALSE","FALSE","PASS",""
"S_C022","R1","C022","MISSING_SERIES_COMPONENT","SYNTHETIC","M03A2_SYNTHETIC_CONTRACT","tests/fixtures/M03A_2/C022_missing_series_component.csv","17","16","17782.794100389227","2.0000100126660789","-0.0089499289592938208","17782.794100389227","2.0000100126660789","-0.0089499289592938208","FALSE","FALSE","PASS",""
"S_C022","R1","C022","MISSING_SERIES_COMPONENT","SYNTHETIC","M03A2_SYNTHETIC_CONTRACT","tests/fixtures/M03A_2/C022_missing_series_component.csv","18","17","13593.563908785241","2.0000171349436058","-0.011708085037225978","13593.563908785241","2.0000171349436058","-0.011708085037225978","FALSE","FALSE","PASS",""
"S_C022","R1","C022","MISSING_SERIES_COMPONENT","SYNTHETIC","M03A2_SYNTHETIC_CONTRACT","tests/fixtures/M03A_2/C022_missing_series_component.csv","19","18","10391.223038351691","2.0000293234693061","-0.015316229777053764","10391.223038351691","2.0000293234693061","-0.015316229777053764","FALSE","FALSE","PASS",""
"S_C022","R1","C022","MISSING_SERIES_COMPONENT","SYNTHETIC","M03A2_SYNTHETIC_CONTRACT","tests/fixtures/M03A_2/C022_missing_series_component.csv","20","19","7943.2823472428136","2.000050181952159","-0.020036294543769002","7943.2823472428136","2.000050181952159","-0.020036294543769002","FALSE","FALSE","PASS",""
"S_C022","R1","C022","MISSING_SERIES_COMPONENT","SYNTHETIC","M03A2_SYNTHETIC_CONTRACT","tests/fixtures/M03A_2/C022_missing_series_component.csv","21","20","6072.0219569098836","2.0000858774119048","-0.026210912237225267","6072.0219569098836","2.0000858774119048","-0.026210912237225267","FALSE","FALSE","PASS",""
"S_C022","R1","C022","MISSING_SERIES_COMPONENT","SYNTHETIC","M03A2_SYNTHETIC_CONTRACT","tests/fixtures/M03A_2/C022_missing_series_component.csv","22","21","4641.5888336127819","2.0001469633234863","-0.0342882631475128","4641.5888336127819","2.0001469633234863","-0.0342882631475128","FALSE","FALSE","PASS",""
"S_C022","R1","C022","MISSING_SERIES_COMPONENT","SYNTHETIC","M03A2_SYNTHETIC_CONTRACT","tests/fixtures/M03A_2/C022_missing_series_component.csv","23","22","3548.1338923357566","2.0002514992087161","-0.044854547348929005","3548.1338923357566","2.0002514992087161","-0.044854547348929005","FALSE","FALSE","PASS",""
"S_C022","R1","C022","MISSING_SERIES_COMPONENT","SYNTHETIC","M03A2_SYNTHETIC_CONTRACT","tests/fixtures/M03A_2/C022_missing_series_component.csv","24","23","2712.2725793320296","2.0004303880898768","-0.058676396320054031","2712.2725793320296","2.0004303880898768","-0.058676396320054031","FALSE","FALSE","PASS",""
"S_C022","R1","C022","MISSING_SERIES_COMPONENT","SYNTHETIC","M03A2_SYNTHETIC_CONTRACT","tests/fixtures/M03A_2/C022_missing_series_component.csv","25","24","2073.3215734859541","2.000736507135028","-0.076756202599306128","2073.3215734859541","2.000736507135028","-0.076756202599306128","FALSE","FALSE","PASS",""
"S_C022","R1","C022","MISSING_SERIES_COMPONENT","SYNTHETIC","M03A2_SYNTHETIC_CONTRACT","tests/fixtures/M03A_2/C022_missing_series_component.csv","26","25","1584.8931924611124","2.0012603229712469","-0.10040416005317282","1584.8931924611124","2.0012603229712469","-0.10040416005317282","FALSE","FALSE","PASS",""
"S_C022","R1","C022","MISSING_SERIES_COMPONENT","SYNTHETIC","M03A2_SYNTHETIC_CONTRACT","tests/fixtures/M03A_2/C022_missing_series_component.csv","27","26","1211.5276586285877","2.0021565846998901","-0.1313317430842704","1211.5276586285877","2.0021565846998901","-0.1313317430842704","FALSE","FALSE","PASS",""
"S_C022","R1","C022","MISSING_SERIES_COMPONENT","SYNTHETIC","M03A2_SYNTHETIC_CONTRACT","tests/fixtures/M03A_2/C022_missing_series_component.csv","28","27","926.11872812879369","2.0036899168773545","-0.17177228976838432","926.11872812879369","2.0036899168773545","-0.17177228976838432","FALSE","FALSE","PASS",""
"S_C022","R1","C022","MISSING_SERIES_COMPONENT","SYNTHETIC","M03A2_SYNTHETIC_CONTRACT","tests/fixtures/M03A_2/C022_missing_series_component.csv","29","28","707.94578438413805","2.0063125880775905","-0.22463493907334725","707.94578438413805","2.0063125880775905","-0.22463493907334725","FALSE","FALSE","PASS",""
"S_C022","R1","C022","MISSING_SERIES_COMPONENT","SYNTHETIC","M03A2_SYNTHETIC_CONTRACT","tests/fixtures/M03A_2/C022_missing_series_component.csv","30","29","541.16952654646377","2.0107968504820164","-0.29369751765345276","541.16952654646377","2.0107968504820164","-0.29369751765345276","FALSE","FALSE","PASS",""
"S_C022","R1","C022","MISSING_SERIES_COMPONENT","SYNTHETIC","M03A2_SYNTHETIC_CONTRACT","tests/fixtures/M03A_2/C022_missing_series_component.csv","31","30","413.68204023885073","2.0184592347172785","-0.38383998540000985","413.68204023885073","2.0184592347172785","-0.38383998540000985","FALSE","FALSE","PASS",""
"S_C022","R1","C022","MISSING_SERIES_COMPONENT","SYNTHETIC","M03A2_SYNTHETIC_CONTRACT","tests/fixtures/M03A_2/C022_missing_series_component.csv","32","31","316.22776601683796","2.0315380467543664","-0.5013080147392931","316.22776601683796","2.0315380467543664","-0.5013080147392931","FALSE","FALSE","PASS",""
"S_C022","R1","C022","MISSING_SERIES_COMPONENT","SYNTHETIC","M03A2_SYNTHETIC_CONTRACT","tests/fixtures/M03A_2/C022_missing_series_component.csv","33","32","241.73154808041014","2.0538210250961093","-0.65396597619943253","241.73154808041014","2.0538210250961093","-0.65396597619943253","FALSE","FALSE","PASS",""
"S_C022","R1","C022","MISSING_SERIES_COMPONENT","SYNTHETIC","M03A2_SYNTHETIC_CONTRACT","tests/fixtures/M03A_2/C022_missing_series_component.csv","34","33","184.78497974222907","2.0916667674946963","-0.85142900097109853","184.78497974222907","2.0916667674946963","-0.85142900097109853","FALSE","FALSE","PASS",""
"S_C022","R1","C022","MISSING_SERIES_COMPONENT","SYNTHETIC","M03A2_SYNTHETIC_CONTRACT","tests/fixtures/M03A_2/C022_missing_series_component.csv","35","34","141.25375446227525","2.1556036634214886","-1.104815281982342","141.25375446227525","2.1556036634214886","-1.104815281982342","FALSE","FALSE","PASS",""
"S_C022","R1","C022","MISSING_SERIES_COMPONENT","SYNTHETIC","M03A2_SYNTHETIC_CONTRACT","tests/fixtures/M03A_2/C022_missing_series_component.csv","36","35","107.97751623277094","2.2626549485499292","-1.4255707511034548","107.97751623277094","2.2626549485499292","-1.4255707511034548","FALSE","FALSE","PASS",""
"S_C022","R1","C022","MISSING_SERIES_COMPONENT","SYNTHETIC","M03A2_SYNTHETIC_CONTRACT","tests/fixtures/M03A_2/C022_missing_series_component.csv","37","36","82.54041852680173","2.439230943947035","-1.8223401794000142","82.54041852680173","2.439230943947035","-1.8223401794000142","FALSE","FALSE","PASS",""
"S_C022","R1","C022","MISSING_SERIES_COMPONENT","SYNTHETIC","M03A2_SYNTHETIC_CONTRACT","tests/fixtures/M03A_2/C022_missing_series_component.csv","38","37","63.0957344480193","2.723415585628159","-2.2943396818029234","63.0957344480193","2.723415585628159","-2.2943396818029234","FALSE","FALSE","PASS",""
"S_C022","R1","C022","MISSING_SERIES_COMPONENT","SYNTHETIC","M03A2_SYNTHETIC_CONTRACT","tests/fixtures/M03A_2/C022_missing_series_component.csv","39","38","48.231784822393095","3.16318192805972","-2.8200112103878299","48.231784822393095","3.16318192805972","-2.8200112103878299","FALSE","FALSE","PASS",""
"S_C022","R1","C022","MISSING_SERIES_COMPONENT","SYNTHETIC","M03A2_SYNTHETIC_CONTRACT","tests/fixtures/M03A_2/C022_missing_series_component.csv","40","39","36.869450645195734","3.8040058933676253","-3.3432932691637864","36.869450645195734","3.8040058933676253","-3.3432932691637864","FALSE","FALSE","PASS",""
"S_C022","R1","C022","MISSING_SERIES_COMPONENT","SYNTHETIC","M03A2_SYNTHETIC_CONTRACT","tests/fixtures/M03A_2/C022_missing_series_component.csv","41","40","28.183829312644551","4.6604902560760486","-3.7690467821364053","28.183829312644551","4.6604902560760486","-3.7690467821364053","FALSE","FALSE","PASS",""
"S_C022","R1","C022","MISSING_SERIES_COMPONENT","SYNTHETIC","M03A2_SYNTHETIC_CONTRACT","tests/fixtures/M03A_2/C022_missing_series_component.csv","42","41","21.544346900318867","5.6819655718361606","-3.9873367179738537","21.544346900318867","5.6819655718361606","-3.9873367179738537","FALSE","FALSE","PASS",""
"S_C022","R1","C022","MISSING_SERIES_COMPONENT","SYNTHETIC","M03A2_SYNTHETIC_CONTRACT","tests/fixtures/M03A_2/C022_missing_series_component.csv","43","42","16.468978654828689","6.7469634991013088","-3.9296368192251978","16.468978654828689","6.7469634991013088","-3.9296368192251978","FALSE","FALSE","PASS",""
"S_C022","R1","C022","MISSING_SERIES_COMPONENT","SYNTHETIC","M03A2_SYNTHETIC_CONTRACT","tests/fixtures/M03A_2/C022_missing_series_component.csv","44","43","12.589254117941687","7.7124818676228877","-3.6148866998929341","12.589254117941687","7.7124818676228877","-3.6148866998929341","FALSE","FALSE","PASS",""
"S_C022","R1","C022","MISSING_SERIES_COMPONENT","SYNTHETIC","M03A2_SYNTHETIC_CONTRACT","tests/fixtures/M03A_2/C022_missing_series_component.csv","45","44","9.6235062639808877","8.4830090066133739","-3.1360271480133686","9.6235062639808877","8.4830090066133739","-3.1360271480133686","FALSE","FALSE","PASS",""
"S_C022","R1","C022","MISSING_SERIES_COMPONENT","SYNTHETIC","M03A2_SYNTHETIC_CONTRACT","tests/fixtures/M03A_2/C022_missing_series_component.csv","46","45","7.3564225445964215","9.0377130438621514","-2.6023642064764374","7.3564225445964215","9.0377130438621514","-2.6023642064764374","FALSE","FALSE","PASS",""
"S_C022","R1","C022","MISSING_SERIES_COMPONENT","SYNTHETIC","M03A2_SYNTHETIC_CONTRACT","tests/fixtures/M03A_2/C022_missing_series_component.csv","47","46","5.6234132519034912","9.4081022630393925","-2.0940007078952414","5.6234132519034912","9.4081022630393925","-2.0940007078952414","FALSE","FALSE","PASS",""
"S_C022","R1","C022","MISSING_SERIES_COMPONENT","SYNTHETIC","M03A2_SYNTHETIC_CONTRACT","tests/fixtures/M03A_2/C022_missing_series_component.csv","48","47","4.2986623470822725","9.6431554487029576","-1.651489744620277","4.2986623470822725","9.6431554487029576","-1.651489744620277","FALSE","FALSE","PASS",""
"S_C022","R1","C022","MISSING_SERIES_COMPONENT","SYNTHETIC","M03A2_SYNTHETIC_CONTRACT","tests/fixtures/M03A_2/C022_missing_series_component.csv","49","48","3.2859932476006541","9.7875418299540033","-1.2862841390410882","3.2859932476006541","9.7875418299540033","-1.2862841390410882","FALSE","FALSE","PASS",""
"S_C022","R1","C022","MISSING_SERIES_COMPONENT","SYNTHETIC","M03A2_SYNTHETIC_CONTRACT","tests/fixtures/M03A_2/C022_missing_series_component.csv","50","49","2.511886431509577","9.8744661549166217","-0.99423941503322122","2.511886431509577","9.8744661549166217","-0.99423941503322122","FALSE","FALSE","PASS",""
"S_C022","R1","C022","MISSING_SERIES_COMPONENT","SYNTHETIC","M03A2_SYNTHETIC_CONTRACT","tests/fixtures/M03A_2/C022_missing_series_component.csv","51","50","1.920141938638801","9.9261637860254162","-0.76500844786353428","1.920141938638801","9.9261637860254162","-0.76500844786353428","FALSE","FALSE","PASS",""
"S_C022","R1","C022","MISSING_SERIES_COMPONENT","SYNTHETIC","M03A2_SYNTHETIC_CONTRACT","tests/fixtures/M03A_2/C022_missing_series_component.csv","52","51","1.4677992676220675","9.9566882842449616","-0.58704158397737194","1.4677992676220675","9.9566882842449616","-0.58704158397737194","FALSE","FALSE","PASS",""
"S_C022","R1","C022","MISSING_SERIES_COMPONENT","SYNTHETIC","M03A2_SYNTHETIC_CONTRACT","tests/fixtures/M03A_2/C022_missing_series_component.csv","53","52","1.1220184543019629","9.9746340883463347","-0.44975978450201171","1.1220184543019629","9.9746340883463347","-0.44975978450201171","FALSE","FALSE","PASS",""
"S_C022","R1","C022","MISSING_SERIES_COMPONENT","SYNTHETIC","M03A2_SYNTHETIC_CONTRACT","tests/fixtures/M03A_2/C022_missing_series_component.csv","54","53","0.85769589859089457","9.9851580865089939","-0.34426011318764721","0.85769589859089457","9.9851580865089939","-0.34426011318764721","FALSE","FALSE","PASS",""
"S_C022","R1","C022","MISSING_SERIES_COMPONENT","SYNTHETIC","M03A2_SYNTHETIC_CONTRACT","tests/fixtures/M03A_2/C022_missing_series_component.csv","55","54","0.65564184941797854","9.9913205621788901","-0.26336319015381915","0.65564184941797854","9.9913205621788901","-0.26336319015381915","FALSE","FALSE","PASS",""
"S_C022","R1","C022","MISSING_SERIES_COMPONENT","SYNTHETIC","M03A2_SYNTHETIC_CONTRACT","tests/fixtures/M03A_2/C022_missing_series_component.csv","56","55","0.50118723362727247","9.9949259568440105","-0.20141151738162108","0.50118723362727247","9.9949259568440105","-0.20141151738162108","FALSE","FALSE","PASS",""
"S_C022","R1","C022","MISSING_SERIES_COMPONENT","SYNTHETIC","M03A2_SYNTHETIC_CONTRACT","tests/fixtures/M03A_2/C022_missing_series_component.csv","57","56","0.38311868495572932","9.9970342445776321","-0.15400405083539176","0.38311868495572932","9.9970342445776321","-0.15400405083539176","FALSE","FALSE","PASS",""
"S_C022","R1","C022","MISSING_SERIES_COMPONENT","SYNTHETIC","M03A2_SYNTHETIC_CONTRACT","tests/fixtures/M03A_2/C022_missing_series_component.csv","58","57","0.29286445646252374","9.998266719198833","-0.1177422700095699","0.29286445646252374","9.998266719198833","-0.1177422700095699","FALSE","FALSE","PASS",""
"S_C022","R1","C022","MISSING_SERIES_COMPONENT","SYNTHETIC","M03A2_SYNTHETIC_CONTRACT","tests/fixtures/M03A_2/C022_missing_series_component.csv","59","58","0.22387211385683423","9.9989870810268027","-0.090012920076708275","0.22387211385683423","9.9989870810268027","-0.090012920076708275","FALSE","FALSE","PASS",""
"S_C022","R1","C022","MISSING_SERIES_COMPONENT","SYNTHETIC","M03A2_SYNTHETIC_CONTRACT","tests/fixtures/M03A_2/C022_missing_series_component.csv","60","59","0.17113283041617811","9.9994080783435848","-0.068811502527347621","0.17113283041617811","9.9994080783435848","-0.068811502527347621","FALSE","FALSE","PASS",""
"S_C022","R1","C022","MISSING_SERIES_COMPONENT","SYNTHETIC","M03A2_SYNTHETIC_CONTRACT","tests/fixtures/M03A_2/C022_missing_series_component.csv","61","60","0.13081774742601956","9.9996541050247991","-0.052602663033967462","0.13081774742601956","9.9996541050247991","-0.052602663033967462","FALSE","FALSE","PASS",""
"S_C022","R1","C022","MISSING_SERIES_COMPONENT","SYNTHETIC","M03A2_SYNTHETIC_CONTRACT","tests/fixtures/M03A_2/C022_missing_series_component.csv","62","61","0.10000000000000001","9.9997978756087775","-0.040211369977945235","0.10000000000000001","9.9997978756087775","-0.040211369977945235","FALSE","FALSE","PASS",""
"EXP_C023","R1","C023","EXPERIMENTAL_MANIFEST_INCOMPLETE","EXPERIMENTAL","","tests/fixtures/M03A_2/C023_deliberately_missing_experimental.csv","","","","","","","","","FALSE","FALSE","EXPERIMENTAL_INPUT_INCOMPLETE","file or critical provenance deliberately missing; no fixture generated"
"S_C024","R1","C024","UNIT_KHZ_MILLIOHM","SYNTHETIC","M03A2_SYNTHETIC_CONTRACT","tests/fixtures/M03A_2/C024_units_khz_mohm.csv","2","1","1000","2000.0000031662869","-0.15915494302890407","1000000","2.0000000031662868","-0.00015915494302890407","FALSE","FALSE","PASS",""
"S_C024","R1","C024","UNIT_KHZ_MILLIOHM","SYNTHETIC","M03A2_SYNTHETIC_CONTRACT","tests/fixtures/M03A_2/C024_units_khz_mohm.csv","3","2","764.42227425260091","2000.0000054185566","-0.20820291132896046","764422.27425260097","2.0000000054185567","-0.00020820291132896045","FALSE","FALSE","PASS",""
"S_C024","R1","C024","UNIT_KHZ_MILLIOHM","SYNTHETIC","M03A2_SYNTHETIC_CONTRACT","tests/fixtures/M03A_2/C024_units_khz_mohm.csv","4","3","584.34141337351753","2000.000009272929","-0.27236635854471375","584341.41337351757","2.0000000092729291","-0.00027236635854471374","FALSE","FALSE","PASS",""
"S_C024","R1","C024","UNIT_KHZ_MILLIOHM","SYNTHETIC","M03A2_SYNTHETIC_CONTRACT","tests/fixtures/M03A_2/C024_units_khz_mohm.csv","5","4","446.68359215096348","2000.0000158690261","-0.35630353470069315","446683.59215096349","2.0000000158690261","-0.00035630353470069315","FALSE","FALSE","PASS",""
"S_C024","R1","C024","UNIT_KHZ_MILLIOHM","SYNTHETIC","M03A2_SYNTHETIC_CONTRACT","tests/fixtures/M03A_2/C024_units_khz_mohm.csv","6","5","341.45488738336007","2000.0000271571134","-0.46610825743704892","341454.88738336007","2.0000000271571134","-0.00046610825743704891","FALSE","FALSE","PASS",""
"S_C024","R1","C024","UNIT_KHZ_MILLIOHM","SYNTHETIC","M03A2_SYNTHETIC_CONTRACT","tests/fixtures/M03A_2/C024_units_khz_mohm.csv","7","6","261.01572156825387","2000.000046474737","-0.60975232147344771","261015.72156825388","2.0000000464747369","-0.00060975232147344777","FALSE","FALSE","PASS",""
"S_C024","R1","C024","UNIT_KHZ_MILLIOHM","SYNTHETIC","M03A2_SYNTHETIC_CONTRACT","tests/fixtures/M03A_2/C024_units_khz_mohm.csv","8","7","199.5262314968879","2000.0000795335327","-0.79766424853319795","199526.23149688789","2.0000000795335326","-0.00079766424853319794","FALSE","FALSE","PASS",""
"S_C024","R1","C024","UNIT_KHZ_MILLIOHM","SYNTHETIC","M03A2_SYNTHETIC_CONTRACT","tests/fixtures/M03A_2/C024_units_khz_mohm.csv","9","8","152.52229565390198","2000.0001361079844","-1.0434863945744799","152522.29565390197","2.0000001361079844","-0.00104348639457448","FALSE","FALSE","PASS",""
"S_C024","R1","C024","UNIT_KHZ_MILLIOHM","SYNTHETIC","M03A2_SYNTHETIC_CONTRACT","tests/fixtures/M03A_2/C024_units_khz_mohm.csv","10","9","116.5914401179831","2000.000232925443","-1.3650653795590504","116591.4401179831","2.0000002329254429","-0.0013650653795590504","FALSE","FALSE","PASS",""
"S_C024","R1","C024","UNIT_KHZ_MILLIOHM","SYNTHETIC","M03A2_SYNTHETIC_CONTRACT","tests/fixtures/M03A_2/C024_units_khz_mohm.csv","11","10","89.12509381337459","2000.000398611895","-1.7857477434473119","89125.093813374595","2.000000398611895","-0.001785747743447312","FALSE","FALSE","PASS",""
"S_C024","R1","C024","UNIT_KHZ_MILLIOHM","SYNTHETIC","M03A2_SYNTHETIC_CONTRACT","tests/fixtures/M03A_2/C024_units_khz_mohm.csv","12","11","68.129206905796224","2000.0006821557945","-2.3360748898912638","68129.206905796222","2.0000006821557945","-0.002336074889891264","FALSE","FALSE","PASS",""
"S_C024","R1","C024","UNIT_KHZ_MILLIOHM","SYNTHETIC","M03A2_SYNTHETIC_CONTRACT","tests/fixtures/M03A_2/C024_units_khz_mohm.csv","13","12","52.079483285954652","2000.0011673924485","-3.0560003637801665","52079.483285954651","2.0000011673924485","-0.0030560003637801667","FALSE","FALSE","PASS",""
"S_C024","R1","C024","UNIT_KHZ_MILLIOHM","SYNTHETIC","M03A2_SYNTHETIC_CONTRACT","tests/fixtures/M03A_2/C024_units_khz_mohm.csv","14","13","39.810717055349691","2000.0019977915313","-3.9977904222578862","39810.717055349691","2.0000019977915313","-0.003997790422257886","FALSE","FALSE","PASS",""
"S_C024","R1","C024","UNIT_KHZ_MILLIOHM","SYNTHETIC","M03A2_SYNTHETIC_CONTRACT","tests/fixtures/M03A_2/C024_units_khz_mohm.csv","15","14","30.432198871077219","2000.0034188765862","-5.2298184482084098","30432.19887107722","2.0000034188765863","-0.0052298184482084103","FALSE","FALSE","PASS",""
"S_C024","R1","C024","UNIT_KHZ_MILLIOHM","SYNTHETIC","M03A2_SYNTHETIC_CONTRACT","tests/fixtures/M03A_2/C024_units_khz_mohm.csv","16","15","23.263050671536288","2000.0058508184918","-6.8415286086401021","23263.050671536286","2.0000058508184919","-0.0068415286086401022","FALSE","FALSE","PASS",""
"S_C024","R1","C024","UNIT_KHZ_MILLIOHM","SYNTHETIC","M03A2_SYNTHETIC_CONTRACT","tests/fixtures/M03A_2/C024_units_khz_mohm.csv","17","16","17.782794100389225","2000.0100126660789","-8.9499289592938212","17782.794100389227","2.0000100126660789","-0.0089499289592938208","FALSE","FALSE","PASS",""
"S_C024","R1","C024","UNIT_KHZ_MILLIOHM","SYNTHETIC","M03A2_SYNTHETIC_CONTRACT","tests/fixtures/M03A_2/C024_units_khz_mohm.csv","18","17","13.593563908785242","2000.0171349436057","-11.708085037225977","13593.563908785241","2.0000171349436058","-0.011708085037225978","FALSE","FALSE","PASS",""
"S_C024","R1","C024","UNIT_KHZ_MILLIOHM","SYNTHETIC","M03A2_SYNTHETIC_CONTRACT","tests/fixtures/M03A_2/C024_units_khz_mohm.csv","19","18","10.39122303835169","2000.0293234693061","-15.316229777053763","10391.223038351691","2.0000293234693061","-0.015316229777053764","FALSE","FALSE","PASS",""
"S_C024","R1","C024","UNIT_KHZ_MILLIOHM","SYNTHETIC","M03A2_SYNTHETIC_CONTRACT","tests/fixtures/M03A_2/C024_units_khz_mohm.csv","20","19","7.9432823472428131","2000.0501819521589","-20.036294543769003","7943.2823472428136","2.000050181952159","-0.020036294543769002","FALSE","FALSE","PASS",""
"S_C024","R1","C024","UNIT_KHZ_MILLIOHM","SYNTHETIC","M03A2_SYNTHETIC_CONTRACT","tests/fixtures/M03A_2/C024_units_khz_mohm.csv","21","20","6.0720219569098832","2000.0858774119049","-26.210912237225266","6072.0219569098836","2.0000858774119048","-0.026210912237225267","FALSE","FALSE","PASS",""
"S_C024","R1","C024","UNIT_KHZ_MILLIOHM","SYNTHETIC","M03A2_SYNTHETIC_CONTRACT","tests/fixtures/M03A_2/C024_units_khz_mohm.csv","22","21","4.641588833612782","2000.1469633234863","-34.288263147512801","4641.5888336127819","2.0001469633234863","-0.0342882631475128","FALSE","FALSE","PASS",""
"S_C024","R1","C024","UNIT_KHZ_MILLIOHM","SYNTHETIC","M03A2_SYNTHETIC_CONTRACT","tests/fixtures/M03A_2/C024_units_khz_mohm.csv","23","22","3.5481338923357568","2000.251499208716","-44.854547348929003","3548.1338923357566","2.0002514992087161","-0.044854547348929005","FALSE","FALSE","PASS",""
"S_C024","R1","C024","UNIT_KHZ_MILLIOHM","SYNTHETIC","M03A2_SYNTHETIC_CONTRACT","tests/fixtures/M03A_2/C024_units_khz_mohm.csv","24","23","2.7122725793320295","2000.4303880898769","-58.676396320054032","2712.2725793320296","2.0004303880898768","-0.058676396320054031","FALSE","FALSE","PASS",""
"S_C024","R1","C024","UNIT_KHZ_MILLIOHM","SYNTHETIC","M03A2_SYNTHETIC_CONTRACT","tests/fixtures/M03A_2/C024_units_khz_mohm.csv","25","24","2.0733215734859543","2000.736507135028","-76.756202599306121","2073.3215734859541","2.000736507135028","-0.076756202599306128","FALSE","FALSE","PASS",""
"S_C024","R1","C024","UNIT_KHZ_MILLIOHM","SYNTHETIC","M03A2_SYNTHETIC_CONTRACT","tests/fixtures/M03A_2/C024_units_khz_mohm.csv","26","25","1.5848931924611125","2001.260322971247","-100.40416005317282","1584.8931924611124","2.0012603229712469","-0.10040416005317282","FALSE","FALSE","PASS",""
"S_C024","R1","C024","UNIT_KHZ_MILLIOHM","SYNTHETIC","M03A2_SYNTHETIC_CONTRACT","tests/fixtures/M03A_2/C024_units_khz_mohm.csv","27","26","1.2115276586285877","2002.1565846998901","-131.33174308427039","1211.5276586285877","2.0021565846998901","-0.1313317430842704","FALSE","FALSE","PASS",""
"S_C024","R1","C024","UNIT_KHZ_MILLIOHM","SYNTHETIC","M03A2_SYNTHETIC_CONTRACT","tests/fixtures/M03A_2/C024_units_khz_mohm.csv","28","27","0.9261187281287937","2003.6899168773546","-171.77228976838433","926.11872812879369","2.0036899168773545","-0.17177228976838432","FALSE","FALSE","PASS",""
"S_C024","R1","C024","UNIT_KHZ_MILLIOHM","SYNTHETIC","M03A2_SYNTHETIC_CONTRACT","tests/fixtures/M03A_2/C024_units_khz_mohm.csv","29","28","0.70794578438413802","2006.3125880775906","-224.63493907334725","707.94578438413805","2.0063125880775905","-0.22463493907334725","FALSE","FALSE","PASS",""
"S_C024","R1","C024","UNIT_KHZ_MILLIOHM","SYNTHETIC","M03A2_SYNTHETIC_CONTRACT","tests/fixtures/M03A_2/C024_units_khz_mohm.csv","30","29","0.54116952654646377","2010.7968504820165","-293.69751765345273","541.16952654646377","2.0107968504820164","-0.29369751765345276","FALSE","FALSE","PASS",""
"S_C024","R1","C024","UNIT_KHZ_MILLIOHM","SYNTHETIC","M03A2_SYNTHETIC_CONTRACT","tests/fixtures/M03A_2/C024_units_khz_mohm.csv","31","30","0.41368204023885075","2018.4592347172786","-383.83998540000988","413.68204023885073","2.0184592347172785","-0.38383998540000991","FALSE","FALSE","PASS",""
"S_C024","R1","C024","UNIT_KHZ_MILLIOHM","SYNTHETIC","M03A2_SYNTHETIC_CONTRACT","tests/fixtures/M03A_2/C024_units_khz_mohm.csv","32","31","0.31622776601683794","2031.5380467543664","-501.30801473929307","316.22776601683796","2.0315380467543664","-0.5013080147392931","FALSE","FALSE","PASS",""
"S_C024","R1","C024","UNIT_KHZ_MILLIOHM","SYNTHETIC","M03A2_SYNTHETIC_CONTRACT","tests/fixtures/M03A_2/C024_units_khz_mohm.csv","33","32","0.24173154808041014","2053.8210250961092","-653.96597619943248","241.73154808041014","2.0538210250961093","-0.65396597619943253","FALSE","FALSE","PASS",""
"S_C024","R1","C024","UNIT_KHZ_MILLIOHM","SYNTHETIC","M03A2_SYNTHETIC_CONTRACT","tests/fixtures/M03A_2/C024_units_khz_mohm.csv","34","33","0.18478497974222907","2091.6667674946962","-851.4290009710985","184.78497974222907","2.0916667674946963","-0.85142900097109853","FALSE","FALSE","PASS",""
"S_C024","R1","C024","UNIT_KHZ_MILLIOHM","SYNTHETIC","M03A2_SYNTHETIC_CONTRACT","tests/fixtures/M03A_2/C024_units_khz_mohm.csv","35","34","0.14125375446227525","2155.6036634214884","-1104.815281982342","141.25375446227525","2.1556036634214886","-1.104815281982342","FALSE","FALSE","PASS",""
"S_C024","R1","C024","UNIT_KHZ_MILLIOHM","SYNTHETIC","M03A2_SYNTHETIC_CONTRACT","tests/fixtures/M03A_2/C024_units_khz_mohm.csv","36","35","0.10797751623277094","2262.654948549929","-1425.5707511034548","107.97751623277094","2.2626549485499292","-1.4255707511034548","FALSE","FALSE","PASS",""
"S_C024","R1","C024","UNIT_KHZ_MILLIOHM","SYNTHETIC","M03A2_SYNTHETIC_CONTRACT","tests/fixtures/M03A_2/C024_units_khz_mohm.csv","37","36","0.082540418526801732","2439.230943947035","-1822.3401794000142","82.54041852680173","2.439230943947035","-1.8223401794000142","FALSE","FALSE","PASS",""
"S_C024","R1","C024","UNIT_KHZ_MILLIOHM","SYNTHETIC","M03A2_SYNTHETIC_CONTRACT","tests/fixtures/M03A_2/C024_units_khz_mohm.csv","38","37","0.063095734448019303","2723.4155856281591","-2294.3396818029232","63.0957344480193","2.723415585628159","-2.2943396818029234","FALSE","FALSE","PASS",""
"S_C024","R1","C024","UNIT_KHZ_MILLIOHM","SYNTHETIC","M03A2_SYNTHETIC_CONTRACT","tests/fixtures/M03A_2/C024_units_khz_mohm.csv","39","38","0.048231784822393098","3163.1819280597201","-2820.01121038783","48.231784822393095","3.16318192805972","-2.8200112103878303","FALSE","FALSE","PASS",""
"S_C024","R1","C024","UNIT_KHZ_MILLIOHM","SYNTHETIC","M03A2_SYNTHETIC_CONTRACT","tests/fixtures/M03A_2/C024_units_khz_mohm.csv","40","39","0.036869450645195735","3804.0058933676255","-3343.2932691637866","36.869450645195734","3.8040058933676257","-3.3432932691637864","FALSE","FALSE","PASS",""
"S_C024","R1","C024","UNIT_KHZ_MILLIOHM","SYNTHETIC","M03A2_SYNTHETIC_CONTRACT","tests/fixtures/M03A_2/C024_units_khz_mohm.csv","41","40","0.02818382931264455","4660.4902560760484","-3769.0467821364055","28.183829312644551","4.6604902560760486","-3.7690467821364053","FALSE","FALSE","PASS",""
"S_C024","R1","C024","UNIT_KHZ_MILLIOHM","SYNTHETIC","M03A2_SYNTHETIC_CONTRACT","tests/fixtures/M03A_2/C024_units_khz_mohm.csv","42","41","0.021544346900318867","5681.965571836161","-3987.3367179738539","21.544346900318867","5.6819655718361615","-3.9873367179738541","FALSE","FALSE","PASS",""
"S_C024","R1","C024","UNIT_KHZ_MILLIOHM","SYNTHETIC","M03A2_SYNTHETIC_CONTRACT","tests/fixtures/M03A_2/C024_units_khz_mohm.csv","43","42","0.01646897865482869","6746.963499101309","-3929.636819225198","16.468978654828689","6.7469634991013088","-3.9296368192251983","FALSE","FALSE","PASS",""
"S_C024","R1","C024","UNIT_KHZ_MILLIOHM","SYNTHETIC","M03A2_SYNTHETIC_CONTRACT","tests/fixtures/M03A_2/C024_units_khz_mohm.csv","44","43","0.012589254117941687","7712.4818676228879","-3614.8866998929343","12.589254117941687","7.7124818676228877","-3.6148866998929345","FALSE","FALSE","PASS",""
"S_C024","R1","C024","UNIT_KHZ_MILLIOHM","SYNTHETIC","M03A2_SYNTHETIC_CONTRACT","tests/fixtures/M03A_2/C024_units_khz_mohm.csv","45","44","0.0096235062639808879","8483.0090066133744","-3136.0271480133688","9.6235062639808877","8.4830090066133739","-3.136027148013369","FALSE","FALSE","PASS",""
"S_C024","R1","C024","UNIT_KHZ_MILLIOHM","SYNTHETIC","M03A2_SYNTHETIC_CONTRACT","tests/fixtures/M03A_2/C024_units_khz_mohm.csv","46","45","0.0073564225445964214","9037.7130438621516","-2602.3642064764372","7.3564225445964215","9.0377130438621514","-2.6023642064764374","FALSE","FALSE","PASS",""
"S_C024","R1","C024","UNIT_KHZ_MILLIOHM","SYNTHETIC","M03A2_SYNTHETIC_CONTRACT","tests/fixtures/M03A_2/C024_units_khz_mohm.csv","47","46","0.005623413251903491","9408.1022630393927","-2094.0007078952412","5.6234132519034912","9.4081022630393925","-2.0940007078952414","FALSE","FALSE","PASS",""
"S_C024","R1","C024","UNIT_KHZ_MILLIOHM","SYNTHETIC","M03A2_SYNTHETIC_CONTRACT","tests/fixtures/M03A_2/C024_units_khz_mohm.csv","48","47","0.0042986623470822726","9643.1554487029571","-1651.489744620277","4.2986623470822725","9.6431554487029576","-1.651489744620277","FALSE","FALSE","PASS",""
"S_C024","R1","C024","UNIT_KHZ_MILLIOHM","SYNTHETIC","M03A2_SYNTHETIC_CONTRACT","tests/fixtures/M03A_2/C024_units_khz_mohm.csv","49","48","0.003285993247600654","9787.5418299540033","-1286.2841390410881","3.2859932476006541","9.7875418299540033","-1.2862841390410882","FALSE","FALSE","PASS",""
"S_C024","R1","C024","UNIT_KHZ_MILLIOHM","SYNTHETIC","M03A2_SYNTHETIC_CONTRACT","tests/fixtures/M03A_2/C024_units_khz_mohm.csv","50","49","0.0025118864315095768","9874.4661549166212","-994.23941503322123","2.511886431509577","9.8744661549166217","-0.99423941503322122","FALSE","FALSE","PASS",""
"S_C024","R1","C024","UNIT_KHZ_MILLIOHM","SYNTHETIC","M03A2_SYNTHETIC_CONTRACT","tests/fixtures/M03A_2/C024_units_khz_mohm.csv","51","50","0.001920141938638801","9926.1637860254159","-765.00844786353423","1.920141938638801","9.9261637860254162","-0.76500844786353428","FALSE","FALSE","PASS",""
"S_C024","R1","C024","UNIT_KHZ_MILLIOHM","SYNTHETIC","M03A2_SYNTHETIC_CONTRACT","tests/fixtures/M03A_2/C024_units_khz_mohm.csv","52","51","0.0014677992676220674","9956.6882842449613","-587.04158397737194","1.4677992676220675","9.9566882842449616","-0.58704158397737194","FALSE","FALSE","PASS",""
"S_C024","R1","C024","UNIT_KHZ_MILLIOHM","SYNTHETIC","M03A2_SYNTHETIC_CONTRACT","tests/fixtures/M03A_2/C024_units_khz_mohm.csv","53","52","0.0011220184543019628","9974.6340883463345","-449.75978450201171","1.1220184543019629","9.9746340883463347","-0.44975978450201171","FALSE","FALSE","PASS",""
"S_C024","R1","C024","UNIT_KHZ_MILLIOHM","SYNTHETIC","M03A2_SYNTHETIC_CONTRACT","tests/fixtures/M03A_2/C024_units_khz_mohm.csv","54","53","0.00085769589859089452","9985.1580865089945","-344.26011318764722","0.85769589859089457","9.9851580865089939","-0.34426011318764721","FALSE","FALSE","PASS",""
"S_C024","R1","C024","UNIT_KHZ_MILLIOHM","SYNTHETIC","M03A2_SYNTHETIC_CONTRACT","tests/fixtures/M03A_2/C024_units_khz_mohm.csv","55","54","0.00065564184941797855","9991.3205621788893","-263.36319015381918","0.65564184941797854","9.9913205621788901","-0.2633631901538192","FALSE","FALSE","PASS",""
"S_C024","R1","C024","UNIT_KHZ_MILLIOHM","SYNTHETIC","M03A2_SYNTHETIC_CONTRACT","tests/fixtures/M03A_2/C024_units_khz_mohm.csv","56","55","0.00050118723362727242","9994.9259568440102","-201.41151738162108","0.50118723362727247","9.9949259568440105","-0.20141151738162108","FALSE","FALSE","PASS",""
"S_C024","R1","C024","UNIT_KHZ_MILLIOHM","SYNTHETIC","M03A2_SYNTHETIC_CONTRACT","tests/fixtures/M03A_2/C024_units_khz_mohm.csv","57","56","0.00038311868495572934","9997.0342445776314","-154.00405083539175","0.38311868495572932","9.9970342445776321","-0.15400405083539176","FALSE","FALSE","PASS",""
"S_C024","R1","C024","UNIT_KHZ_MILLIOHM","SYNTHETIC","M03A2_SYNTHETIC_CONTRACT","tests/fixtures/M03A_2/C024_units_khz_mohm.csv","58","57","0.00029286445646252375","9998.266719198833","-117.74227000956989","0.29286445646252374","9.998266719198833","-0.1177422700095699","FALSE","FALSE","PASS",""
"S_C024","R1","C024","UNIT_KHZ_MILLIOHM","SYNTHETIC","M03A2_SYNTHETIC_CONTRACT","tests/fixtures/M03A_2/C024_units_khz_mohm.csv","59","58","0.00022387211385683424","9998.9870810268021","-90.012920076708269","0.22387211385683423","9.9989870810268027","-0.090012920076708275","FALSE","FALSE","PASS",""
"S_C024","R1","C024","UNIT_KHZ_MILLIOHM","SYNTHETIC","M03A2_SYNTHETIC_CONTRACT","tests/fixtures/M03A_2/C024_units_khz_mohm.csv","60","59","0.0001711328304161781","9999.4080783435857","-68.811502527347614","0.17113283041617811","9.9994080783435866","-0.068811502527347621","FALSE","FALSE","PASS",""
"S_C024","R1","C024","UNIT_KHZ_MILLIOHM","SYNTHETIC","M03A2_SYNTHETIC_CONTRACT","tests/fixtures/M03A_2/C024_units_khz_mohm.csv","61","60","0.00013081774742601957","9999.6541050247997","-52.60266303396746","0.13081774742601956","9.9996541050247991","-0.052602663033967462","FALSE","FALSE","PASS",""
"S_C024","R1","C024","UNIT_KHZ_MILLIOHM","SYNTHETIC","M03A2_SYNTHETIC_CONTRACT","tests/fixtures/M03A_2/C024_units_khz_mohm.csv","62","61","0.0001","9999.7978756087778","-40.211369977945239","0.10000000000000001","9.9997978756087775","-0.040211369977945242","FALSE","FALSE","PASS",""
"S_C025","R1","C025","USER_DEFINED_EQUIVALENT_CIRCUIT","SYNTHETIC","M03A2_C025_SYNTHETIC_FIT","tests/fixtures/M03A_2/C025_user_defined_ec.csv","2","1","1000000","2.0000000031662868","-0.00015915494302890407","1000000","2.0000000031662868","-0.00015915494302890407","FALSE","FALSE","PASS",""
"S_C025","R1","C025","USER_DEFINED_EQUIVALENT_CIRCUIT","SYNTHETIC","M03A2_C025_SYNTHETIC_FIT","tests/fixtures/M03A_2/C025_user_defined_ec.csv","3","2","764422.27425260097","2.0000000054185567","-0.00020820291132896045","764422.27425260097","2.0000000054185567","-0.00020820291132896045","FALSE","FALSE","PASS",""
"S_C025","R1","C025","USER_DEFINED_EQUIVALENT_CIRCUIT","SYNTHETIC","M03A2_C025_SYNTHETIC_FIT","tests/fixtures/M03A_2/C025_user_defined_ec.csv","4","3","584341.41337351757","2.0000000092729291","-0.00027236635854471374","584341.41337351757","2.0000000092729291","-0.00027236635854471374","FALSE","FALSE","PASS",""
"S_C025","R1","C025","USER_DEFINED_EQUIVALENT_CIRCUIT","SYNTHETIC","M03A2_C025_SYNTHETIC_FIT","tests/fixtures/M03A_2/C025_user_defined_ec.csv","5","4","446683.59215096349","2.0000000158690261","-0.00035630353470069315","446683.59215096349","2.0000000158690261","-0.00035630353470069315","FALSE","FALSE","PASS",""
"S_C025","R1","C025","USER_DEFINED_EQUIVALENT_CIRCUIT","SYNTHETIC","M03A2_C025_SYNTHETIC_FIT","tests/fixtures/M03A_2/C025_user_defined_ec.csv","6","5","341454.88738336007","2.0000000271571134","-0.00046610825743704891","341454.88738336007","2.0000000271571134","-0.00046610825743704891","FALSE","FALSE","PASS",""
"S_C025","R1","C025","USER_DEFINED_EQUIVALENT_CIRCUIT","SYNTHETIC","M03A2_C025_SYNTHETIC_FIT","tests/fixtures/M03A_2/C025_user_defined_ec.csv","7","6","261015.72156825385","2.0000000464747369","-0.00060975232147344766","261015.72156825385","2.0000000464747369","-0.00060975232147344766","FALSE","FALSE","PASS",""
"S_C025","R1","C025","USER_DEFINED_EQUIVALENT_CIRCUIT","SYNTHETIC","M03A2_C025_SYNTHETIC_FIT","tests/fixtures/M03A_2/C025_user_defined_ec.csv","8","7","199526.23149688789","2.0000000795335326","-0.00079766424853319794","199526.23149688789","2.0000000795335326","-0.00079766424853319794","FALSE","FALSE","PASS",""
"S_C025","R1","C025","USER_DEFINED_EQUIVALENT_CIRCUIT","SYNTHETIC","M03A2_C025_SYNTHETIC_FIT","tests/fixtures/M03A_2/C025_user_defined_ec.csv","9","8","152522.29565390197","2.0000001361079844","-0.0010434863945744798","152522.29565390197","2.0000001361079844","-0.0010434863945744798","FALSE","FALSE","PASS",""
"S_C025","R1","C025","USER_DEFINED_EQUIVALENT_CIRCUIT","SYNTHETIC","M03A2_C025_SYNTHETIC_FIT","tests/fixtures/M03A_2/C025_user_defined_ec.csv","10","9","116591.4401179831","2.0000002329254429","-0.0013650653795590504","116591.4401179831","2.0000002329254429","-0.0013650653795590504","FALSE","FALSE","PASS",""
"S_C025","R1","C025","USER_DEFINED_EQUIVALENT_CIRCUIT","SYNTHETIC","M03A2_C025_SYNTHETIC_FIT","tests/fixtures/M03A_2/C025_user_defined_ec.csv","11","10","89125.093813374595","2.000000398611895","-0.0017857477434473118","89125.093813374595","2.000000398611895","-0.0017857477434473118","FALSE","FALSE","PASS",""
"S_C025","R1","C025","USER_DEFINED_EQUIVALENT_CIRCUIT","SYNTHETIC","M03A2_C025_SYNTHETIC_FIT","tests/fixtures/M03A_2/C025_user_defined_ec.csv","12","11","68129.206905796222","2.0000006821557945","-0.0023360748898912636","68129.206905796222","2.0000006821557945","-0.0023360748898912636","FALSE","FALSE","PASS",""
"S_C025","R1","C025","USER_DEFINED_EQUIVALENT_CIRCUIT","SYNTHETIC","M03A2_C025_SYNTHETIC_FIT","tests/fixtures/M03A_2/C025_user_defined_ec.csv","13","12","52079.483285954651","2.0000011673924485","-0.0030560003637801663","52079.483285954651","2.0000011673924485","-0.0030560003637801663","FALSE","FALSE","PASS",""
"S_C025","R1","C025","USER_DEFINED_EQUIVALENT_CIRCUIT","SYNTHETIC","M03A2_C025_SYNTHETIC_FIT","tests/fixtures/M03A_2/C025_user_defined_ec.csv","14","13","39810.717055349691","2.0000019977915313","-0.003997790422257886","39810.717055349691","2.0000019977915313","-0.003997790422257886","FALSE","FALSE","PASS",""
"S_C025","R1","C025","USER_DEFINED_EQUIVALENT_CIRCUIT","SYNTHETIC","M03A2_C025_SYNTHETIC_FIT","tests/fixtures/M03A_2/C025_user_defined_ec.csv","15","14","30432.19887107722","2.0000034188765863","-0.0052298184482084094","30432.19887107722","2.0000034188765863","-0.0052298184482084094","FALSE","FALSE","PASS",""
"S_C025","R1","C025","USER_DEFINED_EQUIVALENT_CIRCUIT","SYNTHETIC","M03A2_C025_SYNTHETIC_FIT","tests/fixtures/M03A_2/C025_user_defined_ec.csv","16","15","23263.050671536286","2.0000058508184919","-0.0068415286086401022","23263.050671536286","2.0000058508184919","-0.0068415286086401022","FALSE","FALSE","PASS",""
"S_C025","R1","C025","USER_DEFINED_EQUIVALENT_CIRCUIT","SYNTHETIC","M03A2_C025_SYNTHETIC_FIT","tests/fixtures/M03A_2/C025_user_defined_ec.csv","17","16","17782.794100389227","2.0000100126660789","-0.0089499289592938208","17782.794100389227","2.0000100126660789","-0.0089499289592938208","FALSE","FALSE","PASS",""
"S_C025","R1","C025","USER_DEFINED_EQUIVALENT_CIRCUIT","SYNTHETIC","M03A2_C025_SYNTHETIC_FIT","tests/fixtures/M03A_2/C025_user_defined_ec.csv","18","17","13593.563908785241","2.0000171349436058","-0.011708085037225978","13593.563908785241","2.0000171349436058","-0.011708085037225978","FALSE","FALSE","PASS",""
"S_C025","R1","C025","USER_DEFINED_EQUIVALENT_CIRCUIT","SYNTHETIC","M03A2_C025_SYNTHETIC_FIT","tests/fixtures/M03A_2/C025_user_defined_ec.csv","19","18","10391.223038351691","2.0000293234693061","-0.015316229777053764","10391.223038351691","2.0000293234693061","-0.015316229777053764","FALSE","FALSE","PASS",""
"S_C025","R1","C025","USER_DEFINED_EQUIVALENT_CIRCUIT","SYNTHETIC","M03A2_C025_SYNTHETIC_FIT","tests/fixtures/M03A_2/C025_user_defined_ec.csv","20","19","7943.2823472428136","2.000050181952159","-0.020036294543769002","7943.2823472428136","2.000050181952159","-0.020036294543769002","FALSE","FALSE","PASS",""
"S_C025","R1","C025","USER_DEFINED_EQUIVALENT_CIRCUIT","SYNTHETIC","M03A2_C025_SYNTHETIC_FIT","tests/fixtures/M03A_2/C025_user_defined_ec.csv","21","20","6072.0219569098836","2.0000858774119048","-0.026210912237225267","6072.0219569098836","2.0000858774119048","-0.026210912237225267","FALSE","FALSE","PASS",""
"S_C025","R1","C025","USER_DEFINED_EQUIVALENT_CIRCUIT","SYNTHETIC","M03A2_C025_SYNTHETIC_FIT","tests/fixtures/M03A_2/C025_user_defined_ec.csv","22","21","4641.5888336127819","2.0001469633234863","-0.0342882631475128","4641.5888336127819","2.0001469633234863","-0.0342882631475128","FALSE","FALSE","PASS",""
"S_C025","R1","C025","USER_DEFINED_EQUIVALENT_CIRCUIT","SYNTHETIC","M03A2_C025_SYNTHETIC_FIT","tests/fixtures/M03A_2/C025_user_defined_ec.csv","23","22","3548.1338923357566","2.0002514992087161","-0.044854547348929005","3548.1338923357566","2.0002514992087161","-0.044854547348929005","FALSE","FALSE","PASS",""
"S_C025","R1","C025","USER_DEFINED_EQUIVALENT_CIRCUIT","SYNTHETIC","M03A2_C025_SYNTHETIC_FIT","tests/fixtures/M03A_2/C025_user_defined_ec.csv","24","23","2712.2725793320296","2.0004303880898768","-0.058676396320054031","2712.2725793320296","2.0004303880898768","-0.058676396320054031","FALSE","FALSE","PASS",""
"S_C025","R1","C025","USER_DEFINED_EQUIVALENT_CIRCUIT","SYNTHETIC","M03A2_C025_SYNTHETIC_FIT","tests/fixtures/M03A_2/C025_user_defined_ec.csv","25","24","2073.3215734859541","2.000736507135028","-0.076756202599306128","2073.3215734859541","2.000736507135028","-0.076756202599306128","FALSE","FALSE","PASS",""
"S_C025","R1","C025","USER_DEFINED_EQUIVALENT_CIRCUIT","SYNTHETIC","M03A2_C025_SYNTHETIC_FIT","tests/fixtures/M03A_2/C025_user_defined_ec.csv","26","25","1584.8931924611124","2.0012603229712469","-0.10040416005317282","1584.8931924611124","2.0012603229712469","-0.10040416005317282","FALSE","FALSE","PASS",""
"S_C025","R1","C025","USER_DEFINED_EQUIVALENT_CIRCUIT","SYNTHETIC","M03A2_C025_SYNTHETIC_FIT","tests/fixtures/M03A_2/C025_user_defined_ec.csv","27","26","1211.5276586285877","2.0021565846998901","-0.1313317430842704","1211.5276586285877","2.0021565846998901","-0.1313317430842704","FALSE","FALSE","PASS",""
"S_C025","R1","C025","USER_DEFINED_EQUIVALENT_CIRCUIT","SYNTHETIC","M03A2_C025_SYNTHETIC_FIT","tests/fixtures/M03A_2/C025_user_defined_ec.csv","28","27","926.11872812879369","2.0036899168773545","-0.17177228976838432","926.11872812879369","2.0036899168773545","-0.17177228976838432","FALSE","FALSE","PASS",""
"S_C025","R1","C025","USER_DEFINED_EQUIVALENT_CIRCUIT","SYNTHETIC","M03A2_C025_SYNTHETIC_FIT","tests/fixtures/M03A_2/C025_user_defined_ec.csv","29","28","707.94578438413805","2.0063125880775905","-0.22463493907334725","707.94578438413805","2.0063125880775905","-0.22463493907334725","FALSE","FALSE","PASS",""
"S_C025","R1","C025","USER_DEFINED_EQUIVALENT_CIRCUIT","SYNTHETIC","M03A2_C025_SYNTHETIC_FIT","tests/fixtures/M03A_2/C025_user_defined_ec.csv","30","29","541.16952654646377","2.0107968504820164","-0.29369751765345276","541.16952654646377","2.0107968504820164","-0.29369751765345276","FALSE","FALSE","PASS",""
"S_C025","R1","C025","USER_DEFINED_EQUIVALENT_CIRCUIT","SYNTHETIC","M03A2_C025_SYNTHETIC_FIT","tests/fixtures/M03A_2/C025_user_defined_ec.csv","31","30","413.68204023885073","2.0184592347172785","-0.38383998540000985","413.68204023885073","2.0184592347172785","-0.38383998540000985","FALSE","FALSE","PASS",""
"S_C025","R1","C025","USER_DEFINED_EQUIVALENT_CIRCUIT","SYNTHETIC","M03A2_C025_SYNTHETIC_FIT","tests/fixtures/M03A_2/C025_user_defined_ec.csv","32","31","316.22776601683796","2.0315380467543664","-0.5013080147392931","316.22776601683796","2.0315380467543664","-0.5013080147392931","FALSE","FALSE","PASS",""
"S_C025","R1","C025","USER_DEFINED_EQUIVALENT_CIRCUIT","SYNTHETIC","M03A2_C025_SYNTHETIC_FIT","tests/fixtures/M03A_2/C025_user_defined_ec.csv","33","32","241.73154808041014","2.0538210250961093","-0.65396597619943253","241.73154808041014","2.0538210250961093","-0.65396597619943253","FALSE","FALSE","PASS",""
"S_C025","R1","C025","USER_DEFINED_EQUIVALENT_CIRCUIT","SYNTHETIC","M03A2_C025_SYNTHETIC_FIT","tests/fixtures/M03A_2/C025_user_defined_ec.csv","34","33","184.78497974222907","2.0916667674946963","-0.85142900097109853","184.78497974222907","2.0916667674946963","-0.85142900097109853","FALSE","FALSE","PASS",""
"S_C025","R1","C025","USER_DEFINED_EQUIVALENT_CIRCUIT","SYNTHETIC","M03A2_C025_SYNTHETIC_FIT","tests/fixtures/M03A_2/C025_user_defined_ec.csv","35","34","141.25375446227525","2.1556036634214886","-1.104815281982342","141.25375446227525","2.1556036634214886","-1.104815281982342","FALSE","FALSE","PASS",""
"S_C025","R1","C025","USER_DEFINED_EQUIVALENT_CIRCUIT","SYNTHETIC","M03A2_C025_SYNTHETIC_FIT","tests/fixtures/M03A_2/C025_user_defined_ec.csv","36","35","107.97751623277094","2.2626549485499292","-1.4255707511034548","107.97751623277094","2.2626549485499292","-1.4255707511034548","FALSE","FALSE","PASS",""
"S_C025","R1","C025","USER_DEFINED_EQUIVALENT_CIRCUIT","SYNTHETIC","M03A2_C025_SYNTHETIC_FIT","tests/fixtures/M03A_2/C025_user_defined_ec.csv","37","36","82.54041852680173","2.439230943947035","-1.8223401794000142","82.54041852680173","2.439230943947035","-1.8223401794000142","FALSE","FALSE","PASS",""
"S_C025","R1","C025","USER_DEFINED_EQUIVALENT_CIRCUIT","SYNTHETIC","M03A2_C025_SYNTHETIC_FIT","tests/fixtures/M03A_2/C025_user_defined_ec.csv","38","37","63.0957344480193","2.723415585628159","-2.2943396818029234","63.0957344480193","2.723415585628159","-2.2943396818029234","FALSE","FALSE","PASS",""
"S_C025","R1","C025","USER_DEFINED_EQUIVALENT_CIRCUIT","SYNTHETIC","M03A2_C025_SYNTHETIC_FIT","tests/fixtures/M03A_2/C025_user_defined_ec.csv","39","38","48.231784822393095","3.16318192805972","-2.8200112103878299","48.231784822393095","3.16318192805972","-2.8200112103878299","FALSE","FALSE","PASS",""
"S_C025","R1","C025","USER_DEFINED_EQUIVALENT_CIRCUIT","SYNTHETIC","M03A2_C025_SYNTHETIC_FIT","tests/fixtures/M03A_2/C025_user_defined_ec.csv","40","39","36.869450645195734","3.8040058933676253","-3.3432932691637864","36.869450645195734","3.8040058933676253","-3.3432932691637864","FALSE","FALSE","PASS",""
"S_C025","R1","C025","USER_DEFINED_EQUIVALENT_CIRCUIT","SYNTHETIC","M03A2_C025_SYNTHETIC_FIT","tests/fixtures/M03A_2/C025_user_defined_ec.csv","41","40","28.183829312644551","4.6604902560760486","-3.7690467821364053","28.183829312644551","4.6604902560760486","-3.7690467821364053","FALSE","FALSE","PASS",""
"S_C025","R1","C025","USER_DEFINED_EQUIVALENT_CIRCUIT","SYNTHETIC","M03A2_C025_SYNTHETIC_FIT","tests/fixtures/M03A_2/C025_user_defined_ec.csv","42","41","21.544346900318867","5.6819655718361606","-3.9873367179738537","21.544346900318867","5.6819655718361606","-3.9873367179738537","FALSE","FALSE","PASS",""
"S_C025","R1","C025","USER_DEFINED_EQUIVALENT_CIRCUIT","SYNTHETIC","M03A2_C025_SYNTHETIC_FIT","tests/fixtures/M03A_2/C025_user_defined_ec.csv","43","42","16.468978654828689","6.7469634991013088","-3.9296368192251978","16.468978654828689","6.7469634991013088","-3.9296368192251978","FALSE","FALSE","PASS",""
"S_C025","R1","C025","USER_DEFINED_EQUIVALENT_CIRCUIT","SYNTHETIC","M03A2_C025_SYNTHETIC_FIT","tests/fixtures/M03A_2/C025_user_defined_ec.csv","44","43","12.589254117941687","7.7124818676228877","-3.6148866998929341","12.589254117941687","7.7124818676228877","-3.6148866998929341","FALSE","FALSE","PASS",""
"S_C025","R1","C025","USER_DEFINED_EQUIVALENT_CIRCUIT","SYNTHETIC","M03A2_C025_SYNTHETIC_FIT","tests/fixtures/M03A_2/C025_user_defined_ec.csv","45","44","9.6235062639808877","8.4830090066133739","-3.1360271480133686","9.6235062639808877","8.4830090066133739","-3.1360271480133686","FALSE","FALSE","PASS",""
"S_C025","R1","C025","USER_DEFINED_EQUIVALENT_CIRCUIT","SYNTHETIC","M03A2_C025_SYNTHETIC_FIT","tests/fixtures/M03A_2/C025_user_defined_ec.csv","46","45","7.3564225445964215","9.0377130438621514","-2.6023642064764374","7.3564225445964215","9.0377130438621514","-2.6023642064764374","FALSE","FALSE","PASS",""
"S_C025","R1","C025","USER_DEFINED_EQUIVALENT_CIRCUIT","SYNTHETIC","M03A2_C025_SYNTHETIC_FIT","tests/fixtures/M03A_2/C025_user_defined_ec.csv","47","46","5.6234132519034912","9.4081022630393925","-2.0940007078952414","5.6234132519034912","9.4081022630393925","-2.0940007078952414","FALSE","FALSE","PASS",""
"S_C025","R1","C025","USER_DEFINED_EQUIVALENT_CIRCUIT","SYNTHETIC","M03A2_C025_SYNTHETIC_FIT","tests/fixtures/M03A_2/C025_user_defined_ec.csv","48","47","4.2986623470822725","9.6431554487029576","-1.651489744620277","4.2986623470822725","9.6431554487029576","-1.651489744620277","FALSE","FALSE","PASS",""
"S_C025","R1","C025","USER_DEFINED_EQUIVALENT_CIRCUIT","SYNTHETIC","M03A2_C025_SYNTHETIC_FIT","tests/fixtures/M03A_2/C025_user_defined_ec.csv","49","48","3.2859932476006541","9.7875418299540033","-1.2862841390410882","3.2859932476006541","9.7875418299540033","-1.2862841390410882","FALSE","FALSE","PASS",""
"S_C025","R1","C025","USER_DEFINED_EQUIVALENT_CIRCUIT","SYNTHETIC","M03A2_C025_SYNTHETIC_FIT","tests/fixtures/M03A_2/C025_user_defined_ec.csv","50","49","2.511886431509577","9.8744661549166217","-0.99423941503322122","2.511886431509577","9.8744661549166217","-0.99423941503322122","FALSE","FALSE","PASS",""
"S_C025","R1","C025","USER_DEFINED_EQUIVALENT_CIRCUIT","SYNTHETIC","M03A2_C025_SYNTHETIC_FIT","tests/fixtures/M03A_2/C025_user_defined_ec.csv","51","50","1.920141938638801","9.9261637860254162","-0.76500844786353428","1.920141938638801","9.9261637860254162","-0.76500844786353428","FALSE","FALSE","PASS",""
"S_C025","R1","C025","USER_DEFINED_EQUIVALENT_CIRCUIT","SYNTHETIC","M03A2_C025_SYNTHETIC_FIT","tests/fixtures/M03A_2/C025_user_defined_ec.csv","52","51","1.4677992676220675","9.9566882842449616","-0.58704158397737194","1.4677992676220675","9.9566882842449616","-0.58704158397737194","FALSE","FALSE","PASS",""
"S_C025","R1","C025","USER_DEFINED_EQUIVALENT_CIRCUIT","SYNTHETIC","M03A2_C025_SYNTHETIC_FIT","tests/fixtures/M03A_2/C025_user_defined_ec.csv","53","52","1.1220184543019629","9.9746340883463347","-0.44975978450201171","1.1220184543019629","9.9746340883463347","-0.44975978450201171","FALSE","FALSE","PASS",""
"S_C025","R1","C025","USER_DEFINED_EQUIVALENT_CIRCUIT","SYNTHETIC","M03A2_C025_SYNTHETIC_FIT","tests/fixtures/M03A_2/C025_user_defined_ec.csv","54","53","0.85769589859089457","9.9851580865089939","-0.34426011318764721","0.85769589859089457","9.9851580865089939","-0.34426011318764721","FALSE","FALSE","PASS",""
"S_C025","R1","C025","USER_DEFINED_EQUIVALENT_CIRCUIT","SYNTHETIC","M03A2_C025_SYNTHETIC_FIT","tests/fixtures/M03A_2/C025_user_defined_ec.csv","55","54","0.65564184941797854","9.9913205621788901","-0.26336319015381915","0.65564184941797854","9.9913205621788901","-0.26336319015381915","FALSE","FALSE","PASS",""
"S_C025","R1","C025","USER_DEFINED_EQUIVALENT_CIRCUIT","SYNTHETIC","M03A2_C025_SYNTHETIC_FIT","tests/fixtures/M03A_2/C025_user_defined_ec.csv","56","55","0.50118723362727247","9.9949259568440105","-0.20141151738162108","0.50118723362727247","9.9949259568440105","-0.20141151738162108","FALSE","FALSE","PASS",""
"S_C025","R1","C025","USER_DEFINED_EQUIVALENT_CIRCUIT","SYNTHETIC","M03A2_C025_SYNTHETIC_FIT","tests/fixtures/M03A_2/C025_user_defined_ec.csv","57","56","0.38311868495572932","9.9970342445776321","-0.15400405083539176","0.38311868495572932","9.9970342445776321","-0.15400405083539176","FALSE","FALSE","PASS",""
"S_C025","R1","C025","USER_DEFINED_EQUIVALENT_CIRCUIT","SYNTHETIC","M03A2_C025_SYNTHETIC_FIT","tests/fixtures/M03A_2/C025_user_defined_ec.csv","58","57","0.29286445646252374","9.998266719198833","-0.1177422700095699","0.29286445646252374","9.998266719198833","-0.1177422700095699","FALSE","FALSE","PASS",""
"S_C025","R1","C025","USER_DEFINED_EQUIVALENT_CIRCUIT","SYNTHETIC","M03A2_C025_SYNTHETIC_FIT","tests/fixtures/M03A_2/C025_user_defined_ec.csv","59","58","0.22387211385683423","9.9989870810268027","-0.090012920076708275","0.22387211385683423","9.9989870810268027","-0.090012920076708275","FALSE","FALSE","PASS",""
"S_C025","R1","C025","USER_DEFINED_EQUIVALENT_CIRCUIT","SYNTHETIC","M03A2_C025_SYNTHETIC_FIT","tests/fixtures/M03A_2/C025_user_defined_ec.csv","60","59","0.17113283041617811","9.9994080783435848","-0.068811502527347621","0.17113283041617811","9.9994080783435848","-0.068811502527347621","FALSE","FALSE","PASS",""
"S_C025","R1","C025","USER_DEFINED_EQUIVALENT_CIRCUIT","SYNTHETIC","M03A2_C025_SYNTHETIC_FIT","tests/fixtures/M03A_2/C025_user_defined_ec.csv","61","60","0.13081774742601956","9.9996541050247991","-0.052602663033967462","0.13081774742601956","9.9996541050247991","-0.052602663033967462","FALSE","FALSE","PASS",""
"S_C025","R1","C025","USER_DEFINED_EQUIVALENT_CIRCUIT","SYNTHETIC","M03A2_C025_SYNTHETIC_FIT","tests/fixtures/M03A_2/C025_user_defined_ec.csv","62","61","0.10000000000000001","9.9997978756087775","-0.040211369977945235","0.10000000000000001","9.9997978756087775","-0.040211369977945235","FALSE","FALSE","PASS",""
"S_C026","R1","C026","ZERO_DEEMBEDDED_RESISTANCE","SYNTHETIC","M03A2_SYNTHETIC_CONTRACT","tests/fixtures/M03A_2/C026_zero_deembedded.csv","2","1","1000000","0.5","0","1000000","0.5","0","FALSE","FALSE","PASS",""
"S_C026","R1","C026","ZERO_DEEMBEDDED_RESISTANCE","SYNTHETIC","M03A2_SYNTHETIC_CONTRACT","tests/fixtures/M03A_2/C026_zero_deembedded.csv","3","2","668343.91756861494","0.5","0","668343.91756861494","0.5","0","FALSE","FALSE","PASS",""
"S_C026","R1","C026","ZERO_DEEMBEDDED_RESISTANCE","SYNTHETIC","M03A2_SYNTHETIC_CONTRACT","tests/fixtures/M03A_2/C026_zero_deembedded.csv","4","3","446683.59215096349","0.5","0","446683.59215096349","0.5","0","FALSE","FALSE","PASS",""
"S_C026","R1","C026","ZERO_DEEMBEDDED_RESISTANCE","SYNTHETIC","M03A2_SYNTHETIC_CONTRACT","tests/fixtures/M03A_2/C026_zero_deembedded.csv","5","4","298538.26189179573","0.5","0","298538.26189179573","0.5","0","FALSE","FALSE","PASS",""
"S_C026","R1","C026","ZERO_DEEMBEDDED_RESISTANCE","SYNTHETIC","M03A2_SYNTHETIC_CONTRACT","tests/fixtures/M03A_2/C026_zero_deembedded.csv","6","5","199526.23149688789","0.5","0","199526.23149688789","0.5","0","FALSE","FALSE","PASS",""
"S_C026","R1","C026","ZERO_DEEMBEDDED_RESISTANCE","SYNTHETIC","M03A2_SYNTHETIC_CONTRACT","tests/fixtures/M03A_2/C026_zero_deembedded.csv","7","6","133352.14321633239","0.5","0","133352.14321633239","0.5","0","FALSE","FALSE","PASS",""
"S_C026","R1","C026","ZERO_DEEMBEDDED_RESISTANCE","SYNTHETIC","M03A2_SYNTHETIC_CONTRACT","tests/fixtures/M03A_2/C026_zero_deembedded.csv","8","7","89125.093813374595","0.5","0","89125.093813374595","0.5","0","FALSE","FALSE","PASS",""
"S_C026","R1","C026","ZERO_DEEMBEDDED_RESISTANCE","SYNTHETIC","M03A2_SYNTHETIC_CONTRACT","tests/fixtures/M03A_2/C026_zero_deembedded.csv","9","8","59566.214352901094","0.5","0","59566.214352901094","0.5","0","FALSE","FALSE","PASS",""
"S_C026","R1","C026","ZERO_DEEMBEDDED_RESISTANCE","SYNTHETIC","M03A2_SYNTHETIC_CONTRACT","tests/fixtures/M03A_2/C026_zero_deembedded.csv","10","9","39810.717055349691","0.5","0","39810.717055349691","0.5","0","FALSE","FALSE","PASS",""
"S_C026","R1","C026","ZERO_DEEMBEDDED_RESISTANCE","SYNTHETIC","M03A2_SYNTHETIC_CONTRACT","tests/fixtures/M03A_2/C026_zero_deembedded.csv","11","10","26607.250597988084","0.5","0","26607.250597988084","0.5","0","FALSE","FALSE","PASS",""
"S_C026","R1","C026","ZERO_DEEMBEDDED_RESISTANCE","SYNTHETIC","M03A2_SYNTHETIC_CONTRACT","tests/fixtures/M03A_2/C026_zero_deembedded.csv","12","11","17782.794100389227","0.5","0","17782.794100389227","0.5","0","FALSE","FALSE","PASS",""
"S_C026","R1","C026","ZERO_DEEMBEDDED_RESISTANCE","SYNTHETIC","M03A2_SYNTHETIC_CONTRACT","tests/fixtures/M03A_2/C026_zero_deembedded.csv","13","12","11885.022274370165","0.5","0","11885.022274370165","0.5","0","FALSE","FALSE","PASS",""
"S_C026","R1","C026","ZERO_DEEMBEDDED_RESISTANCE","SYNTHETIC","M03A2_SYNTHETIC_CONTRACT","tests/fixtures/M03A_2/C026_zero_deembedded.csv","14","13","7943.2823472428136","0.5","0","7943.2823472428136","0.5","0","FALSE","FALSE","PASS",""
"S_C026","R1","C026","ZERO_DEEMBEDDED_RESISTANCE","SYNTHETIC","M03A2_SYNTHETIC_CONTRACT","tests/fixtures/M03A_2/C026_zero_deembedded.csv","15","14","5308.8444423098845","0.5","0","5308.8444423098845","0.5","0","FALSE","FALSE","PASS",""
"S_C026","R1","C026","ZERO_DEEMBEDDED_RESISTANCE","SYNTHETIC","M03A2_SYNTHETIC_CONTRACT","tests/fixtures/M03A_2/C026_zero_deembedded.csv","16","15","3548.1338923357566","0.5","0","3548.1338923357566","0.5","0","FALSE","FALSE","PASS",""
"S_C026","R1","C026","ZERO_DEEMBEDDED_RESISTANCE","SYNTHETIC","M03A2_SYNTHETIC_CONTRACT","tests/fixtures/M03A_2/C026_zero_deembedded.csv","17","16","2371.3737056616551","0.5","0","2371.3737056616551","0.5","0","FALSE","FALSE","PASS",""
"S_C026","R1","C026","ZERO_DEEMBEDDED_RESISTANCE","SYNTHETIC","M03A2_SYNTHETIC_CONTRACT","tests/fixtures/M03A_2/C026_zero_deembedded.csv","18","17","1584.8931924611124","0.5","0","1584.8931924611124","0.5","0","FALSE","FALSE","PASS",""
"S_C026","R1","C026","ZERO_DEEMBEDDED_RESISTANCE","SYNTHETIC","M03A2_SYNTHETIC_CONTRACT","tests/fixtures/M03A_2/C026_zero_deembedded.csv","19","18","1059.2537251772887","0.5","0","1059.2537251772887","0.5","0","FALSE","FALSE","PASS",""
"S_C026","R1","C026","ZERO_DEEMBEDDED_RESISTANCE","SYNTHETIC","M03A2_SYNTHETIC_CONTRACT","tests/fixtures/M03A_2/C026_zero_deembedded.csv","20","19","707.94578438413805","0.5","0","707.94578438413805","0.5","0","FALSE","FALSE","PASS",""
"S_C026","R1","C026","ZERO_DEEMBEDDED_RESISTANCE","SYNTHETIC","M03A2_SYNTHETIC_CONTRACT","tests/fixtures/M03A_2/C026_zero_deembedded.csv","21","20","473.15125896148078","0.5","0","473.15125896148078","0.5","0","FALSE","FALSE","PASS",""
"S_C026","R1","C026","ZERO_DEEMBEDDED_RESISTANCE","SYNTHETIC","M03A2_SYNTHETIC_CONTRACT","tests/fixtures/M03A_2/C026_zero_deembedded.csv","22","21","316.22776601683796","0.5","0","316.22776601683796","0.5","0","FALSE","FALSE","PASS",""
"S_C026","R1","C026","ZERO_DEEMBEDDED_RESISTANCE","SYNTHETIC","M03A2_SYNTHETIC_CONTRACT","tests/fixtures/M03A_2/C026_zero_deembedded.csv","23","22","211.34890398366454","0.5","0","211.34890398366454","0.5","0","FALSE","FALSE","PASS",""
"S_C026","R1","C026","ZERO_DEEMBEDDED_RESISTANCE","SYNTHETIC","M03A2_SYNTHETIC_CONTRACT","tests/fixtures/M03A_2/C026_zero_deembedded.csv","24","23","141.25375446227525","0.5","0","141.25375446227525","0.5","0","FALSE","FALSE","PASS",""
"S_C026","R1","C026","ZERO_DEEMBEDDED_RESISTANCE","SYNTHETIC","M03A2_SYNTHETIC_CONTRACT","tests/fixtures/M03A_2/C026_zero_deembedded.csv","25","24","94.406087628592459","0.5","0","94.406087628592459","0.5","0","FALSE","FALSE","PASS",""
"S_C026","R1","C026","ZERO_DEEMBEDDED_RESISTANCE","SYNTHETIC","M03A2_SYNTHETIC_CONTRACT","tests/fixtures/M03A_2/C026_zero_deembedded.csv","26","25","63.0957344480193","0.5","0","63.0957344480193","0.5","0","FALSE","FALSE","PASS",""
"S_C026","R1","C026","ZERO_DEEMBEDDED_RESISTANCE","SYNTHETIC","M03A2_SYNTHETIC_CONTRACT","tests/fixtures/M03A_2/C026_zero_deembedded.csv","27","26","42.169650342858226","0.5","0","42.169650342858226","0.5","0","FALSE","FALSE","PASS",""
"S_C026","R1","C026","ZERO_DEEMBEDDED_RESISTANCE","SYNTHETIC","M03A2_SYNTHETIC_CONTRACT","tests/fixtures/M03A_2/C026_zero_deembedded.csv","28","27","28.183829312644551","0.5","0","28.183829312644551","0.5","0","FALSE","FALSE","PASS",""
"S_C026","R1","C026","ZERO_DEEMBEDDED_RESISTANCE","SYNTHETIC","M03A2_SYNTHETIC_CONTRACT","tests/fixtures/M03A_2/C026_zero_deembedded.csv","29","28","18.836490894897981","0.5","0","18.836490894897981","0.5","0","FALSE","FALSE","PASS",""
"S_C026","R1","C026","ZERO_DEEMBEDDED_RESISTANCE","SYNTHETIC","M03A2_SYNTHETIC_CONTRACT","tests/fixtures/M03A_2/C026_zero_deembedded.csv","30","29","12.589254117941687","0.5","0","12.589254117941687","0.5","0","FALSE","FALSE","PASS",""
"S_C026","R1","C026","ZERO_DEEMBEDDED_RESISTANCE","SYNTHETIC","M03A2_SYNTHETIC_CONTRACT","tests/fixtures/M03A_2/C026_zero_deembedded.csv","31","30","8.4139514164519476","0.5","0","8.4139514164519476","0.5","0","FALSE","FALSE","PASS",""
"S_C026","R1","C026","ZERO_DEEMBEDDED_RESISTANCE","SYNTHETIC","M03A2_SYNTHETIC_CONTRACT","tests/fixtures/M03A_2/C026_zero_deembedded.csv","32","31","5.6234132519034912","0.5","0","5.6234132519034912","0.5","0","FALSE","FALSE","PASS",""
"S_C026","R1","C026","ZERO_DEEMBEDDED_RESISTANCE","SYNTHETIC","M03A2_SYNTHETIC_CONTRACT","tests/fixtures/M03A_2/C026_zero_deembedded.csv","33","32","3.7583740428844434","0.5","0","3.7583740428844434","0.5","0","FALSE","FALSE","PASS",""
"S_C026","R1","C026","ZERO_DEEMBEDDED_RESISTANCE","SYNTHETIC","M03A2_SYNTHETIC_CONTRACT","tests/fixtures/M03A_2/C026_zero_deembedded.csv","34","33","2.511886431509577","0.5","0","2.511886431509577","0.5","0","FALSE","FALSE","PASS",""
"S_C026","R1","C026","ZERO_DEEMBEDDED_RESISTANCE","SYNTHETIC","M03A2_SYNTHETIC_CONTRACT","tests/fixtures/M03A_2/C026_zero_deembedded.csv","35","34","1.6788040181225623","0.5","0","1.6788040181225623","0.5","0","FALSE","FALSE","PASS",""
"S_C026","R1","C026","ZERO_DEEMBEDDED_RESISTANCE","SYNTHETIC","M03A2_SYNTHETIC_CONTRACT","tests/fixtures/M03A_2/C026_zero_deembedded.csv","36","35","1.1220184543019629","0.5","0","1.1220184543019629","0.5","0","FALSE","FALSE","PASS",""
"S_C026","R1","C026","ZERO_DEEMBEDDED_RESISTANCE","SYNTHETIC","M03A2_SYNTHETIC_CONTRACT","tests/fixtures/M03A_2/C026_zero_deembedded.csv","37","36","0.74989420933245587","0.5","0","0.74989420933245587","0.5","0","FALSE","FALSE","PASS",""
"S_C026","R1","C026","ZERO_DEEMBEDDED_RESISTANCE","SYNTHETIC","M03A2_SYNTHETIC_CONTRACT","tests/fixtures/M03A_2/C026_zero_deembedded.csv","38","37","0.50118723362727247","0.5","0","0.50118723362727247","0.5","0","FALSE","FALSE","PASS",""
"S_C026","R1","C026","ZERO_DEEMBEDDED_RESISTANCE","SYNTHETIC","M03A2_SYNTHETIC_CONTRACT","tests/fixtures/M03A_2/C026_zero_deembedded.csv","39","38","0.33496543915782723","0.5","0","0.33496543915782723","0.5","0","FALSE","FALSE","PASS",""
"S_C026","R1","C026","ZERO_DEEMBEDDED_RESISTANCE","SYNTHETIC","M03A2_SYNTHETIC_CONTRACT","tests/fixtures/M03A_2/C026_zero_deembedded.csv","40","39","0.22387211385683423","0.5","0","0.22387211385683423","0.5","0","FALSE","FALSE","PASS",""
"S_C026","R1","C026","ZERO_DEEMBEDDED_RESISTANCE","SYNTHETIC","M03A2_SYNTHETIC_CONTRACT","tests/fixtures/M03A_2/C026_zero_deembedded.csv","41","40","0.14962356560944329","0.5","0","0.14962356560944329","0.5","0","FALSE","FALSE","PASS",""
"S_C026","R1","C026","ZERO_DEEMBEDDED_RESISTANCE","SYNTHETIC","M03A2_SYNTHETIC_CONTRACT","tests/fixtures/M03A_2/C026_zero_deembedded.csv","42","41","0.10000000000000001","0.5","0","0.10000000000000001","0.5","0","FALSE","FALSE","PASS",""
"S_C027","R1","C027","DUPLICATE_AND_UNSORTED","SYNTHETIC","M03A2_SYNTHETIC_CONTRACT","tests/fixtures/M03A_2/C027_duplicate_unsorted.csv","33","1","1000000","2.0000000031662868","-0.00015915494302890407","1000000","2.0000000031662868","-0.00015915494302890407","FALSE","FALSE","PASS",""
"S_C027","R1","C027","DUPLICATE_AND_UNSORTED","SYNTHETIC","M03A2_SYNTHETIC_CONTRACT","tests/fixtures/M03A_2/C027_duplicate_unsorted.csv","2","2","764422.27425260097","2.0000000054185567","-0.00020820291132896045","764422.27425260097","2.0000000054185567","-0.00020820291132896045","FALSE","FALSE","PASS",""
"S_C027","R1","C027","DUPLICATE_AND_UNSORTED","SYNTHETIC","M03A2_SYNTHETIC_CONTRACT","tests/fixtures/M03A_2/C027_duplicate_unsorted.csv","34","3","584341.41337351757","2.0000000092729291","-0.00027236635854471374","584341.41337351757","2.0000000092729291","-0.00027236635854471374","FALSE","FALSE","PASS",""
"S_C027","R1","C027","DUPLICATE_AND_UNSORTED","SYNTHETIC","M03A2_SYNTHETIC_CONTRACT","tests/fixtures/M03A_2/C027_duplicate_unsorted.csv","3","4","446683.59215096349","2.0000000158690261","-0.00035630353470069315","446683.59215096349","2.0000000158690261","-0.00035630353470069315","FALSE","FALSE","PASS",""
"S_C027","R1","C027","DUPLICATE_AND_UNSORTED","SYNTHETIC","M03A2_SYNTHETIC_CONTRACT","tests/fixtures/M03A_2/C027_duplicate_unsorted.csv","35","5","341454.88738336007","2.0000000271571134","-0.00046610825743704891","341454.88738336007","2.0000000271571134","-0.00046610825743704891","FALSE","FALSE","PASS",""
"S_C027","R1","C027","DUPLICATE_AND_UNSORTED","SYNTHETIC","M03A2_SYNTHETIC_CONTRACT","tests/fixtures/M03A_2/C027_duplicate_unsorted.csv","4","6","261015.72156825385","2.0000000464747369","-0.00060975232147344766","261015.72156825385","2.0000000464747369","-0.00060975232147344766","FALSE","FALSE","PASS",""
"S_C027","R1","C027","DUPLICATE_AND_UNSORTED","SYNTHETIC","M03A2_SYNTHETIC_CONTRACT","tests/fixtures/M03A_2/C027_duplicate_unsorted.csv","36","7","199526.23149688789","2.0000000795335326","-0.00079766424853319794","199526.23149688789","2.0000000795335326","-0.00079766424853319794","FALSE","FALSE","PASS",""
"S_C027","R1","C027","DUPLICATE_AND_UNSORTED","SYNTHETIC","M03A2_SYNTHETIC_CONTRACT","tests/fixtures/M03A_2/C027_duplicate_unsorted.csv","5","8","152522.29565390197","2.0000001361079844","-0.0010434863945744798","152522.29565390197","2.0000001361079844","-0.0010434863945744798","FALSE","FALSE","PASS",""
"S_C027","R1","C027","DUPLICATE_AND_UNSORTED","SYNTHETIC","M03A2_SYNTHETIC_CONTRACT","tests/fixtures/M03A_2/C027_duplicate_unsorted.csv","37","9","116591.4401179831","2.0000002329254429","-0.0013650653795590504","116591.4401179831","2.0000002329254429","-0.0013650653795590504","FALSE","FALSE","PASS",""
"S_C027","R1","C027","DUPLICATE_AND_UNSORTED","SYNTHETIC","M03A2_SYNTHETIC_CONTRACT","tests/fixtures/M03A_2/C027_duplicate_unsorted.csv","6","10","89125.093813374595","2.000000398611895","-0.0017857477434473118","89125.093813374595","2.000000398611895","-0.0017857477434473118","FALSE","FALSE","PASS",""
"S_C027","R1","C027","DUPLICATE_AND_UNSORTED","SYNTHETIC","M03A2_SYNTHETIC_CONTRACT","tests/fixtures/M03A_2/C027_duplicate_unsorted.csv","7","11","68129.206905796222","2.0000006821557945","-0.0023360748898912636","68129.206905796222","2.0000006821557945","-0.0023360748898912636","TRUE","FALSE","PASS",""
"S_C027","R1","C027","DUPLICATE_AND_UNSORTED","SYNTHETIC","M03A2_SYNTHETIC_CONTRACT","tests/fixtures/M03A_2/C027_duplicate_unsorted.csv","38","12","68129.206905796222","2.0000006821557945","-0.0023360748898912636","68129.206905796222","2.0000006821557945","-0.0023360748898912636","TRUE","FALSE","PASS",""
"S_C027","R1","C027","DUPLICATE_AND_UNSORTED","SYNTHETIC","M03A2_SYNTHETIC_CONTRACT","tests/fixtures/M03A_2/C027_duplicate_unsorted.csv","39","13","52079.483285954651","2.0000011673924485","-0.0030560003637801663","52079.483285954651","2.0000011673924485","-0.0030560003637801663","FALSE","FALSE","PASS",""
"S_C027","R1","C027","DUPLICATE_AND_UNSORTED","SYNTHETIC","M03A2_SYNTHETIC_CONTRACT","tests/fixtures/M03A_2/C027_duplicate_unsorted.csv","8","14","39810.717055349691","2.0000019977915313","-0.003997790422257886","39810.717055349691","2.0000019977915313","-0.003997790422257886","FALSE","FALSE","PASS",""
"S_C027","R1","C027","DUPLICATE_AND_UNSORTED","SYNTHETIC","M03A2_SYNTHETIC_CONTRACT","tests/fixtures/M03A_2/C027_duplicate_unsorted.csv","40","15","30432.19887107722","2.0000034188765863","-0.0052298184482084094","30432.19887107722","2.0000034188765863","-0.0052298184482084094","FALSE","FALSE","PASS",""
"S_C027","R1","C027","DUPLICATE_AND_UNSORTED","SYNTHETIC","M03A2_SYNTHETIC_CONTRACT","tests/fixtures/M03A_2/C027_duplicate_unsorted.csv","9","16","23263.050671536286","2.0000058508184919","-0.0068415286086401022","23263.050671536286","2.0000058508184919","-0.0068415286086401022","FALSE","FALSE","PASS",""
"S_C027","R1","C027","DUPLICATE_AND_UNSORTED","SYNTHETIC","M03A2_SYNTHETIC_CONTRACT","tests/fixtures/M03A_2/C027_duplicate_unsorted.csv","41","17","17782.794100389227","2.0000100126660789","-0.0089499289592938208","17782.794100389227","2.0000100126660789","-0.0089499289592938208","FALSE","FALSE","PASS",""
"S_C027","R1","C027","DUPLICATE_AND_UNSORTED","SYNTHETIC","M03A2_SYNTHETIC_CONTRACT","tests/fixtures/M03A_2/C027_duplicate_unsorted.csv","10","18","13593.563908785241","2.0000171349436058","-0.011708085037225978","13593.563908785241","2.0000171349436058","-0.011708085037225978","FALSE","FALSE","PASS",""
"S_C027","R1","C027","DUPLICATE_AND_UNSORTED","SYNTHETIC","M03A2_SYNTHETIC_CONTRACT","tests/fixtures/M03A_2/C027_duplicate_unsorted.csv","42","19","10391.223038351691","2.0000293234693061","-0.015316229777053764","10391.223038351691","2.0000293234693061","-0.015316229777053764","FALSE","FALSE","PASS",""
"S_C027","R1","C027","DUPLICATE_AND_UNSORTED","SYNTHETIC","M03A2_SYNTHETIC_CONTRACT","tests/fixtures/M03A_2/C027_duplicate_unsorted.csv","11","20","7943.2823472428136","2.000050181952159","-0.020036294543769002","7943.2823472428136","2.000050181952159","-0.020036294543769002","FALSE","FALSE","PASS",""
"S_C027","R1","C027","DUPLICATE_AND_UNSORTED","SYNTHETIC","M03A2_SYNTHETIC_CONTRACT","tests/fixtures/M03A_2/C027_duplicate_unsorted.csv","43","21","6072.0219569098836","2.0000858774119048","-0.026210912237225267","6072.0219569098836","2.0000858774119048","-0.026210912237225267","FALSE","FALSE","PASS",""
"S_C027","R1","C027","DUPLICATE_AND_UNSORTED","SYNTHETIC","M03A2_SYNTHETIC_CONTRACT","tests/fixtures/M03A_2/C027_duplicate_unsorted.csv","12","22","4641.5888336127819","2.0001469633234863","-0.0342882631475128","4641.5888336127819","2.0001469633234863","-0.0342882631475128","FALSE","FALSE","PASS",""
"S_C027","R1","C027","DUPLICATE_AND_UNSORTED","SYNTHETIC","M03A2_SYNTHETIC_CONTRACT","tests/fixtures/M03A_2/C027_duplicate_unsorted.csv","44","23","3548.1338923357566","2.0002514992087161","-0.044854547348929005","3548.1338923357566","2.0002514992087161","-0.044854547348929005","FALSE","FALSE","PASS",""
"S_C027","R1","C027","DUPLICATE_AND_UNSORTED","SYNTHETIC","M03A2_SYNTHETIC_CONTRACT","tests/fixtures/M03A_2/C027_duplicate_unsorted.csv","13","24","2712.2725793320296","2.0004303880898768","-0.058676396320054031","2712.2725793320296","2.0004303880898768","-0.058676396320054031","FALSE","FALSE","PASS",""
"S_C027","R1","C027","DUPLICATE_AND_UNSORTED","SYNTHETIC","M03A2_SYNTHETIC_CONTRACT","tests/fixtures/M03A_2/C027_duplicate_unsorted.csv","45","25","2073.3215734859541","2.000736507135028","-0.076756202599306128","2073.3215734859541","2.000736507135028","-0.076756202599306128","FALSE","FALSE","PASS",""
"S_C027","R1","C027","DUPLICATE_AND_UNSORTED","SYNTHETIC","M03A2_SYNTHETIC_CONTRACT","tests/fixtures/M03A_2/C027_duplicate_unsorted.csv","14","26","1584.8931924611124","2.0012603229712469","-0.10040416005317282","1584.8931924611124","2.0012603229712469","-0.10040416005317282","FALSE","FALSE","PASS",""
"S_C027","R1","C027","DUPLICATE_AND_UNSORTED","SYNTHETIC","M03A2_SYNTHETIC_CONTRACT","tests/fixtures/M03A_2/C027_duplicate_unsorted.csv","46","27","1211.5276586285877","2.0021565846998901","-0.1313317430842704","1211.5276586285877","2.0021565846998901","-0.1313317430842704","FALSE","FALSE","PASS",""
"S_C027","R1","C027","DUPLICATE_AND_UNSORTED","SYNTHETIC","M03A2_SYNTHETIC_CONTRACT","tests/fixtures/M03A_2/C027_duplicate_unsorted.csv","15","28","926.11872812879369","2.0036899168773545","-0.17177228976838432","926.11872812879369","2.0036899168773545","-0.17177228976838432","FALSE","FALSE","PASS",""
"S_C027","R1","C027","DUPLICATE_AND_UNSORTED","SYNTHETIC","M03A2_SYNTHETIC_CONTRACT","tests/fixtures/M03A_2/C027_duplicate_unsorted.csv","47","29","707.94578438413805","2.0063125880775905","-0.22463493907334725","707.94578438413805","2.0063125880775905","-0.22463493907334725","FALSE","FALSE","PASS",""
"S_C027","R1","C027","DUPLICATE_AND_UNSORTED","SYNTHETIC","M03A2_SYNTHETIC_CONTRACT","tests/fixtures/M03A_2/C027_duplicate_unsorted.csv","16","30","541.16952654646377","2.0107968504820164","-0.29369751765345276","541.16952654646377","2.0107968504820164","-0.29369751765345276","FALSE","FALSE","PASS",""
"S_C027","R1","C027","DUPLICATE_AND_UNSORTED","SYNTHETIC","M03A2_SYNTHETIC_CONTRACT","tests/fixtures/M03A_2/C027_duplicate_unsorted.csv","48","31","413.68204023885073","2.0184592347172785","-0.38383998540000985","413.68204023885073","2.0184592347172785","-0.38383998540000985","FALSE","FALSE","PASS",""
"S_C027","R1","C027","DUPLICATE_AND_UNSORTED","SYNTHETIC","M03A2_SYNTHETIC_CONTRACT","tests/fixtures/M03A_2/C027_duplicate_unsorted.csv","17","32","316.22776601683796","2.0315380467543664","-0.5013080147392931","316.22776601683796","2.0315380467543664","-0.5013080147392931","FALSE","FALSE","PASS",""
"S_C027","R1","C027","DUPLICATE_AND_UNSORTED","SYNTHETIC","M03A2_SYNTHETIC_CONTRACT","tests/fixtures/M03A_2/C027_duplicate_unsorted.csv","49","33","241.73154808041014","2.0538210250961093","-0.65396597619943253","241.73154808041014","2.0538210250961093","-0.65396597619943253","FALSE","FALSE","PASS",""
"S_C027","R1","C027","DUPLICATE_AND_UNSORTED","SYNTHETIC","M03A2_SYNTHETIC_CONTRACT","tests/fixtures/M03A_2/C027_duplicate_unsorted.csv","18","34","184.78497974222907","2.0916667674946963","-0.85142900097109853","184.78497974222907","2.0916667674946963","-0.85142900097109853","FALSE","FALSE","PASS",""
"S_C027","R1","C027","DUPLICATE_AND_UNSORTED","SYNTHETIC","M03A2_SYNTHETIC_CONTRACT","tests/fixtures/M03A_2/C027_duplicate_unsorted.csv","50","35","141.25375446227525","2.1556036634214886","-1.104815281982342","141.25375446227525","2.1556036634214886","-1.104815281982342","FALSE","FALSE","PASS",""
"S_C027","R1","C027","DUPLICATE_AND_UNSORTED","SYNTHETIC","M03A2_SYNTHETIC_CONTRACT","tests/fixtures/M03A_2/C027_duplicate_unsorted.csv","19","36","107.97751623277094","2.2626549485499292","-1.4255707511034548","107.97751623277094","2.2626549485499292","-1.4255707511034548","FALSE","FALSE","PASS",""
"S_C027","R1","C027","DUPLICATE_AND_UNSORTED","SYNTHETIC","M03A2_SYNTHETIC_CONTRACT","tests/fixtures/M03A_2/C027_duplicate_unsorted.csv","51","37","82.54041852680173","2.439230943947035","-1.8223401794000142","82.54041852680173","2.439230943947035","-1.8223401794000142","FALSE","FALSE","PASS",""
"S_C027","R1","C027","DUPLICATE_AND_UNSORTED","SYNTHETIC","M03A2_SYNTHETIC_CONTRACT","tests/fixtures/M03A_2/C027_duplicate_unsorted.csv","20","38","63.0957344480193","2.723415585628159","-2.2943396818029234","63.0957344480193","2.723415585628159","-2.2943396818029234","FALSE","FALSE","PASS",""
"S_C027","R1","C027","DUPLICATE_AND_UNSORTED","SYNTHETIC","M03A2_SYNTHETIC_CONTRACT","tests/fixtures/M03A_2/C027_duplicate_unsorted.csv","52","39","48.231784822393095","3.16318192805972","-2.8200112103878299","48.231784822393095","3.16318192805972","-2.8200112103878299","FALSE","FALSE","PASS",""
"S_C027","R1","C027","DUPLICATE_AND_UNSORTED","SYNTHETIC","M03A2_SYNTHETIC_CONTRACT","tests/fixtures/M03A_2/C027_duplicate_unsorted.csv","21","40","36.869450645195734","3.8040058933676253","-3.3432932691637864","36.869450645195734","3.8040058933676253","-3.3432932691637864","FALSE","FALSE","PASS",""
"S_C027","R1","C027","DUPLICATE_AND_UNSORTED","SYNTHETIC","M03A2_SYNTHETIC_CONTRACT","tests/fixtures/M03A_2/C027_duplicate_unsorted.csv","53","41","28.183829312644551","4.6604902560760486","-3.7690467821364053","28.183829312644551","4.6604902560760486","-3.7690467821364053","FALSE","FALSE","PASS",""
"S_C027","R1","C027","DUPLICATE_AND_UNSORTED","SYNTHETIC","M03A2_SYNTHETIC_CONTRACT","tests/fixtures/M03A_2/C027_duplicate_unsorted.csv","22","42","21.544346900318867","5.6819655718361606","-3.9873367179738537","21.544346900318867","5.6819655718361606","-3.9873367179738537","FALSE","FALSE","PASS",""
"S_C027","R1","C027","DUPLICATE_AND_UNSORTED","SYNTHETIC","M03A2_SYNTHETIC_CONTRACT","tests/fixtures/M03A_2/C027_duplicate_unsorted.csv","54","43","16.468978654828689","6.7469634991013088","-3.9296368192251978","16.468978654828689","6.7469634991013088","-3.9296368192251978","FALSE","FALSE","PASS",""
"S_C027","R1","C027","DUPLICATE_AND_UNSORTED","SYNTHETIC","M03A2_SYNTHETIC_CONTRACT","tests/fixtures/M03A_2/C027_duplicate_unsorted.csv","23","44","12.589254117941687","7.7124818676228877","-3.6148866998929341","12.589254117941687","7.7124818676228877","-3.6148866998929341","FALSE","FALSE","PASS",""
"S_C027","R1","C027","DUPLICATE_AND_UNSORTED","SYNTHETIC","M03A2_SYNTHETIC_CONTRACT","tests/fixtures/M03A_2/C027_duplicate_unsorted.csv","55","45","9.6235062639808877","8.4830090066133739","-3.1360271480133686","9.6235062639808877","8.4830090066133739","-3.1360271480133686","FALSE","FALSE","PASS",""
"S_C027","R1","C027","DUPLICATE_AND_UNSORTED","SYNTHETIC","M03A2_SYNTHETIC_CONTRACT","tests/fixtures/M03A_2/C027_duplicate_unsorted.csv","24","46","7.3564225445964215","9.0377130438621514","-2.6023642064764374","7.3564225445964215","9.0377130438621514","-2.6023642064764374","FALSE","FALSE","PASS",""
"S_C027","R1","C027","DUPLICATE_AND_UNSORTED","SYNTHETIC","M03A2_SYNTHETIC_CONTRACT","tests/fixtures/M03A_2/C027_duplicate_unsorted.csv","56","47","5.6234132519034912","9.4081022630393925","-2.0940007078952414","5.6234132519034912","9.4081022630393925","-2.0940007078952414","FALSE","FALSE","PASS",""
"S_C027","R1","C027","DUPLICATE_AND_UNSORTED","SYNTHETIC","M03A2_SYNTHETIC_CONTRACT","tests/fixtures/M03A_2/C027_duplicate_unsorted.csv","25","48","4.2986623470822725","9.6431554487029576","-1.651489744620277","4.2986623470822725","9.6431554487029576","-1.651489744620277","FALSE","FALSE","PASS",""
"S_C027","R1","C027","DUPLICATE_AND_UNSORTED","SYNTHETIC","M03A2_SYNTHETIC_CONTRACT","tests/fixtures/M03A_2/C027_duplicate_unsorted.csv","57","49","3.2859932476006541","9.7875418299540033","-1.2862841390410882","3.2859932476006541","9.7875418299540033","-1.2862841390410882","FALSE","FALSE","PASS",""
"S_C027","R1","C027","DUPLICATE_AND_UNSORTED","SYNTHETIC","M03A2_SYNTHETIC_CONTRACT","tests/fixtures/M03A_2/C027_duplicate_unsorted.csv","26","50","2.511886431509577","9.8744661549166217","-0.99423941503322122","2.511886431509577","9.8744661549166217","-0.99423941503322122","FALSE","FALSE","PASS",""
"S_C027","R1","C027","DUPLICATE_AND_UNSORTED","SYNTHETIC","M03A2_SYNTHETIC_CONTRACT","tests/fixtures/M03A_2/C027_duplicate_unsorted.csv","58","51","1.920141938638801","9.9261637860254162","-0.76500844786353428","1.920141938638801","9.9261637860254162","-0.76500844786353428","FALSE","FALSE","PASS",""
"S_C027","R1","C027","DUPLICATE_AND_UNSORTED","SYNTHETIC","M03A2_SYNTHETIC_CONTRACT","tests/fixtures/M03A_2/C027_duplicate_unsorted.csv","27","52","1.4677992676220675","9.9566882842449616","-0.58704158397737194","1.4677992676220675","9.9566882842449616","-0.58704158397737194","FALSE","FALSE","PASS",""
"S_C027","R1","C027","DUPLICATE_AND_UNSORTED","SYNTHETIC","M03A2_SYNTHETIC_CONTRACT","tests/fixtures/M03A_2/C027_duplicate_unsorted.csv","59","53","1.1220184543019629","9.9746340883463347","-0.44975978450201171","1.1220184543019629","9.9746340883463347","-0.44975978450201171","FALSE","FALSE","PASS",""
"S_C027","R1","C027","DUPLICATE_AND_UNSORTED","SYNTHETIC","M03A2_SYNTHETIC_CONTRACT","tests/fixtures/M03A_2/C027_duplicate_unsorted.csv","28","54","0.85769589859089457","9.9851580865089939","-0.34426011318764721","0.85769589859089457","9.9851580865089939","-0.34426011318764721","FALSE","FALSE","PASS",""
"S_C027","R1","C027","DUPLICATE_AND_UNSORTED","SYNTHETIC","M03A2_SYNTHETIC_CONTRACT","tests/fixtures/M03A_2/C027_duplicate_unsorted.csv","60","55","0.65564184941797854","9.9913205621788901","-0.26336319015381915","0.65564184941797854","9.9913205621788901","-0.26336319015381915","FALSE","FALSE","PASS",""
"S_C027","R1","C027","DUPLICATE_AND_UNSORTED","SYNTHETIC","M03A2_SYNTHETIC_CONTRACT","tests/fixtures/M03A_2/C027_duplicate_unsorted.csv","29","56","0.50118723362727247","9.9949259568440105","-0.20141151738162108","0.50118723362727247","9.9949259568440105","-0.20141151738162108","FALSE","FALSE","PASS",""
"S_C027","R1","C027","DUPLICATE_AND_UNSORTED","SYNTHETIC","M03A2_SYNTHETIC_CONTRACT","tests/fixtures/M03A_2/C027_duplicate_unsorted.csv","61","57","0.38311868495572932","9.9970342445776321","-0.15400405083539176","0.38311868495572932","9.9970342445776321","-0.15400405083539176","FALSE","FALSE","PASS",""
"S_C027","R1","C027","DUPLICATE_AND_UNSORTED","SYNTHETIC","M03A2_SYNTHETIC_CONTRACT","tests/fixtures/M03A_2/C027_duplicate_unsorted.csv","30","58","0.29286445646252374","9.998266719198833","-0.1177422700095699","0.29286445646252374","9.998266719198833","-0.1177422700095699","FALSE","FALSE","PASS",""
"S_C027","R1","C027","DUPLICATE_AND_UNSORTED","SYNTHETIC","M03A2_SYNTHETIC_CONTRACT","tests/fixtures/M03A_2/C027_duplicate_unsorted.csv","62","59","0.22387211385683423","9.9989870810268027","-0.090012920076708275","0.22387211385683423","9.9989870810268027","-0.090012920076708275","FALSE","FALSE","PASS",""
"S_C027","R1","C027","DUPLICATE_AND_UNSORTED","SYNTHETIC","M03A2_SYNTHETIC_CONTRACT","tests/fixtures/M03A_2/C027_duplicate_unsorted.csv","31","60","0.17113283041617811","9.9994080783435848","-0.068811502527347621","0.17113283041617811","9.9994080783435848","-0.068811502527347621","FALSE","FALSE","PASS",""
"S_C027","R1","C027","DUPLICATE_AND_UNSORTED","SYNTHETIC","M03A2_SYNTHETIC_CONTRACT","tests/fixtures/M03A_2/C027_duplicate_unsorted.csv","63","61","0.13081774742601956","9.9996541050247991","-0.052602663033967462","0.13081774742601956","9.9996541050247991","-0.052602663033967462","FALSE","FALSE","PASS",""
"S_C027","R1","C027","DUPLICATE_AND_UNSORTED","SYNTHETIC","M03A2_SYNTHETIC_CONTRACT","tests/fixtures/M03A_2/C027_duplicate_unsorted.csv","32","62","0.10000000000000001","9.9997978756087775","-0.040211369977945235","0.10000000000000001","9.9997978756087775","-0.040211369977945235","FALSE","FALSE","PASS",""
"S_C028","R1","C028","UNIT_MHZ_MILLIOHM","SYNTHETIC","M03A2_SYNTHETIC_CONTRACT","tests/fixtures/M03A_2/C028_units_mhz_mohm.csv","2","1","1000000000","2000.0000031662869","-0.15915494302890407","1000000","2.0000000031662868","-0.00015915494302890407","FALSE","FALSE","PASS",""
"S_C028","R1","C028","UNIT_MHZ_MILLIOHM","SYNTHETIC","M03A2_SYNTHETIC_CONTRACT","tests/fixtures/M03A_2/C028_units_mhz_mohm.csv","3","2","764422274.25260091","2000.0000054185566","-0.20820291132896046","764422.27425260097","2.0000000054185567","-0.00020820291132896045","FALSE","FALSE","PASS",""
"S_C028","R1","C028","UNIT_MHZ_MILLIOHM","SYNTHETIC","M03A2_SYNTHETIC_CONTRACT","tests/fixtures/M03A_2/C028_units_mhz_mohm.csv","4","3","584341413.37351751","2000.000009272929","-0.27236635854471375","584341.41337351757","2.0000000092729291","-0.00027236635854471374","FALSE","FALSE","PASS",""
"S_C028","R1","C028","UNIT_MHZ_MILLIOHM","SYNTHETIC","M03A2_SYNTHETIC_CONTRACT","tests/fixtures/M03A_2/C028_units_mhz_mohm.csv","5","4","446683592.15096349","2000.0000158690261","-0.35630353470069315","446683.59215096349","2.0000000158690261","-0.00035630353470069315","FALSE","FALSE","PASS",""
"S_C028","R1","C028","UNIT_MHZ_MILLIOHM","SYNTHETIC","M03A2_SYNTHETIC_CONTRACT","tests/fixtures/M03A_2/C028_units_mhz_mohm.csv","6","5","341454887.38336009","2000.0000271571134","-0.46610825743704892","341454.88738336007","2.0000000271571134","-0.00046610825743704891","FALSE","FALSE","PASS",""
"S_C028","R1","C028","UNIT_MHZ_MILLIOHM","SYNTHETIC","M03A2_SYNTHETIC_CONTRACT","tests/fixtures/M03A_2/C028_units_mhz_mohm.csv","7","6","261015721.56825384","2000.000046474737","-0.60975232147344771","261015.72156825385","2.0000000464747369","-0.00060975232147344777","FALSE","FALSE","PASS",""
"S_C028","R1","C028","UNIT_MHZ_MILLIOHM","SYNTHETIC","M03A2_SYNTHETIC_CONTRACT","tests/fixtures/M03A_2/C028_units_mhz_mohm.csv","8","7","199526231.49688789","2000.0000795335327","-0.79766424853319795","199526.23149688789","2.0000000795335326","-0.00079766424853319794","FALSE","FALSE","PASS",""
"S_C028","R1","C028","UNIT_MHZ_MILLIOHM","SYNTHETIC","M03A2_SYNTHETIC_CONTRACT","tests/fixtures/M03A_2/C028_units_mhz_mohm.csv","9","8","152522295.65390196","2000.0001361079844","-1.0434863945744799","152522.29565390197","2.0000001361079844","-0.00104348639457448","FALSE","FALSE","PASS",""
"S_C028","R1","C028","UNIT_MHZ_MILLIOHM","SYNTHETIC","M03A2_SYNTHETIC_CONTRACT","tests/fixtures/M03A_2/C028_units_mhz_mohm.csv","10","9","116591440.1179831","2000.000232925443","-1.3650653795590504","116591.4401179831","2.0000002329254429","-0.0013650653795590504","FALSE","FALSE","PASS",""
"S_C028","R1","C028","UNIT_MHZ_MILLIOHM","SYNTHETIC","M03A2_SYNTHETIC_CONTRACT","tests/fixtures/M03A_2/C028_units_mhz_mohm.csv","11","10","89125093.813374594","2000.000398611895","-1.7857477434473119","89125.093813374595","2.000000398611895","-0.001785747743447312","FALSE","FALSE","PASS",""
"S_C028","R1","C028","UNIT_MHZ_MILLIOHM","SYNTHETIC","M03A2_SYNTHETIC_CONTRACT","tests/fixtures/M03A_2/C028_units_mhz_mohm.csv","12","11","68129206.905796215","2000.0006821557945","-2.3360748898912638","68129.206905796222","2.0000006821557945","-0.002336074889891264","FALSE","FALSE","PASS",""
"S_C028","R1","C028","UNIT_MHZ_MILLIOHM","SYNTHETIC","M03A2_SYNTHETIC_CONTRACT","tests/fixtures/M03A_2/C028_units_mhz_mohm.csv","13","12","52079483.285954654","2000.0011673924485","-3.0560003637801665","52079.483285954659","2.0000011673924485","-0.0030560003637801667","FALSE","FALSE","PASS",""
"S_C028","R1","C028","UNIT_MHZ_MILLIOHM","SYNTHETIC","M03A2_SYNTHETIC_CONTRACT","tests/fixtures/M03A_2/C028_units_mhz_mohm.csv","14","13","39810717.055349693","2000.0019977915313","-3.9977904222578862","39810.717055349691","2.0000019977915313","-0.003997790422257886","FALSE","FALSE","PASS",""
"S_C028","R1","C028","UNIT_MHZ_MILLIOHM","SYNTHETIC","M03A2_SYNTHETIC_CONTRACT","tests/fixtures/M03A_2/C028_units_mhz_mohm.csv","15","14","30432198.871077221","2000.0034188765862","-5.2298184482084098","30432.19887107722","2.0000034188765863","-0.0052298184482084103","FALSE","FALSE","PASS",""
"S_C028","R1","C028","UNIT_MHZ_MILLIOHM","SYNTHETIC","M03A2_SYNTHETIC_CONTRACT","tests/fixtures/M03A_2/C028_units_mhz_mohm.csv","16","15","23263050.671536285","2000.0058508184918","-6.8415286086401021","23263.050671536286","2.0000058508184919","-0.0068415286086401022","FALSE","FALSE","PASS",""
"S_C028","R1","C028","UNIT_MHZ_MILLIOHM","SYNTHETIC","M03A2_SYNTHETIC_CONTRACT","tests/fixtures/M03A_2/C028_units_mhz_mohm.csv","17","16","17782794.100389227","2000.0100126660789","-8.9499289592938212","17782.794100389227","2.0000100126660789","-0.0089499289592938208","FALSE","FALSE","PASS",""
"S_C028","R1","C028","UNIT_MHZ_MILLIOHM","SYNTHETIC","M03A2_SYNTHETIC_CONTRACT","tests/fixtures/M03A_2/C028_units_mhz_mohm.csv","18","17","13593563.908785241","2000.0171349436057","-11.708085037225977","13593.563908785241","2.0000171349436058","-0.011708085037225978","FALSE","FALSE","PASS",""
"S_C028","R1","C028","UNIT_MHZ_MILLIOHM","SYNTHETIC","M03A2_SYNTHETIC_CONTRACT","tests/fixtures/M03A_2/C028_units_mhz_mohm.csv","19","18","10391223.03835169","2000.0293234693061","-15.316229777053763","10391.223038351691","2.0000293234693061","-0.015316229777053764","FALSE","FALSE","PASS",""
"S_C028","R1","C028","UNIT_MHZ_MILLIOHM","SYNTHETIC","M03A2_SYNTHETIC_CONTRACT","tests/fixtures/M03A_2/C028_units_mhz_mohm.csv","20","19","7943282.3472428136","2000.0501819521589","-20.036294543769003","7943.2823472428136","2.000050181952159","-0.020036294543769002","FALSE","FALSE","PASS",""
"S_C028","R1","C028","UNIT_MHZ_MILLIOHM","SYNTHETIC","M03A2_SYNTHETIC_CONTRACT","tests/fixtures/M03A_2/C028_units_mhz_mohm.csv","21","20","6072021.9569098838","2000.0858774119049","-26.210912237225266","6072.0219569098836","2.0000858774119048","-0.026210912237225267","FALSE","FALSE","PASS",""
"S_C028","R1","C028","UNIT_MHZ_MILLIOHM","SYNTHETIC","M03A2_SYNTHETIC_CONTRACT","tests/fixtures/M03A_2/C028_units_mhz_mohm.csv","22","21","4641588.8336127819","2000.1469633234863","-34.288263147512801","4641.5888336127819","2.0001469633234863","-0.0342882631475128","FALSE","FALSE","PASS",""
"S_C028","R1","C028","UNIT_MHZ_MILLIOHM","SYNTHETIC","M03A2_SYNTHETIC_CONTRACT","tests/fixtures/M03A_2/C028_units_mhz_mohm.csv","23","22","3548133.8923357567","2000.251499208716","-44.854547348929003","3548.1338923357566","2.0002514992087161","-0.044854547348929005","FALSE","FALSE","PASS",""
"S_C028","R1","C028","UNIT_MHZ_MILLIOHM","SYNTHETIC","M03A2_SYNTHETIC_CONTRACT","tests/fixtures/M03A_2/C028_units_mhz_mohm.csv","24","23","2712272.5793320294","2000.4303880898769","-58.676396320054032","2712.2725793320296","2.0004303880898768","-0.058676396320054031","FALSE","FALSE","PASS",""
"S_C028","R1","C028","UNIT_MHZ_MILLIOHM","SYNTHETIC","M03A2_SYNTHETIC_CONTRACT","tests/fixtures/M03A_2/C028_units_mhz_mohm.csv","25","24","2073321.5734859542","2000.736507135028","-76.756202599306121","2073.3215734859541","2.000736507135028","-0.076756202599306128","FALSE","FALSE","PASS",""
"S_C028","R1","C028","UNIT_MHZ_MILLIOHM","SYNTHETIC","M03A2_SYNTHETIC_CONTRACT","tests/fixtures/M03A_2/C028_units_mhz_mohm.csv","26","25","1584893.1924611125","2001.260322971247","-100.40416005317282","1584.8931924611124","2.0012603229712469","-0.10040416005317282","FALSE","FALSE","PASS",""
"S_C028","R1","C028","UNIT_MHZ_MILLIOHM","SYNTHETIC","M03A2_SYNTHETIC_CONTRACT","tests/fixtures/M03A_2/C028_units_mhz_mohm.csv","27","26","1211527.6586285876","2002.1565846998901","-131.33174308427039","1211.5276586285877","2.0021565846998901","-0.1313317430842704","FALSE","FALSE","PASS",""
"S_C028","R1","C028","UNIT_MHZ_MILLIOHM","SYNTHETIC","M03A2_SYNTHETIC_CONTRACT","tests/fixtures/M03A_2/C028_units_mhz_mohm.csv","28","27","926118.72812879365","2003.6899168773546","-171.77228976838433","926.11872812879369","2.0036899168773545","-0.17177228976838432","FALSE","FALSE","PASS",""
"S_C028","R1","C028","UNIT_MHZ_MILLIOHM","SYNTHETIC","M03A2_SYNTHETIC_CONTRACT","tests/fixtures/M03A_2/C028_units_mhz_mohm.csv","29","28","707945.78438413807","2006.3125880775906","-224.63493907334725","707.94578438413805","2.0063125880775905","-0.22463493907334725","FALSE","FALSE","PASS",""
"S_C028","R1","C028","UNIT_MHZ_MILLIOHM","SYNTHETIC","M03A2_SYNTHETIC_CONTRACT","tests/fixtures/M03A_2/C028_units_mhz_mohm.csv","30","29","541169.52654646372","2010.7968504820165","-293.69751765345273","541.16952654646377","2.0107968504820164","-0.29369751765345276","FALSE","FALSE","PASS",""
"S_C028","R1","C028","UNIT_MHZ_MILLIOHM","SYNTHETIC","M03A2_SYNTHETIC_CONTRACT","tests/fixtures/M03A_2/C028_units_mhz_mohm.csv","31","30","413682.04023885075","2018.4592347172786","-383.83998540000988","413.68204023885073","2.0184592347172785","-0.38383998540000991","FALSE","FALSE","PASS",""
"S_C028","R1","C028","UNIT_MHZ_MILLIOHM","SYNTHETIC","M03A2_SYNTHETIC_CONTRACT","tests/fixtures/M03A_2/C028_units_mhz_mohm.csv","32","31","316227.76601683797","2031.5380467543664","-501.30801473929307","316.22776601683796","2.0315380467543664","-0.5013080147392931","FALSE","FALSE","PASS",""
"S_C028","R1","C028","UNIT_MHZ_MILLIOHM","SYNTHETIC","M03A2_SYNTHETIC_CONTRACT","tests/fixtures/M03A_2/C028_units_mhz_mohm.csv","33","32","241731.54808041014","2053.8210250961092","-653.96597619943248","241.73154808041014","2.0538210250961093","-0.65396597619943253","FALSE","FALSE","PASS",""
"S_C028","R1","C028","UNIT_MHZ_MILLIOHM","SYNTHETIC","M03A2_SYNTHETIC_CONTRACT","tests/fixtures/M03A_2/C028_units_mhz_mohm.csv","34","33","184784.97974222907","2091.6667674946962","-851.4290009710985","184.78497974222907","2.0916667674946963","-0.85142900097109853","FALSE","FALSE","PASS",""
"S_C028","R1","C028","UNIT_MHZ_MILLIOHM","SYNTHETIC","M03A2_SYNTHETIC_CONTRACT","tests/fixtures/M03A_2/C028_units_mhz_mohm.csv","35","34","141253.75446227525","2155.6036634214884","-1104.815281982342","141.25375446227525","2.1556036634214886","-1.104815281982342","FALSE","FALSE","PASS",""
"S_C028","R1","C028","UNIT_MHZ_MILLIOHM","SYNTHETIC","M03A2_SYNTHETIC_CONTRACT","tests/fixtures/M03A_2/C028_units_mhz_mohm.csv","36","35","107977.51623277094","2262.654948549929","-1425.5707511034548","107.97751623277094","2.2626549485499292","-1.4255707511034548","FALSE","FALSE","PASS",""
"S_C028","R1","C028","UNIT_MHZ_MILLIOHM","SYNTHETIC","M03A2_SYNTHETIC_CONTRACT","tests/fixtures/M03A_2/C028_units_mhz_mohm.csv","37","36","82540.418526801732","2439.230943947035","-1822.3401794000142","82.54041852680173","2.439230943947035","-1.8223401794000142","FALSE","FALSE","PASS",""
"S_C028","R1","C028","UNIT_MHZ_MILLIOHM","SYNTHETIC","M03A2_SYNTHETIC_CONTRACT","tests/fixtures/M03A_2/C028_units_mhz_mohm.csv","38","37","63095.734448019299","2723.4155856281591","-2294.3396818029232","63.0957344480193","2.723415585628159","-2.2943396818029234","FALSE","FALSE","PASS",""
"S_C028","R1","C028","UNIT_MHZ_MILLIOHM","SYNTHETIC","M03A2_SYNTHETIC_CONTRACT","tests/fixtures/M03A_2/C028_units_mhz_mohm.csv","39","38","48231.784822393092","3163.1819280597201","-2820.01121038783","48.231784822393095","3.16318192805972","-2.8200112103878303","FALSE","FALSE","PASS",""
"S_C028","R1","C028","UNIT_MHZ_MILLIOHM","SYNTHETIC","M03A2_SYNTHETIC_CONTRACT","tests/fixtures/M03A_2/C028_units_mhz_mohm.csv","40","39","36869.450645195735","3804.0058933676255","-3343.2932691637866","36.869450645195734","3.8040058933676257","-3.3432932691637864","FALSE","FALSE","PASS",""
"S_C028","R1","C028","UNIT_MHZ_MILLIOHM","SYNTHETIC","M03A2_SYNTHETIC_CONTRACT","tests/fixtures/M03A_2/C028_units_mhz_mohm.csv","41","40","28183.82931264455","4660.4902560760484","-3769.0467821364055","28.183829312644551","4.6604902560760486","-3.7690467821364053","FALSE","FALSE","PASS",""
"S_C028","R1","C028","UNIT_MHZ_MILLIOHM","SYNTHETIC","M03A2_SYNTHETIC_CONTRACT","tests/fixtures/M03A_2/C028_units_mhz_mohm.csv","42","41","21544.346900318866","5681.965571836161","-3987.3367179738539","21.544346900318867","5.6819655718361615","-3.9873367179738541","FALSE","FALSE","PASS",""
"S_C028","R1","C028","UNIT_MHZ_MILLIOHM","SYNTHETIC","M03A2_SYNTHETIC_CONTRACT","tests/fixtures/M03A_2/C028_units_mhz_mohm.csv","43","42","16468.97865482869","6746.963499101309","-3929.636819225198","16.468978654828689","6.7469634991013088","-3.9296368192251983","FALSE","FALSE","PASS",""
"S_C028","R1","C028","UNIT_MHZ_MILLIOHM","SYNTHETIC","M03A2_SYNTHETIC_CONTRACT","tests/fixtures/M03A_2/C028_units_mhz_mohm.csv","44","43","12589.254117941688","7712.4818676228879","-3614.8866998929343","12.589254117941687","7.7124818676228877","-3.6148866998929345","FALSE","FALSE","PASS",""
"S_C028","R1","C028","UNIT_MHZ_MILLIOHM","SYNTHETIC","M03A2_SYNTHETIC_CONTRACT","tests/fixtures/M03A_2/C028_units_mhz_mohm.csv","45","44","9623.5062639808875","8483.0090066133744","-3136.0271480133688","9.6235062639808877","8.4830090066133739","-3.136027148013369","FALSE","FALSE","PASS",""
"S_C028","R1","C028","UNIT_MHZ_MILLIOHM","SYNTHETIC","M03A2_SYNTHETIC_CONTRACT","tests/fixtures/M03A_2/C028_units_mhz_mohm.csv","46","45","7356.4225445964212","9037.7130438621516","-2602.3642064764372","7.3564225445964215","9.0377130438621514","-2.6023642064764374","FALSE","FALSE","PASS",""
"S_C028","R1","C028","UNIT_MHZ_MILLIOHM","SYNTHETIC","M03A2_SYNTHETIC_CONTRACT","tests/fixtures/M03A_2/C028_units_mhz_mohm.csv","47","46","5623.4132519034911","9408.1022630393927","-2094.0007078952412","5.6234132519034912","9.4081022630393925","-2.0940007078952414","FALSE","FALSE","PASS",""
"S_C028","R1","C028","UNIT_MHZ_MILLIOHM","SYNTHETIC","M03A2_SYNTHETIC_CONTRACT","tests/fixtures/M03A_2/C028_units_mhz_mohm.csv","48","47","4298.6623470822724","9643.1554487029571","-1651.489744620277","4.2986623470822725","9.6431554487029576","-1.651489744620277","FALSE","FALSE","PASS",""
"S_C028","R1","C028","UNIT_MHZ_MILLIOHM","SYNTHETIC","M03A2_SYNTHETIC_CONTRACT","tests/fixtures/M03A_2/C028_units_mhz_mohm.csv","49","48","3285.9932476006543","9787.5418299540033","-1286.2841390410881","3.2859932476006541","9.7875418299540033","-1.2862841390410882","FALSE","FALSE","PASS",""
"S_C028","R1","C028","UNIT_MHZ_MILLIOHM","SYNTHETIC","M03A2_SYNTHETIC_CONTRACT","tests/fixtures/M03A_2/C028_units_mhz_mohm.csv","50","49","2511.8864315095771","9874.4661549166212","-994.23941503322123","2.511886431509577","9.8744661549166217","-0.99423941503322122","FALSE","FALSE","PASS",""
"S_C028","R1","C028","UNIT_MHZ_MILLIOHM","SYNTHETIC","M03A2_SYNTHETIC_CONTRACT","tests/fixtures/M03A_2/C028_units_mhz_mohm.csv","51","50","1920.1419386388011","9926.1637860254159","-765.00844786353423","1.9201419386388012","9.9261637860254162","-0.76500844786353428","FALSE","FALSE","PASS",""
"S_C028","R1","C028","UNIT_MHZ_MILLIOHM","SYNTHETIC","M03A2_SYNTHETIC_CONTRACT","tests/fixtures/M03A_2/C028_units_mhz_mohm.csv","52","51","1467.7992676220674","9956.6882842449613","-587.04158397737194","1.4677992676220675","9.9566882842449616","-0.58704158397737194","FALSE","FALSE","PASS",""
"S_C028","R1","C028","UNIT_MHZ_MILLIOHM","SYNTHETIC","M03A2_SYNTHETIC_CONTRACT","tests/fixtures/M03A_2/C028_units_mhz_mohm.csv","53","52","1122.0184543019629","9974.6340883463345","-449.75978450201171","1.1220184543019629","9.9746340883463347","-0.44975978450201171","FALSE","FALSE","PASS",""
"S_C028","R1","C028","UNIT_MHZ_MILLIOHM","SYNTHETIC","M03A2_SYNTHETIC_CONTRACT","tests/fixtures/M03A_2/C028_units_mhz_mohm.csv","54","53","857.69589859089456","9985.1580865089945","-344.26011318764722","0.85769589859089457","9.9851580865089939","-0.34426011318764721","FALSE","FALSE","PASS",""
"S_C028","R1","C028","UNIT_MHZ_MILLIOHM","SYNTHETIC","M03A2_SYNTHETIC_CONTRACT","tests/fixtures/M03A_2/C028_units_mhz_mohm.csv","55","54","655.64184941797851","9991.3205621788893","-263.36319015381918","0.65564184941797854","9.9913205621788901","-0.2633631901538192","FALSE","FALSE","PASS",""
"S_C028","R1","C028","UNIT_MHZ_MILLIOHM","SYNTHETIC","M03A2_SYNTHETIC_CONTRACT","tests/fixtures/M03A_2/C028_units_mhz_mohm.csv","56","55","501.18723362727246","9994.9259568440102","-201.41151738162108","0.50118723362727247","9.9949259568440105","-0.20141151738162108","FALSE","FALSE","PASS",""
"S_C028","R1","C028","UNIT_MHZ_MILLIOHM","SYNTHETIC","M03A2_SYNTHETIC_CONTRACT","tests/fixtures/M03A_2/C028_units_mhz_mohm.csv","57","56","383.11868495572929","9997.0342445776314","-154.00405083539175","0.38311868495572932","9.9970342445776321","-0.15400405083539176","FALSE","FALSE","PASS",""
"S_C028","R1","C028","UNIT_MHZ_MILLIOHM","SYNTHETIC","M03A2_SYNTHETIC_CONTRACT","tests/fixtures/M03A_2/C028_units_mhz_mohm.csv","58","57","292.86445646252372","9998.266719198833","-117.74227000956989","0.29286445646252374","9.998266719198833","-0.1177422700095699","FALSE","FALSE","PASS",""
"S_C028","R1","C028","UNIT_MHZ_MILLIOHM","SYNTHETIC","M03A2_SYNTHETIC_CONTRACT","tests/fixtures/M03A_2/C028_units_mhz_mohm.csv","59","58","223.87211385683423","9998.9870810268021","-90.012920076708269","0.22387211385683423","9.9989870810268027","-0.090012920076708275","FALSE","FALSE","PASS",""
"S_C028","R1","C028","UNIT_MHZ_MILLIOHM","SYNTHETIC","M03A2_SYNTHETIC_CONTRACT","tests/fixtures/M03A_2/C028_units_mhz_mohm.csv","60","59","171.13283041617811","9999.4080783435857","-68.811502527347614","0.17113283041617811","9.9994080783435866","-0.068811502527347621","FALSE","FALSE","PASS",""
"S_C028","R1","C028","UNIT_MHZ_MILLIOHM","SYNTHETIC","M03A2_SYNTHETIC_CONTRACT","tests/fixtures/M03A_2/C028_units_mhz_mohm.csv","61","60","130.81774742601957","9999.6541050247997","-52.60266303396746","0.13081774742601956","9.9996541050247991","-0.052602663033967462","FALSE","FALSE","PASS",""
"S_C028","R1","C028","UNIT_MHZ_MILLIOHM","SYNTHETIC","M03A2_SYNTHETIC_CONTRACT","tests/fixtures/M03A_2/C028_units_mhz_mohm.csv","62","61","100","9999.7978756087778","-40.211369977945239","0.10000000000000001","9.9997978756087775","-0.040211369977945242","FALSE","FALSE","PASS",""
"S_C029","R1","C029","UNIT_MEGAHERTZ","SYNTHETIC","M03A2_SYNTHETIC_CONTRACT","tests/fixtures/M03A_2/C029_units_MHz.csv","2","1","1","2.0000000031662868","-0.00015915494302890407","1000000","2.0000000031662868","-0.00015915494302890407","FALSE","FALSE","PASS",""
"S_C029","R1","C029","UNIT_MEGAHERTZ","SYNTHETIC","M03A2_SYNTHETIC_CONTRACT","tests/fixtures/M03A_2/C029_units_MHz.csv","3","2","0.76442227425260101","2.0000000054185567","-0.00020820291132896045","764422.27425260097","2.0000000054185567","-0.00020820291132896045","FALSE","FALSE","PASS",""
"S_C029","R1","C029","UNIT_MEGAHERTZ","SYNTHETIC","M03A2_SYNTHETIC_CONTRACT","tests/fixtures/M03A_2/C029_units_MHz.csv","4","3","0.58434141337351753","2.0000000092729291","-0.00027236635854471374","584341.41337351757","2.0000000092729291","-0.00027236635854471374","FALSE","FALSE","PASS",""
"S_C029","R1","C029","UNIT_MEGAHERTZ","SYNTHETIC","M03A2_SYNTHETIC_CONTRACT","tests/fixtures/M03A_2/C029_units_MHz.csv","5","4","0.44668359215096348","2.0000000158690261","-0.00035630353470069315","446683.59215096349","2.0000000158690261","-0.00035630353470069315","FALSE","FALSE","PASS",""
"S_C029","R1","C029","UNIT_MEGAHERTZ","SYNTHETIC","M03A2_SYNTHETIC_CONTRACT","tests/fixtures/M03A_2/C029_units_MHz.csv","6","5","0.34145488738336005","2.0000000271571134","-0.00046610825743704891","341454.88738336007","2.0000000271571134","-0.00046610825743704891","FALSE","FALSE","PASS",""
"S_C029","R1","C029","UNIT_MEGAHERTZ","SYNTHETIC","M03A2_SYNTHETIC_CONTRACT","tests/fixtures/M03A_2/C029_units_MHz.csv","7","6","0.26101572156825387","2.0000000464747369","-0.00060975232147344766","261015.72156825388","2.0000000464747369","-0.00060975232147344766","FALSE","FALSE","PASS",""
"S_C029","R1","C029","UNIT_MEGAHERTZ","SYNTHETIC","M03A2_SYNTHETIC_CONTRACT","tests/fixtures/M03A_2/C029_units_MHz.csv","8","7","0.19952623149688789","2.0000000795335326","-0.00079766424853319794","199526.23149688789","2.0000000795335326","-0.00079766424853319794","FALSE","FALSE","PASS",""
"S_C029","R1","C029","UNIT_MEGAHERTZ","SYNTHETIC","M03A2_SYNTHETIC_CONTRACT","tests/fixtures/M03A_2/C029_units_MHz.csv","9","8","0.15252229565390196","2.0000001361079844","-0.0010434863945744798","152522.29565390197","2.0000001361079844","-0.0010434863945744798","FALSE","FALSE","PASS",""
"S_C029","R1","C029","UNIT_MEGAHERTZ","SYNTHETIC","M03A2_SYNTHETIC_CONTRACT","tests/fixtures/M03A_2/C029_units_MHz.csv","10","9","0.1165914401179831","2.0000002329254429","-0.0013650653795590504","116591.4401179831","2.0000002329254429","-0.0013650653795590504","FALSE","FALSE","PASS",""
"S_C029","R1","C029","UNIT_MEGAHERTZ","SYNTHETIC","M03A2_SYNTHETIC_CONTRACT","tests/fixtures/M03A_2/C029_units_MHz.csv","11","10","0.089125093813374592","2.000000398611895","-0.0017857477434473118","89125.093813374595","2.000000398611895","-0.0017857477434473118","FALSE","FALSE","PASS",""
"S_C029","R1","C029","UNIT_MEGAHERTZ","SYNTHETIC","M03A2_SYNTHETIC_CONTRACT","tests/fixtures/M03A_2/C029_units_MHz.csv","12","11","0.068129206905796227","2.0000006821557945","-0.0023360748898912636","68129.206905796222","2.0000006821557945","-0.0023360748898912636","FALSE","FALSE","PASS",""
"S_C029","R1","C029","UNIT_MEGAHERTZ","SYNTHETIC","M03A2_SYNTHETIC_CONTRACT","tests/fixtures/M03A_2/C029_units_MHz.csv","13","12","0.052079483285954652","2.0000011673924485","-0.0030560003637801663","52079.483285954651","2.0000011673924485","-0.0030560003637801663","FALSE","FALSE","PASS",""
"S_C029","R1","C029","UNIT_MEGAHERTZ","SYNTHETIC","M03A2_SYNTHETIC_CONTRACT","tests/fixtures/M03A_2/C029_units_MHz.csv","14","13","0.039810717055349693","2.0000019977915313","-0.003997790422257886","39810.717055349691","2.0000019977915313","-0.003997790422257886","FALSE","FALSE","PASS",""
"S_C029","R1","C029","UNIT_MEGAHERTZ","SYNTHETIC","M03A2_SYNTHETIC_CONTRACT","tests/fixtures/M03A_2/C029_units_MHz.csv","15","14","0.030432198871077221","2.0000034188765863","-0.0052298184482084094","30432.19887107722","2.0000034188765863","-0.0052298184482084094","FALSE","FALSE","PASS",""
"S_C029","R1","C029","UNIT_MEGAHERTZ","SYNTHETIC","M03A2_SYNTHETIC_CONTRACT","tests/fixtures/M03A_2/C029_units_MHz.csv","16","15","0.023263050671536285","2.0000058508184919","-0.0068415286086401022","23263.050671536286","2.0000058508184919","-0.0068415286086401022","FALSE","FALSE","PASS",""
"S_C029","R1","C029","UNIT_MEGAHERTZ","SYNTHETIC","M03A2_SYNTHETIC_CONTRACT","tests/fixtures/M03A_2/C029_units_MHz.csv","17","16","0.017782794100389226","2.0000100126660789","-0.0089499289592938208","17782.794100389227","2.0000100126660789","-0.0089499289592938208","FALSE","FALSE","PASS",""
"S_C029","R1","C029","UNIT_MEGAHERTZ","SYNTHETIC","M03A2_SYNTHETIC_CONTRACT","tests/fixtures/M03A_2/C029_units_MHz.csv","18","17","0.013593563908785241","2.0000171349436058","-0.011708085037225978","13593.563908785241","2.0000171349436058","-0.011708085037225978","FALSE","FALSE","PASS",""
"S_C029","R1","C029","UNIT_MEGAHERTZ","SYNTHETIC","M03A2_SYNTHETIC_CONTRACT","tests/fixtures/M03A_2/C029_units_MHz.csv","19","18","0.010391223038351691","2.0000293234693061","-0.015316229777053764","10391.223038351691","2.0000293234693061","-0.015316229777053764","FALSE","FALSE","PASS",""
"S_C029","R1","C029","UNIT_MEGAHERTZ","SYNTHETIC","M03A2_SYNTHETIC_CONTRACT","tests/fixtures/M03A_2/C029_units_MHz.csv","20","19","0.0079432823472428138","2.000050181952159","-0.020036294543769002","7943.2823472428136","2.000050181952159","-0.020036294543769002","FALSE","FALSE","PASS",""
"S_C029","R1","C029","UNIT_MEGAHERTZ","SYNTHETIC","M03A2_SYNTHETIC_CONTRACT","tests/fixtures/M03A_2/C029_units_MHz.csv","21","20","0.0060720219569098833","2.0000858774119048","-0.026210912237225267","6072.0219569098836","2.0000858774119048","-0.026210912237225267","FALSE","FALSE","PASS",""
"S_C029","R1","C029","UNIT_MEGAHERTZ","SYNTHETIC","M03A2_SYNTHETIC_CONTRACT","tests/fixtures/M03A_2/C029_units_MHz.csv","22","21","0.0046415888336127815","2.0001469633234863","-0.0342882631475128","4641.5888336127819","2.0001469633234863","-0.0342882631475128","FALSE","FALSE","PASS",""
"S_C029","R1","C029","UNIT_MEGAHERTZ","SYNTHETIC","M03A2_SYNTHETIC_CONTRACT","tests/fixtures/M03A_2/C029_units_MHz.csv","23","22","0.0035481338923357567","2.0002514992087161","-0.044854547348929005","3548.1338923357566","2.0002514992087161","-0.044854547348929005","FALSE","FALSE","PASS",""
"S_C029","R1","C029","UNIT_MEGAHERTZ","SYNTHETIC","M03A2_SYNTHETIC_CONTRACT","tests/fixtures/M03A_2/C029_units_MHz.csv","24","23","0.0027122725793320298","2.0004303880898768","-0.058676396320054031","2712.2725793320296","2.0004303880898768","-0.058676396320054031","FALSE","FALSE","PASS",""
"S_C029","R1","C029","UNIT_MEGAHERTZ","SYNTHETIC","M03A2_SYNTHETIC_CONTRACT","tests/fixtures/M03A_2/C029_units_MHz.csv","25","24","0.002073321573485954","2.000736507135028","-0.076756202599306128","2073.3215734859541","2.000736507135028","-0.076756202599306128","FALSE","FALSE","PASS",""
"S_C029","R1","C029","UNIT_MEGAHERTZ","SYNTHETIC","M03A2_SYNTHETIC_CONTRACT","tests/fixtures/M03A_2/C029_units_MHz.csv","26","25","0.0015848931924611123","2.0012603229712469","-0.10040416005317282","1584.8931924611124","2.0012603229712469","-0.10040416005317282","FALSE","FALSE","PASS",""
"S_C029","R1","C029","UNIT_MEGAHERTZ","SYNTHETIC","M03A2_SYNTHETIC_CONTRACT","tests/fixtures/M03A_2/C029_units_MHz.csv","27","26","0.0012115276586285877","2.0021565846998901","-0.1313317430842704","1211.5276586285877","2.0021565846998901","-0.1313317430842704","FALSE","FALSE","PASS",""
"S_C029","R1","C029","UNIT_MEGAHERTZ","SYNTHETIC","M03A2_SYNTHETIC_CONTRACT","tests/fixtures/M03A_2/C029_units_MHz.csv","28","27","0.00092611872812879367","2.0036899168773545","-0.17177228976838432","926.11872812879369","2.0036899168773545","-0.17177228976838432","FALSE","FALSE","PASS",""
"S_C029","R1","C029","UNIT_MEGAHERTZ","SYNTHETIC","M03A2_SYNTHETIC_CONTRACT","tests/fixtures/M03A_2/C029_units_MHz.csv","29","28","0.00070794578438413802","2.0063125880775905","-0.22463493907334725","707.94578438413805","2.0063125880775905","-0.22463493907334725","FALSE","FALSE","PASS",""
"S_C029","R1","C029","UNIT_MEGAHERTZ","SYNTHETIC","M03A2_SYNTHETIC_CONTRACT","tests/fixtures/M03A_2/C029_units_MHz.csv","30","29","0.00054116952654646375","2.0107968504820164","-0.29369751765345276","541.16952654646377","2.0107968504820164","-0.29369751765345276","FALSE","FALSE","PASS",""
"S_C029","R1","C029","UNIT_MEGAHERTZ","SYNTHETIC","M03A2_SYNTHETIC_CONTRACT","tests/fixtures/M03A_2/C029_units_MHz.csv","31","30","0.00041368204023885073","2.0184592347172785","-0.38383998540000985","413.68204023885073","2.0184592347172785","-0.38383998540000985","FALSE","FALSE","PASS",""
"S_C029","R1","C029","UNIT_MEGAHERTZ","SYNTHETIC","M03A2_SYNTHETIC_CONTRACT","tests/fixtures/M03A_2/C029_units_MHz.csv","32","31","0.00031622776601683794","2.0315380467543664","-0.5013080147392931","316.22776601683796","2.0315380467543664","-0.5013080147392931","FALSE","FALSE","PASS",""
"S_C029","R1","C029","UNIT_MEGAHERTZ","SYNTHETIC","M03A2_SYNTHETIC_CONTRACT","tests/fixtures/M03A_2/C029_units_MHz.csv","33","32","0.00024173154808041012","2.0538210250961093","-0.65396597619943253","241.73154808041014","2.0538210250961093","-0.65396597619943253","FALSE","FALSE","PASS",""
"S_C029","R1","C029","UNIT_MEGAHERTZ","SYNTHETIC","M03A2_SYNTHETIC_CONTRACT","tests/fixtures/M03A_2/C029_units_MHz.csv","34","33","0.00018478497974222906","2.0916667674946963","-0.85142900097109853","184.78497974222907","2.0916667674946963","-0.85142900097109853","FALSE","FALSE","PASS",""
"S_C029","R1","C029","UNIT_MEGAHERTZ","SYNTHETIC","M03A2_SYNTHETIC_CONTRACT","tests/fixtures/M03A_2/C029_units_MHz.csv","35","34","0.00014125375446227524","2.1556036634214886","-1.104815281982342","141.25375446227525","2.1556036634214886","-1.104815281982342","FALSE","FALSE","PASS",""
"S_C029","R1","C029","UNIT_MEGAHERTZ","SYNTHETIC","M03A2_SYNTHETIC_CONTRACT","tests/fixtures/M03A_2/C029_units_MHz.csv","36","35","0.00010797751623277094","2.2626549485499292","-1.4255707511034548","107.97751623277094","2.2626549485499292","-1.4255707511034548","FALSE","FALSE","PASS",""
"S_C029","R1","C029","UNIT_MEGAHERTZ","SYNTHETIC","M03A2_SYNTHETIC_CONTRACT","tests/fixtures/M03A_2/C029_units_MHz.csv","37","36","8.2540418526801736E-05","2.439230943947035","-1.8223401794000142","82.54041852680173","2.439230943947035","-1.8223401794000142","FALSE","FALSE","PASS",""
"S_C029","R1","C029","UNIT_MEGAHERTZ","SYNTHETIC","M03A2_SYNTHETIC_CONTRACT","tests/fixtures/M03A_2/C029_units_MHz.csv","38","37","6.3095734448019307E-05","2.723415585628159","-2.2943396818029234","63.095734448019307","2.723415585628159","-2.2943396818029234","FALSE","FALSE","PASS",""
"S_C029","R1","C029","UNIT_MEGAHERTZ","SYNTHETIC","M03A2_SYNTHETIC_CONTRACT","tests/fixtures/M03A_2/C029_units_MHz.csv","39","38","4.8231784822393095E-05","3.16318192805972","-2.8200112103878299","48.231784822393095","3.16318192805972","-2.8200112103878299","FALSE","FALSE","PASS",""
"S_C029","R1","C029","UNIT_MEGAHERTZ","SYNTHETIC","M03A2_SYNTHETIC_CONTRACT","tests/fixtures/M03A_2/C029_units_MHz.csv","40","39","3.6869450645195736E-05","3.8040058933676253","-3.3432932691637864","36.869450645195734","3.8040058933676253","-3.3432932691637864","FALSE","FALSE","PASS",""
"S_C029","R1","C029","UNIT_MEGAHERTZ","SYNTHETIC","M03A2_SYNTHETIC_CONTRACT","tests/fixtures/M03A_2/C029_units_MHz.csv","41","40","2.8183829312644552E-05","4.6604902560760486","-3.7690467821364053","28.183829312644551","4.6604902560760486","-3.7690467821364053","FALSE","FALSE","PASS",""
"S_C029","R1","C029","UNIT_MEGAHERTZ","SYNTHETIC","M03A2_SYNTHETIC_CONTRACT","tests/fixtures/M03A_2/C029_units_MHz.csv","42","41","2.1544346900318867E-05","5.6819655718361606","-3.9873367179738537","21.544346900318867","5.6819655718361606","-3.9873367179738537","FALSE","FALSE","PASS",""
"S_C029","R1","C029","UNIT_MEGAHERTZ","SYNTHETIC","M03A2_SYNTHETIC_CONTRACT","tests/fixtures/M03A_2/C029_units_MHz.csv","43","42","1.6468978654828691E-05","6.7469634991013088","-3.9296368192251978","16.468978654828689","6.7469634991013088","-3.9296368192251978","FALSE","FALSE","PASS",""
"S_C029","R1","C029","UNIT_MEGAHERTZ","SYNTHETIC","M03A2_SYNTHETIC_CONTRACT","tests/fixtures/M03A_2/C029_units_MHz.csv","44","43","1.2589254117941687E-05","7.7124818676228877","-3.6148866998929341","12.589254117941687","7.7124818676228877","-3.6148866998929341","FALSE","FALSE","PASS",""
"S_C029","R1","C029","UNIT_MEGAHERTZ","SYNTHETIC","M03A2_SYNTHETIC_CONTRACT","tests/fixtures/M03A_2/C029_units_MHz.csv","45","44","9.6235062639808877E-06","8.4830090066133739","-3.1360271480133686","9.6235062639808877","8.4830090066133739","-3.1360271480133686","FALSE","FALSE","PASS",""
"S_C029","R1","C029","UNIT_MEGAHERTZ","SYNTHETIC","M03A2_SYNTHETIC_CONTRACT","tests/fixtures/M03A_2/C029_units_MHz.csv","46","45","7.3564225445964213E-06","9.0377130438621514","-2.6023642064764374","7.3564225445964215","9.0377130438621514","-2.6023642064764374","FALSE","FALSE","PASS",""
"S_C029","R1","C029","UNIT_MEGAHERTZ","SYNTHETIC","M03A2_SYNTHETIC_CONTRACT","tests/fixtures/M03A_2/C029_units_MHz.csv","47","46","5.6234132519034912E-06","9.4081022630393925","-2.0940007078952414","5.6234132519034912","9.4081022630393925","-2.0940007078952414","FALSE","FALSE","PASS",""
"S_C029","R1","C029","UNIT_MEGAHERTZ","SYNTHETIC","M03A2_SYNTHETIC_CONTRACT","tests/fixtures/M03A_2/C029_units_MHz.csv","48","47","4.2986623470822722E-06","9.6431554487029576","-1.651489744620277","4.2986623470822725","9.6431554487029576","-1.651489744620277","FALSE","FALSE","PASS",""
"S_C029","R1","C029","UNIT_MEGAHERTZ","SYNTHETIC","M03A2_SYNTHETIC_CONTRACT","tests/fixtures/M03A_2/C029_units_MHz.csv","49","48","3.2859932476006541E-06","9.7875418299540033","-1.2862841390410882","3.2859932476006541","9.7875418299540033","-1.2862841390410882","FALSE","FALSE","PASS",""
"S_C029","R1","C029","UNIT_MEGAHERTZ","SYNTHETIC","M03A2_SYNTHETIC_CONTRACT","tests/fixtures/M03A_2/C029_units_MHz.csv","50","49","2.5118864315095772E-06","9.8744661549166217","-0.99423941503322122","2.511886431509577","9.8744661549166217","-0.99423941503322122","FALSE","FALSE","PASS",""
"S_C029","R1","C029","UNIT_MEGAHERTZ","SYNTHETIC","M03A2_SYNTHETIC_CONTRACT","tests/fixtures/M03A_2/C029_units_MHz.csv","51","50","1.9201419386388008E-06","9.9261637860254162","-0.76500844786353428","1.9201419386388008","9.9261637860254162","-0.76500844786353428","FALSE","FALSE","PASS",""
"S_C029","R1","C029","UNIT_MEGAHERTZ","SYNTHETIC","M03A2_SYNTHETIC_CONTRACT","tests/fixtures/M03A_2/C029_units_MHz.csv","52","51","1.4677992676220675E-06","9.9566882842449616","-0.58704158397737194","1.4677992676220675","9.9566882842449616","-0.58704158397737194","FALSE","FALSE","PASS",""
"S_C029","R1","C029","UNIT_MEGAHERTZ","SYNTHETIC","M03A2_SYNTHETIC_CONTRACT","tests/fixtures/M03A_2/C029_units_MHz.csv","53","52","1.1220184543019628E-06","9.9746340883463347","-0.44975978450201171","1.1220184543019629","9.9746340883463347","-0.44975978450201171","FALSE","FALSE","PASS",""
"S_C029","R1","C029","UNIT_MEGAHERTZ","SYNTHETIC","M03A2_SYNTHETIC_CONTRACT","tests/fixtures/M03A_2/C029_units_MHz.csv","54","53","8.5769589859089453E-07","9.9851580865089939","-0.34426011318764721","0.85769589859089457","9.9851580865089939","-0.34426011318764721","FALSE","FALSE","PASS",""
"S_C029","R1","C029","UNIT_MEGAHERTZ","SYNTHETIC","M03A2_SYNTHETIC_CONTRACT","tests/fixtures/M03A_2/C029_units_MHz.csv","55","54","6.5564184941797857E-07","9.9913205621788901","-0.26336319015381915","0.65564184941797854","9.9913205621788901","-0.26336319015381915","FALSE","FALSE","PASS",""
"S_C029","R1","C029","UNIT_MEGAHERTZ","SYNTHETIC","M03A2_SYNTHETIC_CONTRACT","tests/fixtures/M03A_2/C029_units_MHz.csv","56","55","5.011872336272725E-07","9.9949259568440105","-0.20141151738162108","0.50118723362727247","9.9949259568440105","-0.20141151738162108","FALSE","FALSE","PASS",""
"S_C029","R1","C029","UNIT_MEGAHERTZ","SYNTHETIC","M03A2_SYNTHETIC_CONTRACT","tests/fixtures/M03A_2/C029_units_MHz.csv","57","56","3.8311868495572929E-07","9.9970342445776321","-0.15400405083539176","0.38311868495572932","9.9970342445776321","-0.15400405083539176","FALSE","FALSE","PASS",""
"S_C029","R1","C029","UNIT_MEGAHERTZ","SYNTHETIC","M03A2_SYNTHETIC_CONTRACT","tests/fixtures/M03A_2/C029_units_MHz.csv","58","57","2.9286445646252372E-07","9.998266719198833","-0.1177422700095699","0.29286445646252374","9.998266719198833","-0.1177422700095699","FALSE","FALSE","PASS",""
"S_C029","R1","C029","UNIT_MEGAHERTZ","SYNTHETIC","M03A2_SYNTHETIC_CONTRACT","tests/fixtures/M03A_2/C029_units_MHz.csv","59","58","2.2387211385683422E-07","9.9989870810268027","-0.090012920076708275","0.22387211385683423","9.9989870810268027","-0.090012920076708275","FALSE","FALSE","PASS",""
"S_C029","R1","C029","UNIT_MEGAHERTZ","SYNTHETIC","M03A2_SYNTHETIC_CONTRACT","tests/fixtures/M03A_2/C029_units_MHz.csv","60","59","1.7113283041617812E-07","9.9994080783435848","-0.068811502527347621","0.17113283041617811","9.9994080783435848","-0.068811502527347621","FALSE","FALSE","PASS",""
"S_C029","R1","C029","UNIT_MEGAHERTZ","SYNTHETIC","M03A2_SYNTHETIC_CONTRACT","tests/fixtures/M03A_2/C029_units_MHz.csv","61","60","1.3081774742601957E-07","9.9996541050247991","-0.052602663033967462","0.13081774742601956","9.9996541050247991","-0.052602663033967462","FALSE","FALSE","PASS",""
"S_C029","R1","C029","UNIT_MEGAHERTZ","SYNTHETIC","M03A2_SYNTHETIC_CONTRACT","tests/fixtures/M03A_2/C029_units_MHz.csv","62","61","1.0000000000000001E-07","9.9997978756087775","-0.040211369977945235","0.10000000000000001","9.9997978756087775","-0.040211369977945235","FALSE","FALSE","PASS",""
"S_C030","R1","C030","HIGH_FREQUENCY_FAR_FROM_REAL_AXIS","SYNTHETIC","M03A2_SYNTHETIC_CONTRACT","tests/fixtures/M03A_2/C030_hf_far_from_real_axis.csv","2","1","1000000","8.3864001727471766","-3.2101548584939392","1000000","8.3864001727471766","-3.2101548584939392","FALSE","FALSE","PASS",""
"S_C030","R1","C030","HIGH_FREQUENCY_FAR_FROM_REAL_AXIS","SYNTHETIC","M03A2_SYNTHETIC_CONTRACT","tests/fixtures/M03A_2/C030_hf_far_from_real_axis.csv","3","2","764422.27425260097","8.9708222550247498","-2.6784725365494548","764422.27425260097","8.9708222550247498","-2.6784725365494548","FALSE","FALSE","PASS",""
"S_C030","R1","C030","HIGH_FREQUENCY_FAR_FROM_REAL_AXIS","SYNTHETIC","M03A2_SYNTHETIC_CONTRACT","tests/fixtures/M03A_2/C030_hf_far_from_real_axis.csv","4","3","584341.41337351757","9.3646336745029313","-2.1631551577269938","584341.41337351757","9.3646336745029313","-2.1631551577269938","FALSE","FALSE","PASS",""
"S_C030","R1","C030","HIGH_FREQUENCY_FAR_FROM_REAL_AXIS","SYNTHETIC","M03A2_SYNTHETIC_CONTRACT","tests/fixtures/M03A_2/C030_hf_far_from_real_axis.csv","5","4","446683.59215096349","9.6160543552152458","-1.7100148830138471","446683.59215096349","9.6160543552152458","-1.7100148830138471","FALSE","FALSE","PASS",""
"S_C030","R1","C030","HIGH_FREQUENCY_FAR_FROM_REAL_AXIS","SYNTHETIC","M03A2_SYNTHETIC_CONTRACT","tests/fixtures/M03A_2/C030_hf_far_from_real_axis.csv","6","5","341454.88738336007","9.7710779416559355","-1.3337807758233875","341454.88738336007","9.7710779416559355","-1.3337807758233875","FALSE","FALSE","PASS",""
"S_C030","R1","C030","HIGH_FREQUENCY_FAR_FROM_REAL_AXIS","SYNTHETIC","M03A2_SYNTHETIC_CONTRACT","tests/fixtures/M03A_2/C030_hf_far_from_real_axis.csv","7","6","261015.72156825385","9.8646211407058786","-1.0318446776570513","261015.72156825385","9.8646211407058786","-1.0318446776570513","FALSE","FALSE","PASS",""
"S_C030","R1","C030","HIGH_FREQUENCY_FAR_FROM_REAL_AXIS","SYNTHETIC","M03A2_SYNTHETIC_CONTRACT","tests/fixtures/M03A_2/C030_hf_far_from_real_axis.csv","8","7","199526.23149688789","9.9203321484728839","-0.79435246940510185","199526.23149688789","9.9203321484728839","-0.79435246940510185","FALSE","FALSE","PASS",""
"S_C030","R1","C030","HIGH_FREQUENCY_FAR_FROM_REAL_AXIS","SYNTHETIC","M03A2_SYNTHETIC_CONTRACT","tests/fixtures/M03A_2/C030_hf_far_from_real_axis.csv","9","8","152522.29565390197","9.9532532749955038","-0.60974465453772031","152522.29565390197","9.9532532749955038","-0.60974465453772031","FALSE","FALSE","PASS",""
"S_C030","R1","C030","HIGH_FREQUENCY_FAR_FROM_REAL_AXIS","SYNTHETIC","M03A2_SYNTHETIC_CONTRACT","tests/fixtures/M03A_2/C030_hf_far_from_real_axis.csv","10","9","116591.4401179831","9.9726174449402318","-0.46723723755340724","116591.4401179831","9.9726174449402318","-0.46723723755340724","FALSE","FALSE","PASS",""
"S_C030","R1","C030","HIGH_FREQUENCY_FAR_FROM_REAL_AXIS","SYNTHETIC","M03A2_SYNTHETIC_CONTRACT","tests/fixtures/M03A_2/C030_hf_far_from_real_axis.csv","11","10","89125.093813374595","9.9839764419697481","-0.35767542525322266","89125.093813374595","9.9839764419697481","-0.35767542525322266","FALSE","FALSE","PASS",""
"S_C030","R1","C030","HIGH_FREQUENCY_FAR_FROM_REAL_AXIS","SYNTHETIC","M03A2_SYNTHETIC_CONTRACT","tests/fixtures/M03A_2/C030_hf_far_from_real_axis.csv","12","11","68129.206905796222","9.9906289696846429","-0.27364288098485906","68129.206905796222","9.9906289696846429","-0.27364288098485906","FALSE","FALSE","PASS",""
"S_C030","R1","C030","HIGH_FREQUENCY_FAR_FROM_REAL_AXIS","SYNTHETIC","M03A2_SYNTHETIC_CONTRACT","tests/fixtures/M03A_2/C030_hf_far_from_real_axis.csv","13","12","52079.483285954651","9.9945214514302378","-0.20928061081637561","52079.483285954651","9.9945214514302378","-0.20928061081637561","FALSE","FALSE","PASS",""
"S_C030","R1","C030","HIGH_FREQUENCY_FAR_FROM_REAL_AXIS","SYNTHETIC","M03A2_SYNTHETIC_CONTRACT","tests/fixtures/M03A_2/C030_hf_far_from_real_axis.csv","14","13","39810.717055349691","9.9967977456615067","-0.16002431151262198","39810.717055349691","9.9967977456615067","-0.16002431151262198","FALSE","FALSE","PASS",""
"S_C030","R1","C030","HIGH_FREQUENCY_FAR_FROM_REAL_AXIS","SYNTHETIC","M03A2_SYNTHETIC_CONTRACT","tests/fixtures/M03A_2/C030_hf_far_from_real_axis.csv","15","14","30432.19887107722","9.9981284787891092","-0.12234650422256658","30432.19887107722","9.9981284787891092","-0.12234650422256658","FALSE","FALSE","PASS",""
"S_C030","R1","C030","HIGH_FREQUENCY_FAR_FROM_REAL_AXIS","SYNTHETIC","M03A2_SYNTHETIC_CONTRACT","tests/fixtures/M03A_2/C030_hf_far_from_real_axis.csv","16","15","23263.050671536286","9.9989062862985882","-0.093533488129284456","23263.050671536286","9.9989062862985882","-0.093533488129284456","FALSE","FALSE","PASS",""
"S_C030","R1","C030","HIGH_FREQUENCY_FAR_FROM_REAL_AXIS","SYNTHETIC","M03A2_SYNTHETIC_CONTRACT","tests/fixtures/M03A_2/C030_hf_far_from_real_axis.csv","17","16","17782.794100389227","9.9993608614699276","-0.071503144983487851","17782.794100389227","9.9993608614699276","-0.071503144983487851","FALSE","FALSE","PASS",""
"S_C030","R1","C030","HIGH_FREQUENCY_FAR_FROM_REAL_AXIS","SYNTHETIC","M03A2_SYNTHETIC_CONTRACT","tests/fixtures/M03A_2/C030_hf_far_from_real_axis.csv","18","17","13593.563908785241","9.9996265124852481","-0.054660411863472216","13593.563908785241","9.9996265124852481","-0.054660411863472216","FALSE","FALSE","PASS",""
"S_C030","R1","C030","HIGH_FREQUENCY_FAR_FROM_REAL_AXIS","SYNTHETIC","M03A2_SYNTHETIC_CONTRACT","tests/fixtures/M03A_2/C030_hf_far_from_real_axis.csv","19","18","10391.223038351691","9.9997817515425513","-0.041784447192653999","10391.223038351691","9.9997817515425513","-0.041784447192653999","FALSE","FALSE","PASS",""
"S_C030","R1","C030","HIGH_FREQUENCY_FAR_FROM_REAL_AXIS","SYNTHETIC","M03A2_SYNTHETIC_CONTRACT","tests/fixtures/M03A_2/C030_hf_far_from_real_axis.csv","20","19","7943.2823472428136","9.9998724669417349","-0.031941324353418975","7943.2823472428136","9.9998724669417349","-0.031941324353418975","FALSE","FALSE","PASS",""
"S_C030","R1","C030","HIGH_FREQUENCY_FAR_FROM_REAL_AXIS","SYNTHETIC","M03A2_SYNTHETIC_CONTRACT","tests/fixtures/M03A_2/C030_hf_far_from_real_axis.csv","21","20","6072.0219569098836","9.9999254766586674","-0.024416821597487825","6072.0219569098836","9.9999254766586674","-0.024416821597487825","FALSE","FALSE","PASS",""
"S_C030","R1","C030","HIGH_FREQUENCY_FAR_FROM_REAL_AXIS","SYNTHETIC","M03A2_SYNTHETIC_CONTRACT","tests/fixtures/M03A_2/C030_hf_far_from_real_axis.csv","22","21","4641.5888336127819","9.9999564527567806","-0.018664834566433419","4641.5888336127819","9.9999564527567806","-0.018664834566433419","FALSE","FALSE","PASS",""
"S_C030","R1","C030","HIGH_FREQUENCY_FAR_FROM_REAL_AXIS","SYNTHETIC","M03A2_SYNTHETIC_CONTRACT","tests/fixtures/M03A_2/C030_hf_far_from_real_axis.csv","23","22","3548.1338923357566","9.9999745534847726","-0.014267847570227752","3548.1338923357566","9.9999745534847726","-0.014267847570227752","FALSE","FALSE","PASS",""
"S_C030","R1","C030","HIGH_FREQUENCY_FAR_FROM_REAL_AXIS","SYNTHETIC","M03A2_SYNTHETIC_CONTRACT","tests/fixtures/M03A_2/C030_hf_far_from_real_axis.csv","24","23","2712.2725793320296","9.9999851305276657","-0.010906674908395777","2712.2725793320296","9.9999851305276657","-0.010906674908395777","FALSE","FALSE","PASS",""
"S_C030","R1","C030","HIGH_FREQUENCY_FAR_FROM_REAL_AXIS","SYNTHETIC","M03A2_SYNTHETIC_CONTRACT","tests/fixtures/M03A_2/C030_hf_far_from_real_axis.csv","25","24","2073.3215734859541","9.9999913111448073","-0.0083373116792330917","2073.3215734859541","9.9999913111448073","-0.0083373116792330917","FALSE","FALSE","PASS",""
"S_C030","R1","C030","HIGH_FREQUENCY_FAR_FROM_REAL_AXIS","SYNTHETIC","M03A2_SYNTHETIC_CONTRACT","tests/fixtures/M03A_2/C030_hf_far_from_real_axis.csv","26","25","1584.8931924611124","9.9999949227397842","-0.0063732296321844665","1584.8931924611124","9.9999949227397842","-0.0063732296321844665","FALSE","FALSE","PASS",""
"S_C030","R1","C030","HIGH_FREQUENCY_FAR_FROM_REAL_AXIS","SYNTHETIC","M03A2_SYNTHETIC_CONTRACT","tests/fixtures/M03A_2/C030_hf_far_from_real_axis.csv","27","26","1211.5276586285877","9.9999970331458066","-0.0048718399749640429","1211.5276586285877","9.9999970331458066","-0.0048718399749640429","FALSE","FALSE","PASS",""
"S_C030","R1","C030","HIGH_FREQUENCY_FAR_FROM_REAL_AXIS","SYNTHETIC","M03A2_SYNTHETIC_CONTRACT","tests/fixtures/M03A_2/C030_hf_far_from_real_axis.csv","28","27","926.11872812879369","9.9999982663439617","-0.0037241435675327435","926.11872812879369","9.9999982663439617","-0.0037241435675327435","FALSE","FALSE","PASS",""
"S_C030","R1","C030","HIGH_FREQUENCY_FAR_FROM_REAL_AXIS","SYNTHETIC","M03A2_SYNTHETIC_CONTRACT","tests/fixtures/M03A_2/C030_hf_far_from_real_axis.csv","29","28","707.94578438413805","9.9999989869528871","-0.0028468185519669618","707.94578438413805","9.9999989869528871","-0.0028468185519669618","FALSE","FALSE","PASS",""
"S_C030","R1","C030","HIGH_FREQUENCY_FAR_FROM_REAL_AXIS","SYNTHETIC","M03A2_SYNTHETIC_CONTRACT","tests/fixtures/M03A_2/C030_hf_far_from_real_axis.csv","30","29","541.16952654646377","9.9999994080345864","-0.0021761716264223434","541.16952654646377","9.9999994080345864","-0.0021761716264223434","FALSE","FALSE","PASS",""
"S_C030","R1","C030","HIGH_FREQUENCY_FAR_FROM_REAL_AXIS","SYNTHETIC","M03A2_SYNTHETIC_CONTRACT","tests/fixtures/M03A_2/C030_hf_far_from_real_axis.csv","31","30","413.68204023885073","9.9999996540900824","-0.001663514114998349","413.68204023885073","9.9999996540900824","-0.001663514114998349","FALSE","FALSE","PASS",""
"S_C030","R1","C030","HIGH_FREQUENCY_FAR_FROM_REAL_AXIS","SYNTHETIC","M03A2_SYNTHETIC_CONTRACT","tests/fixtures/M03A_2/C030_hf_far_from_real_axis.csv","32","31","316.22776601683796","9.9999997978705064","-0.0012716272658927284","316.22776601683796","9.9999997978705064","-0.0012716272658927284","FALSE","FALSE","PASS",""
"S_C030","R1","C030","HIGH_FREQUENCY_FAR_FROM_REAL_AXIS","SYNTHETIC","M03A2_SYNTHETIC_CONTRACT","tests/fixtures/M03A_2/C030_hf_far_from_real_axis.csv","33","32","241.73154808041014","9.9999998818873657","-0.00097206021680401535","241.73154808041014","9.9999998818873657","-0.00097206021680401535","FALSE","FALSE","PASS",""
"S_C030","R1","C030","HIGH_FREQUENCY_FAR_FROM_REAL_AXIS","SYNTHETIC","M03A2_SYNTHETIC_CONTRACT","tests/fixtures/M03A_2/C030_hf_far_from_real_axis.csv","34","33","184.78497974222907","9.9999999309818968","-0.00074306448619985196","184.78497974222907","9.9999999309818968","-0.00074306448619985196","FALSE","FALSE","PASS",""
"S_C030","R1","C030","HIGH_FREQUENCY_FAR_FROM_REAL_AXIS","SYNTHETIC","M03A2_SYNTHETIC_CONTRACT","tests/fixtures/M03A_2/C030_hf_far_from_real_axis.csv","35","34","141.25375446227525","9.9999999596698625","-0.00056801504649412967","141.25375446227525","9.9999999596698625","-0.00056801504649412967","FALSE","FALSE","PASS",""
"S_C030","R1","C030","HIGH_FREQUENCY_FAR_FROM_REAL_AXIS","SYNTHETIC","M03A2_SYNTHETIC_CONTRACT","tests/fixtures/M03A_2/C030_hf_far_from_real_axis.csv","36","35","107.97751623277094","9.9999999764334309","-0.00043420335456058925","107.97751623277094","9.9999999764334309","-0.00043420335456058925","FALSE","FALSE","PASS",""
"S_C030","R1","C030","HIGH_FREQUENCY_FAR_FROM_REAL_AXIS","SYNTHETIC","M03A2_SYNTHETIC_CONTRACT","tests/fixtures/M03A_2/C030_hf_far_from_real_axis.csv","37","36","82.54041852680173","9.9999999862290778","-0.00033191471618772837","82.54041852680173","9.9999999862290778","-0.00033191471618772837","FALSE","FALSE","PASS",""
"S_C030","R1","C030","HIGH_FREQUENCY_FAR_FROM_REAL_AXIS","SYNTHETIC","M03A2_SYNTHETIC_CONTRACT","tests/fixtures/M03A_2/C030_hf_far_from_real_axis.csv","38","37","63.0957344480193","9.9999999919530804","-0.00025372300238766881","63.0957344480193","9.9999999919530804","-0.00025372300238766881","FALSE","FALSE","PASS",""
"S_C030","R1","C030","HIGH_FREQUENCY_FAR_FROM_REAL_AXIS","SYNTHETIC","M03A2_SYNTHETIC_CONTRACT","tests/fixtures/M03A_2/C030_hf_far_from_real_axis.csv","39","38","48.231784822393095","9.999999995297852","-0.00019395151459647032","48.231784822393095","9.999999995297852","-0.00019395151459647032","FALSE","FALSE","PASS",""
"S_C030","R1","C030","HIGH_FREQUENCY_FAR_FROM_REAL_AXIS","SYNTHETIC","M03A2_SYNTHETIC_CONTRACT","tests/fixtures/M03A_2/C030_hf_far_from_real_axis.csv","40","39","36.869450645195734","9.9999999972523401","-0.00014826085791879183","36.869450645195734","9.9999999972523401","-0.00014826085791879183","FALSE","FALSE","PASS",""
"S_C030","R1","C030","HIGH_FREQUENCY_FAR_FROM_REAL_AXIS","SYNTHETIC","M03A2_SYNTHETIC_CONTRACT","tests/fixtures/M03A_2/C030_hf_far_from_real_axis.csv","41","40","28.183829312644551","9.9999999983944292","-0.00011333390220910428","28.183829312644551","9.9999999983944292","-0.00011333390220910428","FALSE","FALSE","PASS",""
"S_C030","R1","C030","HIGH_FREQUENCY_FAR_FROM_REAL_AXIS","SYNTHETIC","M03A2_SYNTHETIC_CONTRACT","tests/fixtures/M03A_2/C030_hf_far_from_real_axis.csv","42","41","21.544346900318867","9.9999999990617976","-8.6634959283832556E-05","21.544346900318867","9.9999999990617976","-8.6634959283832556E-05","FALSE","FALSE","PASS",""
"S_C030","R1","C030","HIGH_FREQUENCY_FAR_FROM_REAL_AXIS","SYNTHETIC","M03A2_SYNTHETIC_CONTRACT","tests/fixtures/M03A_2/C030_hf_far_from_real_axis.csv","43","42","16.468978654828689","9.9999999994517701","-6.6225692608756897E-05","16.468978654828689","9.9999999994517701","-6.6225692608756897E-05","FALSE","FALSE","PASS",""
"S_C030","R1","C030","HIGH_FREQUENCY_FAR_FROM_REAL_AXIS","SYNTHETIC","M03A2_SYNTHETIC_CONTRACT","tests/fixtures/M03A_2/C030_hf_far_from_real_axis.csv","44","43","12.589254117941687","9.9999999996796465","-5.0624394559381622E-05","12.589254117941687","9.9999999996796465","-5.0624394559381622E-05","FALSE","FALSE","PASS",""
"S_C030","R1","C030","HIGH_FREQUENCY_FAR_FROM_REAL_AXIS","SYNTHETIC","M03A2_SYNTHETIC_CONTRACT","tests/fixtures/M03A_2/C030_hf_far_from_real_axis.csv","45","44","9.6235062639808877","9.999999999812804","-3.8698414822387548E-05","9.6235062639808877","9.999999999812804","-3.8698414822387548E-05","FALSE","FALSE","PASS",""
"S_C030","R1","C030","HIGH_FREQUENCY_FAR_FROM_REAL_AXIS","SYNTHETIC","M03A2_SYNTHETIC_CONTRACT","tests/fixtures/M03A_2/C030_hf_far_from_real_axis.csv","46","45","7.3564225445964215","9.9999999998906137","-2.9581930268787777E-05","7.3564225445964215","9.9999999998906137","-2.9581930268787777E-05","FALSE","FALSE","PASS",""
"S_C030","R1","C030","HIGH_FREQUENCY_FAR_FROM_REAL_AXIS","SYNTHETIC","M03A2_SYNTHETIC_CONTRACT","tests/fixtures/M03A_2/C030_hf_far_from_real_axis.csv","47","46","5.6234132519034912","9.9999999999360814","-2.2613086412977084E-05","5.6234132519034912","9.9999999999360814","-2.2613086412977084E-05","FALSE","FALSE","PASS",""
"S_C030","R1","C030","HIGH_FREQUENCY_FAR_FROM_REAL_AXIS","SYNTHETIC","M03A2_SYNTHETIC_CONTRACT","tests/fixtures/M03A_2/C030_hf_far_from_real_axis.csv","48","47","4.2986623470822725","9.9999999999626503","-1.7285946943735906E-05","4.2986623470822725","9.9999999999626503","-1.7285946943735906E-05","FALSE","FALSE","PASS",""
"S_C030","R1","C030","HIGH_FREQUENCY_FAR_FROM_REAL_AXIS","SYNTHETIC","M03A2_SYNTHETIC_CONTRACT","tests/fixtures/M03A_2/C030_hf_far_from_real_axis.csv","49","48","3.2859932476006541","9.9999999999781739","-1.3213762875366037E-05","3.2859932476006541","9.9999999999781739","-1.3213762875366037E-05","FALSE","FALSE","PASS",""
"S_C030","R1","C030","HIGH_FREQUENCY_FAR_FROM_REAL_AXIS","SYNTHETIC","M03A2_SYNTHETIC_CONTRACT","tests/fixtures/M03A_2/C030_hf_far_from_real_axis.csv","50","49","2.511886431509577","9.9999999999872458","-1.0100894668633328E-05","2.511886431509577","9.9999999999872458","-1.0100894668633328E-05","FALSE","FALSE","PASS",""
"S_C030","R1","C030","HIGH_FREQUENCY_FAR_FROM_REAL_AXIS","SYNTHETIC","M03A2_SYNTHETIC_CONTRACT","tests/fixtures/M03A_2/C030_hf_far_from_real_axis.csv","51","50","1.920141938638801","9.9999999999925482","-7.7213488745877775E-06","1.920141938638801","9.9999999999925482","-7.7213488745877775E-06","FALSE","FALSE","PASS",""
"S_C030","R1","C030","HIGH_FREQUENCY_FAR_FROM_REAL_AXIS","SYNTHETIC","M03A2_SYNTHETIC_CONTRACT","tests/fixtures/M03A_2/C030_hf_far_from_real_axis.csv","52","51","1.4677992676220675","9.9999999999956444","-5.9023710670124232E-06","1.4677992676220675","9.9999999999956444","-5.9023710670124232E-06","FALSE","FALSE","PASS",""
"S_C030","R1","C030","HIGH_FREQUENCY_FAR_FROM_REAL_AXIS","SYNTHETIC","M03A2_SYNTHETIC_CONTRACT","tests/fixtures/M03A_2/C030_hf_far_from_real_axis.csv","53","52","1.1220184543019629","9.9999999999974545","-4.5119039145294078E-06","1.1220184543019629","9.9999999999974545","-4.5119039145294078E-06","FALSE","FALSE","PASS",""
"S_C030","R1","C030","HIGH_FREQUENCY_FAR_FROM_REAL_AXIS","SYNTHETIC","M03A2_SYNTHETIC_CONTRACT","tests/fixtures/M03A_2/C030_hf_far_from_real_axis.csv","54","53","0.85769589859089457","9.9999999999985132","-3.4489998515542398E-06","0.85769589859089457","9.9999999999985132","-3.4489998515542398E-06","FALSE","FALSE","PASS",""
"S_C030","R1","C030","HIGH_FREQUENCY_FAR_FROM_REAL_AXIS","SYNTHETIC","M03A2_SYNTHETIC_CONTRACT","tests/fixtures/M03A_2/C030_hf_far_from_real_axis.csv","55","54","0.65564184941797854","9.9999999999991314","-2.6364923104221734E-06","0.65564184941797854","9.9999999999991314","-2.6364923104221734E-06","FALSE","FALSE","PASS",""
"S_C030","R1","C030","HIGH_FREQUENCY_FAR_FROM_REAL_AXIS","SYNTHETIC","M03A2_SYNTHETIC_CONTRACT","tests/fixtures/M03A_2/C030_hf_far_from_real_axis.csv","56","55","0.50118723362727247","9.999999999999492","-2.015393447982503E-06","0.50118723362727247","9.999999999999492","-2.015393447982503E-06","FALSE","FALSE","PASS",""
"S_C030","R1","C030","HIGH_FREQUENCY_FAR_FROM_REAL_AXIS","SYNTHETIC","M03A2_SYNTHETIC_CONTRACT","tests/fixtures/M03A_2/C030_hf_far_from_real_axis.csv","57","56","0.38311868495572932","9.9999999999997033","-1.5406116430206169E-06","0.38311868495572932","9.9999999999997033","-1.5406116430206169E-06","FALSE","FALSE","PASS",""
"S_C030","R1","C030","HIGH_FREQUENCY_FAR_FROM_REAL_AXIS","SYNTHETIC","M03A2_SYNTHETIC_CONTRACT","tests/fixtures/M03A_2/C030_hf_far_from_real_axis.csv","58","57","0.29286445646252374","9.9999999999998259","-1.1776778558978719E-06","0.29286445646252374","9.9999999999998259","-1.1776778558978719E-06","FALSE","FALSE","PASS",""
"S_C030","R1","C030","HIGH_FREQUENCY_FAR_FROM_REAL_AXIS","SYNTHETIC","M03A2_SYNTHETIC_CONTRACT","tests/fixtures/M03A_2/C030_hf_far_from_real_axis.csv","59","58","0.22387211385683423","9.9999999999998987","-9.0024318494238623E-07","0.22387211385683423","9.9999999999998987","-9.0024318494238623E-07","FALSE","FALSE","PASS",""
"S_C030","R1","C030","HIGH_FREQUENCY_FAR_FROM_REAL_AXIS","SYNTHETIC","M03A2_SYNTHETIC_CONTRACT","tests/fixtures/M03A_2/C030_hf_far_from_real_axis.csv","60","59","0.17113283041617811","9.9999999999999414","-6.8816594281406595E-07","0.17113283041617811","9.9999999999999414","-6.8816594281406595E-07","FALSE","FALSE","PASS",""
"S_C030","R1","C030","HIGH_FREQUENCY_FAR_FROM_REAL_AXIS","SYNTHETIC","M03A2_SYNTHETIC_CONTRACT","tests/fixtures/M03A_2/C030_hf_far_from_real_axis.csv","61","60","0.13081774742601956","9.9999999999999662","-5.2604937506911544E-07","0.13081774742601956","9.9999999999999662","-5.2604937506911544E-07","FALSE","FALSE","PASS",""
"S_C030","R1","C030","HIGH_FREQUENCY_FAR_FROM_REAL_AXIS","SYNTHETIC","M03A2_SYNTHETIC_CONTRACT","tests/fixtures/M03A_2/C030_hf_far_from_real_axis.csv","62","61","0.10000000000000001","9.9999999999999805","-4.0212385965949252E-07","0.10000000000000001","9.9999999999999805","-4.0212385965949252E-07","FALSE","FALSE","PASS",""
"S_C031","R1","C031","AMBIGUOUS_UNICODE_IMPEDANCE_UNIT","SYNTHETIC","M03A2_SYNTHETIC_CONTRACT","tests/fixtures/M03A_2/C031_unicode_unit.csv","2","","1000000","2","0","","","","FALSE","FALSE","BLOCKED_UNSUPPORTED_IMPEDANCE_UNIT","UNSUPPORTED_IMPEDANCE_UNIT: ambiguous Unicode token 'mΩ'"
"S_C031","R1","C031","AMBIGUOUS_UNICODE_IMPEDANCE_UNIT","SYNTHETIC","M03A2_SYNTHETIC_CONTRACT","tests/fixtures/M03A_2/C031_unicode_unit.csv","3","","668343.91756861494","2","0","","","","FALSE","FALSE","BLOCKED_UNSUPPORTED_IMPEDANCE_UNIT","UNSUPPORTED_IMPEDANCE_UNIT: ambiguous Unicode token 'mΩ'"
"S_C031","R1","C031","AMBIGUOUS_UNICODE_IMPEDANCE_UNIT","SYNTHETIC","M03A2_SYNTHETIC_CONTRACT","tests/fixtures/M03A_2/C031_unicode_unit.csv","4","","446683.59215096349","2","0","","","","FALSE","FALSE","BLOCKED_UNSUPPORTED_IMPEDANCE_UNIT","UNSUPPORTED_IMPEDANCE_UNIT: ambiguous Unicode token 'mΩ'"
"S_C031","R1","C031","AMBIGUOUS_UNICODE_IMPEDANCE_UNIT","SYNTHETIC","M03A2_SYNTHETIC_CONTRACT","tests/fixtures/M03A_2/C031_unicode_unit.csv","5","","298538.26189179573","2","0","","","","FALSE","FALSE","BLOCKED_UNSUPPORTED_IMPEDANCE_UNIT","UNSUPPORTED_IMPEDANCE_UNIT: ambiguous Unicode token 'mΩ'"
"S_C031","R1","C031","AMBIGUOUS_UNICODE_IMPEDANCE_UNIT","SYNTHETIC","M03A2_SYNTHETIC_CONTRACT","tests/fixtures/M03A_2/C031_unicode_unit.csv","6","","199526.23149688789","2","0","","","","FALSE","FALSE","BLOCKED_UNSUPPORTED_IMPEDANCE_UNIT","UNSUPPORTED_IMPEDANCE_UNIT: ambiguous Unicode token 'mΩ'"
"S_C031","R1","C031","AMBIGUOUS_UNICODE_IMPEDANCE_UNIT","SYNTHETIC","M03A2_SYNTHETIC_CONTRACT","tests/fixtures/M03A_2/C031_unicode_unit.csv","7","","133352.14321633239","2","0","","","","FALSE","FALSE","BLOCKED_UNSUPPORTED_IMPEDANCE_UNIT","UNSUPPORTED_IMPEDANCE_UNIT: ambiguous Unicode token 'mΩ'"
"S_C031","R1","C031","AMBIGUOUS_UNICODE_IMPEDANCE_UNIT","SYNTHETIC","M03A2_SYNTHETIC_CONTRACT","tests/fixtures/M03A_2/C031_unicode_unit.csv","8","","89125.093813374595","2","0","","","","FALSE","FALSE","BLOCKED_UNSUPPORTED_IMPEDANCE_UNIT","UNSUPPORTED_IMPEDANCE_UNIT: ambiguous Unicode token 'mΩ'"
"S_C031","R1","C031","AMBIGUOUS_UNICODE_IMPEDANCE_UNIT","SYNTHETIC","M03A2_SYNTHETIC_CONTRACT","tests/fixtures/M03A_2/C031_unicode_unit.csv","9","","59566.214352901094","2","0","","","","FALSE","FALSE","BLOCKED_UNSUPPORTED_IMPEDANCE_UNIT","UNSUPPORTED_IMPEDANCE_UNIT: ambiguous Unicode token 'mΩ'"
"S_C031","R1","C031","AMBIGUOUS_UNICODE_IMPEDANCE_UNIT","SYNTHETIC","M03A2_SYNTHETIC_CONTRACT","tests/fixtures/M03A_2/C031_unicode_unit.csv","10","","39810.717055349691","2","0","","","","FALSE","FALSE","BLOCKED_UNSUPPORTED_IMPEDANCE_UNIT","UNSUPPORTED_IMPEDANCE_UNIT: ambiguous Unicode token 'mΩ'"
"S_C031","R1","C031","AMBIGUOUS_UNICODE_IMPEDANCE_UNIT","SYNTHETIC","M03A2_SYNTHETIC_CONTRACT","tests/fixtures/M03A_2/C031_unicode_unit.csv","11","","26607.250597988084","2","0","","","","FALSE","FALSE","BLOCKED_UNSUPPORTED_IMPEDANCE_UNIT","UNSUPPORTED_IMPEDANCE_UNIT: ambiguous Unicode token 'mΩ'"
"S_C031","R1","C031","AMBIGUOUS_UNICODE_IMPEDANCE_UNIT","SYNTHETIC","M03A2_SYNTHETIC_CONTRACT","tests/fixtures/M03A_2/C031_unicode_unit.csv","12","","17782.794100389227","2","0","","","","FALSE","FALSE","BLOCKED_UNSUPPORTED_IMPEDANCE_UNIT","UNSUPPORTED_IMPEDANCE_UNIT: ambiguous Unicode token 'mΩ'"
"S_C031","R1","C031","AMBIGUOUS_UNICODE_IMPEDANCE_UNIT","SYNTHETIC","M03A2_SYNTHETIC_CONTRACT","tests/fixtures/M03A_2/C031_unicode_unit.csv","13","","11885.022274370165","2","0","","","","FALSE","FALSE","BLOCKED_UNSUPPORTED_IMPEDANCE_UNIT","UNSUPPORTED_IMPEDANCE_UNIT: ambiguous Unicode token 'mΩ'"
"S_C031","R1","C031","AMBIGUOUS_UNICODE_IMPEDANCE_UNIT","SYNTHETIC","M03A2_SYNTHETIC_CONTRACT","tests/fixtures/M03A_2/C031_unicode_unit.csv","14","","7943.2823472428136","2","0","","","","FALSE","FALSE","BLOCKED_UNSUPPORTED_IMPEDANCE_UNIT","UNSUPPORTED_IMPEDANCE_UNIT: ambiguous Unicode token 'mΩ'"
"S_C031","R1","C031","AMBIGUOUS_UNICODE_IMPEDANCE_UNIT","SYNTHETIC","M03A2_SYNTHETIC_CONTRACT","tests/fixtures/M03A_2/C031_unicode_unit.csv","15","","5308.8444423098845","2","0","","","","FALSE","FALSE","BLOCKED_UNSUPPORTED_IMPEDANCE_UNIT","UNSUPPORTED_IMPEDANCE_UNIT: ambiguous Unicode token 'mΩ'"
"S_C031","R1","C031","AMBIGUOUS_UNICODE_IMPEDANCE_UNIT","SYNTHETIC","M03A2_SYNTHETIC_CONTRACT","tests/fixtures/M03A_2/C031_unicode_unit.csv","16","","3548.1338923357566","2","0","","","","FALSE","FALSE","BLOCKED_UNSUPPORTED_IMPEDANCE_UNIT","UNSUPPORTED_IMPEDANCE_UNIT: ambiguous Unicode token 'mΩ'"
"S_C031","R1","C031","AMBIGUOUS_UNICODE_IMPEDANCE_UNIT","SYNTHETIC","M03A2_SYNTHETIC_CONTRACT","tests/fixtures/M03A_2/C031_unicode_unit.csv","17","","2371.3737056616551","2","0","","","","FALSE","FALSE","BLOCKED_UNSUPPORTED_IMPEDANCE_UNIT","UNSUPPORTED_IMPEDANCE_UNIT: ambiguous Unicode token 'mΩ'"
"S_C031","R1","C031","AMBIGUOUS_UNICODE_IMPEDANCE_UNIT","SYNTHETIC","M03A2_SYNTHETIC_CONTRACT","tests/fixtures/M03A_2/C031_unicode_unit.csv","18","","1584.8931924611124","2","0","","","","FALSE","FALSE","BLOCKED_UNSUPPORTED_IMPEDANCE_UNIT","UNSUPPORTED_IMPEDANCE_UNIT: ambiguous Unicode token 'mΩ'"
"S_C031","R1","C031","AMBIGUOUS_UNICODE_IMPEDANCE_UNIT","SYNTHETIC","M03A2_SYNTHETIC_CONTRACT","tests/fixtures/M03A_2/C031_unicode_unit.csv","19","","1059.2537251772887","2","0","","","","FALSE","FALSE","BLOCKED_UNSUPPORTED_IMPEDANCE_UNIT","UNSUPPORTED_IMPEDANCE_UNIT: ambiguous Unicode token 'mΩ'"
"S_C031","R1","C031","AMBIGUOUS_UNICODE_IMPEDANCE_UNIT","SYNTHETIC","M03A2_SYNTHETIC_CONTRACT","tests/fixtures/M03A_2/C031_unicode_unit.csv","20","","707.94578438413805","2","0","","","","FALSE","FALSE","BLOCKED_UNSUPPORTED_IMPEDANCE_UNIT","UNSUPPORTED_IMPEDANCE_UNIT: ambiguous Unicode token 'mΩ'"
"S_C031","R1","C031","AMBIGUOUS_UNICODE_IMPEDANCE_UNIT","SYNTHETIC","M03A2_SYNTHETIC_CONTRACT","tests/fixtures/M03A_2/C031_unicode_unit.csv","21","","473.15125896148078","2","0","","","","FALSE","FALSE","BLOCKED_UNSUPPORTED_IMPEDANCE_UNIT","UNSUPPORTED_IMPEDANCE_UNIT: ambiguous Unicode token 'mΩ'"
"S_C031","R1","C031","AMBIGUOUS_UNICODE_IMPEDANCE_UNIT","SYNTHETIC","M03A2_SYNTHETIC_CONTRACT","tests/fixtures/M03A_2/C031_unicode_unit.csv","22","","316.22776601683796","2","0","","","","FALSE","FALSE","BLOCKED_UNSUPPORTED_IMPEDANCE_UNIT","UNSUPPORTED_IMPEDANCE_UNIT: ambiguous Unicode token 'mΩ'"
"S_C031","R1","C031","AMBIGUOUS_UNICODE_IMPEDANCE_UNIT","SYNTHETIC","M03A2_SYNTHETIC_CONTRACT","tests/fixtures/M03A_2/C031_unicode_unit.csv","23","","211.34890398366454","2","0","","","","FALSE","FALSE","BLOCKED_UNSUPPORTED_IMPEDANCE_UNIT","UNSUPPORTED_IMPEDANCE_UNIT: ambiguous Unicode token 'mΩ'"
"S_C031","R1","C031","AMBIGUOUS_UNICODE_IMPEDANCE_UNIT","SYNTHETIC","M03A2_SYNTHETIC_CONTRACT","tests/fixtures/M03A_2/C031_unicode_unit.csv","24","","141.25375446227525","2","0","","","","FALSE","FALSE","BLOCKED_UNSUPPORTED_IMPEDANCE_UNIT","UNSUPPORTED_IMPEDANCE_UNIT: ambiguous Unicode token 'mΩ'"
"S_C031","R1","C031","AMBIGUOUS_UNICODE_IMPEDANCE_UNIT","SYNTHETIC","M03A2_SYNTHETIC_CONTRACT","tests/fixtures/M03A_2/C031_unicode_unit.csv","25","","94.406087628592459","2","0","","","","FALSE","FALSE","BLOCKED_UNSUPPORTED_IMPEDANCE_UNIT","UNSUPPORTED_IMPEDANCE_UNIT: ambiguous Unicode token 'mΩ'"
"S_C031","R1","C031","AMBIGUOUS_UNICODE_IMPEDANCE_UNIT","SYNTHETIC","M03A2_SYNTHETIC_CONTRACT","tests/fixtures/M03A_2/C031_unicode_unit.csv","26","","63.0957344480193","2","0","","","","FALSE","FALSE","BLOCKED_UNSUPPORTED_IMPEDANCE_UNIT","UNSUPPORTED_IMPEDANCE_UNIT: ambiguous Unicode token 'mΩ'"
"S_C031","R1","C031","AMBIGUOUS_UNICODE_IMPEDANCE_UNIT","SYNTHETIC","M03A2_SYNTHETIC_CONTRACT","tests/fixtures/M03A_2/C031_unicode_unit.csv","27","","42.169650342858226","2","0","","","","FALSE","FALSE","BLOCKED_UNSUPPORTED_IMPEDANCE_UNIT","UNSUPPORTED_IMPEDANCE_UNIT: ambiguous Unicode token 'mΩ'"
"S_C031","R1","C031","AMBIGUOUS_UNICODE_IMPEDANCE_UNIT","SYNTHETIC","M03A2_SYNTHETIC_CONTRACT","tests/fixtures/M03A_2/C031_unicode_unit.csv","28","","28.183829312644551","2","0","","","","FALSE","FALSE","BLOCKED_UNSUPPORTED_IMPEDANCE_UNIT","UNSUPPORTED_IMPEDANCE_UNIT: ambiguous Unicode token 'mΩ'"
"S_C031","R1","C031","AMBIGUOUS_UNICODE_IMPEDANCE_UNIT","SYNTHETIC","M03A2_SYNTHETIC_CONTRACT","tests/fixtures/M03A_2/C031_unicode_unit.csv","29","","18.836490894897981","2","0","","","","FALSE","FALSE","BLOCKED_UNSUPPORTED_IMPEDANCE_UNIT","UNSUPPORTED_IMPEDANCE_UNIT: ambiguous Unicode token 'mΩ'"
"S_C031","R1","C031","AMBIGUOUS_UNICODE_IMPEDANCE_UNIT","SYNTHETIC","M03A2_SYNTHETIC_CONTRACT","tests/fixtures/M03A_2/C031_unicode_unit.csv","30","","12.589254117941687","2","0","","","","FALSE","FALSE","BLOCKED_UNSUPPORTED_IMPEDANCE_UNIT","UNSUPPORTED_IMPEDANCE_UNIT: ambiguous Unicode token 'mΩ'"
"S_C031","R1","C031","AMBIGUOUS_UNICODE_IMPEDANCE_UNIT","SYNTHETIC","M03A2_SYNTHETIC_CONTRACT","tests/fixtures/M03A_2/C031_unicode_unit.csv","31","","8.4139514164519476","2","0","","","","FALSE","FALSE","BLOCKED_UNSUPPORTED_IMPEDANCE_UNIT","UNSUPPORTED_IMPEDANCE_UNIT: ambiguous Unicode token 'mΩ'"
"S_C031","R1","C031","AMBIGUOUS_UNICODE_IMPEDANCE_UNIT","SYNTHETIC","M03A2_SYNTHETIC_CONTRACT","tests/fixtures/M03A_2/C031_unicode_unit.csv","32","","5.6234132519034912","2","0","","","","FALSE","FALSE","BLOCKED_UNSUPPORTED_IMPEDANCE_UNIT","UNSUPPORTED_IMPEDANCE_UNIT: ambiguous Unicode token 'mΩ'"
"S_C031","R1","C031","AMBIGUOUS_UNICODE_IMPEDANCE_UNIT","SYNTHETIC","M03A2_SYNTHETIC_CONTRACT","tests/fixtures/M03A_2/C031_unicode_unit.csv","33","","3.7583740428844434","2","0","","","","FALSE","FALSE","BLOCKED_UNSUPPORTED_IMPEDANCE_UNIT","UNSUPPORTED_IMPEDANCE_UNIT: ambiguous Unicode token 'mΩ'"
"S_C031","R1","C031","AMBIGUOUS_UNICODE_IMPEDANCE_UNIT","SYNTHETIC","M03A2_SYNTHETIC_CONTRACT","tests/fixtures/M03A_2/C031_unicode_unit.csv","34","","2.511886431509577","2","0","","","","FALSE","FALSE","BLOCKED_UNSUPPORTED_IMPEDANCE_UNIT","UNSUPPORTED_IMPEDANCE_UNIT: ambiguous Unicode token 'mΩ'"
"S_C031","R1","C031","AMBIGUOUS_UNICODE_IMPEDANCE_UNIT","SYNTHETIC","M03A2_SYNTHETIC_CONTRACT","tests/fixtures/M03A_2/C031_unicode_unit.csv","35","","1.6788040181225623","2","0","","","","FALSE","FALSE","BLOCKED_UNSUPPORTED_IMPEDANCE_UNIT","UNSUPPORTED_IMPEDANCE_UNIT: ambiguous Unicode token 'mΩ'"
"S_C031","R1","C031","AMBIGUOUS_UNICODE_IMPEDANCE_UNIT","SYNTHETIC","M03A2_SYNTHETIC_CONTRACT","tests/fixtures/M03A_2/C031_unicode_unit.csv","36","","1.1220184543019629","2","0","","","","FALSE","FALSE","BLOCKED_UNSUPPORTED_IMPEDANCE_UNIT","UNSUPPORTED_IMPEDANCE_UNIT: ambiguous Unicode token 'mΩ'"
"S_C031","R1","C031","AMBIGUOUS_UNICODE_IMPEDANCE_UNIT","SYNTHETIC","M03A2_SYNTHETIC_CONTRACT","tests/fixtures/M03A_2/C031_unicode_unit.csv","37","","0.74989420933245587","2","0","","","","FALSE","FALSE","BLOCKED_UNSUPPORTED_IMPEDANCE_UNIT","UNSUPPORTED_IMPEDANCE_UNIT: ambiguous Unicode token 'mΩ'"
"S_C031","R1","C031","AMBIGUOUS_UNICODE_IMPEDANCE_UNIT","SYNTHETIC","M03A2_SYNTHETIC_CONTRACT","tests/fixtures/M03A_2/C031_unicode_unit.csv","38","","0.50118723362727247","2","0","","","","FALSE","FALSE","BLOCKED_UNSUPPORTED_IMPEDANCE_UNIT","UNSUPPORTED_IMPEDANCE_UNIT: ambiguous Unicode token 'mΩ'"
"S_C031","R1","C031","AMBIGUOUS_UNICODE_IMPEDANCE_UNIT","SYNTHETIC","M03A2_SYNTHETIC_CONTRACT","tests/fixtures/M03A_2/C031_unicode_unit.csv","39","","0.33496543915782723","2","0","","","","FALSE","FALSE","BLOCKED_UNSUPPORTED_IMPEDANCE_UNIT","UNSUPPORTED_IMPEDANCE_UNIT: ambiguous Unicode token 'mΩ'"
"S_C031","R1","C031","AMBIGUOUS_UNICODE_IMPEDANCE_UNIT","SYNTHETIC","M03A2_SYNTHETIC_CONTRACT","tests/fixtures/M03A_2/C031_unicode_unit.csv","40","","0.22387211385683423","2","0","","","","FALSE","FALSE","BLOCKED_UNSUPPORTED_IMPEDANCE_UNIT","UNSUPPORTED_IMPEDANCE_UNIT: ambiguous Unicode token 'mΩ'"
"S_C031","R1","C031","AMBIGUOUS_UNICODE_IMPEDANCE_UNIT","SYNTHETIC","M03A2_SYNTHETIC_CONTRACT","tests/fixtures/M03A_2/C031_unicode_unit.csv","41","","0.14962356560944329","2","0","","","","FALSE","FALSE","BLOCKED_UNSUPPORTED_IMPEDANCE_UNIT","UNSUPPORTED_IMPEDANCE_UNIT: ambiguous Unicode token 'mΩ'"
"S_C031","R1","C031","AMBIGUOUS_UNICODE_IMPEDANCE_UNIT","SYNTHETIC","M03A2_SYNTHETIC_CONTRACT","tests/fixtures/M03A_2/C031_unicode_unit.csv","42","","0.10000000000000001","2","0","","","","FALSE","FALSE","BLOCKED_UNSUPPORTED_IMPEDANCE_UNIT","UNSUPPORTED_IMPEDANCE_UNIT: ambiguous Unicode token 'mΩ'"
"S_C032","R1","C032","EQUIVALENT_CIRCUIT_CONTRACT_INCOMPLETE","SYNTHETIC","","tests/fixtures/M03A_2/C032_ec_incomplete.csv","2","1","1000000","2.0000000031662868","-0.00015915494302890407","1000000","2.0000000031662868","-0.00015915494302890407","FALSE","FALSE","PASS",""
"S_C032","R1","C032","EQUIVALENT_CIRCUIT_CONTRACT_INCOMPLETE","SYNTHETIC","","tests/fixtures/M03A_2/C032_ec_incomplete.csv","3","2","764422.27425260097","2.0000000054185567","-0.00020820291132896045","764422.27425260097","2.0000000054185567","-0.00020820291132896045","FALSE","FALSE","PASS",""
"S_C032","R1","C032","EQUIVALENT_CIRCUIT_CONTRACT_INCOMPLETE","SYNTHETIC","","tests/fixtures/M03A_2/C032_ec_incomplete.csv","4","3","584341.41337351757","2.0000000092729291","-0.00027236635854471374","584341.41337351757","2.0000000092729291","-0.00027236635854471374","FALSE","FALSE","PASS",""
"S_C032","R1","C032","EQUIVALENT_CIRCUIT_CONTRACT_INCOMPLETE","SYNTHETIC","","tests/fixtures/M03A_2/C032_ec_incomplete.csv","5","4","446683.59215096349","2.0000000158690261","-0.00035630353470069315","446683.59215096349","2.0000000158690261","-0.00035630353470069315","FALSE","FALSE","PASS",""
"S_C032","R1","C032","EQUIVALENT_CIRCUIT_CONTRACT_INCOMPLETE","SYNTHETIC","","tests/fixtures/M03A_2/C032_ec_incomplete.csv","6","5","341454.88738336007","2.0000000271571134","-0.00046610825743704891","341454.88738336007","2.0000000271571134","-0.00046610825743704891","FALSE","FALSE","PASS",""
"S_C032","R1","C032","EQUIVALENT_CIRCUIT_CONTRACT_INCOMPLETE","SYNTHETIC","","tests/fixtures/M03A_2/C032_ec_incomplete.csv","7","6","261015.72156825385","2.0000000464747369","-0.00060975232147344766","261015.72156825385","2.0000000464747369","-0.00060975232147344766","FALSE","FALSE","PASS",""
"S_C032","R1","C032","EQUIVALENT_CIRCUIT_CONTRACT_INCOMPLETE","SYNTHETIC","","tests/fixtures/M03A_2/C032_ec_incomplete.csv","8","7","199526.23149688789","2.0000000795335326","-0.00079766424853319794","199526.23149688789","2.0000000795335326","-0.00079766424853319794","FALSE","FALSE","PASS",""
"S_C032","R1","C032","EQUIVALENT_CIRCUIT_CONTRACT_INCOMPLETE","SYNTHETIC","","tests/fixtures/M03A_2/C032_ec_incomplete.csv","9","8","152522.29565390197","2.0000001361079844","-0.0010434863945744798","152522.29565390197","2.0000001361079844","-0.0010434863945744798","FALSE","FALSE","PASS",""
"S_C032","R1","C032","EQUIVALENT_CIRCUIT_CONTRACT_INCOMPLETE","SYNTHETIC","","tests/fixtures/M03A_2/C032_ec_incomplete.csv","10","9","116591.4401179831","2.0000002329254429","-0.0013650653795590504","116591.4401179831","2.0000002329254429","-0.0013650653795590504","FALSE","FALSE","PASS",""
"S_C032","R1","C032","EQUIVALENT_CIRCUIT_CONTRACT_INCOMPLETE","SYNTHETIC","","tests/fixtures/M03A_2/C032_ec_incomplete.csv","11","10","89125.093813374595","2.000000398611895","-0.0017857477434473118","89125.093813374595","2.000000398611895","-0.0017857477434473118","FALSE","FALSE","PASS",""
"S_C032","R1","C032","EQUIVALENT_CIRCUIT_CONTRACT_INCOMPLETE","SYNTHETIC","","tests/fixtures/M03A_2/C032_ec_incomplete.csv","12","11","68129.206905796222","2.0000006821557945","-0.0023360748898912636","68129.206905796222","2.0000006821557945","-0.0023360748898912636","FALSE","FALSE","PASS",""
"S_C032","R1","C032","EQUIVALENT_CIRCUIT_CONTRACT_INCOMPLETE","SYNTHETIC","","tests/fixtures/M03A_2/C032_ec_incomplete.csv","13","12","52079.483285954651","2.0000011673924485","-0.0030560003637801663","52079.483285954651","2.0000011673924485","-0.0030560003637801663","FALSE","FALSE","PASS",""
"S_C032","R1","C032","EQUIVALENT_CIRCUIT_CONTRACT_INCOMPLETE","SYNTHETIC","","tests/fixtures/M03A_2/C032_ec_incomplete.csv","14","13","39810.717055349691","2.0000019977915313","-0.003997790422257886","39810.717055349691","2.0000019977915313","-0.003997790422257886","FALSE","FALSE","PASS",""
"S_C032","R1","C032","EQUIVALENT_CIRCUIT_CONTRACT_INCOMPLETE","SYNTHETIC","","tests/fixtures/M03A_2/C032_ec_incomplete.csv","15","14","30432.19887107722","2.0000034188765863","-0.0052298184482084094","30432.19887107722","2.0000034188765863","-0.0052298184482084094","FALSE","FALSE","PASS",""
"S_C032","R1","C032","EQUIVALENT_CIRCUIT_CONTRACT_INCOMPLETE","SYNTHETIC","","tests/fixtures/M03A_2/C032_ec_incomplete.csv","16","15","23263.050671536286","2.0000058508184919","-0.0068415286086401022","23263.050671536286","2.0000058508184919","-0.0068415286086401022","FALSE","FALSE","PASS",""
"S_C032","R1","C032","EQUIVALENT_CIRCUIT_CONTRACT_INCOMPLETE","SYNTHETIC","","tests/fixtures/M03A_2/C032_ec_incomplete.csv","17","16","17782.794100389227","2.0000100126660789","-0.0089499289592938208","17782.794100389227","2.0000100126660789","-0.0089499289592938208","FALSE","FALSE","PASS",""
"S_C032","R1","C032","EQUIVALENT_CIRCUIT_CONTRACT_INCOMPLETE","SYNTHETIC","","tests/fixtures/M03A_2/C032_ec_incomplete.csv","18","17","13593.563908785241","2.0000171349436058","-0.011708085037225978","13593.563908785241","2.0000171349436058","-0.011708085037225978","FALSE","FALSE","PASS",""
"S_C032","R1","C032","EQUIVALENT_CIRCUIT_CONTRACT_INCOMPLETE","SYNTHETIC","","tests/fixtures/M03A_2/C032_ec_incomplete.csv","19","18","10391.223038351691","2.0000293234693061","-0.015316229777053764","10391.223038351691","2.0000293234693061","-0.015316229777053764","FALSE","FALSE","PASS",""
"S_C032","R1","C032","EQUIVALENT_CIRCUIT_CONTRACT_INCOMPLETE","SYNTHETIC","","tests/fixtures/M03A_2/C032_ec_incomplete.csv","20","19","7943.2823472428136","2.000050181952159","-0.020036294543769002","7943.2823472428136","2.000050181952159","-0.020036294543769002","FALSE","FALSE","PASS",""
"S_C032","R1","C032","EQUIVALENT_CIRCUIT_CONTRACT_INCOMPLETE","SYNTHETIC","","tests/fixtures/M03A_2/C032_ec_incomplete.csv","21","20","6072.0219569098836","2.0000858774119048","-0.026210912237225267","6072.0219569098836","2.0000858774119048","-0.026210912237225267","FALSE","FALSE","PASS",""
"S_C032","R1","C032","EQUIVALENT_CIRCUIT_CONTRACT_INCOMPLETE","SYNTHETIC","","tests/fixtures/M03A_2/C032_ec_incomplete.csv","22","21","4641.5888336127819","2.0001469633234863","-0.0342882631475128","4641.5888336127819","2.0001469633234863","-0.0342882631475128","FALSE","FALSE","PASS",""
"S_C032","R1","C032","EQUIVALENT_CIRCUIT_CONTRACT_INCOMPLETE","SYNTHETIC","","tests/fixtures/M03A_2/C032_ec_incomplete.csv","23","22","3548.1338923357566","2.0002514992087161","-0.044854547348929005","3548.1338923357566","2.0002514992087161","-0.044854547348929005","FALSE","FALSE","PASS",""
"S_C032","R1","C032","EQUIVALENT_CIRCUIT_CONTRACT_INCOMPLETE","SYNTHETIC","","tests/fixtures/M03A_2/C032_ec_incomplete.csv","24","23","2712.2725793320296","2.0004303880898768","-0.058676396320054031","2712.2725793320296","2.0004303880898768","-0.058676396320054031","FALSE","FALSE","PASS",""
"S_C032","R1","C032","EQUIVALENT_CIRCUIT_CONTRACT_INCOMPLETE","SYNTHETIC","","tests/fixtures/M03A_2/C032_ec_incomplete.csv","25","24","2073.3215734859541","2.000736507135028","-0.076756202599306128","2073.3215734859541","2.000736507135028","-0.076756202599306128","FALSE","FALSE","PASS",""
"S_C032","R1","C032","EQUIVALENT_CIRCUIT_CONTRACT_INCOMPLETE","SYNTHETIC","","tests/fixtures/M03A_2/C032_ec_incomplete.csv","26","25","1584.8931924611124","2.0012603229712469","-0.10040416005317282","1584.8931924611124","2.0012603229712469","-0.10040416005317282","FALSE","FALSE","PASS",""
"S_C032","R1","C032","EQUIVALENT_CIRCUIT_CONTRACT_INCOMPLETE","SYNTHETIC","","tests/fixtures/M03A_2/C032_ec_incomplete.csv","27","26","1211.5276586285877","2.0021565846998901","-0.1313317430842704","1211.5276586285877","2.0021565846998901","-0.1313317430842704","FALSE","FALSE","PASS",""
"S_C032","R1","C032","EQUIVALENT_CIRCUIT_CONTRACT_INCOMPLETE","SYNTHETIC","","tests/fixtures/M03A_2/C032_ec_incomplete.csv","28","27","926.11872812879369","2.0036899168773545","-0.17177228976838432","926.11872812879369","2.0036899168773545","-0.17177228976838432","FALSE","FALSE","PASS",""
"S_C032","R1","C032","EQUIVALENT_CIRCUIT_CONTRACT_INCOMPLETE","SYNTHETIC","","tests/fixtures/M03A_2/C032_ec_incomplete.csv","29","28","707.94578438413805","2.0063125880775905","-0.22463493907334725","707.94578438413805","2.0063125880775905","-0.22463493907334725","FALSE","FALSE","PASS",""
"S_C032","R1","C032","EQUIVALENT_CIRCUIT_CONTRACT_INCOMPLETE","SYNTHETIC","","tests/fixtures/M03A_2/C032_ec_incomplete.csv","30","29","541.16952654646377","2.0107968504820164","-0.29369751765345276","541.16952654646377","2.0107968504820164","-0.29369751765345276","FALSE","FALSE","PASS",""
"S_C032","R1","C032","EQUIVALENT_CIRCUIT_CONTRACT_INCOMPLETE","SYNTHETIC","","tests/fixtures/M03A_2/C032_ec_incomplete.csv","31","30","413.68204023885073","2.0184592347172785","-0.38383998540000985","413.68204023885073","2.0184592347172785","-0.38383998540000985","FALSE","FALSE","PASS",""
"S_C032","R1","C032","EQUIVALENT_CIRCUIT_CONTRACT_INCOMPLETE","SYNTHETIC","","tests/fixtures/M03A_2/C032_ec_incomplete.csv","32","31","316.22776601683796","2.0315380467543664","-0.5013080147392931","316.22776601683796","2.0315380467543664","-0.5013080147392931","FALSE","FALSE","PASS",""
"S_C032","R1","C032","EQUIVALENT_CIRCUIT_CONTRACT_INCOMPLETE","SYNTHETIC","","tests/fixtures/M03A_2/C032_ec_incomplete.csv","33","32","241.73154808041014","2.0538210250961093","-0.65396597619943253","241.73154808041014","2.0538210250961093","-0.65396597619943253","FALSE","FALSE","PASS",""
"S_C032","R1","C032","EQUIVALENT_CIRCUIT_CONTRACT_INCOMPLETE","SYNTHETIC","","tests/fixtures/M03A_2/C032_ec_incomplete.csv","34","33","184.78497974222907","2.0916667674946963","-0.85142900097109853","184.78497974222907","2.0916667674946963","-0.85142900097109853","FALSE","FALSE","PASS",""
"S_C032","R1","C032","EQUIVALENT_CIRCUIT_CONTRACT_INCOMPLETE","SYNTHETIC","","tests/fixtures/M03A_2/C032_ec_incomplete.csv","35","34","141.25375446227525","2.1556036634214886","-1.104815281982342","141.25375446227525","2.1556036634214886","-1.104815281982342","FALSE","FALSE","PASS",""
"S_C032","R1","C032","EQUIVALENT_CIRCUIT_CONTRACT_INCOMPLETE","SYNTHETIC","","tests/fixtures/M03A_2/C032_ec_incomplete.csv","36","35","107.97751623277094","2.2626549485499292","-1.4255707511034548","107.97751623277094","2.2626549485499292","-1.4255707511034548","FALSE","FALSE","PASS",""
"S_C032","R1","C032","EQUIVALENT_CIRCUIT_CONTRACT_INCOMPLETE","SYNTHETIC","","tests/fixtures/M03A_2/C032_ec_incomplete.csv","37","36","82.54041852680173","2.439230943947035","-1.8223401794000142","82.54041852680173","2.439230943947035","-1.8223401794000142","FALSE","FALSE","PASS",""
"S_C032","R1","C032","EQUIVALENT_CIRCUIT_CONTRACT_INCOMPLETE","SYNTHETIC","","tests/fixtures/M03A_2/C032_ec_incomplete.csv","38","37","63.0957344480193","2.723415585628159","-2.2943396818029234","63.0957344480193","2.723415585628159","-2.2943396818029234","FALSE","FALSE","PASS",""
"S_C032","R1","C032","EQUIVALENT_CIRCUIT_CONTRACT_INCOMPLETE","SYNTHETIC","","tests/fixtures/M03A_2/C032_ec_incomplete.csv","39","38","48.231784822393095","3.16318192805972","-2.8200112103878299","48.231784822393095","3.16318192805972","-2.8200112103878299","FALSE","FALSE","PASS",""
"S_C032","R1","C032","EQUIVALENT_CIRCUIT_CONTRACT_INCOMPLETE","SYNTHETIC","","tests/fixtures/M03A_2/C032_ec_incomplete.csv","40","39","36.869450645195734","3.8040058933676253","-3.3432932691637864","36.869450645195734","3.8040058933676253","-3.3432932691637864","FALSE","FALSE","PASS",""
"S_C032","R1","C032","EQUIVALENT_CIRCUIT_CONTRACT_INCOMPLETE","SYNTHETIC","","tests/fixtures/M03A_2/C032_ec_incomplete.csv","41","40","28.183829312644551","4.6604902560760486","-3.7690467821364053","28.183829312644551","4.6604902560760486","-3.7690467821364053","FALSE","FALSE","PASS",""
"S_C032","R1","C032","EQUIVALENT_CIRCUIT_CONTRACT_INCOMPLETE","SYNTHETIC","","tests/fixtures/M03A_2/C032_ec_incomplete.csv","42","41","21.544346900318867","5.6819655718361606","-3.9873367179738537","21.544346900318867","5.6819655718361606","-3.9873367179738537","FALSE","FALSE","PASS",""
"S_C032","R1","C032","EQUIVALENT_CIRCUIT_CONTRACT_INCOMPLETE","SYNTHETIC","","tests/fixtures/M03A_2/C032_ec_incomplete.csv","43","42","16.468978654828689","6.7469634991013088","-3.9296368192251978","16.468978654828689","6.7469634991013088","-3.9296368192251978","FALSE","FALSE","PASS",""
"S_C032","R1","C032","EQUIVALENT_CIRCUIT_CONTRACT_INCOMPLETE","SYNTHETIC","","tests/fixtures/M03A_2/C032_ec_incomplete.csv","44","43","12.589254117941687","7.7124818676228877","-3.6148866998929341","12.589254117941687","7.7124818676228877","-3.6148866998929341","FALSE","FALSE","PASS",""
"S_C032","R1","C032","EQUIVALENT_CIRCUIT_CONTRACT_INCOMPLETE","SYNTHETIC","","tests/fixtures/M03A_2/C032_ec_incomplete.csv","45","44","9.6235062639808877","8.4830090066133739","-3.1360271480133686","9.6235062639808877","8.4830090066133739","-3.1360271480133686","FALSE","FALSE","PASS",""
"S_C032","R1","C032","EQUIVALENT_CIRCUIT_CONTRACT_INCOMPLETE","SYNTHETIC","","tests/fixtures/M03A_2/C032_ec_incomplete.csv","46","45","7.3564225445964215","9.0377130438621514","-2.6023642064764374","7.3564225445964215","9.0377130438621514","-2.6023642064764374","FALSE","FALSE","PASS",""
"S_C032","R1","C032","EQUIVALENT_CIRCUIT_CONTRACT_INCOMPLETE","SYNTHETIC","","tests/fixtures/M03A_2/C032_ec_incomplete.csv","47","46","5.6234132519034912","9.4081022630393925","-2.0940007078952414","5.6234132519034912","9.4081022630393925","-2.0940007078952414","FALSE","FALSE","PASS",""
"S_C032","R1","C032","EQUIVALENT_CIRCUIT_CONTRACT_INCOMPLETE","SYNTHETIC","","tests/fixtures/M03A_2/C032_ec_incomplete.csv","48","47","4.2986623470822725","9.6431554487029576","-1.651489744620277","4.2986623470822725","9.6431554487029576","-1.651489744620277","FALSE","FALSE","PASS",""
"S_C032","R1","C032","EQUIVALENT_CIRCUIT_CONTRACT_INCOMPLETE","SYNTHETIC","","tests/fixtures/M03A_2/C032_ec_incomplete.csv","49","48","3.2859932476006541","9.7875418299540033","-1.2862841390410882","3.2859932476006541","9.7875418299540033","-1.2862841390410882","FALSE","FALSE","PASS",""
"S_C032","R1","C032","EQUIVALENT_CIRCUIT_CONTRACT_INCOMPLETE","SYNTHETIC","","tests/fixtures/M03A_2/C032_ec_incomplete.csv","50","49","2.511886431509577","9.8744661549166217","-0.99423941503322122","2.511886431509577","9.8744661549166217","-0.99423941503322122","FALSE","FALSE","PASS",""
"S_C032","R1","C032","EQUIVALENT_CIRCUIT_CONTRACT_INCOMPLETE","SYNTHETIC","","tests/fixtures/M03A_2/C032_ec_incomplete.csv","51","50","1.920141938638801","9.9261637860254162","-0.76500844786353428","1.920141938638801","9.9261637860254162","-0.76500844786353428","FALSE","FALSE","PASS",""
"S_C032","R1","C032","EQUIVALENT_CIRCUIT_CONTRACT_INCOMPLETE","SYNTHETIC","","tests/fixtures/M03A_2/C032_ec_incomplete.csv","52","51","1.4677992676220675","9.9566882842449616","-0.58704158397737194","1.4677992676220675","9.9566882842449616","-0.58704158397737194","FALSE","FALSE","PASS",""
"S_C032","R1","C032","EQUIVALENT_CIRCUIT_CONTRACT_INCOMPLETE","SYNTHETIC","","tests/fixtures/M03A_2/C032_ec_incomplete.csv","53","52","1.1220184543019629","9.9746340883463347","-0.44975978450201171","1.1220184543019629","9.9746340883463347","-0.44975978450201171","FALSE","FALSE","PASS",""
"S_C032","R1","C032","EQUIVALENT_CIRCUIT_CONTRACT_INCOMPLETE","SYNTHETIC","","tests/fixtures/M03A_2/C032_ec_incomplete.csv","54","53","0.85769589859089457","9.9851580865089939","-0.34426011318764721","0.85769589859089457","9.9851580865089939","-0.34426011318764721","FALSE","FALSE","PASS",""
"S_C032","R1","C032","EQUIVALENT_CIRCUIT_CONTRACT_INCOMPLETE","SYNTHETIC","","tests/fixtures/M03A_2/C032_ec_incomplete.csv","55","54","0.65564184941797854","9.9913205621788901","-0.26336319015381915","0.65564184941797854","9.9913205621788901","-0.26336319015381915","FALSE","FALSE","PASS",""
"S_C032","R1","C032","EQUIVALENT_CIRCUIT_CONTRACT_INCOMPLETE","SYNTHETIC","","tests/fixtures/M03A_2/C032_ec_incomplete.csv","56","55","0.50118723362727247","9.9949259568440105","-0.20141151738162108","0.50118723362727247","9.9949259568440105","-0.20141151738162108","FALSE","FALSE","PASS",""
"S_C032","R1","C032","EQUIVALENT_CIRCUIT_CONTRACT_INCOMPLETE","SYNTHETIC","","tests/fixtures/M03A_2/C032_ec_incomplete.csv","57","56","0.38311868495572932","9.9970342445776321","-0.15400405083539176","0.38311868495572932","9.9970342445776321","-0.15400405083539176","FALSE","FALSE","PASS",""
"S_C032","R1","C032","EQUIVALENT_CIRCUIT_CONTRACT_INCOMPLETE","SYNTHETIC","","tests/fixtures/M03A_2/C032_ec_incomplete.csv","58","57","0.29286445646252374","9.998266719198833","-0.1177422700095699","0.29286445646252374","9.998266719198833","-0.1177422700095699","FALSE","FALSE","PASS",""
"S_C032","R1","C032","EQUIVALENT_CIRCUIT_CONTRACT_INCOMPLETE","SYNTHETIC","","tests/fixtures/M03A_2/C032_ec_incomplete.csv","59","58","0.22387211385683423","9.9989870810268027","-0.090012920076708275","0.22387211385683423","9.9989870810268027","-0.090012920076708275","FALSE","FALSE","PASS",""
"S_C032","R1","C032","EQUIVALENT_CIRCUIT_CONTRACT_INCOMPLETE","SYNTHETIC","","tests/fixtures/M03A_2/C032_ec_incomplete.csv","60","59","0.17113283041617811","9.9994080783435848","-0.068811502527347621","0.17113283041617811","9.9994080783435848","-0.068811502527347621","FALSE","FALSE","PASS",""
"S_C032","R1","C032","EQUIVALENT_CIRCUIT_CONTRACT_INCOMPLETE","SYNTHETIC","","tests/fixtures/M03A_2/C032_ec_incomplete.csv","61","60","0.13081774742601956","9.9996541050247991","-0.052602663033967462","0.13081774742601956","9.9996541050247991","-0.052602663033967462","FALSE","FALSE","PASS",""
"S_C032","R1","C032","EQUIVALENT_CIRCUIT_CONTRACT_INCOMPLETE","SYNTHETIC","","tests/fixtures/M03A_2/C032_ec_incomplete.csv","62","61","0.10000000000000001","9.9997978756087775","-0.040211369977945235","0.10000000000000001","9.9997978756087775","-0.040211369977945235","FALSE","FALSE","PASS",""
"S_C033","R1","C033","LEGACY_SYNTHETIC_FIXTURE_PRESERVED","SYNTHETIC","M03A2_LEGACY_SYNTHETIC_FIXTURE","tests/fixtures/M03A_2/C023_no_real_data.csv","2","1","1000000","2.0000000031662868","-0.00015915494302890407","1000000","2.0000000031662868","-0.00015915494302890407","FALSE","FALSE","PASS",""
"S_C033","R1","C033","LEGACY_SYNTHETIC_FIXTURE_PRESERVED","SYNTHETIC","M03A2_LEGACY_SYNTHETIC_FIXTURE","tests/fixtures/M03A_2/C023_no_real_data.csv","3","2","764422.27425260097","2.0000000054185567","-0.00020820291132896045","764422.27425260097","2.0000000054185567","-0.00020820291132896045","FALSE","FALSE","PASS",""
"S_C033","R1","C033","LEGACY_SYNTHETIC_FIXTURE_PRESERVED","SYNTHETIC","M03A2_LEGACY_SYNTHETIC_FIXTURE","tests/fixtures/M03A_2/C023_no_real_data.csv","4","3","584341.41337351757","2.0000000092729291","-0.00027236635854471374","584341.41337351757","2.0000000092729291","-0.00027236635854471374","FALSE","FALSE","PASS",""
"S_C033","R1","C033","LEGACY_SYNTHETIC_FIXTURE_PRESERVED","SYNTHETIC","M03A2_LEGACY_SYNTHETIC_FIXTURE","tests/fixtures/M03A_2/C023_no_real_data.csv","5","4","446683.59215096349","2.0000000158690261","-0.00035630353470069315","446683.59215096349","2.0000000158690261","-0.00035630353470069315","FALSE","FALSE","PASS",""
"S_C033","R1","C033","LEGACY_SYNTHETIC_FIXTURE_PRESERVED","SYNTHETIC","M03A2_LEGACY_SYNTHETIC_FIXTURE","tests/fixtures/M03A_2/C023_no_real_data.csv","6","5","341454.88738336007","2.0000000271571134","-0.00046610825743704891","341454.88738336007","2.0000000271571134","-0.00046610825743704891","FALSE","FALSE","PASS",""
"S_C033","R1","C033","LEGACY_SYNTHETIC_FIXTURE_PRESERVED","SYNTHETIC","M03A2_LEGACY_SYNTHETIC_FIXTURE","tests/fixtures/M03A_2/C023_no_real_data.csv","7","6","261015.72156825385","2.0000000464747369","-0.00060975232147344766","261015.72156825385","2.0000000464747369","-0.00060975232147344766","FALSE","FALSE","PASS",""
"S_C033","R1","C033","LEGACY_SYNTHETIC_FIXTURE_PRESERVED","SYNTHETIC","M03A2_LEGACY_SYNTHETIC_FIXTURE","tests/fixtures/M03A_2/C023_no_real_data.csv","8","7","199526.23149688789","2.0000000795335326","-0.00079766424853319794","199526.23149688789","2.0000000795335326","-0.00079766424853319794","FALSE","FALSE","PASS",""
"S_C033","R1","C033","LEGACY_SYNTHETIC_FIXTURE_PRESERVED","SYNTHETIC","M03A2_LEGACY_SYNTHETIC_FIXTURE","tests/fixtures/M03A_2/C023_no_real_data.csv","9","8","152522.29565390197","2.0000001361079844","-0.0010434863945744798","152522.29565390197","2.0000001361079844","-0.0010434863945744798","FALSE","FALSE","PASS",""
"S_C033","R1","C033","LEGACY_SYNTHETIC_FIXTURE_PRESERVED","SYNTHETIC","M03A2_LEGACY_SYNTHETIC_FIXTURE","tests/fixtures/M03A_2/C023_no_real_data.csv","10","9","116591.4401179831","2.0000002329254429","-0.0013650653795590504","116591.4401179831","2.0000002329254429","-0.0013650653795590504","FALSE","FALSE","PASS",""
"S_C033","R1","C033","LEGACY_SYNTHETIC_FIXTURE_PRESERVED","SYNTHETIC","M03A2_LEGACY_SYNTHETIC_FIXTURE","tests/fixtures/M03A_2/C023_no_real_data.csv","11","10","89125.093813374595","2.000000398611895","-0.0017857477434473118","89125.093813374595","2.000000398611895","-0.0017857477434473118","FALSE","FALSE","PASS",""
"S_C033","R1","C033","LEGACY_SYNTHETIC_FIXTURE_PRESERVED","SYNTHETIC","M03A2_LEGACY_SYNTHETIC_FIXTURE","tests/fixtures/M03A_2/C023_no_real_data.csv","12","11","68129.206905796222","2.0000006821557945","-0.0023360748898912636","68129.206905796222","2.0000006821557945","-0.0023360748898912636","FALSE","FALSE","PASS",""
"S_C033","R1","C033","LEGACY_SYNTHETIC_FIXTURE_PRESERVED","SYNTHETIC","M03A2_LEGACY_SYNTHETIC_FIXTURE","tests/fixtures/M03A_2/C023_no_real_data.csv","13","12","52079.483285954651","2.0000011673924485","-0.0030560003637801663","52079.483285954651","2.0000011673924485","-0.0030560003637801663","FALSE","FALSE","PASS",""
"S_C033","R1","C033","LEGACY_SYNTHETIC_FIXTURE_PRESERVED","SYNTHETIC","M03A2_LEGACY_SYNTHETIC_FIXTURE","tests/fixtures/M03A_2/C023_no_real_data.csv","14","13","39810.717055349691","2.0000019977915313","-0.003997790422257886","39810.717055349691","2.0000019977915313","-0.003997790422257886","FALSE","FALSE","PASS",""
"S_C033","R1","C033","LEGACY_SYNTHETIC_FIXTURE_PRESERVED","SYNTHETIC","M03A2_LEGACY_SYNTHETIC_FIXTURE","tests/fixtures/M03A_2/C023_no_real_data.csv","15","14","30432.19887107722","2.0000034188765863","-0.0052298184482084094","30432.19887107722","2.0000034188765863","-0.0052298184482084094","FALSE","FALSE","PASS",""
"S_C033","R1","C033","LEGACY_SYNTHETIC_FIXTURE_PRESERVED","SYNTHETIC","M03A2_LEGACY_SYNTHETIC_FIXTURE","tests/fixtures/M03A_2/C023_no_real_data.csv","16","15","23263.050671536286","2.0000058508184919","-0.0068415286086401022","23263.050671536286","2.0000058508184919","-0.0068415286086401022","FALSE","FALSE","PASS",""
"S_C033","R1","C033","LEGACY_SYNTHETIC_FIXTURE_PRESERVED","SYNTHETIC","M03A2_LEGACY_SYNTHETIC_FIXTURE","tests/fixtures/M03A_2/C023_no_real_data.csv","17","16","17782.794100389227","2.0000100126660789","-0.0089499289592938208","17782.794100389227","2.0000100126660789","-0.0089499289592938208","FALSE","FALSE","PASS",""
"S_C033","R1","C033","LEGACY_SYNTHETIC_FIXTURE_PRESERVED","SYNTHETIC","M03A2_LEGACY_SYNTHETIC_FIXTURE","tests/fixtures/M03A_2/C023_no_real_data.csv","18","17","13593.563908785241","2.0000171349436058","-0.011708085037225978","13593.563908785241","2.0000171349436058","-0.011708085037225978","FALSE","FALSE","PASS",""
"S_C033","R1","C033","LEGACY_SYNTHETIC_FIXTURE_PRESERVED","SYNTHETIC","M03A2_LEGACY_SYNTHETIC_FIXTURE","tests/fixtures/M03A_2/C023_no_real_data.csv","19","18","10391.223038351691","2.0000293234693061","-0.015316229777053764","10391.223038351691","2.0000293234693061","-0.015316229777053764","FALSE","FALSE","PASS",""
"S_C033","R1","C033","LEGACY_SYNTHETIC_FIXTURE_PRESERVED","SYNTHETIC","M03A2_LEGACY_SYNTHETIC_FIXTURE","tests/fixtures/M03A_2/C023_no_real_data.csv","20","19","7943.2823472428136","2.000050181952159","-0.020036294543769002","7943.2823472428136","2.000050181952159","-0.020036294543769002","FALSE","FALSE","PASS",""
"S_C033","R1","C033","LEGACY_SYNTHETIC_FIXTURE_PRESERVED","SYNTHETIC","M03A2_LEGACY_SYNTHETIC_FIXTURE","tests/fixtures/M03A_2/C023_no_real_data.csv","21","20","6072.0219569098836","2.0000858774119048","-0.026210912237225267","6072.0219569098836","2.0000858774119048","-0.026210912237225267","FALSE","FALSE","PASS",""
"S_C033","R1","C033","LEGACY_SYNTHETIC_FIXTURE_PRESERVED","SYNTHETIC","M03A2_LEGACY_SYNTHETIC_FIXTURE","tests/fixtures/M03A_2/C023_no_real_data.csv","22","21","4641.5888336127819","2.0001469633234863","-0.0342882631475128","4641.5888336127819","2.0001469633234863","-0.0342882631475128","FALSE","FALSE","PASS",""
"S_C033","R1","C033","LEGACY_SYNTHETIC_FIXTURE_PRESERVED","SYNTHETIC","M03A2_LEGACY_SYNTHETIC_FIXTURE","tests/fixtures/M03A_2/C023_no_real_data.csv","23","22","3548.1338923357566","2.0002514992087161","-0.044854547348929005","3548.1338923357566","2.0002514992087161","-0.044854547348929005","FALSE","FALSE","PASS",""
"S_C033","R1","C033","LEGACY_SYNTHETIC_FIXTURE_PRESERVED","SYNTHETIC","M03A2_LEGACY_SYNTHETIC_FIXTURE","tests/fixtures/M03A_2/C023_no_real_data.csv","24","23","2712.2725793320296","2.0004303880898768","-0.058676396320054031","2712.2725793320296","2.0004303880898768","-0.058676396320054031","FALSE","FALSE","PASS",""
"S_C033","R1","C033","LEGACY_SYNTHETIC_FIXTURE_PRESERVED","SYNTHETIC","M03A2_LEGACY_SYNTHETIC_FIXTURE","tests/fixtures/M03A_2/C023_no_real_data.csv","25","24","2073.3215734859541","2.000736507135028","-0.076756202599306128","2073.3215734859541","2.000736507135028","-0.076756202599306128","FALSE","FALSE","PASS",""
"S_C033","R1","C033","LEGACY_SYNTHETIC_FIXTURE_PRESERVED","SYNTHETIC","M03A2_LEGACY_SYNTHETIC_FIXTURE","tests/fixtures/M03A_2/C023_no_real_data.csv","26","25","1584.8931924611124","2.0012603229712469","-0.10040416005317282","1584.8931924611124","2.0012603229712469","-0.10040416005317282","FALSE","FALSE","PASS",""
"S_C033","R1","C033","LEGACY_SYNTHETIC_FIXTURE_PRESERVED","SYNTHETIC","M03A2_LEGACY_SYNTHETIC_FIXTURE","tests/fixtures/M03A_2/C023_no_real_data.csv","27","26","1211.5276586285877","2.0021565846998901","-0.1313317430842704","1211.5276586285877","2.0021565846998901","-0.1313317430842704","FALSE","FALSE","PASS",""
"S_C033","R1","C033","LEGACY_SYNTHETIC_FIXTURE_PRESERVED","SYNTHETIC","M03A2_LEGACY_SYNTHETIC_FIXTURE","tests/fixtures/M03A_2/C023_no_real_data.csv","28","27","926.11872812879369","2.0036899168773545","-0.17177228976838432","926.11872812879369","2.0036899168773545","-0.17177228976838432","FALSE","FALSE","PASS",""
"S_C033","R1","C033","LEGACY_SYNTHETIC_FIXTURE_PRESERVED","SYNTHETIC","M03A2_LEGACY_SYNTHETIC_FIXTURE","tests/fixtures/M03A_2/C023_no_real_data.csv","29","28","707.94578438413805","2.0063125880775905","-0.22463493907334725","707.94578438413805","2.0063125880775905","-0.22463493907334725","FALSE","FALSE","PASS",""
"S_C033","R1","C033","LEGACY_SYNTHETIC_FIXTURE_PRESERVED","SYNTHETIC","M03A2_LEGACY_SYNTHETIC_FIXTURE","tests/fixtures/M03A_2/C023_no_real_data.csv","30","29","541.16952654646377","2.0107968504820164","-0.29369751765345276","541.16952654646377","2.0107968504820164","-0.29369751765345276","FALSE","FALSE","PASS",""
"S_C033","R1","C033","LEGACY_SYNTHETIC_FIXTURE_PRESERVED","SYNTHETIC","M03A2_LEGACY_SYNTHETIC_FIXTURE","tests/fixtures/M03A_2/C023_no_real_data.csv","31","30","413.68204023885073","2.0184592347172785","-0.38383998540000985","413.68204023885073","2.0184592347172785","-0.38383998540000985","FALSE","FALSE","PASS",""
"S_C033","R1","C033","LEGACY_SYNTHETIC_FIXTURE_PRESERVED","SYNTHETIC","M03A2_LEGACY_SYNTHETIC_FIXTURE","tests/fixtures/M03A_2/C023_no_real_data.csv","32","31","316.22776601683796","2.0315380467543664","-0.5013080147392931","316.22776601683796","2.0315380467543664","-0.5013080147392931","FALSE","FALSE","PASS",""
"S_C033","R1","C033","LEGACY_SYNTHETIC_FIXTURE_PRESERVED","SYNTHETIC","M03A2_LEGACY_SYNTHETIC_FIXTURE","tests/fixtures/M03A_2/C023_no_real_data.csv","33","32","241.73154808041014","2.0538210250961093","-0.65396597619943253","241.73154808041014","2.0538210250961093","-0.65396597619943253","FALSE","FALSE","PASS",""
"S_C033","R1","C033","LEGACY_SYNTHETIC_FIXTURE_PRESERVED","SYNTHETIC","M03A2_LEGACY_SYNTHETIC_FIXTURE","tests/fixtures/M03A_2/C023_no_real_data.csv","34","33","184.78497974222907","2.0916667674946963","-0.85142900097109853","184.78497974222907","2.0916667674946963","-0.85142900097109853","FALSE","FALSE","PASS",""
"S_C033","R1","C033","LEGACY_SYNTHETIC_FIXTURE_PRESERVED","SYNTHETIC","M03A2_LEGACY_SYNTHETIC_FIXTURE","tests/fixtures/M03A_2/C023_no_real_data.csv","35","34","141.25375446227525","2.1556036634214886","-1.104815281982342","141.25375446227525","2.1556036634214886","-1.104815281982342","FALSE","FALSE","PASS",""
"S_C033","R1","C033","LEGACY_SYNTHETIC_FIXTURE_PRESERVED","SYNTHETIC","M03A2_LEGACY_SYNTHETIC_FIXTURE","tests/fixtures/M03A_2/C023_no_real_data.csv","36","35","107.97751623277094","2.2626549485499292","-1.4255707511034548","107.97751623277094","2.2626549485499292","-1.4255707511034548","FALSE","FALSE","PASS",""
"S_C033","R1","C033","LEGACY_SYNTHETIC_FIXTURE_PRESERVED","SYNTHETIC","M03A2_LEGACY_SYNTHETIC_FIXTURE","tests/fixtures/M03A_2/C023_no_real_data.csv","37","36","82.54041852680173","2.439230943947035","-1.8223401794000142","82.54041852680173","2.439230943947035","-1.8223401794000142","FALSE","FALSE","PASS",""
"S_C033","R1","C033","LEGACY_SYNTHETIC_FIXTURE_PRESERVED","SYNTHETIC","M03A2_LEGACY_SYNTHETIC_FIXTURE","tests/fixtures/M03A_2/C023_no_real_data.csv","38","37","63.0957344480193","2.723415585628159","-2.2943396818029234","63.0957344480193","2.723415585628159","-2.2943396818029234","FALSE","FALSE","PASS",""
"S_C033","R1","C033","LEGACY_SYNTHETIC_FIXTURE_PRESERVED","SYNTHETIC","M03A2_LEGACY_SYNTHETIC_FIXTURE","tests/fixtures/M03A_2/C023_no_real_data.csv","39","38","48.231784822393095","3.16318192805972","-2.8200112103878299","48.231784822393095","3.16318192805972","-2.8200112103878299","FALSE","FALSE","PASS",""
"S_C033","R1","C033","LEGACY_SYNTHETIC_FIXTURE_PRESERVED","SYNTHETIC","M03A2_LEGACY_SYNTHETIC_FIXTURE","tests/fixtures/M03A_2/C023_no_real_data.csv","40","39","36.869450645195734","3.8040058933676253","-3.3432932691637864","36.869450645195734","3.8040058933676253","-3.3432932691637864","FALSE","FALSE","PASS",""
"S_C033","R1","C033","LEGACY_SYNTHETIC_FIXTURE_PRESERVED","SYNTHETIC","M03A2_LEGACY_SYNTHETIC_FIXTURE","tests/fixtures/M03A_2/C023_no_real_data.csv","41","40","28.183829312644551","4.6604902560760486","-3.7690467821364053","28.183829312644551","4.6604902560760486","-3.7690467821364053","FALSE","FALSE","PASS",""
"S_C033","R1","C033","LEGACY_SYNTHETIC_FIXTURE_PRESERVED","SYNTHETIC","M03A2_LEGACY_SYNTHETIC_FIXTURE","tests/fixtures/M03A_2/C023_no_real_data.csv","42","41","21.544346900318867","5.6819655718361606","-3.9873367179738537","21.544346900318867","5.6819655718361606","-3.9873367179738537","FALSE","FALSE","PASS",""
"S_C033","R1","C033","LEGACY_SYNTHETIC_FIXTURE_PRESERVED","SYNTHETIC","M03A2_LEGACY_SYNTHETIC_FIXTURE","tests/fixtures/M03A_2/C023_no_real_data.csv","43","42","16.468978654828689","6.7469634991013088","-3.9296368192251978","16.468978654828689","6.7469634991013088","-3.9296368192251978","FALSE","FALSE","PASS",""
"S_C033","R1","C033","LEGACY_SYNTHETIC_FIXTURE_PRESERVED","SYNTHETIC","M03A2_LEGACY_SYNTHETIC_FIXTURE","tests/fixtures/M03A_2/C023_no_real_data.csv","44","43","12.589254117941687","7.7124818676228877","-3.6148866998929341","12.589254117941687","7.7124818676228877","-3.6148866998929341","FALSE","FALSE","PASS",""
"S_C033","R1","C033","LEGACY_SYNTHETIC_FIXTURE_PRESERVED","SYNTHETIC","M03A2_LEGACY_SYNTHETIC_FIXTURE","tests/fixtures/M03A_2/C023_no_real_data.csv","45","44","9.6235062639808877","8.4830090066133739","-3.1360271480133686","9.6235062639808877","8.4830090066133739","-3.1360271480133686","FALSE","FALSE","PASS",""
"S_C033","R1","C033","LEGACY_SYNTHETIC_FIXTURE_PRESERVED","SYNTHETIC","M03A2_LEGACY_SYNTHETIC_FIXTURE","tests/fixtures/M03A_2/C023_no_real_data.csv","46","45","7.3564225445964215","9.0377130438621514","-2.6023642064764374","7.3564225445964215","9.0377130438621514","-2.6023642064764374","FALSE","FALSE","PASS",""
"S_C033","R1","C033","LEGACY_SYNTHETIC_FIXTURE_PRESERVED","SYNTHETIC","M03A2_LEGACY_SYNTHETIC_FIXTURE","tests/fixtures/M03A_2/C023_no_real_data.csv","47","46","5.6234132519034912","9.4081022630393925","-2.0940007078952414","5.6234132519034912","9.4081022630393925","-2.0940007078952414","FALSE","FALSE","PASS",""
"S_C033","R1","C033","LEGACY_SYNTHETIC_FIXTURE_PRESERVED","SYNTHETIC","M03A2_LEGACY_SYNTHETIC_FIXTURE","tests/fixtures/M03A_2/C023_no_real_data.csv","48","47","4.2986623470822725","9.6431554487029576","-1.651489744620277","4.2986623470822725","9.6431554487029576","-1.651489744620277","FALSE","FALSE","PASS",""
"S_C033","R1","C033","LEGACY_SYNTHETIC_FIXTURE_PRESERVED","SYNTHETIC","M03A2_LEGACY_SYNTHETIC_FIXTURE","tests/fixtures/M03A_2/C023_no_real_data.csv","49","48","3.2859932476006541","9.7875418299540033","-1.2862841390410882","3.2859932476006541","9.7875418299540033","-1.2862841390410882","FALSE","FALSE","PASS",""
"S_C033","R1","C033","LEGACY_SYNTHETIC_FIXTURE_PRESERVED","SYNTHETIC","M03A2_LEGACY_SYNTHETIC_FIXTURE","tests/fixtures/M03A_2/C023_no_real_data.csv","50","49","2.511886431509577","9.8744661549166217","-0.99423941503322122","2.511886431509577","9.8744661549166217","-0.99423941503322122","FALSE","FALSE","PASS",""
"S_C033","R1","C033","LEGACY_SYNTHETIC_FIXTURE_PRESERVED","SYNTHETIC","M03A2_LEGACY_SYNTHETIC_FIXTURE","tests/fixtures/M03A_2/C023_no_real_data.csv","51","50","1.920141938638801","9.9261637860254162","-0.76500844786353428","1.920141938638801","9.9261637860254162","-0.76500844786353428","FALSE","FALSE","PASS",""
"S_C033","R1","C033","LEGACY_SYNTHETIC_FIXTURE_PRESERVED","SYNTHETIC","M03A2_LEGACY_SYNTHETIC_FIXTURE","tests/fixtures/M03A_2/C023_no_real_data.csv","52","51","1.4677992676220675","9.9566882842449616","-0.58704158397737194","1.4677992676220675","9.9566882842449616","-0.58704158397737194","FALSE","FALSE","PASS",""
"S_C033","R1","C033","LEGACY_SYNTHETIC_FIXTURE_PRESERVED","SYNTHETIC","M03A2_LEGACY_SYNTHETIC_FIXTURE","tests/fixtures/M03A_2/C023_no_real_data.csv","53","52","1.1220184543019629","9.9746340883463347","-0.44975978450201171","1.1220184543019629","9.9746340883463347","-0.44975978450201171","FALSE","FALSE","PASS",""
"S_C033","R1","C033","LEGACY_SYNTHETIC_FIXTURE_PRESERVED","SYNTHETIC","M03A2_LEGACY_SYNTHETIC_FIXTURE","tests/fixtures/M03A_2/C023_no_real_data.csv","54","53","0.85769589859089457","9.9851580865089939","-0.34426011318764721","0.85769589859089457","9.9851580865089939","-0.34426011318764721","FALSE","FALSE","PASS",""
"S_C033","R1","C033","LEGACY_SYNTHETIC_FIXTURE_PRESERVED","SYNTHETIC","M03A2_LEGACY_SYNTHETIC_FIXTURE","tests/fixtures/M03A_2/C023_no_real_data.csv","55","54","0.65564184941797854","9.9913205621788901","-0.26336319015381915","0.65564184941797854","9.9913205621788901","-0.26336319015381915","FALSE","FALSE","PASS",""
"S_C033","R1","C033","LEGACY_SYNTHETIC_FIXTURE_PRESERVED","SYNTHETIC","M03A2_LEGACY_SYNTHETIC_FIXTURE","tests/fixtures/M03A_2/C023_no_real_data.csv","56","55","0.50118723362727247","9.9949259568440105","-0.20141151738162108","0.50118723362727247","9.9949259568440105","-0.20141151738162108","FALSE","FALSE","PASS",""
"S_C033","R1","C033","LEGACY_SYNTHETIC_FIXTURE_PRESERVED","SYNTHETIC","M03A2_LEGACY_SYNTHETIC_FIXTURE","tests/fixtures/M03A_2/C023_no_real_data.csv","57","56","0.38311868495572932","9.9970342445776321","-0.15400405083539176","0.38311868495572932","9.9970342445776321","-0.15400405083539176","FALSE","FALSE","PASS",""
"S_C033","R1","C033","LEGACY_SYNTHETIC_FIXTURE_PRESERVED","SYNTHETIC","M03A2_LEGACY_SYNTHETIC_FIXTURE","tests/fixtures/M03A_2/C023_no_real_data.csv","58","57","0.29286445646252374","9.998266719198833","-0.1177422700095699","0.29286445646252374","9.998266719198833","-0.1177422700095699","FALSE","FALSE","PASS",""
"S_C033","R1","C033","LEGACY_SYNTHETIC_FIXTURE_PRESERVED","SYNTHETIC","M03A2_LEGACY_SYNTHETIC_FIXTURE","tests/fixtures/M03A_2/C023_no_real_data.csv","59","58","0.22387211385683423","9.9989870810268027","-0.090012920076708275","0.22387211385683423","9.9989870810268027","-0.090012920076708275","FALSE","FALSE","PASS",""
"S_C033","R1","C033","LEGACY_SYNTHETIC_FIXTURE_PRESERVED","SYNTHETIC","M03A2_LEGACY_SYNTHETIC_FIXTURE","tests/fixtures/M03A_2/C023_no_real_data.csv","60","59","0.17113283041617811","9.9994080783435848","-0.068811502527347621","0.17113283041617811","9.9994080783435848","-0.068811502527347621","FALSE","FALSE","PASS",""
"S_C033","R1","C033","LEGACY_SYNTHETIC_FIXTURE_PRESERVED","SYNTHETIC","M03A2_LEGACY_SYNTHETIC_FIXTURE","tests/fixtures/M03A_2/C023_no_real_data.csv","61","60","0.13081774742601956","9.9996541050247991","-0.052602663033967462","0.13081774742601956","9.9996541050247991","-0.052602663033967462","FALSE","FALSE","PASS",""
"S_C033","R1","C033","LEGACY_SYNTHETIC_FIXTURE_PRESERVED","SYNTHETIC","M03A2_LEGACY_SYNTHETIC_FIXTURE","tests/fixtures/M03A_2/C023_no_real_data.csv","62","61","0.10000000000000001","9.9997978756087775","-0.040211369977945235","0.10000000000000001","9.9997978756087775","-0.040211369977945235","FALSE","FALSE","PASS",""
