time_s,outlet_mol_s,E_1_s,F
0.00000000000000,2.22479100692278e-107,4.48497234298567e-101,0.00000000000000
6.91449062827489,5.02867876165139e-66,1.01373500241539e-59,3.50473058687771e-59
13.8289812565498,4.32480349981589e-52,8.71840277363866e-46,3.01416571359259e-45
20.7434718848247,-4.17154782977756e-45,-8.40945355576207e-39,-2.90735378717835e-38
27.6579625130996,-1.41697033485755e-40,-2.85648078533779e-34,-9.87613628085045e-34
34.5724531413744,-2.66043983052528e-38,-5.36319996932527e-32,-1.87394148736405e-31
41.4869437696494,-1.15031836362977e-34,-2.31893514062876e-28,-8.02085578001113e-28
48.4014343979242,3.97317308154106e-32,8.00954846057831e-26,2.75305940494034e-25
55.3159250261991,5.51893193355647e-31,1.11256549526678e-24,4.39862752451308e-24
62.2304156544740,4.00557940400023e-30,8.07487660129580e-24,3.61618686617628e-23
69.1449062827488,-3.42295138299027e-27,-6.90035254382380e-21,-2.37921328000773e-20
76.0593969110238,2.90823951888648e-26,5.86274116013475e-20,1.55040999740660e-19
82.9738875392987,7.40144382539235e-24,1.49206243425808e-17,5.19419889361721e-17
89.8883781675734,-1.03160320842166e-22,-2.07961639736483e-16,-6.15448156970710e-16
96.8028687958483,-1.95378682707261e-22,-3.93865304931742e-16,-2.69611154134659e-15
103.717359424123,6.89864127714171e-20,1.39070210351825e-13,4.76742032553735e-13
110.631850052398,1.20081571390857e-18,2.42073311566989e-12,9.32661008655593e-12
117.546340680673,1.06359705854456e-17,2.14411303210505e-11,9.18229256397406e-11
124.460831308948,6.36660097924678e-17,1.28344771360083e-10,6.09669532350709e-10
131.375321937223,2.89514968232163e-16,5.83635326357058e-10,3.07115938894251e-09
138.289812565498,1.06811772342205e-15,2.15322627325192e-09,1.25331613296329e-08
145.204303193772,3.33486994521314e-15,6.72278853393181e-09,4.32197219299824e-08
152.118793822048,9.07989863278277e-15,1.83042335744922e-08,1.29744276841151e-07
159.033284450322,2.20439809859273e-14,4.44386213102926e-08,3.46661717887173e-07
165.947775078597,4.85417583068894e-14,9.78556829872383e-08,8.38608034648276e-07
172.862265706873,9.82808332359112e-14,1.98125045245631e-07,1.86188602040639e-06
179.776756335147,1.84997873448718e-13,3.72938556182083e-07,3.83619298051661e-06
186.691246963422,3.26735020023653e-13,6.58667498983565e-07,7.40270818077411e-06
193.605737591697,5.45644577078601e-13,1.09996886434851e-06,1.34827455071753e-05
200.520228219972,8.67301377361261e-13,1.74839914328800e-06,2.33302524545158e-05
207.434718848247,1.31957203188487e-12,2.66013483925705e-06,3.85716359078853e-05
214.349209476522,1.93116590222964e-12,3.89305136269707e-06,6.12276081972622e-05
221.263700104797,2.73007954436031e-12,5.50358717403424e-06,9.37140927470200e-05
228.178190733071,3.74205958760531e-12,7.54364509025396e-06,0.000138821575355188
235.092681361346,4.98925012528400e-12,1.00578655498463e-05,0.000199674315537416
242.007171989621,6.48918903377170e-12,1.30816032851225e-05,0.000279673135738751
248.921662617896,8.25381931266487e-12,1.66389342756759e-05,0.000382424324954461
255.836153246171,1.02895342529851e-11,2.07427468032927e-05,0.000511661966699307
262.750643874446,1.25969047739266e-11,2.53941917881215e-05,0.000671168681453132
269.665134502721,1.51707666114964e-11,3.05828585528859e-05,0.000864695076443826
276.579625130995,1.80012745239445e-11,3.62889000032649e-05,0.00109588715036017
283.494115759271,2.10741784866358e-11,4.24835894111405e-05,0.00136822297027109
290.408606387545,2.43715215679878e-11,4.91307272677671e-05,0.00168495613731710
297.323097015820,2.78724467275280e-11,5.61882677138326e-05,0.00204906973920695
304.237587644095,3.15539663003512e-11,6.36098697487629e-05,0.00246324128859190
311.152078272371,3.53916836793782e-11,7.13463520752258e-05,0.00292981805410663
318.066568900645,3.93604578968314e-11,7.93470328337533e-05,0.00345080205295462
324.981059528919,4.34341574962201e-11,8.75592334314898e-05,0.00402783795990028
331.895550157195,4.75876382555145e-11,9.59322654486968e-05,0.00466221308458794
338.810040785469,5.17979937240495e-11,0.000104419951605176,0.00535487984817442
345.724531413745,5.60419683832844e-11,0.000112975410932265,0.00610646894662232
352.639022042020,6.02984200526458e-11,0.000121556022754651,0.00691730164675435
359.553512670294,6.45468018509001e-11,0.000130120366465285,0.00778740866406384
366.468003298569,6.87686235818583e-11,0.000138631167543429,0.00871654864568280
373.382493926844,7.29474970737308e-11,0.000147055388954593,0.00970423715444770
380.296984555118,7.70680981715208e-11,0.000155362138623465,0.0107497687345799
387.211475183393,8.11172081271036e-11,0.000163524768779731,0.0118522390009393
394.125965811669,8.50834903486795e-11,0.000171520425905677,0.0130105724302899
401.040456439943,8.89567855828038e-11,0.000179328629888528,0.0142235436844038
407.954947068219,9.27283758123985e-11,0.000186931806014363,0.0154897958601832
414.869437696493,9.63908856132058e-11,0.000194315086111874,0.0168078598915159
421.783928324768,9.99401951696961e-11,0.000201470165015025,0.0181761865963791
428.698418953043,1.03371750516117e-10,0.000208387862351194,0.0195931663409527
435.612909581317,1.06682421703195e-10,0.000215061868432918,0.0210571359384786
442.527400209593,1.09870026088924e-10,0.000221487783256327,0.0225663951761698
449.441890837867,1.12933202136677e-10,0.000227662862089852,0.0241192191401345
456.356381466141,1.15871411573919e-10,0.000233586019825984,0.0257138696757890
463.270872094418,1.18684846960280e-10,0.000239257644647078,0.0273486062191084
470.185362722691,1.21374342005161e-10,0.000244679417233964,0.0290216953586337
477.099853350968,1.23941286859755e-10,0.000249854140002529,0.0307314191820738
484.014343979243,1.26387549407937e-10,0.000254785578433438,0.0324760824839642
490.928834607518,1.28715402810875e-10,0.000259478315008791,0.0342540189197974
497.843325235792,1.30927459270053e-10,0.000263937615684524,0.0360635961935315
504.757815864066,1.33026609831562e-10,0.000268169308541443,0.0379032203639316
511.672306492342,1.35015970180960e-10,0.000272179674512681,0.0397713393535947
518.586797120615,1.36898896857261e-10,0.000275975480069609,0.0416664461931942
525.501287748892,1.38678833195052e-10,0.000279563666655419,0.0435870813050299
532.415778377167,1.40359193198827e-10,0.000282951116586553,0.0455318329035261
539.330269005443,1.41943552015644e-10,0.000286145037027924,0.0474993379139037
546.244759633716,1.43435518044762e-10,0.000289152702177794,0.0494882833270060
553.159250261991,1.44838706883318e-10,0.000291981400744683,0.0514974064812201
560.073740890266,1.46156718859806e-10,0.000294638390656941,0.0535254950062238
566.988231518541,1.47393119824268e-10,0.000297130860337553,0.0555713864762753
573.902722146815,1.48551424862712e-10,0.000299465895873924,0.0576339678161167
580.817212775089,1.49635084638566e-10,0.000301650453483508,0.0597121744981839
587.731703403365,1.50647474093680e-10,0.000303691336736088,0.0618049895658724
594.646194031641,1.51591883263303e-10,0.000305595178037605,0.0639114425140412
601.560684659914,1.52471509919866e-10,0.000307368423800716,0.0660306080542331
608.475175288190,1.53289488339822e-10,0.000309017392436083,0.0681616050291190
615.389665916466,1.54048868974947e-10,0.000310548233371586,0.0703035953857434
622.304156544742,1.54752426570634e-10,0.000311966540236605,0.0724557816697819
629.218647173016,1.55402948724636e-10,0.000313277932569692,0.0746174051935816
636.133137801289,1.56003115083449e-10,0.000314487812289672,0.0767877453733721
643.047628429563,1.56555497095395e-10,0.000315601363197883,0.0789661182228149
649.962119057838,1.57062558478290e-10,0.000316623551920960,0.0811518748480905
656.876609686114,1.57527328949513e-10,0.000317560486088163,0.0833444046417986
663.791100314390,1.57952693926184e-10,0.000318417982432813,0.0855431382219854
670.705590942664,1.58339087323199e-10,0.000319196915687097,0.0877475293407345
677.620081570938,1.58689415498760e-10,0.000319903144799616,0.0899570550301169
684.534572199213,1.59004021551118e-10,0.000320537361424625,0.0921712149692444
691.449062827490,1.59286670059836e-10,0.000321107154605396,0.0943895374656319
698.363553455764,1.59537500146028e-10,0.000321612804797194,0.0966115780335788
705.278044084040,1.59759548540245e-10,0.000322060433767181,0.0988369143214415
712.192534712313,1.59953263704346e-10,0.000322450945572878,0.101065148267573
719.107025340587,1.60121097905136e-10,0.000322789283756738,0.103295902026915
726.021515968864,1.60263734333168e-10,0.000323076825567558,0.105528819606937
732.936006597138,1.60383101248313e-10,0.000323317458198410,0.107763563215572
739.850497225412,1.60480078924003e-10,0.000323512956198898,0.109999814634789
746.764987853689,1.60556132167800e-10,0.000323666272485220,0.112237271990564
753.679478481963,1.60612302904084e-10,0.000323779507480297,0.114475650879508
760.593969110237,1.60649651357168e-10,0.000323854798498022,0.116714681549126
767.508459738511,1.60669348114611e-10,0.000323894505334352,0.118954109794536
774.422950366787,1.60672104220674e-10,0.000323900061388574,0.121193694524863
781.337440995063,1.60659188915283e-10,0.000323874025330670,0.123433208450793
788.251931623339,1.60631015191163e-10,0.000323817229715672,0.125672436007310
795.166422251613,1.60588924117609e-10,0.000323732378014912,0.127911173854308
802.080912879887,1.60533077146393e-10,0.000323619795700184,0.130149229123481
808.995403508161,1.60464863573761e-10,0.000323482283463880,0.132386419754439
815.909894136438,1.60384235115511e-10,0.000323319743969526,0.134622573032959
822.824384764712,1.60292608837886e-10,0.000323135033891250,0.136857525784519
829.738875392986,1.60189763893838e-10,0.000322927708021882,0.139091123171637
836.653366021262,1.60077127661906e-10,0.000322700643824184,0.141323218765731
843.567856649536,1.59954339455116e-10,0.000322453114186666,0.143553673572512
850.482347277810,1.59822822312622e-10,0.000322187987824288,0.145782356001740
857.396837906087,1.59682149106258e-10,0.000321904403686282,0.148009141404162
864.311328534363,1.59533591849655e-10,0.000321604926034160,0.150233911018942
871.225819162634,1.59376809720485e-10,0.000321288867801719,0.152456552575168
878.140309790912,1.59212888607197e-10,0.000320958418039362,0.154676958994660
885.054800419186,1.59041568322108e-10,0.000320613052232856,0.156895028953943
891.969291047459,1.58863769190254e-10,0.000320254625672117,0.159110665730361
898.883781675735,1.58679301517550e-10,0.000319882755951465,0.161323777693384
905.798272304010,1.58488940336852e-10,0.000319499005465262,0.163534277291987
912.712762932282,1.58292658641964e-10,0.000319103319771520,0.165742082188509
919.627253560560,1.58091518654451e-10,0.000318697840210402,0.167947117260208
926.541744188835,1.57885111605217e-10,0.000318281742741324,0.170149311938569
933.456234817110,1.57673437494265e-10,0.000317855027364286,0.172348592806168
940.370725445382,1.57456887614592e-10,0.000317418482889686,0.174544889172688
947.285216073660,1.57236105277925e-10,0.000316973406174306,0.176738137558482
954.199706701936,1.57010563279320e-10,0.000316518734421867,0.178928275293101
961.114197330209,1.56780261618774e-10,0.000316054467632368,0.181115236031752
968.028687958485,1.56546507838598e-10,0.000315583241689844,0.183298962542539
974.943178586759,1.56308864694476e-10,0.000315104175150304,0.185479403659095
981.857669215035,1.56067162382596e-10,0.000314616925705009,0.187656503984241
988.772159843310,1.55821782729410e-10,0.000314122263080679,0.189830209598484
995.686650471583,1.55573437311441e-10,0.000313621621749592,0.192000474202792
1002.60114109986,1.55321599553626e-10,0.000313113940185252,0.194167252787494
1009.51563172813,1.55066269455963e-10,0.000312599218387662,0.196330496672964
1016.43012235641,1.54808306005074e-10,0.000312079187994181,0.198490163166271
1023.34461298468,1.54547441955506e-10,0.000311553310262767,0.200646213698614
1030.25910361296,1.54283554116334e-10,0.000311021336851937,0.202798606980052
1037.17359424123,1.54016894149225e-10,0.000310483775088273,0.204947302616019
1044.08808486951,1.53747966410000e-10,0.000309941641706336,0.207092265481005
1051.00257549778,1.53476403975729e-10,0.000309394197023528,0.209233461407331
1057.91706612606,1.53202206846412e-10,0.000308841441039849,0.211370853670059
1064.83155675433,1.52925961286314e-10,0.000308284555609686,0.213504409630208
1071.74604738261,1.52647498963359e-10,0.000307723201391187,0.215634099561572
1078.66053801089,1.52366727623100e-10,0.000307157192407940,0.217759891921789
1085.57502863916,1.52083818083414e-10,0.000306586873012945,0.219881755716044
1092.48951926743,1.51799138568796e-10,0.000306012985512635,0.221999663706373
1099.40400989571,1.51512425496257e-10,0.000305434998548148,0.224113589384106
1106.31850052398,1.51223678865797e-10,0.000304852912119483,0.226223504403536
1113.23299115225,1.50933315370330e-10,0.000304267566240914,0.228329383323092
1120.14748178053,1.50641225670859e-10,0.000303678740495158,0.230431202843303
1127.06197240880,1.50347338212865e-10,0.000303086290634945,0.232528938403960
1133.97646303708,1.50051774365490e-10,0.000302490461329210,0.234622565792039
1140.89095366536,1.49754815661014e-10,0.000301891820120916,0.236712063602530
1147.80544429363,1.49456263655367e-10,0.000301289966965225,0.238797411009506
1154.71993492190,1.49156118348550e-10,0.000300684901862138,0.240878585803988
1161.63442555018,1.48854691236409e-10,0.000300077252758393,0.242955567947961
1168.54891617845,1.48551908527660e-10,0.000299466870897604,0.245028339060089
1175.46340680673,1.48247712123840e-10,0.000298853639158656,0.247096879839834
1182.37789743500,1.47942192666844e-10,0.000298237740267206,0.249161171213465
1189.29238806328,1.47635576547975e-10,0.000297619630607125,0.251221196316816
1196.20687869156,1.47327706518593e-10,0.000296998993179736,0.253276938767602
1203.12136931983,1.47018582578697e-10,0.000296375827985041,0.255328381087600
1210.03585994811,1.46708449492851e-10,0.000295750628445696,0.257375507504473
1216.95035057638,1.46397255719036e-10,0.000295123290657775,0.259418303592539
1223.86484120466,1.46084951872613e-10,0.000294493715066426,0.261456754222715
1230.77933183293,1.45771608762425e-10,0.000293862044415706,0.263490844415231
1237.69382246121,1.45457416975347e-10,0.000293228662911082,0.265520561012110
1244.60831308948,1.45142245976746e-10,0.000292593307406839,0.267545891273911
1251.52280371775,1.44826095766621e-10,0.000291955977902978,0.269566821551429
1258.43729434603,1.44509166896126e-10,0.000291317078692021,0.271583339593206
1265.35178497430,1.44191422581963e-10,0.000290676535622256,0.273595434289151
1272.26627560258,1.43872819206155e-10,0.000290034260763883,0.275603093968826
1279.18076623085,1.43553414025807e-10,0.000289390369541916,0.277606307056846
1286.09525685913,1.43233373295441e-10,0.000288745197110055,0.279605063535590
1293.00974748740,1.42912584663551e-10,0.000288098516978082,0.281599353763111
1299.92423811568,1.42591048130137e-10,0.000287450329145995,0.283589167314430
1306.83872874395,1.42269050115408e-10,0.000286801211010376,0.285574495760773
1313.75321937223,1.41946546123968e-10,0.000286151072872631,0.287555332359451
1320.66771000050,1.41623469214194e-10,0.000285499779784660,0.289531669591123
1327.58220062878,1.41299819386089e-10,0.000284847331746463,0.291503499469897
1334.49669125705,1.40975596639651e-10,0.000284193728758039,0.293470814009877
1341.41118188533,1.40650800974880e-10,0.000283538970819389,0.295433605225174
1348.32567251360,1.40325432391776e-10,0.000282883057930513,0.297391865129894
1355.24016314188,1.39999800990720e-10,0.000282226615225019,0.299345587899384
1362.15465377015,1.39673791098086e-10,0.000281569409515604,0.301294769064049
1369.06914439843,1.39347314284573e-10,0.000280911262537000,0.303239402731795
1375.98363502670,1.39020370550180e-10,0.000280252174289205,0.305179482394227
1382.89812565498,1.38692959894909e-10,0.000279592144772220,0.307115001542950
1389.81261628325,1.38365082318758e-10,0.000278931173986045,0.309045953669563
1396.72710691153,1.38036967219925e-10,0.000278269724376170,0.310972333864459
1403.64159753980,1.37708785776768e-10,0.000277608141022290,0.312894140009841
1410.55608816808,1.37380291153449e-10,0.000276945926326249,0.314811369460618
1417.47057879635,1.37051483349968e-10,0.000276283080288046,0.316724017851379
1424.38506942463,1.36722362366327e-10,0.000275619602907683,0.318632080816718
1431.29956005290,1.36392928202524e-10,0.000274955494185158,0.320535553991223
1438.21405068117,1.36063237730695e-10,0.000274290868769424,0.322434433405854
1445.12854130945,1.35733690013674e-10,0.000273626531134144,0.324328718269205
1452.04303193773,1.35403964560315e-10,0.000272961835198888,0.326218408337473
1458.95752256600,1.35074061370615e-10,0.000272296780963654,0.328103501133194
1465.87201319428,1.34743980444577e-10,0.000271631368428444,0.329983994178907
1472.78650382255,1.34413721782199e-10,0.000270965597593257,0.331859884997150
1479.70099445082,1.34083285383482e-10,0.000270299468458093,0.333731171110462
1486.61548507910,1.33753026871761e-10,0.000269633697926616,0.335597852519894
1493.52997570738,1.33422780082676e-10,0.000268967951026886,0.337459930546925
1500.44446633565,1.33092477374139e-10,0.000268302091398726,0.339317404883528
1507.35895696393,1.32762118746149e-10,0.000267636119042135,0.341170274750241
1514.27344759220,1.32431704198706e-10,0.000266970033957114,0.343018539367606
1521.18793822047,1.32101233731811e-10,0.000266303836143663,0.344862197956164
1528.10242884875,1.31770896254000e-10,0.000265637906423871,0.346701251053050
1535.01691947702,1.31440768623003e-10,0.000264972399735796,0.348535701047653
1541.93141010530,1.31110694288422e-10,0.000264307000488353,0.350365549773948
1548.84590073357,1.30780673250258e-10,0.000263641708681543,0.352190797974830
1555.76039136185,1.30450705508509e-10,0.000262976524315364,0.354011446393199
1562.67488199013,1.30120791063177e-10,0.000262311447389818,0.355827495771949
1569.58937261840,1.29790992020040e-10,0.000261646603104396,0.357638947286825
1576.50386324668,1.29461559638417e-10,0.000260982497974581,0.359445804297563
1583.41835387495,1.29132278038522e-10,0.000260318696806746,0.361248070410474
1590.33284450323,1.28803147220355e-10,0.000259655199600892,0.363045747727304
1597.24733513150,1.28474167183917e-10,0.000258992006357020,0.364838838349791
1604.16182575977,1.28145337929207e-10,0.000258329117075128,0.366627344379681
1611.07631638805,1.27816659456226e-10,0.000257666531755218,0.368411267918716
1617.99080701632,1.27488407135557e-10,0.000257004805518849,0.370190612987827
1624.90529764460,1.27160423175596e-10,0.000256343620272777,0.371965384427415
1631.81978827288,1.26832676549303e-10,0.000255682913469371,0.373735585761910
1638.73427890115,1.26505167256678e-10,0.000255022685108629,0.375501220299497
1645.64876952942,1.26177895297720e-10,0.000254362935190550,0.377262291348365
1652.56326015770,1.25850860672431e-10,0.000253703663715137,0.379018802216701
1659.47775078597,1.25524213945372e-10,0.000253045174206581,0.380770757262051
1666.39224141425,1.25197976916864e-10,0.000252387510612309,0.382518162043253
1673.30673204252,1.24872053591344e-10,0.000251730479414168,0.384261021602045
1680.22122267080,1.24546443968812e-10,0.000251074080612158,0.385999340311123
1687.13571329907,1.24221148049267e-10,0.000250418314206278,0.387733122543184
1694.05020392735,1.23896165832710e-10,0.000249763180196530,0.389462372670926
1700.96469455562,1.23571554769173e-10,0.000249108794396846,0.391187095467443
1707.87918518389,1.23247462067305e-10,0.000248455453566215,0.392907297132195
1714.79367581217,1.22923749984050e-10,0.000247802880027411,0.394622983930615
1721.70816644045,1.22600418519408e-10,0.000247151073780431,0.396334161168130
1728.62265706873,1.22277467673379e-10,0.000246500034825278,0.398040834150177
1735.53714769700,1.21954897445963e-10,0.000245849763161949,0.399743008182185
1742.45163832527,1.21632707837161e-10,0.000245200258790447,0.401440688569586
1749.36612895355,1.21311099462254e-10,0.000244551926132573,0.403133882016000
1756.28061958182,1.20989939045333e-10,0.000243904496516456,0.404822595694364
1763.19511021010,1.20669217428687e-10,0.000243257951481000,0.406506835784927
1770.10960083837,1.20348934612317e-10,0.000242612291026204,0.408186608404114
1777.02409146665,1.20029090596222e-10,0.000241967515152070,0.409861919668350
1783.93858209492,1.19709685380402e-10,0.000241323623858596,0.411532775694057
1790.85307272320,1.19390830203575e-10,0.000240680841392720,0.413199183372942
1797.76756335147,1.19072517974610e-10,0.000240039153459381,0.414861150322556
1804.68205397974,1.18754694706183e-10,0.000239398451225141,0.416518683734772
1811.59654460802,1.18437360398294e-10,0.000238758734690000,0.418171790425199
1818.51103523629,1.18120515050943e-10,0.000238120003853957,0.419820477209441
1825.42552586456,1.17804158664130e-10,0.000237482258717013,0.421464750903107
1832.34001649285,1.17488337688825e-10,0.000236845592920015,0.423104618645546
1839.25450712112,1.17173129830458e-10,0.000236210163109902,0.424740088441406
1846.16899774939,1.16858453772509e-10,0.000235575805360114,0.426371168270174
1853.08348837767,1.16544309514979e-10,0.000234942519670651,0.427997865544603
1859.99797900595,1.16230697057868e-10,0.000234310306041514,0.429620187677442
1866.91246963422,1.15917616401176e-10,0.000233679164472702,0.431238142081443
1873.82696026249,1.15605070278411e-10,0.000233049100474714,0.432851736188407
1880.74145089076,1.15293262431341e-10,0.000232420524772060,0.434460978869165
1887.65594151904,1.14982043375481e-10,0.000231793136017882,0.436065879372690
1894.57043214732,1.14671413110834e-10,0.000231166934212182,0.437666445906126
1901.48492277559,1.14361371637397e-10,0.000230541919354960,0.439262686676616
1908.39941340387,1.14051918955172e-10,0.000229918091446216,0.440854609891307
1915.31390403214,1.13743055064158e-10,0.000229295450485948,0.442442223757340
1922.22839466042,1.13434779964356e-10,0.000228673996474159,0.444025536481861
1929.14288528870,1.13127093655764e-10,0.000228053729410847,0.445604556272014
1936.05737591697,1.12819996138384e-10,0.000227434649296012,0.447179291334943
1942.97186654525,1.12513487412216e-10,0.000226816756129655,0.448749749877791
1949.88635717352,1.12207567477258e-10,0.000226200049911776,0.450315940107703
1956.80084780180,1.11902236333512e-10,0.000225584530642373,0.451877870231824
1963.71533843007,1.11597571469336e-10,0.000224970354530794,0.453435548997350
1970.62982905834,1.11293636657786e-10,0.000224357650137603,0.454988986136000
1977.54431968662,1.10990321003999e-10,0.000223746193909041,0.456538191051078
1984.45881031489,1.10687624507974e-10,0.000223135985845108,0.458083172373004
1991.37330094317,1.10385547169711e-10,0.000222527025945803,0.459623938732202
1998.28779157144,1.10084088989211e-10,0.000221919314211127,0.461160498759095
2005.20228219972,1.09783249966474e-10,0.000221312850641080,0.462692861084105
2012.11677282799,1.09483030101499e-10,0.000220707635235661,0.464221034337656
2019.03126345626,1.09183429394287e-10,0.000220103667994871,0.465745027150167
2025.94575408454,1.08884447844837e-10,0.000219500948918709,0.467264848152066
2032.86024471281,1.08586085453150e-10,0.000218899478007177,0.468780505973770
2039.77473534109,1.08288342219226e-10,0.000218299255260273,0.470292009245707
2046.68922596937,1.07991218143064e-10,0.000217700280677997,0.471799366598296
2053.60371659764,1.07694888120158e-10,0.000217102906833447,0.473302587880892
2060.51820722592,1.07399259808003e-10,0.000216506947572692,0.474801683518201
2067.43269785419,1.07104284615093e-10,0.000215912304939764,0.476296662952693
2074.34718848246,1.06809962541428e-10,0.000215318978934665,0.477787535288176
2081.26167911074,1.06516293587007e-10,0.000214726969557393,0.479274309628465
2088.17616973902,1.06223277751832e-10,0.000214136276807948,0.480756995077368
2095.09066036729,1.05930915035901e-10,0.000213546900686331,0.482235600738695
2102.00515099557,1.05639205439215e-10,0.000212958841192542,0.483710135716259
2108.91964162384,1.05348148961774e-10,0.000212372098326579,0.485180609113868
2115.83413225212,1.05057745603579e-10,0.000211786672088445,0.486647030035337
2122.74862288039,1.04767995364628e-10,0.000211202562478138,0.488109407584472
2129.66311350867,1.04478898244922e-10,0.000210619769495658,0.489567750865087
2136.57760413694,1.04190474813159e-10,0.000210038334605595,0.491022069124345
2143.49209476522,1.03902837414023e-10,0.000209458484284410,0.492472372535749
2150.40658539349,1.03615875193883e-10,0.000208879995061465,0.493918671283189
2157.32107602177,1.03329588152740e-10,0.000208302866936760,0.495360974777973
2164.23556665004,1.03043976290592e-10,0.000207727099910295,0.496799292431394
2171.15005727831,1.02759039607440e-10,0.000207152693982070,0.498233633654759
2178.06454790659,1.02474778103284e-10,0.000206579649152086,0.499664007859367
2184.97903853486,1.02191191778125e-10,0.000206007965420341,0.501090424456518
2191.89352916314,1.01908280631961e-10,0.000205437642786836,0.502512892857515
2198.80801979142,1.01626044664793e-10,0.000204868681251571,0.503931422473658
2205.72251041969,1.01344483876622e-10,0.000204301080814546,0.505346022716248
2212.63700104796,1.01063598267446e-10,0.000203734841475761,0.506756702996585
2219.55149167624,1.00783387837267e-10,0.000203169963235216,0.508163472725973
2226.46598230451,1.00503890677381e-10,0.000202606522881435,0.509566341581186
2233.38047293279,1.00225111875106e-10,0.000202044530669975,0.510965319539939
2240.29496356106,9.99470193322918e-11,0.000201483921893946,0.512360416391686
2247.20945418935,9.96696130489394e-11,0.000200924696553348,0.513751641702183
2254.12394481761,9.93928930250488e-11,0.000200366854648181,0.515139005037175
2261.03843544589,9.91168592606195e-11,0.000199810396178445,0.516522515962421
2267.95292607416,9.88415117556518e-11,0.000199255321144139,0.517902184043667
2274.86741670244,9.85668505101455e-11,0.000198701629545264,0.519278018846667
2281.78190733071,9.82928755241010e-11,0.000198149321381821,0.520650029937169
2288.69639795898,9.80195867975179e-11,0.000197598396653808,0.522018226880928
2295.61088858726,9.77469843303966e-11,0.000197048855361226,0.523382619243695
2302.52537921554,9.74750681227366e-11,0.000196500697504074,0.524743216591220
2309.43986984381,9.72038381745383e-11,0.000195953923082354,0.526100028489253
2316.35436047209,9.69333083058921e-11,0.000195408559956085,0.527453064599868
2323.26885110036,9.66634683904787e-11,0.000194864587711548,0.528802334610874
2330.18334172863,9.63943170056679e-11,0.000194322003480851,0.530147848129600
2337.09783235691,9.61258541514598e-11,0.000193780807263995,0.531489614753451
2344.01232298519,9.58580798278543e-11,0.000193240999060979,0.532827644079838
2350.92681361346,9.55909940348516e-11,0.000192702578871804,0.534161945706167
2357.84130424173,9.53245967724514e-11,0.000192165546696470,0.535492529229848
2364.75579487000,9.50588880406539e-11,0.000191629902534976,0.536819404248290
2371.67028549829,9.47938678394591e-11,0.000191095646387324,0.538142580358904
2378.58477612656,9.45295361688669e-11,0.000190562778253511,0.539462067159095
2385.49926675484,9.42658930288775e-11,0.000190031298133540,0.540777874246272
2392.41375738311,9.40029384194908e-11,0.000189501206027409,0.542090011217845
2399.32824801138,9.37406644119566e-11,0.000188972485951495,0.543398487615962
2406.24273863966,9.34790553977694e-11,0.000188445106440496,0.544703312818733
2413.15722926793,9.32181304751261e-11,0.000187919105994607,0.546004496228584
2420.07171989621,9.29578896440267e-11,0.000187394484613828,0.547302047381048
2426.98621052448,9.26983329044711e-11,0.000186871242298159,0.548595975811655
2433.90070115276,9.24394602564593e-11,0.000186349379047599,0.549886291055943
2440.81519178103,9.21812716999914e-11,0.000185828894862150,0.551173002649441
2447.72968240931,9.19237672350673e-11,0.000185309789741810,0.552456120127684
2454.64417303758,9.16669468616874e-11,0.000184792063686580,0.553735653026201
2461.55866366586,9.14108105798510e-11,0.000184275716696460,0.555011610880532
2468.47315429413,9.11553583895586e-11,0.000183760748771450,0.556284003226200
2475.38764492241,9.09005902908102e-11,0.000183247159911549,0.557552839598748
2482.30213555069,9.06465062836056e-11,0.000182734950116759,0.558818129533702
2489.21662617897,9.03930656701114e-11,0.000182224037344020,0.560079882282953
2496.13111680723,9.01402798523335e-11,0.000181714444578720,0.561338106894213
2503.04560743551,8.98881687503584e-11,0.000181206211977905,0.562592812633497
2509.96009806378,8.96367323641862e-11,0.000180699339541576,0.563844008905648
2516.87458869206,8.93859706938172e-11,0.000180193827269733,0.565091705115512
2523.78907932033,8.91358837392512e-11,0.000179689675162375,0.566335910667929
2530.70356994861,8.88864715004879e-11,0.000179186883219503,0.567576634967749
2537.61806057688,8.86377339775278e-11,0.000178685451441117,0.568813887419813
2544.53255120516,8.83896711703708e-11,0.000178185379827217,0.570047677428969
2551.44704183343,8.81422830790166e-11,0.000177686668377802,0.571278014400058
2558.36153246171,8.78955697034654e-11,0.000177189317092872,0.572504907737926
2565.27602308998,8.76495310437173e-11,0.000176693325972429,0.573728366847418
2572.19051371825,8.74041645834549e-11,0.000176198689943810,0.574948401115841
2579.10500434654,8.71593871161024e-11,0.000175705241270273,0.576165019333059
2586.01949497480,8.69152714685336e-11,0.000175213126764043,0.577378230216589
2592.93398560308,8.66718176407484e-11,0.000174722346425120,0.578588042991523
2599.84847623135,8.64290256327469e-11,0.000174232900253504,0.579794466882946
2606.76296685963,8.61868954445290e-11,0.000173744788249194,0.580997511115947
2613.67745748791,8.59454270760948e-11,0.000173258010412192,0.582197184915612
2620.59194811619,8.57046205274443e-11,0.000172772566742496,0.583393497507029
2627.50643874446,8.54644757985776e-11,0.000172288457240106,0.584586458115283
2634.42092937272,8.52249928894941e-11,0.000171805681905023,0.585776075965464
2641.33542000100,8.49861718001947e-11,0.000171324240737248,0.586962360282659
2648.24991062928,8.47480125306786e-11,0.000170844133736778,0.588145320291957
2655.16440125756,8.45105150809463e-11,0.000170365360903616,0.589324965218442
2662.07889188584,8.42736387457639e-11,0.000169887840179783,0.590501304003508
2668.99338251410,8.40373543350985e-11,0.000169411512720883,0.591674345101412
2675.90787314238,8.38017164241452e-11,0.000168936488545445,0.592844097143338
2682.82236377066,8.35667250129036e-11,0.000168462767653470,0.594010569140826
2689.73685439893,8.33323801013737e-11,0.000167990350044957,0.595173770105416
2696.65134502720,8.30986816895556e-11,0.000167519235719907,0.596333709048649
2703.56583565548,8.28656297774498e-11,0.000167049424678321,0.597490394982068
2710.48032628375,8.26332243650553e-11,0.000166580916920196,0.598643836917214
2717.39481691203,8.24014654523730e-11,0.000166113712445535,0.599794043865628
2724.30930754031,8.21703530394025e-11,0.000165647811254336,0.600941024838850
2731.22379816858,8.19398871261438e-11,0.000165183213346600,0.602084788848422
2738.13828879685,8.17100677125969e-11,0.000164719918722327,0.603225344905887
2745.05277942513,8.14808947987618e-11,0.000164257927381516,0.604362702022785
2751.96727005340,8.12522794041834e-11,0.000163797059947823,0.605496868590508
2758.88176068168,8.10242710109789e-11,0.000163337416172606,0.606627852725169
2765.79625130996,8.07968922041024e-11,0.000162879041585038,0.607755663045147
2772.71074193823,8.05701429835539e-11,0.000162421936185120,0.608880308326226
2779.62523256651,8.03440233493336e-11,0.000161966099972852,0.610001797344196
2786.53972319477,8.01185333014412e-11,0.000161511532948233,0.611120138874839
2793.45421382306,7.98936728398769e-11,0.000161058235111263,0.612235341693947
2800.36870445133,7.96694419646409e-11,0.000160606206461944,0.613347414577300
2807.28319507961,7.94458406757329e-11,0.000160155447000274,0.614456366300688
2814.19768570788,7.92228689731531e-11,0.000159705956726254,0.615562205639895
2821.11217633616,7.90005268569012e-11,0.000159257735639884,0.616664941370708
2828.02666696443,7.87788143269774e-11,0.000158810783741163,0.617764582268912
2834.94115759270,7.85577128919858e-11,0.000158365063753152,0.618861136981418
2841.85564822098,7.83371348021045e-11,0.000157920398780349,0.619954613414692
2848.77013884925,7.81171684112242e-11,0.000157476966936003,0.621045019479407
2855.68462947752,7.78978137193449e-11,0.000157034768220113,0.622132363702016
2862.59912010580,7.76790707264665e-11,0.000156593802632681,0.623216654608977
2869.51361073408,7.74609394325892e-11,0.000156154070173707,0.624297900726743
2876.42810136235,7.72434198377129e-11,0.000155715570843189,0.625376110581770
2883.34259199062,7.70265119418376e-11,0.000155278304641128,0.626451292700514
2890.25708261890,7.68102157449631e-11,0.000154842271567524,0.627523455609429
2897.17157324717,7.65945312470899e-11,0.000154407471622378,0.628592607834970
2904.08606387545,7.63794584482174e-11,0.000153973904805688,0.629658757903595
2911.00055450372,7.61649973483460e-11,0.000153541571117455,0.630721914341753
2917.91504513200,7.59511479474757e-11,0.000153110470557680,0.631782085675907
2924.82953576027,7.57378449969318e-11,0.000152680471591085,0.632839279977755
2931.74402638855,7.55250837064078e-11,0.000152251564560857,0.633893504830873
2938.65851701682,7.53129157088993e-11,0.000151823853554326,0.634944768145295
2945.57300764510,7.51013410044068e-11,0.000151397338571493,0.635993078190919
2952.48749827338,7.48903595929300e-11,0.000150972019612358,0.637038443237640
2959.40198890165,7.46799714744692e-11,0.000150547896676921,0.638080871555349
2966.31647952993,7.44701766490241e-11,0.000150124969765182,0.639120371413945
2973.23097015820,7.42609751165948e-11,0.000149703238877140,0.640156951083320
2980.14546078648,7.40523668771811e-11,0.000149282704012797,0.641190618833370
2987.05995141475,7.38443519307834e-11,0.000148863365172151,0.642221382933988
2993.97444204302,7.36369302774015e-11,0.000148445222355204,0.643249251655069
3000.88893267130,7.34301019170352e-11,0.000148028275561954,0.644274233266510
3007.80342329958,7.32238668496851e-11,0.000147612524792402,0.645296336038203
3014.71791392785,7.30181098217960e-11,0.000147197737706071,0.646315567436785
3021.63240455613,7.28129176580174e-11,0.000146784089333401,0.647331934730758
3028.54689518439,7.26083001927797e-11,0.000146371599499692,0.648345445862288
3035.46138581268,7.24042574260827e-11,0.000145960268204944,0.649356108842085
3042.37587644095,7.22007893579270e-11,0.000145550095449157,0.650363931680849
3049.29036706923,7.19978959883123e-11,0.000145141081232331,0.651368922389294
3056.20485769750,7.17955773172382e-11,0.000144733225554466,0.652371088978120
3063.11934832578,7.15938333447052e-11,0.000144326528415562,0.653370439458039
3070.03383895405,7.13926640707132e-11,0.000143920989815620,0.654366981839755
3076.94832958232,7.11920694952621e-11,0.000143516609754638,0.655360724133976
3083.86282021060,7.09920496183520e-11,0.000143113388232617,0.656351674351409
3090.77731083887,7.07926044399827e-11,0.000142711325249557,0.657339840502760
3097.69180146715,7.05936989149154e-11,0.000142310350157507,0.658325230354489
3104.60629209543,7.03952713742757e-11,0.000141910338637734,0.659307850999007
3111.52078272370,7.01973999852803e-11,0.000141511448268099,0.660287709643712
3118.43527335198,7.00000847479292e-11,0.000141113679048601,0.661264814040786
3125.34976398025,6.98033256622223e-11,0.000140717030979241,0.662239171942409
3132.26425460851,6.96071227281594e-11,0.000140321504060017,0.663210791100764
3139.17874523680,6.94114759457409e-11,0.000139927098290931,0.664179679268037
3146.09323586507,6.92163853149666e-11,0.000139533813671982,0.665145844196405
3153.00772649335,6.90218508358364e-11,0.000139141650203170,0.666109293638053
3159.92221712162,6.88278725083505e-11,0.000138750607884496,0.667070035345161
3166.83670774990,6.86344503325087e-11,0.000138360686715959,0.668028077069913
3173.75119837817,6.84415843083112e-11,0.000137971886697559,0.668983426564490
3180.66568900645,6.82492744357579e-11,0.000137584207829296,0.669936091581076
3187.58017963472,6.80574391304228e-11,0.000137197485644534,0.670886079303248
3194.49467026300,6.78661044087848e-11,0.000136811772590081,0.671833396527310
3201.40916089127,6.76753075055550e-11,0.000136427143727662,0.672778050490390
3208.32365151955,6.74850484207333e-11,0.000136043599057277,0.673720048689123
3215.23814214782,6.72953271543197e-11,0.000135661138578925,0.674659398620145
3222.15263277610,6.71061437063142e-11,0.000135279762292606,0.675596107780092
3229.06712340437,6.69174980767169e-11,0.000134899470198321,0.676530183665597
3235.98161403264,6.67293902655278e-11,0.000134520262296070,0.677461633773299
3242.89610466093,6.65418202727466e-11,0.000134142138585852,0.678390465599834
3249.81059528920,6.63547880983736e-11,0.000133765099067667,0.679316686641835
3256.72508591747,6.61682937424087e-11,0.000133389143741516,0.680240304395939
3263.63957654575,6.59823372048520e-11,0.000133014272607399,0.681161326358782
3270.55406717401,6.57969131799792e-11,0.000132640474969467,0.682079759990019
3277.46855780230,6.56119087999291e-11,0.000132267523296580,0.682995611925703
3284.38304843057,6.54274242332382e-11,0.000131895619519218,0.683908888713370
3291.29753905885,6.52434594799064e-11,0.000131524763637380,0.684819597598687
3298.21202968711,6.50600145399335e-11,0.000131154955651066,0.685727745827315
3305.12652031539,6.48770894133197e-11,0.000130786195560277,0.686633340644920
3312.04101094367,6.46946841000647e-11,0.000130418483365011,0.687536389297165
3318.95550157194,6.45127986001689e-11,0.000130051819065270,0.688436899029715
3325.86999220023,6.43314329136321e-11,0.000129686202661054,0.689334877088233
3332.78448282850,6.41505870404542e-11,0.000129321634152362,0.690230330718380
3339.69897345678,6.39702609806355e-11,0.000128958113539194,0.691123267165824
3346.61346408505,6.37904547341758e-11,0.000128595640821551,0.692013693676225
3353.52795471332,6.36111683010749e-11,0.000128234215999431,0.692901617495250
3360.44244534160,6.34323530621666e-11,0.000127873741061106,0.693787045529711
3367.35693596987,6.32539789198520e-11,0.000127514155332605,0.694669984137806
3374.27142659814,6.30761069909000e-11,0.000127155582019669,0.695550439893919
3381.18591722642,6.28987372753109e-11,0.000126798021122297,0.696428419798390
3388.10040785469,6.27218697730843e-11,0.000126441472640489,0.697303930851556
3395.01489848297,6.25455044842203e-11,0.000126085936574244,0.698176980053756
3401.92938911124,6.23696414087189e-11,0.000125731412923563,0.699047574405324
3408.84387973952,6.21942805465802e-11,0.000125377901688446,0.699915720906603
3415.75837036778,6.20194218978042e-11,0.000125025402868894,0.700781426557927
3422.67286099608,6.18450654623910e-11,0.000124673916464905,0.701644698359640
3429.58735162435,6.16712112403403e-11,0.000124323442476480,0.702505543312072
3436.50184225262,6.14978592316522e-11,0.000123973980903618,0.703363968415565
3443.41633288089,6.13250094363268e-11,0.000123625531746321,0.704219980670456
3450.33082350917,6.11525697438409e-11,0.000123277909318315,0.705073586435121
3457.24531413745,6.09805938653893e-11,0.000122931221896388,0.705924791800312
3464.15980476572,6.08091030549268e-11,0.000122585512326542,0.706773603379246
3471.07429539400,6.06380973124533e-11,0.000122240780608777,0.707620027933275
3477.98878602227,6.04675766379691e-11,0.000121897026743093,0.708464072223745
3484.90327665054,6.02975410314741e-11,0.000121554250729489,0.709305743012008
3491.81776727883,6.01279904929681e-11,0.000121212452567967,0.710145047059413
3498.73225790709,5.99589250224513e-11,0.000120871632258526,0.710981991127305
3505.64674853536,5.97903446199236e-11,0.000120531789801165,0.711816581977038
3512.56123916365,5.96222492853850e-11,0.000120192925195886,0.712648826369959
3519.47572979192,5.94546390188356e-11,0.000119855038442687,0.713478731067416
3526.39022042019,5.92875138202755e-11,0.000119518129541570,0.714306302830761
3533.30471104847,5.91208547733688e-11,0.000119182160358955,0.715131548289502
3540.21920167675,5.89545832697458e-11,0.000118846972427659,0.715954473393457
3547.13369230501,5.87887801732988e-11,0.000118512728761790,0.716775084108159
3554.04818293330,5.86234454840277e-11,0.000118179429361348,0.717593386962724
3560.96267356156,5.84585792019326e-11,0.000117847074226332,0.718409388486264
3567.87716418984,5.82941813270134e-11,0.000117515663356743,0.719223095207895
3574.79165481811,5.81302518592703e-11,0.000117185196752581,0.720034513656733
3581.70614544640,5.79667907987031e-11,0.000116855674413846,0.720843650361890
3588.62063607466,5.78037981453119e-11,0.000116527096340537,0.721650511852480
3595.53512670294,5.76412738990967e-11,0.000116199462532655,0.722455104657620
3602.44961733122,5.74792180600572e-11,0.000115872772990199,0.723257435306424
3609.36410795949,5.73176306281939e-11,0.000115547027713170,0.724057510328003
3616.27859858777,5.71565116035068e-11,0.000115222226701569,0.724855336251476
3623.19308921604,5.69958019605962e-11,0.000114898250965663,0.725650919194578
3630.10757984432,5.68355007153017e-11,0.000114575098521476,0.726444264856812
3637.02207047259,5.66756517168584e-11,0.000114252857765000,0.727235379236426
3643.93656110086,5.65162549652665e-11,0.000113931528696234,0.728024268637278
3650.85105172913,5.63573104605262e-11,0.000113611111315181,0.728810939363224
3657.76554235741,5.61988182026370e-11,0.000113291605621838,0.729595397718120
3664.68003298569,5.60407781915992e-11,0.000112973011616206,0.730377650005822
3671.59452361397,5.58831904274129e-11,0.000112655329298285,0.731157702530186
3678.50901424224,5.57260549100779e-11,0.000112338558668075,0.731935561595067
3685.42350487052,5.55693716395942e-11,0.000112022699725576,0.732711233504322
3692.33799549879,5.54131406159621e-11,0.000111707752470788,0.733484724561807
3699.25248612707,5.52573618391811e-11,0.000111393716903711,0.734256041071380
3706.16697675534,5.51020353092516e-11,0.000111080593024346,0.735025189336895
3713.08146738362,5.49470622240307e-11,0.000110768181656734,0.735792174973608
3719.99595801189,5.47925189828612e-11,0.000110456636814866,0.736557003440640
3726.91044864016,5.46384123347263e-11,0.000110145972104066,0.737319680776611
3733.82493926844,5.44847422796259e-11,0.000109836187524335,0.738080213067180
3740.73942989672,5.43315088175602e-11,0.000109527283075672,0.738838606398006
3747.65392052498,5.41787119485291e-11,0.000109219258758076,0.739594866854743
3754.56841115326,5.40263516725327e-11,0.000108912114571550,0.740349000523053
3761.48290178153,5.38744279895709e-11,0.000108605850516091,0.741101013488593
3768.39739240982,5.37229408996438e-11,0.000108300466591700,0.741850911837022
3775.31188303809,5.35718904027512e-11,0.000107995962798378,0.742598701653995
3782.22637366636,5.34212764988934e-11,0.000107692339136124,0.743344389025172
3789.14086429464,5.32710991880700e-11,0.000107389595604938,0.744087980036212
3796.05535492291,5.31213282767278e-11,0.000107087671337417,0.744829480562337
3802.96984555118,5.29719162996966e-11,0.000106786470648179,0.745568895937531
3809.88433617946,5.28229257674747e-11,0.000106486119552591,0.746306231600637
3816.79882680774,5.26743566800620e-11,0.000106186618050655,0.747041493426161
3823.71331743602,5.25262090374583e-11,0.000105887966142368,0.747774687288610
3830.62780806429,5.23784828396640e-11,0.000105590163827733,0.748505819062492
3837.54229869256,5.22311780866789e-11,0.000105293211106748,0.749234894622313
3844.45678932084,5.20842947785029e-11,0.000104997107979413,0.749961919842582
3851.37127994911,5.19378329151362e-11,0.000104701854445729,0.750686900597806
3858.28577057739,5.17917924965786e-11,0.000104407450505696,0.751409842762493
3865.20026120566,5.16461735228304e-11,0.000104113896159314,0.752130752211148
3872.11475183394,5.15009759938913e-11,0.000103821191406582,0.752849634818280
3879.02924246221,5.13561999097615e-11,0.000103529336247500,0.753566496458395
3885.94373309049,5.12117784790853e-11,0.000103238196036891,0.754281342540502
3892.85822371876,5.10677354695330e-11,0.000102947818688173,0.754994178173750
3899.77271434704,5.09240992564481e-11,0.000102658261403407,0.755705008830705
3906.68720497531,5.07808698398311e-11,0.000102369524182593,0.756413840181690
3913.60169560360,5.06380472196814e-11,0.000102081607025732,0.757120677897031
3920.51618623186,5.04956313959994e-11,0.000101794509932823,0.757825527647050
3927.43067686014,5.03536223687850e-11,0.000101508232903867,0.758528395102074
3934.34516748841,5.02120201380382e-11,0.000101222775938862,0.759229285932425
3941.25965811668,5.00708247037590e-11,0.000100938139037811,0.759928205808430
3948.17414874496,4.99300360659473e-11,0.000100654322200712,0.760625160400412
3955.08863937324,4.97896542246033e-11,0.000100371325427565,0.761320155378697
3962.00313000150,4.96496791797268e-11,0.000100089148718370,0.762013196413607
3968.91762062978,4.95101053464749e-11,9.98077808146021e-05,0.762704289136546
3975.83211125806,4.93708465804823e-11,9.95270480572098e-05,0.763393438539607
3982.74660188633,4.92319804535412e-11,9.92471068237321e-05,0.764080649555141
3989.66109251461,4.90935069656518e-11,9.89679571141690e-05,0.764765927656131
3996.57558314288,4.89554261168138e-11,9.86895989285204e-05,0.765449278315564
4003.49007377116,4.88177379070274e-11,9.84120322667866e-05,0.766130707006423
4010.40456439943,4.86804423362924e-11,9.81352571289670e-05,0.766810219201693
4017.31905502771,4.85435394046090e-11,9.78592735150620e-05,0.767487820374359
4024.23354565599,4.84070291119771e-11,9.75840814250716e-05,0.768163515997405
4031.14803628425,4.82709114583968e-11,9.73096808589959e-05,0.768837311543815
4038.06252691253,4.81351864438680e-11,9.70360718168347e-05,0.769509212486576
4044.97701754080,4.79998540683907e-11,9.67632542985880e-05,0.770179224298672
4051.89150816908,4.78649143319650e-11,9.64912283042559e-05,0.770847352453087
4058.80599879736,4.77303280049796e-11,9.62199147505805e-05,0.771513602149395
4065.72048942562,4.75960743748298e-11,9.59492718828713e-05,0.772177978169404
4072.63498005391,4.74621997061331e-11,9.56793929663065e-05,0.772840485473010
4079.54947068218,4.73287039988890e-11,9.54102780008855e-05,0.773501129342541
4086.46396131046,4.71955872530976e-11,9.51419269866084e-05,0.774159915060332
4093.37845193873,4.70628494687592e-11,9.48743399234754e-05,0.774816847908717
4100.29294256702,4.69304906458736e-11,9.46075168114864e-05,0.775471933170029
4107.20743319529,4.67985107844407e-11,9.43414576506414e-05,0.776125176126599
4114.12192382356,4.66669098844607e-11,9.40761624409404e-05,0.776776582060761
4121.03641445183,4.65356879459334e-11,9.38116311823832e-05,0.777426156254849
4127.95090508011,4.64048449688590e-11,9.35478638749703e-05,0.778073903991195
4134.86539570839,4.62743809532372e-11,9.32848605187010e-05,0.778719830552133
4141.77988633666,4.61442958990684e-11,9.30226211135760e-05,0.779363941219995
4148.69437696492,4.60145173620071e-11,9.27609996185134e-05,0.780006240772213
4155.60886759320,4.58850894677304e-11,9.25000849867857e-05,0.780646733788857
4162.52335822148,4.57560273246501e-11,9.22399076755505e-05,0.781285425262823
4169.43784884976,4.56273309327662e-11,9.19804676848074e-05,0.781922320292307
4176.35233947804,4.54990002920789e-11,9.17217650145571e-05,0.782557423975504
4183.26683010631,4.53710354025879e-11,9.14637996647985e-05,0.783190741410608
4190.18132073458,4.52434362642934e-11,9.12065716355325e-05,0.783822277695818
4197.09581136285,4.51162028771955e-11,9.09500809267589e-05,0.784452037929328
4204.01030199114,4.49893352412940e-11,9.06943275384777e-05,0.785080027209335
4210.92479261941,4.48628333565889e-11,9.04393114706886e-05,0.785706250634031
4217.83928324768,4.47366972230802e-11,9.01850327233918e-05,0.786330713301615
4224.75377387596,4.46109268407680e-11,8.99314912965873e-05,0.786953420310282
4231.66826450424,4.44855064272617e-11,8.96786553744394e-05,0.787574376648232
4238.58275513250,4.43603781953216e-11,8.94264084632321e-05,0.788193586790922
4245.49724576078,4.42356029583765e-11,8.91748731571980e-05,0.788811055234904
4252.41173638906,4.41111807164264e-11,8.89240494563371e-05,0.789426786900562
4259.32622701733,4.39871114694714e-11,8.86739373606496e-05,0.790040786708286
4266.24071764560,4.38633952175115e-11,8.84245368701354e-05,0.790653059578461
4273.15520827388,4.37400319605465e-11,8.81758479847942e-05,0.791263610431475
4280.06969890215,4.36170216985765e-11,8.79278707046263e-05,0.791872444187717
4286.98418953044,4.34943644316015e-11,8.76806050296316e-05,0.792479565767573
4293.89868015871,4.33720601596216e-11,8.74340509598102e-05,0.793084980091428
4300.81317078697,4.32501088826368e-11,8.71882084951621e-05,0.793688692079672
4307.72766141525,4.31285106006470e-11,8.69430776356874e-05,0.794290706652693
4314.64215204354,4.30072653136521e-11,8.66986583813854e-05,0.794891028730878
4321.55664267181,4.28863267109260e-11,8.64548573741276e-05,0.795489662911850
4328.47113330007,4.27656965037566e-11,8.62116780637116e-05,0.796086613482400
4335.38562392835,4.26454069757258e-11,8.59691855308444e-05,0.796681884966246
4342.30011455663,4.25254581268336e-11,8.57273797755259e-05,0.797275482112105
4349.21460518491,4.24058499570799e-11,8.54862607977563e-05,0.797867409668695
4356.12909581318,4.22865824664647e-11,8.52458285975352e-05,0.798457672384729
4363.04358644145,4.21676556549881e-11,8.50060831748630e-05,0.799046275008926
4369.95807706973,4.20490695226501e-11,8.47670245297396e-05,0.799633222290005
4376.87256769801,4.19308240694506e-11,8.45286526621650e-05,0.800218518976681
4383.78705832627,4.18129192953897e-11,8.42909675721390e-05,0.800802169817670
4390.70154895456,4.16953552004672e-11,8.40539692596618e-05,0.801384179561691
4397.61603958283,4.15781317846834e-11,8.38176577247334e-05,0.801964552957459
4404.53053021111,4.14612490480380e-11,8.35820329673536e-05,0.802543294753693
4411.44502083938,4.13446305969171e-11,8.33469409850813e-05,0.803120409166683
4418.35951146765,4.12283369746917e-11,8.31125038277377e-05,0.803695900302256
4425.27400209592,4.11123721422334e-11,8.28787294800726e-05,0.804269772715797
4432.18849272420,4.09967360995420e-11,8.26456179420856e-05,0.804842030990299
4439.10298335248,4.08814288466176e-11,8.24131692137770e-05,0.805412679708750
4446.01747398075,4.07664503834600e-11,8.21813832951465e-05,0.805981723454144
4452.93196460902,4.06518007100696e-11,8.19502601861946e-05,0.806549166809471
4459.84645523730,4.05374798264461e-11,8.17197998869207e-05,0.807115014357724
4466.76094586559,4.04234877325895e-11,8.14900023973251e-05,0.807679270681894
4473.67543649385,4.03098244285000e-11,8.12608677174079e-05,0.808241940364969
4480.58992712212,4.01964899141774e-11,8.10323958471689e-05,0.808803027989943
4487.50441775041,4.00834841896218e-11,8.08045867866082e-05,0.809362538139809
4494.41890837869,3.99707831868779e-11,8.05773920169600e-05,0.809920475229814
4501.33339900696,3.98583531501048e-11,8.03507434895796e-05,0.810476843272206
4508.24788963522,3.97462404263903e-11,8.01247346358978e-05,0.811031646366988
4515.16238026349,3.96344450157344e-11,7.98993654559145e-05,0.811584888937180
4522.07687089178,3.95229669181373e-11,7.96746359496300e-05,0.812136575405798
4528.99136152005,3.94118061335988e-11,7.94505461170443e-05,0.812686710195859
4535.90585214833,3.93009626621191e-11,7.92270959581574e-05,0.813235297730383
4542.82034277661,3.91904365036979e-11,7.90042854729690e-05,0.813782342432385
4549.73483340488,3.90802276583355e-11,7.87821146614793e-05,0.814327848724885
4556.64932403315,3.89703361260317e-11,7.85605835236882e-05,0.814871821030899
4563.56381466142,3.88607619067867e-11,7.83396920595962e-05,0.815414263773445
4570.47830528970,3.87515050006002e-11,7.81194402692024e-05,0.815955181375543
4577.39279591796,3.86425654074726e-11,7.78998281525078e-05,0.816494578260208
4584.30728654625,3.85338914004337e-11,7.76807514327376e-05,0.817032458489951
4591.22177717452,3.84255032129436e-11,7.74622508986709e-05,0.817568825907782
4598.13626780279,3.83174212608128e-11,7.72443677066884e-05,0.818103684640022
4605.05075843108,3.82096455440415e-11,7.70271018567902e-05,0.818637038955276
4611.96524905935,3.81021760626293e-11,7.68104533489759e-05,0.819168893122149
4618.87973968762,3.79950128165768e-11,7.65944221832462e-05,0.819699251409248
4625.79423031591,3.78881558058834e-11,7.63790083596005e-05,0.820228118085181
4632.70872094418,3.77816050305495e-11,7.61642118780392e-05,0.820755497418551
4639.62321157245,3.76753604905749e-11,7.59500327385620e-05,0.821281393677965
4646.53770220071,3.75694221859595e-11,7.57364709411688e-05,0.821805811132029
4653.45219282900,3.74637901167038e-11,7.55235264858603e-05,0.822328754049351
4660.36668345727,3.73584642828072e-11,7.53111993726356e-05,0.822850226698534
4667.28117408555,3.72534393967143e-11,7.50994789422733e-05,0.823370233311335
4674.19566471382,3.71486523715181e-11,7.48882380174195e-05,0.823888777642971
4681.11015534211,3.70441608895903e-11,7.46775928803862e-05,0.824405863410999
4688.02464597038,3.69399649509311e-11,7.44675435311737e-05,0.824921494734983
4694.93913659865,3.68360645555403e-11,7.42580899697818e-05,0.825435675734496
4701.85362722692,3.67324597034181e-11,7.40492321962105e-05,0.825948410529107
4708.76811785520,3.66291503945643e-11,7.38409702104596e-05,0.826459703238385
4715.68260848347,3.65261366289790e-11,7.36333040125294e-05,0.826969557981897
4722.59709911175,3.64234184066622e-11,7.34262336024200e-05,0.827477978879216
4729.51158974001,3.63209957276139e-11,7.32197589801312e-05,0.827984970049908
4736.42608036830,3.62188685918341e-11,7.30138801456628e-05,0.828490535613546
4743.34057099657,3.61170369993228e-11,7.28085970990151e-05,0.828994679689696
4750.25506162486,3.60155009500800e-11,7.26039098401882e-05,0.829497406397930
4757.16955225313,3.59142297524303e-11,7.23997564976106e-05,0.829998719643908
4764.08404288139,3.58132098040684e-11,7.21961096502962e-05,0.830498623024590
4770.99853350968,3.57124750794024e-11,7.19930377875013e-05,0.830997120278920
4777.91302413796,3.56120255784323e-11,7.17905409092257e-05,0.831494215382620
4784.82751476622,3.55118613011583e-11,7.15886190154697e-05,0.831989912311414
4791.74200539448,3.54119822475801e-11,7.13872721062330e-05,0.832484215041028
4798.65649602276,3.53123884176979e-11,7.11865001815156e-05,0.832977127547189
4805.57098665104,3.52130798115118e-11,7.09863032413179e-05,0.833468653805621
4812.48547727931,3.51140564290216e-11,7.07866812856395e-05,0.833958797792048
4819.39996790760,3.50153182702273e-11,7.05876343144807e-05,0.834447563482196
4826.31445853587,3.49168653351290e-11,7.03891623278411e-05,0.834934954851790
4833.22894916415,3.48186976237266e-11,7.01912653257209e-05,0.835420975876555
4840.14343979243,3.47208151360202e-11,6.99939433081204e-05,0.835905630532216
4847.05793042068,3.46231621388256e-11,6.97970839221085e-05,0.836388922406064
4853.97242104896,3.45257739726578e-11,6.96007584108862e-05,0.836870854943272
4860.88691167725,3.44286610703875e-11,6.94049878061535e-05,0.837351431908019
4867.80140230552,3.43318234320147e-11,6.92097721079101e-05,0.837830657137203
4874.71589293380,3.42352610575395e-11,6.90151113161563e-05,0.838308534467718
4881.63038356207,3.41389739469617e-11,6.88210054308918e-05,0.838785067736460
4888.54487419034,3.40429621002816e-11,6.86274544521168e-05,0.839260260780326
4895.45936481862,3.39472255174988e-11,6.84344583798311e-05,0.839734117436211
4902.37385544689,3.38517641986136e-11,6.82420172140350e-05,0.840206641541010
4909.28834607516,3.37565781436259e-11,6.80501309547283e-05,0.840677836931620
4916.20283670344,3.36616673525358e-11,6.78587996019111e-05,0.841147707444937
4923.11732733173,3.35670318253432e-11,6.76680231555833e-05,0.841616256917856
4930.03181795998,3.34726586878459e-11,6.74777756625472e-05,0.842083489097544
4936.94630858826,3.33785062067679e-11,6.72879729923889e-05,0.842549407350587
4943.86079921654,3.32846193771854e-11,6.70987058510089e-05,0.843014015066302
4950.77528984483,3.31909981990985e-11,6.69099742384075e-05,0.843477315947595
4957.68978047310,3.30976426725068e-11,6.67217781545840e-05,0.843939313697376
4964.60427110138,3.30045527974107e-11,6.65341175995392e-05,0.844400012018554
4971.51876172965,3.29117285738101e-11,6.63469925732726e-05,0.844859414614036
4978.43325235793,3.28191700017049e-11,6.61604030757844e-05,0.845317525186732
4985.34774298620,3.27268770810952e-11,6.59743491070746e-05,0.845774347439550
4992.26223361446,3.26348498119809e-11,6.57888306671430e-05,0.846229885075400
4999.17672424273,3.25430881943620e-11,6.56038477559897e-05,0.846684141797190
5006.09121487101,3.24515922282387e-11,6.54194003736149e-05,0.847137121307830
5013.00570549930,3.23603619136108e-11,6.52354885200184e-05,0.847588827310227
5019.92019612756,3.22693613645892e-11,6.50520398525758e-05,0.848039263257183
5026.83468675584,3.21785937287826e-11,6.48690607165743e-05,0.848488432373334
5033.74917738413,3.20880824674651e-11,6.46865984077664e-05,0.848936338068762
5040.66366801240,3.19978275806364e-11,6.45046529261522e-05,0.849382983917063
5047.57815864066,3.19078290682969e-11,6.43232242717318e-05,0.849828373491835
5054.49264926893,3.18180869304462e-11,6.41423124445047e-05,0.850272510366675
5061.40713989722,3.17286011670846e-11,6.39619174444714e-05,0.850715398115181
5068.32163052549,3.16393717782120e-11,6.37820392716319e-05,0.851157040310947
5075.23612115375,3.15503987638283e-11,6.36026779259859e-05,0.851597440527570
5082.15061178201,3.14616821239337e-11,6.34238334075337e-05,0.852036602338648
5089.06510241031,3.13732218585281e-11,6.32455057162750e-05,0.852474529317781
5095.97959303859,3.12850179676115e-11,6.30676948522101e-05,0.852911225038560
5102.89408366686,3.11970704511838e-11,6.28904008153388e-05,0.853346693074584
5109.80857429514,3.11093207614707e-11,6.27135055787776e-05,0.853780936591402
5116.72306492341,3.10218163898818e-11,6.25371048808040e-05,0.854213958677507
5123.63755555170,3.09345594395503e-11,6.23612029611395e-05,0.854645762767037
5130.55204617996,3.08475499104761e-11,6.21857998197839e-05,0.855076352308791
5137.46653680823,3.07607878026595e-11,6.20108954567377e-05,0.855505730751567
5144.38102743651,3.06742731161001e-11,6.18364898720003e-05,0.855933901544163
5151.29551806479,3.05880058507982e-11,6.16625830655722e-05,0.856360868135377
5158.21000869308,3.05019860067537e-11,6.14891750374531e-05,0.856786633974007
5165.12449932135,3.04162135839666e-11,6.13162657876432e-05,0.857211202508850
5172.03898994961,3.03306885824369e-11,6.11438553161422e-05,0.857634577188704
5178.95348057791,3.02454110021647e-11,6.09719436229506e-05,0.858056761462370
5185.86797120616,3.01603808431498e-11,6.08005307080678e-05,0.858477758778640
5192.78246183442,3.00755790849269e-11,6.06295782279999e-05,0.858897572453754
5199.69695246271,2.99909819774789e-11,6.04590383049149e-05,0.859316205505858
5206.61144309100,2.99066236505893e-11,6.02889797412911e-05,0.859733661025441
5213.52593371927,2.98225041042580e-11,6.01194025371284e-05,0.860149942340855
5220.44042434753,2.97386233384851e-11,5.99503066924269e-05,0.860565052780459
5227.35491497582,2.96549813532704e-11,5.97816922071862e-05,0.860978995672607
5234.26940560410,2.95715781486141e-11,5.96135590814068e-05,0.861391774345655
5241.18389623238,2.94884137245161e-11,5.94459073150885e-05,0.861803392127959
5248.09838686063,2.94054880809766e-11,5.92787369082314e-05,0.862213852347871
5255.01287748891,2.93228012179952e-11,5.91120478608352e-05,0.862623158333751
5261.92736811720,2.92403531355723e-11,5.89458401729002e-05,0.863031313413953
5268.84185874545,2.91581438337076e-11,5.87801138444262e-05,0.863438320916831
5275.75634937372,2.90761733124013e-11,5.86148688754135e-05,0.863844184170742
5282.67084000200,2.89944017149816e-11,5.84500249185079e-05,0.864248906226261
5289.58533063028,2.89128459776044e-11,5.82856161154292e-05,0.864652489974219
5296.49982125857,2.88315206817499e-11,5.81216718610891e-05,0.865054938525108
5303.41431188684,2.87504258274181e-11,5.79581921554875e-05,0.865456255091045
5310.32880251512,2.86695614146088e-11,5.77951769986244e-05,0.865856442884149
5317.24329314339,2.85889274433224e-11,5.76326263905001e-05,0.866255505116537
5324.15778377168,2.85085239135586e-11,5.74705403311142e-05,0.866653445000328
5331.07227439994,2.84283508253174e-11,5.73089188204669e-05,0.867050265747639
5337.98676502821,2.83484081785989e-11,5.71477618585582e-05,0.867445970570587
5344.90125565649,2.82686959734031e-11,5.69870694453881e-05,0.867840562681293
5351.81574628475,2.81892142097300e-11,5.68268415809567e-05,0.868234045291872
5358.73023691305,2.81099628875795e-11,5.66670782652636e-05,0.868626421614445
5365.64472754131,2.80309372198885e-11,5.65077698480337e-05,0.869017694827762
5372.55921816960,2.79520912096334e-11,5.63488236035333e-05,0.869407867756643
5379.47370879787,2.78734675930257e-11,5.61903256840010e-05,0.869796943203174
5386.38819942614,2.77950663700652e-11,5.60322760894369e-05,0.870184924267295
5393.30269005441,2.77168875407521e-11,5.58746748198411e-05,0.870571814048945
5400.21718068269,2.76389311050862e-11,5.57175218752134e-05,0.870957615648064
5407.13167131095,2.75611970630676e-11,5.55608172555537e-05,0.871342332164588
5414.04616193923,2.74836854146963e-11,5.54045609608624e-05,0.871725966698458
5420.96065256751,2.74063961599723e-11,5.52487529911391e-05,0.872108522349613
5427.87514319579,2.73293292988956e-11,5.50933933463842e-05,0.872490002217990
5434.78963382407,2.72524848314662e-11,5.49384820265973e-05,0.872870409403529
5441.70412445234,2.71758627576841e-11,5.47840190317787e-05,0.873249747006169
5448.61861508061,2.70994630775493e-11,5.46300043619281e-05,0.873628018125848
5455.53310570888,2.70232618665965e-11,5.44763897875425e-05,0.874005225695763
5462.44759633715,2.69472504152368e-11,5.43231577508983e-05,0.874381372421670
5469.36208696543,2.68714535906635e-11,5.41703583819510e-05,0.874756461121935
5476.27657759371,2.67958713928763e-11,5.40179916807002e-05,0.875130494788233
5483.19106822197,2.67205038218756e-11,5.38660576471462e-05,0.875503476412242
5490.10555885026,2.66453508776610e-11,5.37145562812887e-05,0.875875408985639
5497.02004947854,2.65704125602328e-11,5.35634875831280e-05,0.876246295500099
5503.93454010680,2.64956888695909e-11,5.34128515526641e-05,0.876616138947299
5510.84903073509,2.64211798057353e-11,5.32626481898968e-05,0.876984942318918
5517.76352136337,2.63468853686659e-11,5.31128774948261e-05,0.877352708606630
5524.67801199162,2.62728055583828e-11,5.29635394674520e-05,0.877719440802113
5531.59250261992,2.61989403748861e-11,5.28146341077749e-05,0.878085141897045
5538.50699324818,2.61252898181755e-11,5.26661614157942e-05,0.878449814883099
5545.42148387646,2.60518111036515e-11,5.25180351417248e-05,0.878813462453770
5552.33597450473,2.59785323914416e-11,5.23703120537726e-05,0.879176087200619
5559.25046513301,2.59054608103730e-11,5.22230065229919e-05,0.879537691961159
5566.16495576128,2.58325963604458e-11,5.20761185493830e-05,0.879898279622583
5573.07944638955,2.57599390416599e-11,5.19296481329455e-05,0.880257853072089
5579.99393701784,2.56874888540153e-11,5.17835952736795e-05,0.880616415196871
5586.90842764611,2.56152457975121e-11,5.16379599715855e-05,0.880973968884124
5593.82291827438,2.55432098721503e-11,5.14927422266629e-05,0.881330517021042
5600.73740890266,2.54713810779297e-11,5.13479420389119e-05,0.881686062494822
5607.65189953092,2.53997594148505e-11,5.12035594083324e-05,0.882040608192657
5614.56639015921,2.53283448829125e-11,5.10595943349245e-05,0.882394157001746
5621.48088078748,2.52571374821161e-11,5.09160468186885e-05,0.882746711809280
5628.39537141576,2.51861267835214e-11,5.07728958358491e-05,0.883098275429773
5635.30986204403,2.51152827477208e-11,5.06300808297463e-05,0.883448850395689
5642.22435267232,2.50446386091717e-11,5.04876687979641e-05,0.883798439261766
5649.13884330058,2.49741943678743e-11,5.03456597405028e-05,0.884147044814364
5656.05333392886,2.49039500238284e-11,5.02040536573620e-05,0.884494669839847
5662.96782455713,2.48339055770340e-11,5.00628505485419e-05,0.884841317124576
5669.88231518540,2.47640610274913e-11,4.99220504140426e-05,0.885186989454913
5676.79680581368,2.46944163752000e-11,4.97816532538640e-05,0.885531689617221
5683.71129644195,2.46249716201603e-11,4.96416590680059e-05,0.885875420397862
5690.62578707022,2.45557267623723e-11,4.95020678564687e-05,0.886218184583197
5697.54027769851,2.44866818018357e-11,4.93628796192521e-05,0.886559984959590
5704.45476832678,2.44178367385508e-11,4.92240943563563e-05,0.886900824313403
5711.36925895504,2.43491915725174e-11,4.90857120677812e-05,0.887240705430996
5718.28374958332,2.42807185426029e-11,4.89476767896577e-05,0.887579630905252
5725.19824021161,2.42124214195606e-11,4.88099961234751e-05,0.887917603161853
5732.11273083989,2.41443172125015e-11,4.86727043580236e-05,0.888254624771302
5739.02722146815,2.40764059214256e-11,4.85358014933033e-05,0.888590698422650
5745.94171209643,2.40086875463330e-11,4.83992875293141e-05,0.888925826804949
5752.85620272470,2.39411620872235e-11,4.82631624660560e-05,0.889260012607249
5759.77069335298,2.38738295440972e-11,4.81274263035290e-05,0.889593258518599
5766.68518398125,2.38066899169541e-11,4.79920790417332e-05,0.889925567228051
5773.59967460952,2.37397432057943e-11,4.78571206806684e-05,0.890256941424655
5780.51416523780,2.36729894106176e-11,4.77225512203348e-05,0.890587383797462
5787.42865586609,2.36064285314241e-11,4.75883706607323e-05,0.890916897035522
5794.34314649434,2.35400605682139e-11,4.74545790018610e-05,0.891245483827884
5801.25763712261,2.34738855209868e-11,4.73211762437207e-05,0.891573146863600
5808.17212775091,2.34078585623303e-11,4.71880720184048e-05,0.891899888519298
5815.08661837918,2.33420168631041e-11,4.70553412589197e-05,0.892225711118240
5822.00110900744,2.32763613423970e-11,4.69229858180629e-05,0.892550617249156
5828.91559963573,2.32108920002091e-11,4.67910056958345e-05,0.892874609507187
5835.83009026401,2.31456088365403e-11,4.66594008922345e-05,0.893197690487468
5842.74458089228,2.30805118513905e-11,4.65281714072626e-05,0.893519862785136
5849.65907152054,2.30156010447599e-11,4.63973172409192e-05,0.893841128995329
5856.57356214883,2.29508764166484e-11,4.62668383932041e-05,0.894161491713184
5863.48805277711,2.28863379670560e-11,4.61367348641174e-05,0.894480953533837
5870.40254340539,2.28219856959827e-11,4.60070066536590e-05,0.894799517052427
5877.31703403365,2.27578196034285e-11,4.58776537618289e-05,0.895117184864089
5884.23152466192,2.26938396893934e-11,4.57486761886271e-05,0.895433959563962
5891.14601529020,2.26300309620695e-11,4.56200437119593e-05,0.895749843642697
5898.06050591848,2.25663768051264e-11,4.54917228348444e-05,0.896064839370654
5904.97499654676,2.25029023245318e-11,4.53637641685847e-05,0.896378949077360
5911.88948717503,2.24396075202855e-11,4.52361677131802e-05,0.896692175267320
5918.80397780330,2.23764923923877e-11,4.51089334686309e-05,0.897004520445035
5925.71846843159,2.23135569408383e-11,4.49820614349370e-05,0.897315987115012
5932.63295905986,2.22508011656373e-11,4.48555516120982e-05,0.897626577781752
5939.54744968813,2.21882250667848e-11,4.47294040001148e-05,0.897936294949760
5946.46194031640,2.21258286442807e-11,4.46036185989865e-05,0.898245141123538
5953.37643094468,2.20636118981250e-11,4.44781954087137e-05,0.898553118807591
5960.29092157296,2.20015748283177e-11,4.43531344292959e-05,0.898860230506423
5967.20541220122,2.19397174348588e-11,4.42284356607334e-05,0.899166478724535
5974.11990282951,2.18780397177484e-11,4.41040991030262e-05,0.899471865966433
5981.03439345778,2.18165109928075e-11,4.39800628997152e-05,0.899776394522767
5987.94888408605,2.17551452904246e-11,4.38563553347625e-05,0.900080066568118
5994.86337471432,2.16939529892982e-11,4.37329973306616e-05,0.900382884447189
6001.77786534261,2.16329340894281e-11,4.36099888874122e-05,0.900684850577014
6008.69235597088,2.15720885908144e-11,4.34873300050145e-05,0.900985967374629
6015.60684659917,2.15114164934572e-11,4.33650206834686e-05,0.901286237257069
6022.52133722743,2.14509177973562e-11,4.32430609227741e-05,0.901585662641368
6029.43582785570,2.13905925025117e-11,4.31214507229314e-05,0.901884245944563
6036.35031848396,2.13304406089236e-11,4.30001900839404e-05,0.902181989583688
6043.26480911225,2.12704621165918e-11,4.28792790058009e-05,0.902478895975780
6050.17929974052,2.12106570255164e-11,4.27587174885131e-05,0.902774967537871
6057.09379036879,2.11510253356974e-11,4.26385055320770e-05,0.903070206686999
6064.00828099709,2.10915628360590e-11,4.25186346473543e-05,0.903364615810851
6070.92277162537,2.10322360371005e-11,4.23990373226172e-05,0.903658197034357
6077.83726225362,2.09730765834561e-11,4.22797773505141e-05,0.903950952469592
6084.75175288189,2.09140844751261e-11,4.21608547310450e-05,0.904242884449178
6091.66624351017,2.08552597121104e-11,4.20422694642099e-05,0.904533995305738
6098.58073413846,2.07966022944089e-11,4.19240215500088e-05,0.904824287371893
6105.49522476675,2.07381122220218e-11,4.18061109884418e-05,0.905113762980264
6112.40971539500,2.06797894949490e-11,4.16885377795089e-05,0.905402424463472
6119.32420602327,2.06216341131905e-11,4.15713019232099e-05,0.905690274154140
6126.23869665155,2.05636460767462e-11,4.14544034195450e-05,0.905977314384889
6133.15318727982,2.05058253856162e-11,4.13378422685140e-05,0.906263547488341
6140.06767790809,2.04481720398006e-11,4.12216184701172e-05,0.906548975797117
6146.98216853638,2.03906860392992e-11,4.11057320243543e-05,0.906833601643840
6153.89665916464,2.03333487591801e-11,4.09901453850896e-05,0.907117427231323
6160.81114979293,2.02761547982566e-11,4.08748476640319e-05,0.907400454594935
6167.72564042119,2.02191223382028e-11,4.07598755137501e-05,0.907682685859111
6174.64013104947,2.01622513790188e-11,4.06452289342443e-05,0.907964123275011
6181.55462167774,2.01055419207047e-11,4.05309079255144e-05,0.908244769093789
6188.46911230602,2.00489939632604e-11,4.04169124875604e-05,0.908524625566602
6195.38360293429,1.99926075066858e-11,4.03032426203823e-05,0.908803694944605
6202.29809356257,1.99363825509810e-11,4.01898983239802e-05,0.909081979478956
6209.21258419085,1.98803190961461e-11,4.00768795983540e-05,0.909359481420809
6216.12707481913,1.98244171421809e-11,3.99641864435038e-05,0.909636203021321
6223.04156544740,1.97686766890855e-11,3.98518188594294e-05,0.909912146531647
6229.95605607566,1.97130977368600e-11,3.97397768461311e-05,0.910187314202945
6236.87054670396,1.96576802855043e-11,3.96280604036087e-05,0.910461708286371
6243.78503733223,1.96023915066659e-11,3.95166033529482e-05,0.910735330804282
6250.69952796050,1.95472537693714e-11,3.94054507880326e-05,0.911008183706143
6257.61401858877,1.94922718926143e-11,3.92946124235059e-05,0.911280269130903
6264.52850921703,1.94374458763946e-11,3.91840882593682e-05,0.911551589251098
6271.44299984531,1.93827757207124e-11,3.90738782956194e-05,0.911822146239264
6278.35749047360,1.93282614255675e-11,3.89639825322594e-05,0.912091942267937
6285.27198110187,1.92739029909600e-11,3.88544009692883e-05,0.912360979509652
6292.18647173014,1.92197004168900e-11,3.87451336067062e-05,0.912629260136943
6299.10096235843,1.91656537033573e-11,3.86361804445130e-05,0.912896786322349
6306.01545298671,1.91117628503620e-11,3.85275414827086e-05,0.913163560238404
6312.92994361496,1.90580278579041e-11,3.84192167212932e-05,0.913429584057642
6319.84443424324,1.90044487259836e-11,3.83112061602666e-05,0.913694859952601
6326.75892487151,1.89510170486056e-11,3.82034928539227e-05,0.913959390037230
6333.67341549979,1.88977112532955e-11,3.80960333141535e-05,0.914223176216546
6340.58790612806,1.88445558751746e-11,3.79888770014880e-05,0.914486220416211
6347.50239675634,1.87915509142430e-11,3.78820239159265e-05,0.914748524732888
6354.41688738463,1.87386963705006e-11,3.77754740574686e-05,0.915010091263236
6361.33137801291,1.86859922439474e-11,3.76692274261148e-05,0.915270922103916
6368.24586864117,1.86334385345836e-11,3.75632840218647e-05,0.915531019351590
6375.16035926944,1.85810352424089e-11,3.74576438447185e-05,0.915790385102919
6382.07484989773,1.85287823674235e-11,3.73523068946760e-05,0.916049021454564
6388.98934052599,1.84766799096273e-11,3.72472731717374e-05,0.916306930503185
6395.90383115425,1.84247278690204e-11,3.71425426759027e-05,0.916564114345443
6402.81832178254,1.83729262456027e-11,3.70381154071717e-05,0.916820575078001
6409.73281241081,1.83212750393743e-11,3.69339913655447e-05,0.917076314797518
6416.64730303909,1.82697527907419e-11,3.68301272904716e-05,0.917331335451093
6423.56179366737,1.82183633947171e-11,3.67265310339350e-05,0.917585638863409
6430.47628429564,1.81671191626386e-11,3.66232274144514e-05,0.917839226972098
6437.39077492393,1.81160200945064e-11,3.65202164320209e-05,0.918092101800596
6444.30526555221,1.80650661903203e-11,3.64174980866436e-05,0.918344265372340
6451.21975618046,1.80142574500805e-11,3.63150723783193e-05,0.918595719710764
6458.13424680874,1.79635938737869e-11,3.62129393070480e-05,0.918846466839307
6465.04873743701,1.79130754614394e-11,3.61110988728298e-05,0.919096508781404
6471.96322806529,1.78627022130382e-11,3.60095510756647e-05,0.919345847560491
6478.87771869357,1.78124741285833e-11,3.59082959155528e-05,0.919594485200004
6485.79220932185,1.77623912080745e-11,3.58073333924938e-05,0.919842423723380
6492.70669995013,1.77124534515120e-11,3.57066635064880e-05,0.920089665154055
6499.62119057840,1.76626608588957e-11,3.56062862575353e-05,0.920336211515463
6506.53568120668,1.76129791186562e-11,3.55061324766939e-05,0.920582064591909
6513.45017183494,1.75634372815502e-11,3.54062607275947e-05,0.920827226131029
6520.36466246321,1.75140355386135e-11,3.53066713953487e-05,0.921071698084260
6527.27915309150,1.74647738898461e-11,3.52073644799557e-05,0.921315482404371
6534.19364371978,1.74156523352480e-11,3.51083399814156e-05,0.921558581044130
6541.10813434803,1.73666708748192e-11,3.50095978997287e-05,0.921800995956306
6548.02262497630,1.73178295085598e-11,3.49111382348948e-05,0.922042729093669
6554.93711560460,1.72691282364698e-11,3.48129609869140e-05,0.922283782408986
6561.85160623285,1.72205670585490e-11,3.47150661557862e-05,0.922524157855026
6568.76609686113,1.71721459747976e-11,3.46174537415114e-05,0.922763857384558
6575.68058748942,1.71238649852155e-11,3.45201237440896e-05,0.923002882950352
6582.59507811769,1.70757240898027e-11,3.44230761635209e-05,0.923241236505174
6589.50956874597,1.70277114956158e-11,3.43262872263250e-05,0.923478919919604
6596.42405937423,1.69798156465616e-11,3.42297336364895e-05,0.923715934901487
6603.33855000251,1.69320549989586e-11,3.41334526002413e-05,0.923952283206763
6610.25304063078,1.68844295528070e-11,3.40374441175804e-05,0.924187966720002
6617.16753125906,1.68369393081068e-11,3.39417081885068e-05,0.924422987325771
6624.08202188733,1.67895842648578e-11,3.38462448130205e-05,0.924657346908640
6630.99651251562,1.67423644230603e-11,3.37510539911216e-05,0.924891047353180
6637.91100314389,1.66952797827140e-11,3.36561357228100e-05,0.925124090543957
6644.82549377218,1.66483303438191e-11,3.35614900080857e-05,0.925356478365543
6651.73998440045,1.66015161063755e-11,3.34671168469487e-05,0.925588212702506
6658.65447502872,1.65548370703833e-11,3.33730162393990e-05,0.925819295439415
6665.56896565699,1.65082932358423e-11,3.32791881854367e-05,0.926049728460839
6672.48345628527,1.64618846027528e-11,3.31856326850616e-05,0.926279513651349
6679.39794691355,1.64155875600586e-11,3.30923021405750e-05,0.926508652730956
6686.31243754180,1.63694136352607e-11,3.29992197903490e-05,0.926737147335455
6693.22692817009,1.63233701900714e-11,3.29064004749134e-05,0.926964999232293
6700.14141879838,1.62774572244908e-11,3.28138441942683e-05,0.927192210240220
6707.05590942664,1.62316747385189e-11,3.27215509484137e-05,0.927418782177986
6713.97040005492,1.61860227321558e-11,3.26295207373498e-05,0.927644716864346
6720.88489068319,1.61405012054013e-11,3.25377535610761e-05,0.927870016118049
6727.79938131146,1.60951101582556e-11,3.24462494195930e-05,0.928094681757848
6734.71387193975,1.60498495907185e-11,3.23550083129004e-05,0.928318715602494
6741.62836256801,1.60047195027902e-11,3.22640302409983e-05,0.928542119470738
6748.54285319629,1.59597198944706e-11,3.21733152038867e-05,0.928764895181333
6755.45734382456,1.59148507657598e-11,3.20828632015656e-05,0.928987044553030
6762.37183445283,1.58701084886639e-11,3.19926669203361e-05,0.929208569379294
6769.28632508111,1.58254687103279e-11,3.19026772671009e-05,0.929429471258582
6776.20081570939,1.57809548546658e-11,3.18129414622980e-05,0.929649751782871
6783.11530633765,1.57365669216775e-11,3.17234595059276e-05,0.929869412707395
6790.02979696595,1.56923049113630e-11,3.16342313979895e-05,0.930088455787388
6796.94428759422,1.56481688237223e-11,3.15452571384837e-05,0.930306882778080
6803.85877822248,1.56041586587555e-11,3.14565367274103e-05,0.930524695434705
6810.77326885077,1.55602744164625e-11,3.13680701647694e-05,0.930741895512496
6817.68775947904,1.55165160968433e-11,3.12798574505608e-05,0.930958484766684
6824.60225010730,1.54728836998979e-11,3.11918985847845e-05,0.931174464952503
6831.51674073557,1.54293772256264e-11,3.11041935674406e-05,0.931389837825185
6838.43123136386,1.53859966740287e-11,3.10167423985292e-05,0.931604605139964
6845.34572199215,1.53427420451048e-11,3.09295450780501e-05,0.931818768652071
6852.26021262041,1.52995988548753e-11,3.08425724076440e-05,0.932032330015792
6859.17470324869,1.52565639085901e-11,3.07558179469911e-05,0.932245290762205
6866.08919387696,1.52136504871924e-11,3.06693084692412e-05,0.932457652492677
6873.00368450524,1.51708585906822e-11,3.05830439743942e-05,0.932669416901143
6879.91817513350,1.51281882190593e-11,3.04970244624499e-05,0.932880585681533
6886.83266576178,1.50856393723239e-11,3.04112499334086e-05,0.933091160527780
6893.74715639006,1.50432120504760e-11,3.03257203872702e-05,0.933301143133817
6900.66164701833,1.50009062535155e-11,3.02404358240346e-05,0.933510535193573
6907.57613764663,1.49587219814424e-11,3.01553962437019e-05,0.933719338400984
6914.49062827490,1.49166592342567e-11,3.00706016462720e-05,0.933927554449978
6921.40511890316,1.48747180119586e-11,2.99860520317451e-05,0.934135185034488
6928.31960953144,1.48328983145478e-11,2.99017474001210e-05,0.934342231848448
6935.23410015970,1.47912001420245e-11,2.98176877513998e-05,0.934548696585789
6942.14859078799,1.47495983140334e-11,2.97338223243204e-05,0.934754580764948
6949.06308141625,1.47081105519508e-11,2.96501868435343e-05,0.934959885852378
6955.97757204454,1.46667400705597e-11,2.95667877897455e-05,0.935164613460447
6962.89206267281,1.46254868698600e-11,2.94836251629540e-05,0.935368765223925
6969.80655330107,1.45843509498518e-11,2.94006989631599e-05,0.935572342777586
6976.72104392936,1.45433323105349e-11,2.93180091903630e-05,0.935775347756202
6983.63553455765,1.45024309519095e-11,2.92355558445635e-05,0.935977781794546
6990.55002518592,1.44616468739756e-11,2.91533389257613e-05,0.936179646527388
6997.46451581418,1.44209800767330e-11,2.90713584339565e-05,0.936380943589502
7004.37900644246,1.43804305601819e-11,2.89896143691489e-05,0.936581674615660
7011.29349707073,1.43399983243223e-11,2.89081067313387e-05,0.936781841240633
7018.20798769899,1.42996833691540e-11,2.88268355205258e-05,0.936981445099195
7025.12247832729,1.42594789481799e-11,2.87457871363974e-05,0.937180487779099
7032.03696895556,1.42193696069264e-11,2.86649304241678e-05,0.937378970713366
7038.95145958383,1.41793734503946e-11,2.85843018818407e-05,0.937576895353494
7045.86595021212,1.41394904785846e-11,2.85039015094158e-05,0.937774263277162
7052.78044084039,1.40997206914963e-11,2.84237293068934e-05,0.937971076062046
7059.69493146867,1.40600640891298e-11,2.83437852742732e-05,0.938167335285827
7066.60942209694,1.40205206714851e-11,2.82640694115554e-05,0.938363042526183
7073.52391272520,1.39810904385622e-11,2.81845817187399e-05,0.938558199360792
7080.43840335349,1.39417733903610e-11,2.81053221958268e-05,0.938752807367335
7087.35289398176,1.39025695268816e-11,2.80262908428160e-05,0.938946868123487
7094.26738461002,1.38634788481239e-11,2.79474876597075e-05,0.939140383206929
7101.18187523830,1.38245013540881e-11,2.78689126465014e-05,0.939333354195340
7108.09636586660,1.37856370447740e-11,2.77905658031977e-05,0.939525782666398
7115.01085649483,1.37468693425637e-11,2.77124137108559e-05,0.939717670082243
7121.92534712312,1.37082019761089e-11,2.76344638860920e-05,0.939909017815467
7128.83983775142,1.36696438414558e-11,2.75567342625102e-05,0.940099827326649
7135.75432837967,1.36311949386044e-11,2.74792248401106e-05,0.940290100138365
7142.66881900797,1.35928552675548e-11,2.74019356188931e-05,0.940479837773197
7149.58330963623,1.35546248283069e-11,2.73248665988578e-05,0.940669041753721
7156.49780026450,1.35165036208608e-11,2.72480177800047e-05,0.940857713602519
7163.41229089279,1.34784916452165e-11,2.71713891623338e-05,0.941045854842169
7170.32678152106,1.34405889013738e-11,2.70949807458450e-05,0.941233466995249
7177.24127214932,1.34027953893329e-11,2.70187925305383e-05,0.941420551584339
7184.15576277761,1.33651111090938e-11,2.69428245164139e-05,0.941607110132018
7191.07025340588,1.33275360606564e-11,2.68670767034716e-05,0.941793144160865
7197.98474403418,1.32900700101780e-11,2.67915486203061e-05,0.941978655191829
7204.89923466244,1.32526874032837e-11,2.67161887516678e-05,0.942163644566128
7211.81372529071,1.32154102133249e-11,2.66410413937950e-05,0.942348113600024
7218.72821591898,1.31782384403016e-11,2.65661065466877e-05,0.942532063762919
7225.64270654727,1.31411720842136e-11,2.64913842103458e-05,0.942715496524219
7232.55719717553,1.31042111450611e-11,2.64168743847694e-05,0.942898413353326
7239.47168780380,1.30673556228441e-11,2.63425770699585e-05,0.943080815719644
7246.38617843208,1.30306055175625e-11,2.62684922659132e-05,0.943262705092578
7253.30066906036,1.29939608292163e-11,2.61946199726332e-05,0.943444082941530
7260.21515968864,1.29574215578056e-11,2.61209601901189e-05,0.943624950735904
7267.12965031690,1.29209877033303e-11,2.60475129183700e-05,0.943805309945103
7274.04414094517,1.28846592657905e-11,2.59742781573866e-05,0.943985162038533
7280.95863157346,1.28484362451861e-11,2.59012559071687e-05,0.944164508485596
7287.87312220172,1.28123093814931e-11,2.58284275003664e-05,0.944343350691159
7294.78761282999,1.27762706936788e-11,2.57557768479585e-05,0.944521689939925
7301.70210345826,1.27403337411660e-11,2.56833312844833e-05,0.944699527555479
7308.61659408656,1.27044985239547e-11,2.56110908099408e-05,0.944876864955907
7315.53108471482,1.26687650420447e-11,2.55390554243311e-05,0.945053703559293
7322.44557534309,1.26331332954362e-11,2.54672251276541e-05,0.945230044783723
7329.36006597138,1.25976032841290e-11,2.53955999199098e-05,0.945405890047283
7336.27455659965,1.25621750081234e-11,2.53241798010983e-05,0.945581240768057
7343.18904722794,1.25268484674191e-11,2.52529647712195e-05,0.945756098364132
7350.10353785621,1.24916236620162e-11,2.51819548302735e-05,0.945930464253593
7357.01802848448,1.24565005919148e-11,2.51111499782602e-05,0.946104339854526
7363.93251911276,1.24214792571148e-11,2.50405502151796e-05,0.946277726585016
7370.84700974103,1.23865596576162e-11,2.49701555410318e-05,0.946450625863148
7377.76150036931,1.23517236330842e-11,2.48999293462660e-05,0.946623038980440
7384.67599099757,1.23169805892862e-11,2.48298905920367e-05,0.946794967167395
7391.59048162586,1.22823357277347e-11,2.47600497641112e-05,0.946966411756320
7398.50497225413,1.22477890484299e-11,2.46904068624894e-05,0.947137374115774
7405.41946288241,1.22133405513717e-11,2.46209618871715e-05,0.947307855614317
7412.33395351068,1.21789902365601e-11,2.45517148381572e-05,0.947477857620510
7419.24844413896,1.21447381039951e-11,2.44826657154467e-05,0.947647381502910
7426.16293476723,1.21105841536768e-11,2.44138145190400e-05,0.947816428630079
7433.07742539550,1.20765283856050e-11,2.43451612489370e-05,0.947985000370575
7439.99191602378,1.20425707997799e-11,2.42767059051378e-05,0.948153098092958
7446.90640665204,1.20087113962014e-11,2.42084484876424e-05,0.948320723165787
7453.82089728033,1.19749501748695e-11,2.41403889964507e-05,0.948487876957623
7460.73538790859,1.19412840593886e-11,2.40725212298345e-05,0.948654560815584
7467.64987853688,1.19076953640212e-11,2.40048095349872e-05,0.948820775942087
7474.56436916515,1.18742014219342e-11,2.39372888539658e-05,0.948986523537092
7481.47885979345,1.18408022331277e-11,2.38699591867706e-05,0.949151804921363
7488.39335042171,1.18074977976017e-11,2.38028205334012e-05,0.949316621415662
7495.30784104997,1.17742881153562e-11,2.37358728938579e-05,0.949480974340754
7502.22233167825,1.17411731863911e-11,2.36691162681406e-05,0.949644865017401
7509.13682230652,1.17081530107065e-11,2.36025506562494e-05,0.949808294766366
7516.05131293480,1.16752275883023e-11,2.35361760581841e-05,0.949971264908414
7522.96580356306,1.16423969191786e-11,2.34699924739448e-05,0.950133776764307
7529.88029419134,1.16096610033354e-11,2.34039999035315e-05,0.950295831654809
7536.79478481964,1.15770198407727e-11,2.33381983469443e-05,0.950457430900684
7543.70927544791,1.15444734314904e-11,2.32725878041831e-05,0.950618575822693
7550.62376607617,1.15120105228095e-11,2.32071455908905e-05,0.950779267663175
7557.53825670446,1.14796293666688e-11,2.31418681831371e-05,0.950939507573861
7564.45274733273,1.14473396545974e-11,2.30767751181469e-05,0.951099296761840
7571.36723796101,1.14151413865952e-11,2.30118663959197e-05,0.951258636501749
7578.28172858928,1.13830345626623e-11,2.29471420164556e-05,0.951417528068225
7585.19621921756,1.13510191827986e-11,2.28826019797546e-05,0.951575972735904
7592.11070984582,1.13190952470042e-11,2.28182462858168e-05,0.951733971779422
7599.02520047413,1.12872627552789e-11,2.27540749346419e-05,0.951891526473417
7605.93969110236,1.12555217076230e-11,2.26900879262302e-05,0.952048638092522
7612.85418173066,1.12238721040363e-11,2.26262852605815e-05,0.952205307911376
7619.76867235893,1.11923139445189e-11,2.25626669376960e-05,0.952361537204614
7626.68316298720,1.11608472290706e-11,2.24992329575735e-05,0.952517327246873
7633.59765361549,1.11294719576917e-11,2.24359833202141e-05,0.952672679312789
7640.51214424374,1.10981688224654e-11,2.23728791026487e-05,0.952827594542432
7647.42663487203,1.10669518289711e-11,2.23099485388260e-05,0.952982074038918
7654.34112550030,1.10358230859073e-11,2.22471958796870e-05,0.953136119017671
7661.25561612858,1.10047825932742e-11,2.21846211252318e-05,0.953289730708810
7668.17010675684,1.09738303510716e-11,2.21222242754602e-05,0.953442910342455
7675.08459738511,1.09429663592996e-11,2.20600053303724e-05,0.953595659148728
7681.99908801341,1.09121906179581e-11,2.19979642899683e-05,0.953747978357749
7688.91357864167,1.08815031270473e-11,2.19361011542479e-05,0.953899869199636
7695.82806926995,1.08509038865670e-11,2.18744159232112e-05,0.954051332904512
7702.74255989822,1.08203928965173e-11,2.18129085968582e-05,0.954202370702497
7709.65705052650,1.07899701568982e-11,2.17515791751889e-05,0.954352983823709
7716.57154115478,1.07596356677097e-11,2.16904276582034e-05,0.954503173498271
7723.48603178304,1.07293840346896e-11,2.16294431715693e-05,0.954652940918706
7730.40052241133,1.06992042158832e-11,2.15686034557300e-05,0.954802287162988
7737.31501303960,1.06691095654049e-11,2.15079354313417e-05,0.954951213325205
7744.22950366788,1.06391000832548e-11,2.14474390984046e-05,0.955099720592515
7751.14399429617,1.06091757694329e-11,2.13871144569184e-05,0.955247810152078
7758.05848492442,1.05793366239390e-11,2.13269615068832e-05,0.955395483191051
7764.97297555271,1.05495826467734e-11,2.12669802482991e-05,0.955542740896595
7771.88746618099,1.05199138379359e-11,2.12071706811660e-05,0.955689584455868
7778.80195680925,1.04903301974265e-11,2.11475328054840e-05,0.955836015056028
7785.71644743753,1.04608317252453e-11,2.10880666212531e-05,0.955982033884236
7792.63093806578,1.04314184213922e-11,2.10287721284731e-05,0.956127642127649
7799.54542869407,1.04020902858673e-11,2.09696493271443e-05,0.956272840973429
7806.45991932234,1.03728473186706e-11,2.09106982172664e-05,0.956417631608731
7813.37440995062,1.03436767214145e-11,2.08518929984775e-05,0.956562015131518
7820.28890057890,1.03145819015615e-11,2.07932405399055e-05,0.956705992574300
7827.20339120719,1.02855692755750e-11,2.07347537765458e-05,0.956849565038056
7834.11788183546,1.02566388434552e-11,2.06764327083986e-05,0.956992733668484
7841.03237246372,1.02277906052020e-11,2.06182773354639e-05,0.957135499611282
7847.94686309200,1.01990245608154e-11,2.05602876577415e-05,0.957277864012147
7854.86135372028,1.01703407102954e-11,2.05024636752316e-05,0.957419828016779
7861.77584434853,1.01417390536421e-11,2.04448053879342e-05,0.957561392770874
7868.69033497682,1.01132195908553e-11,2.03873127958492e-05,0.957702559420132
7875.60482560508,1.00847823219352e-11,2.03299858989766e-05,0.957843329110248
7882.51931623336,1.00564272468816e-11,2.02728246973164e-05,0.957983702986923
7889.43380686165,1.00281543656947e-11,2.02158291908687e-05,0.958123682195854
7896.34829748992,9.99996321758131e-12,2.01589984507173e-05,0.958263267879527
7903.26278811821,9.97183509825271e-12,2.01022947707508e-05,0.958402461046858
7910.17727874648,9.94378630221078e-12,2.00457509991738e-05,0.958541262689968
7917.09176937475,9.91581682945549e-12,1.99893671359861e-05,0.958679673914542
7924.00626000300,9.88792667998685e-12,1.99331431811880e-05,0.958817695826264
7930.92075063130,9.86011585380488e-12,1.98770791347793e-05,0.958955329530821
7937.83524125957,9.83238435090960e-12,1.98211749967602e-05,0.959092576133897
7944.74973188785,9.80473217130096e-12,1.97654307671305e-05,0.959229436741177
7951.66422251612,9.77715931497897e-12,1.97098464458902e-05,0.959365912458345
7958.57871314439,9.74966578194368e-12,1.96544220330395e-05,0.959502004391089
7965.49320377267,9.72225157219500e-12,1.95991575285781e-05,0.959637713645091
7972.40769440095,9.69491668573301e-12,1.95440529325063e-05,0.959773041326038
7979.32218502921,9.66766112255768e-12,1.94891082448240e-05,0.959907988539614
7986.23667565750,9.64047762350301e-12,1.94343088317257e-05,0.960042556340913
7993.15116628576,9.61336072214858e-12,1.93796436734148e-05,0.960176745696334
8000.06565691405,9.58632037375446e-12,1.93251328387724e-05,0.960310557603566
8006.98014754231,9.55935657832065e-12,1.92707763277984e-05,0.960443993129676
8013.89463817059,9.53246933584710e-12,1.92165741404928e-05,0.960577053341736
8020.80912879887,9.50565864633386e-12,1.91625262768557e-05,0.960709739306815
8027.72361942714,9.47892450978088e-12,1.91086327368869e-05,0.960842052091982
8034.63811005543,9.45226692618820e-12,1.90548935205866e-05,0.960973992764307
8041.55260068369,9.42568589555582e-12,1.90013086279548e-05,0.961105562390858
8048.46709131197,9.39918141788371e-12,1.89478780589913e-05,0.961236762038707
8055.38158194024,9.37275349317191e-12,1.88946018136963e-05,0.961367592774923
8062.29607256850,9.34640212142038e-12,1.88414798920697e-05,0.961498055666573
8069.21056319678,9.32012730262915e-12,1.87885122941115e-05,0.961628151780730
8076.12505382505,9.29391507476968e-12,1.87356708736671e-05,0.961757882087154
8083.03954445334,9.26777306727445e-12,1.86829710109648e-05,0.961887247511471
8089.95403508161,9.24170493916542e-12,1.86304200822534e-05,0.962016249057983
8096.86852570989,9.21571069044258e-12,1.85780180875331e-05,0.962144887756492
8103.78301633816,9.18979032110591e-12,1.85257650268037e-05,0.962273164636800
8110.69750696644,9.16394383115542e-12,1.84736609000653e-05,0.962401080728712
8117.61199759472,9.13817122059114e-12,1.84217057073179e-05,0.962528637062029
8124.52648822297,9.11247248941305e-12,1.83698994485615e-05,0.962655834666553
8131.44097885125,9.08684763762111e-12,1.83182421237960e-05,0.962782674572088
8138.35546947954,9.06129666521538e-12,1.82667337330215e-05,0.962909157808438
8145.26996010782,9.03581957219583e-12,1.82153742762380e-05,0.963035285405403
8152.18445073610,9.01041635856248e-12,1.81641637534455e-05,0.963161058392786
8159.09894136436,8.98508444809954e-12,1.81130969712320e-05,0.963286477782436
8166.01343199264,8.95981101496275e-12,1.80621480738847e-05,0.963411544478856
8172.92792262091,8.93460888101130e-12,1.80113429090828e-05,0.963536259386522
8179.84241324919,8.90947804624517e-12,1.79606814768263e-05,0.963660623499270
8186.75690387747,8.88441851066439e-12,1.79101637771151e-05,0.963784637810938
8193.67139450574,8.85943027426894e-12,1.78597898099492e-05,0.963908303315364
8200.58588513404,8.83451333705880e-12,1.78095595753287e-05,0.964031621006385
8207.50037576230,8.80966769903402e-12,1.77594730732536e-05,0.964154591877838
8214.41486639057,8.78489336019456e-12,1.77095303037238e-05,0.964277216923560
8221.32935701884,8.76019032054040e-12,1.76597312667392e-05,0.964399497137389
8228.24384764712,8.73555858007163e-12,1.76100759623002e-05,0.964521433513162
8235.15833827539,8.71099813878814e-12,1.75605643904064e-05,0.964643027044716
8242.07282890367,8.68650899669002e-12,1.75111965510580e-05,0.964764278725890
8248.98731953194,8.66208241954771e-12,1.74619548368582e-05,0.964885189489646
8255.90181016021,8.63771758676371e-12,1.74128375935586e-05,0.965005760202358
8262.81630078848,8.61342156307640e-12,1.73638590630167e-05,0.965125991773915
8269.73079141677,8.58919434848583e-12,1.73150192452323e-05,0.965245885163446
8276.64528204506,8.56503594299193e-12,1.72663181402056e-05,0.965365441330078
8283.55977267331,8.54094634659477e-12,1.72177557479365e-05,0.965484661232940
8290.47426330160,8.51692555929428e-12,1.71693320684249e-05,0.965603545831161
8297.38875392984,8.49297358109053e-12,1.71210471016710e-05,0.965722096083866
8304.30324455813,8.46909041198348e-12,1.70729008476747e-05,0.965840312950186
8311.21773518640,8.44527605197315e-12,1.70248933064361e-05,0.965958197389247
8318.13222581472,8.42153050105951e-12,1.69770244779550e-05,0.966075750360180
8325.04671644296,8.39785375924258e-12,1.69292943622315e-05,0.966192972822109
8331.96120707125,8.37424582652237e-12,1.68817029592657e-05,0.966309865734165
8338.87569769953,8.35069190244849e-12,1.68342204327221e-05,0.966426429952324
8345.79018832779,8.32720303172065e-12,1.67868690476911e-05,0.966542666306386
8352.70467895607,8.30378056696598e-12,1.67396515309435e-05,0.966658575712556
8359.61916958434,8.28042450818451e-12,1.66925678824794e-05,0.966774159096465
8366.53366021261,8.25713485537624e-12,1.66456181022988e-05,0.966889417383742
8373.44815084090,8.23391160854114e-12,1.65988021904016e-05,0.967004351500021
8380.36264146916,8.21075476767925e-12,1.65521201467879e-05,0.967118962370930
8387.27713209745,8.18766433279053e-12,1.65055719714577e-05,0.967233250922102
8394.19162272570,8.16464030387505e-12,1.64591576644110e-05,0.967347218079167
8401.10611335398,8.14168268093271e-12,1.64128772256477e-05,0.967460864767757
8408.02060398228,8.11879146396360e-12,1.63667306551679e-05,0.967574191913503
8414.93509461052,8.09596665296766e-12,1.63207179529715e-05,0.967687200442034
8421.84958523881,8.07320394927467e-12,1.62748304533381e-05,0.967799891249024
8428.76407586710,8.05049548704250e-12,1.62290522994593e-05,0.967912265145362
8435.67856649536,8.02785111158788e-12,1.61834033385807e-05,0.968024322955736
8442.59305712364,8.00527082291085e-12,1.61378835707023e-05,0.968136065573450
8449.50754775191,7.98275462101137e-12,1.60924929958240e-05,0.968247493891808
8456.42203838019,7.96030250588947e-12,1.60472316139459e-05,0.968358608804113
8463.33652900847,7.93791447754516e-12,1.60020994250681e-05,0.968469411203669
8470.25101963672,7.91559053597839e-12,1.59570964291903e-05,0.968579901983779
8477.16551026499,7.89333068118921e-12,1.59122226263128e-05,0.968690082037748
8484.08000089329,7.87113491317760e-12,1.58674780164354e-05,0.968799952258881
8490.99449152156,7.84900323194356e-12,1.58228625995583e-05,0.968909513540478
8497.90898214983,7.82693563748707e-12,1.57783763756812e-05,0.969018766775846
8504.82347277811,7.80493212980819e-12,1.57340193448044e-05,0.969127712858288
8511.73796340636,7.78298283398192e-12,1.56897715999949e-05,0.969236352612284
8518.65245403467,7.76109076793319e-12,1.56456392251095e-05,0.969344686814527
8525.56694466292,7.73926055046319e-12,1.56016315312228e-05,0.969452716294928
8532.48143529121,7.71749218157189e-12,1.55577485183351e-05,0.969560441915596
8539.39592591948,7.69578566125929e-12,1.55139901864461e-05,0.969667864538635
8546.31041654775,7.67414098952540e-12,1.54703565355560e-05,0.969774985026151
8553.22490717603,7.65255816637021e-12,1.54268475656648e-05,0.969881804240250
8560.13939780431,7.63103719179373e-12,1.53834632767723e-05,0.969988323043038
8567.05388843258,7.60957806579597e-12,1.53402036688788e-05,0.970094542296618
8573.96837906088,7.58818078837689e-12,1.52970687419840e-05,0.970200462863099
8580.88286968913,7.56684535953655e-12,1.52540584960881e-05,0.970306085604584
8587.79736031741,7.54557177927488e-12,1.52111729311910e-05,0.970411411383180
8594.71185094569,7.52435948599837e-12,1.51684109151723e-05,0.970516441057079
8601.62634157395,7.50319480110961e-12,1.51257448732480e-05,0.970621175385224
8608.54083220224,7.48208980476867e-12,1.50831991579006e-05,0.970725615115421
8615.45532283051,7.46104449697557e-12,1.50407737691302e-05,0.970829761079666
8622.36981345878,7.44005887773026e-12,1.49984687069366e-05,0.970933614109957
8629.28430408709,7.41913294703278e-12,1.49562839713199e-05,0.971037175038290
8636.19879471532,7.39826670488314e-12,1.49142195622801e-05,0.971140444696662
8643.11328534361,7.37746015128131e-12,1.48722754798172e-05,0.971243423917071
8650.02777597189,7.35671328622730e-12,1.48304517239312e-05,0.971346113531513
8656.94226660015,7.33602610972111e-12,1.47887482946221e-05,0.971448514371986
8663.85675722843,7.31539862176273e-12,1.47471651918899e-05,0.971550627270486
8670.77124785670,7.29483082235220e-12,1.47057024157347e-05,0.971652453059010
8677.68573848498,7.27432271148949e-12,1.46643599661563e-05,0.971753992569556
8684.60022911325,7.25386860718035e-12,1.46231263887813e-05,0.971855246594519
8691.51471974152,7.23346480276620e-12,1.45819942113299e-05,0.971956215860863
8698.42921036982,7.21311860230700e-12,1.45409781581094e-05,0.972056901120621
8705.34370099810,7.19283000580274e-12,1.45000782291199e-05,0.972157303176734
8712.25819162636,7.17259901325344e-12,1.44592944243614e-05,0.972257422832140
8719.17268225463,7.15242562465908e-12,1.44186267438339e-05,0.972357260889781
8726.08717288289,7.13230984001966e-12,1.43780751875374e-05,0.972456818152595
8733.00166351119,7.11225165933518e-12,1.43376397554718e-05,0.972556095423525
8739.91615413945,7.09225108260565e-12,1.42973204476372e-05,0.972655093505507
8746.83064476772,7.07230810983105e-12,1.42571172640336e-05,0.972753813201484
8753.74513539602,7.05242274101140e-12,1.42170302046610e-05,0.972852255314394
8760.65962602428,7.03259497614671e-12,1.41770592695194e-05,0.972950420647178
8767.57411665255,7.01282481523695e-12,1.41372044586087e-05,0.973048310002775
8774.48860728084,6.99310152835460e-12,1.40974441413902e-05,0.973145924109344
8781.40309790911,6.97343127267893e-12,1.40577907301663e-05,0.973243263663172
8788.31758853739,6.95381660916874e-12,1.40182493875923e-05,0.973340329421309
8795.23207916567,6.93425753782393e-12,1.39788201136682e-05,0.973437122158652
8802.14656979390,6.91475405864459e-12,1.39395029083940e-05,0.973533642650098
8809.06106042221,6.89530617163068e-12,1.39002977717697e-05,0.973629891670546
8815.97555105047,6.87591387678222e-12,1.38612047037954e-05,0.973725869994893
8822.89004167876,6.85657717409917e-12,1.38222237044709e-05,0.973821578398037
8829.80453230703,6.83729606358157e-12,1.37833547737963e-05,0.973917017654875
8836.71902293530,6.81807054522941e-12,1.37445979117716e-05,0.974012188540305
8843.63351356358,6.79890061904269e-12,1.37059531183969e-05,0.974107091829224
8850.54800419185,6.77978628502140e-12,1.36674203936720e-05,0.974201728296531
8857.46249482011,6.76072540752650e-12,1.36289954323468e-05,0.974296098702238
8864.37698544841,6.74170869924928e-12,1.35906595120682e-05,0.974390203726747
8871.29147607669,6.72274564160877e-12,1.35524317464977e-05,0.974484044051812
8878.20596670496,6.70383623460492e-12,1.35143121356351e-05,0.974577620425268
8885.12045733323,6.68498047823774e-12,1.34763006794804e-05,0.974670933594948
8892.03494796149,6.66617837250725e-12,1.34383973780338e-05,0.974763984308689
8898.94943858980,6.64742991741344e-12,1.34006022312952e-05,0.974856773314325
8905.86392921804,6.62873511295631e-12,1.33629152392645e-05,0.974949301359689
8912.77841984634,6.61009395913584e-12,1.33253364019418e-05,0.975041569192619
8919.69291047461,6.59150645595206e-12,1.32878657193271e-05,0.975133577560947
8926.60740110286,6.57297260340496e-12,1.32505031914204e-05,0.975225327212508
8933.52189173118,6.55449240149455e-12,1.32132488182217e-05,0.975316818895138
8940.43638235942,6.53606585022080e-12,1.31761025997310e-05,0.975408053356671
8947.35087298771,6.51768617602267e-12,1.31390508810773e-05,0.975499031297733
8954.26536361598,6.49935313464475e-12,1.31020931698645e-05,0.975589753370041
8961.17985424425,6.48107187018170e-12,1.30652398361103e-05,0.975680220259459
8968.09434487250,6.46284238263348e-12,1.30284908798145e-05,0.975770432687705
8975.00883550082,6.44466467200013e-12,1.29918463009773e-05,0.975860391376496
8981.92332612907,6.42653873828162e-12,1.29553060995987e-05,0.975950097047548
8988.83781675738,6.40846458147795e-12,1.29188702756786e-05,0.976039550422579
8995.75230738564,6.39044220158913e-12,1.28825388292171e-05,0.976128752223305
9002.66679801391,6.37247159861516e-12,1.28463117602141e-05,0.976217703171443
9009.58128864221,6.35455277255602e-12,1.28101890686696e-05,0.976306403988711
9016.49577927043,6.33668572341175e-12,1.27741707545837e-05,0.976394855396825
9023.41026989871,6.31887045118232e-12,1.27382568179564e-05,0.976483058117502
9030.32476052699,6.30110695586774e-12,1.27024472587875e-05,0.976571012872460
9037.23925115530,6.28338389558949e-12,1.26667192129020e-05,0.976658720304368
9044.15374178355,6.26570996273426e-12,1.26310902033452e-05,0.976746181037430
9051.06823241184,6.24808599851084e-12,1.25955619259161e-05,0.976833395762296
9057.98272304010,6.23051200291924e-12,1.25601343806146e-05,0.976920365175475
9064.89721366839,6.21298797595947e-12,1.25248075674408e-05,0.977007089973481
9071.81170429666,6.19551391763151e-12,1.24895814863947e-05,0.977093570852823
9078.72619492495,6.17808982793537e-12,1.24544561374762e-05,0.977179808510014
9085.64068555321,6.16071570687106e-12,1.24194315206854e-05,0.977265803641564
9092.55517618147,6.14339155443856e-12,1.23845076360222e-05,0.977351556943986
9099.46966680976,6.12611737063788e-12,1.23496844834867e-05,0.977437069113790
9106.38415743801,6.10889315546903e-12,1.23149620630789e-05,0.977522340847488
9113.29864806631,6.09171890893200e-12,1.22803403747987e-05,0.977607372841591
9120.21313869457,6.07459121564724e-12,1.22458125335578e-05,0.977692165768807
9127.12762932284,6.05750449093123e-12,1.22113672811520e-05,0.977776720239119
9134.04211995114,6.04046598971740e-12,1.21770192428544e-05,0.977861036874148
9140.95661057939,6.02347571200576e-12,1.21427684186650e-05,0.977945116346082
9147.87110120768,6.00653365779629e-12,1.21086148085837e-05,0.978028959327106
9154.78559183592,5.98963982708901e-12,1.20745584126105e-05,0.978112566489405
9161.70008246423,5.97279421988391e-12,1.20405992307455e-05,0.978195938505168
9168.61457309250,5.95599683618098e-12,1.20067372629887e-05,0.978279076046578
9175.52906372078,5.93924767598025e-12,1.19729725093400e-05,0.978361979785823
9182.44355434904,5.92254673928167e-12,1.19393049697995e-05,0.978444650395088
9189.35804497733,5.90589402608528e-12,1.19057346443670e-05,0.978527088546560
9196.27253560559,5.88928953639108e-12,1.18722615330428e-05,0.978609294912423
9203.18702623389,5.87273327019905e-12,1.18388856358267e-05,0.978691270164866
9210.10151686215,5.85621761251379e-12,1.18055916015942e-05,0.978773014923000
9217.01600749042,5.83974517661798e-12,1.17723846984809e-05,0.978854529771080
9223.93049811871,5.82331928004249e-12,1.17392716143213e-05,0.978935815334695
9230.84498874696,5.80693992278733e-12,1.17062523491154e-05,0.979016872262555
9237.75947937523,5.79060710485248e-12,1.16733269028632e-05,0.979097701203371
9244.67397000353,5.77432082623799e-12,1.16404952755647e-05,0.979178302805852
9251.58846063181,5.75808108694379e-12,1.16077574672200e-05,0.979258677718709
9258.50295126006,5.74188788696991e-12,1.15751134778289e-05,0.979338826590652
9265.41744188836,5.72574122631639e-12,1.15425633073917e-05,0.979418750070391
9272.33193251663,5.70964110498317e-12,1.15101069559081e-05,0.979498448806638
9279.24642314490,5.69358752297029e-12,1.14777444233783e-05,0.979577923448101
9286.16091377319,5.67758048027771e-12,1.14454757098021e-05,0.979657174643491
9293.07540440143,5.66161939224667e-12,1.14132996365618e-05,0.979736203037444
9299.98989502974,5.64569426478528e-12,1.13811960564949e-05,0.979815009200867
9306.90438565801,5.62981405128160e-12,1.13491830188014e-05,0.979893593697414
9313.81887628626,5.61397875173558e-12,1.13172605234813e-05,0.979971957153139
9320.73336691454,5.59818836614725e-12,1.12854285705345e-05,0.980050100194096
9327.64785754282,5.58244289451661e-12,1.12536871599611e-05,0.980128023446340
9334.56234817110,5.56674233684366e-12,1.12220362917611e-05,0.980205727535925
9341.47683879937,5.55108669312838e-12,1.11904759659345e-05,0.980283213088906
9348.39132942764,5.53547596337078e-12,1.11590061824812e-05,0.980360480731337
9355.30582005591,5.51991014757087e-12,1.11276269414013e-05,0.980437531089273
9362.22031068421,5.50438924572865e-12,1.10963382426948e-05,0.980514364788767
9369.13480131247,5.48891325784411e-12,1.10651400863617e-05,0.980590982455874
9376.04929194075,5.47348218391726e-12,1.10340324724019e-05,0.980667384716650
9382.96378256903,5.45809158272166e-12,1.10030064477149e-05,0.980743572166194
9389.87827319729,5.44273897187913e-12,1.09720570080565e-05,0.980819545351354
9396.79276382554,5.42742970639662e-12,1.09411949486240e-05,0.980895304838998
9403.70725445384,5.41216378627414e-12,1.09104202694175e-05,0.980970851233317
9410.62174508212,5.39694121151168e-12,1.08797329704370e-05,0.981046185138500
9417.53623571041,5.38176198210924e-12,1.08491330516824e-05,0.981121307158737
9424.45072633868,5.36662609806683e-12,1.08186205131538e-05,0.981196217898217
9431.36521696693,5.35153355938447e-12,1.07881953548512e-05,0.981270917961130
9438.27970759524,5.33648436606210e-12,1.07578575767745e-05,0.981345407951666
9445.19419822350,5.32147851809979e-12,1.07276071789238e-05,0.981419688474015
9452.10868885178,5.30651601549748e-12,1.06974441612990e-05,0.981493760132366
9459.02317948002,5.29159685825521e-12,1.06673685239003e-05,0.981567623530909
9465.93767010833,5.27672104637296e-12,1.06373802667275e-05,0.981641279273835
9472.85216073660,5.26188033703617e-12,1.06074627730309e-05,0.981714727907883
9479.76665136488,5.24707967730669e-12,1.05776260156285e-05,0.981787969956828
9486.68114199314,5.23232084912207e-12,1.05478735867410e-05,0.981861005991337
9493.59563262140,5.21760385248230e-12,1.05182054863686e-05,0.981933836594499
9500.51012324972,5.20292868738740e-12,1.04886217145111e-05,0.982006462349405
9507.42461387796,5.18829535383736e-12,1.04591222711686e-05,0.982078883839141
9514.33910450625,5.17370385183218e-12,1.04297071563411e-05,0.982151101646797
9521.25359513451,5.15915418137186e-12,1.04003763700285e-05,0.982223116355461
9528.16808576277,5.14464634245641e-12,1.03711299122310e-05,0.982294928548223
9535.08257639106,5.13018033508582e-12,1.03419677829485e-05,0.982366538808171
9541.99706701935,5.11575615926010e-12,1.03128899821809e-05,0.982437947718394
9548.91155764763,5.10137381497924e-12,1.02838965099284e-05,0.982509155861980
9555.82604827591,5.08703154655673e-12,1.02549838268896e-05,0.982580163809782
9562.74053890417,5.07272264000521e-12,1.02261383982888e-05,0.982650972073623
9569.65502953244,5.05845410405262e-12,1.01973743530715e-05,0.982721581167381
9576.56952016074,5.04422593869897e-12,1.01686916912376e-05,0.982791991653781
9583.48401078896,5.03003814394427e-12,1.01400904127873e-05,0.982862204095545
9590.39850141728,5.01589071978852e-12,1.01115705177205e-05,0.982932219055401
9597.31299204551,5.00178366623169e-12,1.00831320060371e-05,0.983002037096071
9604.22748267379,4.98771698327382e-12,1.00547748777373e-05,0.983071658780282
9611.14197330207,4.97369067091487e-12,1.00264991328209e-05,0.983141084670757
9618.05646393039,4.95970472915487e-12,9.99830477128807e-06,0.983210315330221
9624.97095455863,4.94575915799380e-12,9.97019179313870e-06,0.983279351321398
9631.88544518691,4.93185395743169e-12,9.94216019837286e-06,0.983348193207015
9638.79993581520,4.91798912746850e-12,9.91420998699050e-06,0.983416841549794
9645.71442644344,4.90415941937165e-12,9.88633057803345e-06,0.983485296875879
9652.62891707174,4.89036493087737e-12,9.85852216852894e-06,0.983553559675516
9659.54340769997,4.87660940305896e-12,9.83079230013376e-06,0.983621630465701
9666.45789832831,4.86289283591636e-12,9.80314097284782e-06,0.983689509789508
9673.37238895656,4.84921522944961e-12,9.77556818667116e-06,0.983757198190006
9680.28687958485,4.83557658365867e-12,9.74807394160373e-06,0.983824696210269
9687.20137021312,4.82197689854356e-12,9.72065823764557e-06,0.983892004393368
9694.11586084135,4.80841617410428e-12,9.69332107479667e-06,0.983959123282374
9701.03035146965,4.79489441034084e-12,9.66606245305704e-06,0.984026053420361
9707.94484209793,4.78141160725324e-12,9.63888237242670e-06,0.984092795350398
9714.85933272622,4.76796776484143e-12,9.61178083290555e-06,0.984159349615559
9721.77382335450,4.75456288310549e-12,9.58475783449374e-06,0.984225716758915
9728.68831398274,4.74119696204535e-12,9.55781337719114e-06,0.984291897323537
9735.60280461105,4.72786131265848e-12,9.53092994477444e-06,0.984357891791939
9742.51729523932,4.71456276350403e-12,9.50412130298565e-06,0.984423700633670
9749.43178586759,4.70130181434317e-12,9.47738845929689e-06,0.984489324369351
9756.34627649586,4.68807846517590e-12,9.45073141370821e-06,0.984554763523087
9763.26076712414,4.67489271600222e-12,9.42415016621957e-06,0.984620018618984
9770.17525775239,4.66174456682211e-12,9.39764471683095e-06,0.984685090181147
9777.08974838068,4.64863401763558e-12,9.37121506554238e-06,0.984749978733682
9784.00423900894,4.63556106844265e-12,9.34486121235387e-06,0.984814684800693
9790.91872963725,4.62252571924329e-12,9.31858315726538e-06,0.984879208906285
9797.83322026550,4.60952797003751e-12,9.29238090027693e-06,0.984943551574565
9804.74771089377,4.59656782082532e-12,9.26625444138853e-06,0.985007713329636
9811.66220152206,4.58364527160670e-12,9.24020378060016e-06,0.985071694695606
9818.57669215032,4.57075761607172e-12,9.21422346224196e-06,0.985135496177716
9825.49118277864,4.55790090398074e-12,9.18830552299717e-06,0.985199118234819
9832.40567340687,4.54508047872225e-12,9.16246073464145e-06,0.985262561335473
9839.32016403517,4.53229634029624e-12,9.13668909717476e-06,0.985325825985482
9846.23465466346,4.51954848870273e-12,9.11099061059715e-06,0.985388912690646
9853.14914529173,4.50683692394169e-12,9.08536527490857e-06,0.985451821956766
9860.06363591997,4.49416164601315e-12,9.05981309010906e-06,0.985514554289642
9866.97812654826,4.48152265491709e-12,9.03433405619861e-06,0.985577110195077
9873.89261717651,4.46891995065352e-12,9.00892817317721e-06,0.985639490178871
9880.80710780483,4.45635353322244e-12,8.98359544104487e-06,0.985701694746826
9887.72159843308,4.44382340262386e-12,8.95833585980161e-06,0.985763724404743
9894.63608906134,4.43132955885773e-12,8.93314942944735e-06,0.985825579658422
9901.55057968965,4.41887200192412e-12,8.90803614998220e-06,0.985887261013665
9908.46507031791,4.40644486269172e-12,8.88298418978175e-06,0.985948768935368
9915.37956094620,4.39405036583588e-12,8.85799803358518e-06,0.986010103863028
9922.29405157447,4.38169088851292e-12,8.83308247351921e-06,0.986071266268213
9929.20854220276,4.36936643072286e-12,8.80823750958385e-06,0.986132256639060
9936.12303283101,4.35707699246569e-12,8.78346314177908e-06,0.986193075463705
9943.03752345930,4.34482257374140e-12,8.75875937010490e-06,0.986253723230284
9949.95201408755,4.33260317455001e-12,8.73412619456132e-06,0.986314200426933
9956.86650471587,4.32041879489151e-12,8.70956361514834e-06,0.986374507541789
9963.78099534410,4.30826943476589e-12,8.68507163186596e-06,0.986434645062987
9970.69548597239,4.29615509417317e-12,8.66065024471419e-06,0.986494613478666
9977.60997660067,4.28407577311334e-12,8.63629945369300e-06,0.986554413276959
9984.52446722893,4.27203147158641e-12,8.61201925880243e-06,0.986614044946005
9991.43895785723,4.26002162739520e-12,8.58780852670511e-06,0.986673508970021
9998.35344848546,4.24803894560723e-12,8.56365255149367e-06,0.986732805778463
10005.2679391138,4.23609006031234e-12,8.53956470687801e-06,0.986791935796187
10012.1824297420,4.22417497151057e-12,8.51554499285818e-06,0.986850899494278
10019.0969203703,4.21229367920189e-12,8.49159340943415e-06,0.986909697343827
10026.0114109986,4.20044618338632e-12,8.46770995660593e-06,0.986968329815920
10032.9259016268,4.18863248406385e-12,8.44389463437353e-06,0.987026797381646
10039.8403922551,4.17685258123448e-12,8.42014744273693e-06,0.987085100512095
10046.7548828834,4.16510647489823e-12,8.39646838169616e-06,0.987143239678354
10053.6693735117,4.15339416505506e-12,8.37285745125118e-06,0.987201215351511
10060.5838641399,4.14171565170500e-12,8.34931465140202e-06,0.987259028002655
10067.4983547683,4.13007093484806e-12,8.32583998214868e-06,0.987316678102874
10074.4128453965,4.11846001448421e-12,8.30243344349115e-06,0.987374166123257
10081.3273360248,4.10687942375162e-12,8.27908804655748e-06,0.987431492510730
10088.2418266530,4.09532752615271e-12,8.25580049232029e-06,0.987488657676651
10095.1563172813,4.08380824472117e-12,8.23257868925171e-06,0.987545662048314
10102.0708079096,4.07232157945702e-12,8.20942263735175e-06,0.987602506080356
10108.9852985379,4.06086753036022e-12,8.18633233662036e-06,0.987659190227411
10115.8997891662,4.04944609743081e-12,8.16330778705760e-06,0.987715714944117
10122.8142797944,4.03805728066876e-12,8.14034898866342e-06,0.987772080685108
10129.7287704227,4.02670108007409e-12,8.11745594143785e-06,0.987828287905020
10136.6432610510,4.01537749564678e-12,8.09462864538087e-06,0.987884337058490
10143.5577516793,4.00408652738685e-12,8.07186710049251e-06,0.987940228600154
10150.4722423075,3.99282817529430e-12,8.04917130677274e-06,0.987995962984646
10157.3867329358,3.98160243936912e-12,8.02654126422158e-06,0.988051540666604
10164.3012235640,3.97040931961131e-12,8.00397697283902e-06,0.988106962100662
10171.2157141923,3.95924248620298e-12,7.98146567229922e-06,0.988162227697341
10178.1302048206,3.94810589847327e-12,7.95901534424254e-06,0.988217337850641
10185.0446954489,3.93700078780748e-12,7.93662847102754e-06,0.988272292990737
10191.9591860772,3.92592715420564e-12,7.91430505265427e-06,0.988327093556386
10198.8736767054,3.91488499766772e-12,7.89204508912269e-06,0.988381739986347
10205.7881673337,3.90387431819374e-12,7.86984858043282e-06,0.988436232719378
10212.7026579620,3.89289511578368e-12,7.84771552658466e-06,0.988490572194237
10219.6171485903,3.88194739043756e-12,7.82564592757820e-06,0.988544758849681
10226.5316392186,3.87103114215537e-12,7.80363978341345e-06,0.988598793124469
10233.4461298468,3.86014637093711e-12,7.78169709409040e-06,0.988652675457358
10240.3606204751,3.84929307678278e-12,7.75981785960905e-06,0.988706406287106
10247.2751111034,3.83847125969238e-12,7.73800207996941e-06,0.988759986052471
10254.1896017317,3.82767948641484e-12,7.71624686587021e-06,0.988813415182223
10261.1040923599,3.81691291192071e-12,7.69454245018147e-06,0.988866694061373
10268.0185829882,3.80617671516970e-12,7.67289927320559e-06,0.988919823077261
10274.9330736165,3.79547089616179e-12,7.65131733494261e-06,0.988972802653323
10281.8475642447,3.78479545489700e-12,7.62979663539251e-06,0.989025633212991
10288.7620548730,3.77415039137533e-12,7.60833717455530e-06,0.989078315179702
10295.6765455013,3.76353570559677e-12,7.58693895243097e-06,0.989130848976889
10302.5910361296,3.75295139756131e-12,7.56560196901951e-06,0.989183235027987
10309.5055267579,3.74239746726897e-12,7.54432622432095e-06,0.989235473756431
10316.4200173862,3.73187391471974e-12,7.52311171833527e-06,0.989287565585654
10323.3345080144,3.72138073991362e-12,7.50195845106248e-06,0.989339510939091
10330.2489986427,3.71091794285062e-12,7.48086642250258e-06,0.989391310240178
10337.1634892710,3.70048552353072e-12,7.45983563265554e-06,0.989442963912348
10344.0779798992,3.69007941793038e-12,7.43885788882680e-06,0.989494472350712
10350.9924705275,3.67969991195957e-12,7.41793376738434e-06,0.989545835924049
10357.9069611558,3.66934972280430e-12,7.39706874592317e-06,0.989597055022067
10364.8214517840,3.65902885046455e-12,7.37626282444325e-06,0.989648130053412
10371.7359424123,3.64873729494032e-12,7.35551600294458e-06,0.989699061426733
10378.6504330406,3.63847505623163e-12,7.33482828142720e-06,0.989749849550673
10385.5649236688,3.62824213433846e-12,7.31419965989106e-06,0.989800494833879
10392.4794142972,3.61803852926081e-12,7.29363013833618e-06,0.989850997685000
10399.3939049254,3.60786424099870e-12,7.27311971676258e-06,0.989901358512678
10406.3083955537,3.59771926955210e-12,7.25266839517023e-06,0.989951577725562
10413.2228861820,3.58760361492104e-12,7.23227617355914e-06,0.990001655732298
10420.1373768102,3.57751727710550e-12,7.21194305192931e-06,0.990051592941532
10427.0518674385,3.56746025610548e-12,7.19166903028075e-06,0.990101389761910
10433.9663580668,3.55742589713870e-12,7.17144069318949e-06,0.990151046555698
10440.8808486951,3.54741955555565e-12,7.15126883654552e-06,0.990200563676105
10447.7953393233,3.53744150691290e-12,7.13115401584531e-06,0.990249941515586
10454.7098299516,3.52749175121047e-12,7.11109623108890e-06,0.990299180468515
10461.6243205799,3.51757028844834e-12,7.09109548227625e-06,0.990348280929267
10468.5388112082,3.50767711862652e-12,7.07115176940738e-06,0.990397243292215
10475.4533018364,3.49781224174501e-12,7.05126509248227e-06,0.990446067951735
10482.3677924648,3.48797565780382e-12,7.03143545150098e-06,0.990494755302202
10489.2822830930,3.47816736680293e-12,7.01166284646345e-06,0.990543305737988
10496.1967737213,3.46838736874234e-12,6.99194727736967e-06,0.990591719653470
10503.1112643495,3.45863566362208e-12,6.97228874421970e-06,0.990639997443021
10510.0257549778,3.44891225144212e-12,6.95268724701351e-06,0.990688139501016
10516.9402456061,3.43921499295077e-12,6.93313847321805e-06,0.990736146206920
10523.8547362344,3.42954110587095e-12,6.91363681402078e-06,0.990784017905898
10530.7692268626,3.41989452361455e-12,6.89419019881527e-06,0.990831754951136
10537.6837174909,3.41027524618157e-12,6.87479862760155e-06,0.990879357723237
10544.5982081192,3.40068327357201e-12,6.85546210037959e-06,0.990926826602801
10551.5126987474,3.39111860578589e-12,6.83618061714943e-06,0.990974161970428
10558.4271893758,3.38158124282319e-12,6.81695417791103e-06,0.991021364206722
10565.3416800040,3.37207118468392e-12,6.79778278266441e-06,0.991068433692282
10572.2561706323,3.36258843136807e-12,6.77866643140958e-06,0.991115370807711
10579.1706612606,3.35313298287565e-12,6.75960512414652e-06,0.991162175933607
10586.0851518889,3.34370483920665e-12,6.74059886087525e-06,0.991208849450575
10592.9996425171,3.33430400036108e-12,6.72164764159575e-06,0.991255391739213
10599.9141331454,3.32493046633893e-12,6.70275146630801e-06,0.991301803180124
10606.8286237737,3.31557971590981e-12,6.68390122063089e-06,0.991348084122398
10613.7431144020,3.30625361787671e-12,6.66510067189787e-06,0.991394234896639
10620.6576050302,3.29695387105966e-12,6.64635324477261e-06,0.991440255858317
10627.5720956585,3.28768047545863e-12,6.62765893925502e-06,0.991486147374740
10634.4865862868,3.27843343107363e-12,6.60901775534515e-06,0.991531909813217
10641.4010769150,3.26921273790467e-12,6.59042969304300e-06,0.991577543541057
10648.3155675434,3.26001839595175e-12,6.57189475234857e-06,0.991623048925570
10655.2300581716,3.25085040521485e-12,6.55341293326184e-06,0.991668426334062
10662.1445487999,3.24170876569399e-12,6.53498423578282e-06,0.991713676133844
10669.0590394282,3.23259347738916e-12,6.51660865991152e-06,0.991758798692225
10675.9735300564,3.22350454030036e-12,6.49828620564793e-06,0.991803794376513
10682.8880206847,3.21444195442760e-12,6.48001687299205e-06,0.991848663554017
10689.8025113130,3.20540520451153e-12,6.46179962322885e-06,0.991893406588455
10696.7170019413,3.19638897133539e-12,6.44362373331062e-06,0.991938023802881
10703.6314925695,3.18739816907217e-12,6.42549910975437e-06,0.991982515517528
10710.5459831978,3.17843279772185e-12,6.40742575256007e-06,0.992026882086874
10717.4604738261,3.16949285728444e-12,6.38940366172774e-06,0.992071123865403
10724.3749644544,3.16057834775994e-12,6.37143283725736e-06,0.992115241207594
10731.2894550826,3.15168926914833e-12,6.35351327914892e-06,0.992159234467927
10738.2039457109,3.14282562144963e-12,6.33564498740244e-06,0.992203104000885
10745.1184363392,3.13398740466384e-12,6.31782796201793e-06,0.992246850160947
10752.0329269674,3.12517461879095e-12,6.30006220299536e-06,0.992290473302594
10758.9474175957,3.11638726383096e-12,6.28234771033474e-06,0.992333973780307
10765.8619082240,3.10762533978388e-12,6.26468448403608e-06,0.992377351948567
10772.7763988523,3.09888884664971e-12,6.24707252409939e-06,0.992420608161855
10779.6908894805,3.09017508146230e-12,6.22950638159559e-06,0.992463742755814
10786.6053801088,3.08148298737858e-12,6.21198392602703e-06,0.992506756039880
10793.5198707371,3.07281543604575e-12,6.19451094636819e-06,0.992549648336143
10800.4343613654,3.06417242746384e-12,6.17708744261909e-06,0.992592419986702
10807.3488519936,3.05555396163283e-12,6.15971341477973e-06,0.992635071333657
10814.2633426219,3.04696003855273e-12,6.14238886285010e-06,0.992677602719111
10821.1778332502,3.03839065822353e-12,6.12511378683020e-06,0.992720014485162
10828.0923238785,3.02984582064524e-12,6.10788818672003e-06,0.992762306973913
10835.0068145067,3.02132552581786e-12,6.09071206251961e-06,0.992804480527464
10841.9213051350,3.01282977374138e-12,6.07358541422892e-06,0.992846535487915
10848.8357957633,3.00435856441581e-12,6.05650824184796e-06,0.992888472197368
10855.7502863916,2.99591189784115e-12,6.03948054537675e-06,0.992930290997922
10862.6647770199,2.98748977401738e-12,6.02250232481523e-06,0.992971992231680
10869.5792676481,2.97908733391033e-12,6.00556378480117e-06,0.993013576206875
10876.4937582764,2.97070773541373e-12,5.98867129135542e-06,0.993055043219889
10883.4082489047,2.96235182252464e-12,5.97182654589783e-06,0.993096393594992
10890.3227395329,2.95401959524308e-12,5.95502954842842e-06,0.993137627662336
10897.2372301612,2.94571105356905e-12,5.93828029894717e-06,0.993178745752075
10904.1517207895,2.93742619750254e-12,5.92157879745408e-06,0.993219748194363
10911.0662114178,2.92916502704355e-12,5.90492504394917e-06,0.993260635319351
10917.9807020461,2.92092754219209e-12,5.88831903843242e-06,0.993301407457193
10924.8951926743,2.91271374294815e-12,5.87176078090384e-06,0.993342064938043
10931.8096833026,2.90452362931174e-12,5.85525027136342e-06,0.993382608092052
10938.7241739309,2.89635720128286e-12,5.83878750981119e-06,0.993423037249374
10945.6386645591,2.88821445886149e-12,5.82237249624710e-06,0.993463352740163
10952.5531551874,2.88009423897620e-12,5.80600288602701e-06,0.993503554886464
10959.4676458157,2.87199305209001e-12,5.78967164456801e-06,0.993543643977899
10966.3821364439,2.86391472360329e-12,5.77338648352242e-06,0.993583620306429
10973.2966270723,2.85585925351601e-12,5.75714740289023e-06,0.993623484190678
10980.2111177005,2.84782664182818e-12,5.74095440267144e-06,0.993663235949267
10987.1256083288,2.83981688853981e-12,5.72480748286606e-06,0.993702875900819
10994.0400989571,2.83182999365087e-12,5.70870664347407e-06,0.993742404363956
11000.9545895853,2.82386595716139e-12,5.69265188449549e-06,0.993781821657301
11007.8690802136,2.81592477907136e-12,5.67664320593033e-06,0.993821128099478
11014.7835708419,2.80800645938078e-12,5.66068060777856e-06,0.993860324009108
11021.6980614702,2.80011099808964e-12,5.64476409004017e-06,0.993899409704814
11028.6125520985,2.79223839519795e-12,5.62889365271521e-06,0.993938385505218
11035.5270427267,2.78438865070572e-12,5.61306929580365e-06,0.993977251728943
11042.4415333549,2.77655862019533e-12,5.59728468045121e-06,0.994016008672697
11049.3560239832,2.76874867899805e-12,5.58154056329093e-06,0.994054656613889
11056.2705146115,2.76096079788197e-12,5.56584091720850e-06,0.994093195846277
11063.1850052398,2.75319497684710e-12,5.55018574220393e-06,0.994131626677358
11070.0994958681,2.74545121589343e-12,5.53457503827721e-06,0.994169949414624
11077.0139864964,2.73772951502098e-12,5.51900880542838e-06,0.994208164365572
11083.9284771246,2.73002987422972e-12,5.50348704365738e-06,0.994246271837697
11090.8429677529,2.72235229351967e-12,5.48800975296424e-06,0.994284272138492
11097.7574583812,2.71469677289082e-12,5.47257693334895e-06,0.994322165575454
11104.6719490095,2.70706331234319e-12,5.45718858481155e-06,0.994359952456076
11111.5864396377,2.69945191187675e-12,5.44184470735199e-06,0.994397633087854
11118.5009302660,2.69186257149152e-12,5.42654530097029e-06,0.994435207778282
11125.4154208943,2.68429529118748e-12,5.41129036566642e-06,0.994472676834856
11132.3299115226,2.67674497553651e-12,5.39606962952983e-06,0.994510040529558
11139.2444021509,2.66921581799328e-12,5.38089154617626e-06,0.994547299128083
11146.1588927791,2.66170795009390e-12,5.36575638077027e-06,0.994584452926271
11153.0733834074,2.65422137183834e-12,5.35066413331183e-06,0.994621502220878
11159.9878740357,2.64675608322660e-12,5.33561480380095e-06,0.994658447308659
11166.9023646639,2.63931208425870e-12,5.32060839223763e-06,0.994695288486370
11173.8168552922,2.63188937493463e-12,5.30564489862186e-06,0.994732026050766
11180.7313459205,2.62448795525438e-12,5.29072432295366e-06,0.994768660298604
11187.6458365488,2.61710782521796e-12,5.27584666523300e-06,0.994805191526640
11194.5603271770,2.60974898482537e-12,5.26101192545992e-06,0.994841620031628
11201.4748178053,2.60241143407662e-12,5.24622010363440e-06,0.994877946110325
11208.3893084336,2.59509517297168e-12,5.23147119975643e-06,0.994914170059487
11215.3037990618,2.58779851422474e-12,5.21676181241423e-06,0.994950292164109
11222.2182896901,2.58051950771142e-12,5.20208801033796e-06,0.994986312683838
11229.1327803184,2.57326104731171e-12,5.18745562732129e-06,0.995022231884895
11236.0472709467,2.56602313302559e-12,5.17286466336416e-06,0.995058050053673
11242.9617615750,2.55880576485306e-12,5.15831511846659e-06,0.995093767476563
11249.8762522032,2.55160894279413e-12,5.14380699262858e-06,0.995129384439958
11256.7907428315,2.54443266684880e-12,5.12934028585015e-06,0.995164901230248
11263.7052334598,2.53727693701706e-12,5.11491499813127e-06,0.995200318133825
11270.6197240881,2.53014175329892e-12,5.10053112947197e-06,0.995235635437081
11277.5342147163,2.52302711569437e-12,5.08618867987223e-06,0.995270853426409
11284.4487053446,2.51593302420342e-12,5.07188764933204e-06,0.995305972388198
11291.3631959729,2.50885947882606e-12,5.05762803785141e-06,0.995340992608842
11298.2776866012,2.50180647956230e-12,5.04340984543035e-06,0.995375914374732
11305.1921772294,2.49477054522215e-12,5.02922605431270e-06,0.995410737947998
11312.1066678577,2.48775322895964e-12,5.01507979551293e-06,0.995445463577331
11319.0211584860,2.48075574124791e-12,5.00097350923263e-06,0.995480091530685
11325.9356491143,2.47377808208698e-12,4.98690719547183e-06,0.995514622084449
11332.8501397425,2.46682025147682e-12,4.97288085423050e-06,0.995549055515014
11339.7646303708,2.45988224941746e-12,4.95889448550868e-06,0.995583392098768
11346.6791209991,2.45296407590887e-12,4.94494808930632e-06,0.995617632112102
11353.5936116274,2.44606573095107e-12,4.93104166562345e-06,0.995651775831405
11360.5081022557,2.43918721454406e-12,4.91717521446007e-06,0.995685823533066
11367.4225928839,2.43232852668783e-12,4.90334873581618e-06,0.995719775493475
11374.3370835122,2.42548966738239e-12,4.88956222969177e-06,0.995753631989023
11381.2515741404,2.41867063662774e-12,4.87581569608684e-06,0.995787393296097
11388.1660647687,2.41187097714116e-12,4.86210821316189e-06,0.995821059687902
11395.0805553970,2.40508681463350e-12,4.84843197070921e-06,0.995854631407450
11401.9950460253,2.39832178817433e-12,4.83479430475564e-06,0.995888108696117
11408.9095366536,2.39157589776366e-12,4.82119521530116e-06,0.995921491820639
11415.8240272818,2.38484914340150e-12,4.80763470234580e-06,0.995954781047752
11422.7385179101,2.37814152508784e-12,4.79411276588953e-06,0.995987976644194
11429.6530085384,2.37145304282267e-12,4.78062940593235e-06,0.996021078876702
11436.5674991666,2.36478369660601e-12,4.76718462247430e-06,0.996054088012012
11443.4819897949,2.35813348643785e-12,4.75377841551533e-06,0.996087004316861
11450.3964804232,2.35150241231818e-12,4.74041078505545e-06,0.996119828057986
11457.3109710515,2.34489047424703e-12,4.72708173109471e-06,0.996152559502124
11464.2254616798,2.33829767222437e-12,4.71379125363305e-06,0.996185198916012
11471.1399523080,2.33172400625021e-12,4.70053935267049e-06,0.996217746566386
11478.0544429363,2.32516737133371e-12,4.68732178474073e-06,0.996250202705313
11484.9689335646,2.31862710392176e-12,4.67413721218220e-06,0.996282567565564
11491.8834241929,2.31210530424133e-12,4.66098986885771e-06,0.996314841389922
11498.7979148211,2.30560197229241e-12,4.64787975476727e-06,0.996347024435808
11505.7124054494,2.29911710807500e-12,4.63480686991085e-06,0.996379116960644
11512.6268960777,2.29265071158911e-12,4.62177121428847e-06,0.996411119221850
11519.5413867060,2.28620278283472e-12,4.60877278790011e-06,0.996443031476849
11526.4558773342,2.27977332181186e-12,4.59581159074581e-06,0.996474853983060
11533.3703679625,2.27336232852051e-12,4.58288762282554e-06,0.996506586997906
11540.2848585908,2.26696980296067e-12,4.57000088413931e-06,0.996538230778808
11547.1993492190,2.26059574513235e-12,4.55715137468711e-06,0.996569785583186
11554.1138398473,2.25424015503554e-12,4.54433909446894e-06,0.996601251668462
11561.0283304756,2.24790303267024e-12,4.53156404348481e-06,0.996632629292058
11567.9428211039,2.24158064933578e-12,4.51881870501996e-06,0.996663918685406
11574.8573117322,2.23527551597441e-12,4.50610814090108e-06,0.996695120071455
11581.7718023604,2.22898820536821e-12,4.49343350580374e-06,0.996726233694642
11588.6862929887,2.22271871751716e-12,4.48079479972793e-06,0.996757259803399
11595.6007836170,2.21646705242129e-12,4.46819202267365e-06,0.996788198646157
11602.5152742452,2.21023321008058e-12,4.45562517464090e-06,0.996819050471347
11609.4297648735,2.20401719049503e-12,4.44309425562969e-06,0.996849815527399
11616.3442555018,2.19781899366466e-12,4.43059926564002e-06,0.996880494062745
11623.2587461301,2.19163861958945e-12,4.41814020467188e-06,0.996911086325814
11630.1732367584,2.18547606826940e-12,4.40571707272526e-06,0.996941592565039
11637.0877273866,2.17933133970452e-12,4.39332986980019e-06,0.996972013028850
11644.0022180149,2.17320443389481e-12,4.38097859589665e-06,0.997002347965678
11650.9167086432,2.16709441185686e-12,4.36866135811117e-06,0.997032597617409
11657.8311992715,2.16099876566297e-12,4.35637310069413e-06,0.997062762201908
11664.7456898997,2.15492031977338e-12,4.34411951749538e-06,0.997092841939243
11671.6601805280,2.14885907418809e-12,4.33190060851495e-06,0.997122837069169
11678.5746711563,2.14281502890709e-12,4.31971637375282e-06,0.997152747831440
11685.4891617846,2.13678818393039e-12,4.30756681320898e-06,0.997182574465812
11692.4036524128,2.13077853925798e-12,4.29545192688347e-06,0.997212317212039
11699.3181430411,2.12478609488988e-12,4.28337171477627e-06,0.997241976309875
11706.2326336694,2.11881085082607e-12,4.27132617688736e-06,0.997271551999075
11713.1471242977,2.11285280706655e-12,4.25931531321676e-06,0.997301044519393
11720.0616149259,2.10691196361133e-12,4.24733912376446e-06,0.997330454110584
11726.9761055542,2.10098832046041e-12,4.23539760853049e-06,0.997359781012403
11733.8905961825,2.09508187761379e-12,4.22349076751481e-06,0.997389025464604
11740.8050868108,2.08919020385890e-12,4.21161369961839e-06,0.997418187689997
11747.7195774390,2.08331370245730e-12,4.19976721777910e-06,0.997447267897259
11754.6340680673,2.07745380064791e-12,4.18795419917829e-06,0.997476266307824
11761.5485586956,2.07161049843074e-12,4.17617464381593e-06,0.997505183153073
11768.4630493238,2.06578379580578e-12,4.16442855169204e-06,0.997534018664388
11775.3775399521,2.05997369277304e-12,4.15271592280659e-06,0.997562773073150
11782.2920305804,2.05418018933251e-12,4.14103675715961e-06,0.997591446610739
11789.2065212087,2.04840328548419e-12,4.12939105475109e-06,0.997620039508538
11796.1210118370,2.04264298122810e-12,4.11777881558103e-06,0.997648551997927
11803.0355024652,2.03689927656421e-12,4.10620003964942e-06,0.997676984310287
11809.9499930935,2.03117217149254e-12,4.09465472695628e-06,0.997705336677001
11816.8644837218,2.02546166601308e-12,4.08314287750160e-06,0.997733609329449
11823.7789743501,2.01976776012584e-12,4.07166449128538e-06,0.997761802499013
11830.6934649784,2.01408655338593e-12,4.06021170537245e-06,0.997789916389889
11837.6079556066,2.00842132471782e-12,4.04879112977047e-06,0.997817951201943
11844.5224462349,2.00277211590942e-12,4.03740284871998e-06,0.997845907158184
11851.4369368632,1.99713892696071e-12,4.02604686222096e-06,0.997873784481913
11858.3514274914,1.99152175787171e-12,4.01472317027343e-06,0.997901583396430
11865.2659181197,1.98592060864242e-12,4.00343177287739e-06,0.997929304125035
11872.1804087480,1.98033547927283e-12,3.99217267003283e-06,0.997956946891029
11879.0948993763,1.97476636976294e-12,3.98094586173974e-06,0.997984511917712
11886.0093900045,1.96921328011276e-12,3.96975134799813e-06,0.998011999428385
11892.9238806328,1.96367621032228e-12,3.95858912880800e-06,0.998039409646347
11899.8383712611,1.95815516039150e-12,3.94745920416937e-06,0.998066742794900
11906.7528618894,1.95265013032043e-12,3.93636157408221e-06,0.998093999097343
11913.6673525176,1.94715979197533e-12,3.92529356115211e-06,0.998121178767720
11920.5818431459,1.94168278616786e-12,3.91425242538140e-06,0.998148282001347
11927.4963337742,1.93622124073445e-12,3.90324245629101e-06,0.998175308998895
11934.4108244024,1.93077515567510e-12,3.89226365388093e-06,0.998202259975866
11941.3253150308,1.92534453098982e-12,3.88131601815117e-06,0.998229135147761
11948.2398056590,1.91992936667859e-12,3.87039954910172e-06,0.998255934730083
11955.1542962873,1.91452966274143e-12,3.85951424673259e-06,0.998282658938332
11962.0687869156,1.90914541917834e-12,3.84866011104378e-06,0.998309307988011
11968.9832775438,1.90377663598930e-12,3.83783714203528e-06,0.998335882094621
11975.8977681721,1.89842331317433e-12,3.82704533970710e-06,0.998362381473665
11982.8122588004,1.89308545073342e-12,3.81628470405923e-06,0.998388806340643
11989.7267494286,1.88776304866657e-12,3.80555523509167e-06,0.998415156911058
11996.6412400569,1.88245610697378e-12,3.79485693280443e-06,0.998441433400411
12003.5557306852,1.87716194651084e-12,3.78418439629123e-06,0.998467636005531
12010.4702213135,1.87188184681032e-12,3.77354020497110e-06,0.998493764913494
12017.3847119418,1.86661666753799e-12,3.76292609185046e-06,0.998519820326284
12024.2992025700,1.86136640869384e-12,3.75234205692930e-06,0.998545802451876
12031.2136931983,1.85613107027787e-12,3.74178810020764e-06,0.998571711498246
12038.1281838266,1.85091065229007e-12,3.73126422168546e-06,0.998597547673368
12045.0426744549,1.84570515473046e-12,3.72077042136278e-06,0.998623311185218
12051.9571650831,1.84051457759902e-12,3.71030669923959e-06,0.998649002241772
12058.8716557114,1.83533892089577e-12,3.69987305531589e-06,0.998674621051006
12065.7861463397,1.83017818462069e-12,3.68946948959167e-06,0.998700167820894
12072.7006369679,1.82503236877380e-12,3.67909600206695e-06,0.998725642759412
12079.6151275962,1.81990147335508e-12,3.66875259274172e-06,0.998751046074535
12086.5296182245,1.81478510179872e-12,3.65843846217606e-06,0.998776377971475
12093.4441088528,1.80968043558819e-12,3.64814792850204e-06,0.998801638633037
12100.3585994810,1.80459016871730e-12,3.63788642256134e-06,0.998826828241156
12107.2730901093,1.79951430118605e-12,3.62765394435396e-06,0.998851946996544
12114.1875807376,1.79445283299443e-12,3.61745049387988e-06,0.998876995099914
12121.1020713659,1.78940576414246e-12,3.60727607113912e-06,0.998901972751977
12128.0165619942,1.78437309463012e-12,3.59713067613169e-06,0.998926880153445
12134.9310526224,1.77935482445742e-12,3.58701430885757e-06,0.998951717505030
12141.8455432507,1.77435095362435e-12,3.57692696931676e-06,0.998976485007445
12148.7600338790,1.76936148213093e-12,3.56686865750927e-06,0.999001182861401
12155.6745245072,1.76438640997714e-12,3.55683937343510e-06,0.999025811267610
12162.5890151355,1.75942573716299e-12,3.54683911709424e-06,0.999050370426785
12169.5035057638,1.75447946368848e-12,3.53686788848670e-06,0.999074860539637
12176.4179963921,1.74954595199426e-12,3.52692238644469e-06,0.999099281795465
12183.3324870203,1.74462480211668e-12,3.51700180467862e-06,0.999123634369368
12190.2469776486,1.73971754868897e-12,3.50710923686670e-06,0.999147918444352
12197.1614682769,1.73482419171110e-12,3.49724468300893e-06,0.999172134214120
12204.0759589052,1.72994473118310e-12,3.48740814310531e-06,0.999196281872374
12210.9904495335,1.72507916710494e-12,3.47759961715584e-06,0.999220361612816
12217.9049401617,1.72022749947664e-12,3.46781910516053e-06,0.999244373629149
12224.8194307900,1.71538972829820e-12,3.45806660711937e-06,0.999268318115073
12231.7339214183,1.71056585356962e-12,3.44834212303236e-06,0.999292195264293
12238.6484120465,1.70575587529088e-12,3.43864565289950e-06,0.999316005270510
12245.5629026748,1.70095979346200e-12,3.42897719672079e-06,0.999339748327426
12252.4773933031,1.69617760808298e-12,3.41933675449624e-06,0.999363424628744
12259.3918839314,1.69140931915381e-12,3.40972432622583e-06,0.999387034368165
12266.3063745596,1.68665206632324e-12,3.40013414570671e-06,0.999410577719457
12273.2208651879,1.68190784061330e-12,3.39057022665464e-06,0.999434054850328
12280.1353558162,1.67717702602660e-12,3.38103334318329e-06,0.999457465945039
12287.0498464445,1.67245962256315e-12,3.37152349529266e-06,0.999480811190527
12293.9643370728,1.66775563022295e-12,3.36204068298275e-06,0.999504090773730
12300.8788277010,1.66306504900599e-12,3.35258490625356e-06,0.999527304881585
12307.7933183293,1.65838787891228e-12,3.34315616510509e-06,0.999550453701028
12314.7078089576,1.65372411994182e-12,3.33375445953735e-06,0.999573537418998
12321.6222995859,1.64907377209461e-12,3.32437978955032e-06,0.999596556222432
12328.5367902141,1.64443683537065e-12,3.31503215514402e-06,0.999619510298266
12335.4512808424,1.63981330976994e-12,3.30571155631843e-06,0.999642399833439
12342.3657714707,1.63520319529247e-12,3.29641799307357e-06,0.999665225014887
12349.2802620989,1.63060573725317e-12,3.28714994403430e-06,0.999687986024288
12356.1947527273,1.62601913741658e-12,3.27790378412469e-06,0.999710683025526
12363.1092433555,1.62144548032642e-12,3.26868371559159e-06,0.999733316184483
12370.0237339838,1.61688476598269e-12,3.25948973843497e-06,0.999755885681567
12376.9382246120,1.61233699438539e-12,3.25032185265486e-06,0.999778391697186
12383.8527152403,1.60780216553452e-12,3.24118005825124e-06,0.999800834411749
12390.7672058686,1.60328027943009e-12,3.23206435522412e-06,0.999823214005665
12397.6816964969,1.59877133607208e-12,3.22297474357349e-06,0.999845530659342
12404.5961871251,1.59427533546051e-12,3.21391122329935e-06,0.999867784553189
12411.5106777534,1.58979227759537e-12,3.20487379440172e-06,0.999889975867614
12418.4251683817,1.58532216247666e-12,3.19586245688058e-06,0.999912104783025
12425.3396590100,1.58086499010438e-12,3.18687721073595e-06,0.999934171479832
12432.2541496383,1.57642076047854e-12,3.17791805596780e-06,0.999956176138444
12439.1686402665,1.57198759506289e-12,3.16898120562132e-06,0.999978118926175
12446.0831308948,1.56756588844782e-12,3.16006745515413e-06,1.00000000000000
