time_s,outlet_mol_s,E_1_s,F
0.00000000000000,-8.56670752062311e-110,-1.72656067428817e-103,0.00000000000000
0.500000000000000,2.36393483702552e-88,4.76434723184202e-82,1.19108680796051e-82
1.00000000000000,1.19677444892997e-85,2.41201616203316e-79,6.05386214124210e-80
1.49999999999999,1.47051630172936e-84,2.96372394102808e-78,8.61770010720246e-79
2.00000000000000,3.21541351824652e-83,6.48044364630673e-77,1.78038101117446e-77
2.49999999999998,1.39982785785661e-81,2.82125626949439e-75,7.39318986601087e-76
2.99999999999997,-5.92280417815865e-81,-1.19370023441335e-74,-1.53961753205862e-75
3.50000000000000,7.65424647716711e-79,1.54266045933879e-72,3.81141246716631e-73
4.00000000000000,-8.89708896424891e-78,-1.79314677013721e-71,-3.71606056379167e-72
4.49999999999998,2.30544590959199e-76,4.64646684227002e-70,1.07962743567611e-70
4.99999999999997,-2.27498865404834e-74,-4.58508234940411e-68,-1.12385814588857e-68
5.49999999999995,2.87323577794791e-73,5.79080806741703e-67,1.22068914353026e-67
5.99999999999994,8.80240441276439e-71,1.77406375339335e-64,4.46184329508709e-65
6.50000000000002,-1.19366648217963e-68,-2.40575226991915e-62,-5.92541064801308e-63
7.00000000000001,1.20930957227189e-66,2.43727983650483e-60,5.97380167803387e-61
7.50000000000004,-6.38066398963405e-65,-1.28597871397243e-58,-3.09427677223828e-59
8.00000000000000,1.98304339430130e-63,3.99668686221066e-57,9.36079479980905e-58
8.50000000000001,-3.67361470148139e-62,-7.40391645307778e-56,-1.65745399371613e-56
8.99999999999996,3.28326809805550e-61,6.61719986074093e-55,1.30345665448653e-55
9.49999999999999,1.48046764482980e-60,2.98378018505439e-54,1.04172070823083e-54
9.99999999999994,-8.01131332343563e-59,-1.61462481359919e-52,-3.85779545854810e-53
10.4999999999999,9.61559282341949e-58,1.93795625552956e-51,4.05545488956927e-52
10.9999999999999,-4.29234700498636e-57,-8.65092863432907e-51,-1.27269760574285e-51
11.5000000000000,-1.75301611243276e-56,-3.53308277869137e-50,-1.22681367110552e-50
11.9999999999999,2.87279031236896e-55,5.78991026234022e-49,1.23646912900693e-49
12.5000000000000,-7.53392991115207e-55,-1.51841148727492e-48,-1.11208202359595e-49
13.0000000000000,-5.10031361358121e-54,-1.02793294746514e-47,-3.06064344284128e-48
13.4999999999999,2.86222214458758e-53,5.76861085081404e-47,8.79105131552893e-48
14.0000000000000,5.09745238724887e-53,1.02735628707914e-46,4.88964856195478e-47
14.5000000000000,-4.98433419633085e-52,-1.00455809774963e-45,-1.76559131640880e-46
15.0000000000001,-5.75591396112276e-52,-1.16006466497621e-45,-7.17714822322401e-46
15.4999999999999,6.04829407599617e-51,1.21899185573988e-44,2.03974865078239e-45
16.0000000000000,1.02005814540560e-50,2.05585666967714e-44,1.02268699643263e-44
16.5000000000000,-5.47188655668821e-50,-1.10282090525449e-43,-1.22040109928408e-44
17.0000000000000,-1.55805144883521e-49,-3.14014497822021e-43,-1.18278158079723e-43
17.5000000000000,2.86506389043086e-49,5.77433819309521e-43,-5.24233277078561e-44
17.9999999999999,1.67812014768874e-48,3.38213513973138e-42,9.37468912052284e-43
18.4999999999999,4.51927131850244e-49,9.10827889965973e-43,2.01070966947667e-42
19.0000000000000,-1.13485552108076e-47,-2.28722284375869e-41,-3.47964046742902e-42
19.4999999999999,-2.25316076058316e-47,-4.54108973921075e-41,-2.05504219248489e-41
19.9999999999999,2.96360323181732e-47,5.97293742307773e-41,-1.69708027151814e-41
20.5000000000000,1.85410249763982e-46,3.73681539940276e-40,9.13819258276013e-41
20.9999999999999,2.05637252570233e-46,4.14447665689192e-40,2.88414227234932e-40
21.5000000000000,-5.42560084668234e-46,-1.09349234040209e-39,1.18653058556676e-40
21.9999999999998,-2.15546732069403e-45,-4.34419536521414e-39,-1.24076886784698e-39
22.5000000000001,-2.07855017146810e-45,-4.18917416866675e-39,-3.37411125131837e-39
23.0000000000000,5.05464273691354e-45,1.01872829802137e-38,-1.87458404843199e-39
23.4999999999999,2.05943230964453e-44,4.15064343988725e-38,1.10488452963370e-38
23.9999999999998,2.68767547447365e-44,5.41682410459775e-38,3.49675141575442e-38
24.5000000000001,-2.19555672842274e-44,-4.42499279488390e-38,3.74470924318304e-38
25.0000000000000,-1.64892617835734e-43,-3.32329671288812e-37,-5.66978073775763e-38
25.5000000000000,-3.18127886566065e-43,-6.41164761394148e-37,-3.00071415548278e-37
26.0000000000001,-1.29379394977668e-43,-2.60755225848297e-37,-5.25551412358939e-37
26.5000000000000,9.38735475274560e-43,1.89195645032408e-36,-1.17751106240050e-37
26.9999999999999,2.87578722148045e-42,5.79595032546115e-36,1.80422558770588e-36
27.4999999999999,3.71020840878127e-42,7.47766854021077e-36,5.12263030412393e-36
28.0000000000000,-1.28720889536150e-42,-2.59428053657123e-36,6.34347730503412e-36
28.4999999999999,-1.69288903426596e-41,-3.41190080957111e-35,-2.83484485303445e-36
29.0000000000000,-3.95161456463924e-41,-7.96420595756984e-35,-3.12751117708929e-35
29.5000000000000,-4.47201723325189e-41,-9.01304155777937e-35,-7.37182305592650e-35
30.0000000000001,1.65801649771245e-41,3.34161762308316e-35,-8.78967903960091e-35
30.4999999999998,1.94491952507964e-40,3.91985083951306e-34,1.84535246494458e-35
30.9999999999998,4.72188120132707e-40,9.51662511092583e-34,3.54365423410463e-34
31.5000000000000,6.63554466834853e-40,1.33734815263307e-33,9.26618089342051e-34
32.0000000000000,3.38198385868682e-40,6.81615465151460e-34,1.43135899378820e-33
32.5000000000000,-1.10363936888624e-39,-2.22430884715976e-33,1.04568564828610e-33
32.9999999999999,-4.05924293314716e-39,-8.18112349333981e-33,-1.55567243683812e-33
33.4999999999999,-7.98496012595363e-39,-1.60931350884125e-32,-7.62423708227594e-33
34.0000000000000,-1.04519286987236e-38,-2.10651396913426e-32,-1.69138057772178e-32
34.4999999999999,-6.53976540419979e-39,-1.31804450412011e-32,-2.54752019603504e-32
34.9999999999999,1.04999830606609e-38,2.11619899355574e-32,-2.34798157367610e-32
35.5000000000000,4.62814671695254e-38,9.32770973806394e-32,5.12995609229346e-33
35.9999999999998,9.95940851826335e-38,2.00724993183302e-31,7.86304787332526e-32
36.5000000000000,1.55198354216000e-37,3.12791553182501e-31,2.07009615324745e-31
36.9999999999999,1.78977316164653e-37,3.60716407015906e-31,3.75386605374306e-31
37.4999999999998,1.22256894700022e-37,2.46400318957422e-31,5.27165786867625e-31
38.0000000000000,-5.60821661847532e-38,-1.13029728668087e-31,5.60508434439968e-31
38.5000000000000,-3.43438081292203e-37,-6.92175709027792e-31,3.59207075015972e-31
38.9999999999997,-6.04048322440173e-37,-1.21741763260185e-30,-1.18191260391167e-31
39.4999999999998,-5.01877515770686e-37,-1.01149943540512e-30,-6.75420527393005e-31
39.9999999999998,5.48964580853874e-37,1.10640015968521e-30,-6.51695346322986e-31
40.5000000000001,3.35161072545030e-36,6.75493970134285e-30,1.31363961893520e-30
40.9999999999999,8.74650546621998e-36,1.76279770717835e-29,7.40936881221532e-30
41.4999999999998,1.72295049191263e-35,3.47248759913942e-29,2.04975820780053e-29
41.9999999999997,2.83552234793695e-35,5.71479925657263e-29,4.34657992172847e-29
42.5000000000001,3.99913024786445e-35,8.05997053208237e-29,7.79027236889457e-29
42.9999999999999,4.75959550184986e-35,9.59263567622667e-29,1.22034239209705e-28
43.4999999999998,4.38044417807067e-35,8.82848239602475e-29,1.68087034390321e-28
43.9999999999996,1.86891652287841e-35,3.76667204309381e-29,1.99574920488107e-28
44.5000000000001,-3.89470610656672e-35,-7.84951089472820e-29,1.89367823359011e-28
45.0000000000002,-1.39023561788038e-34,-2.80192377298810e-28,9.96959517974767e-29
45.5000000000001,-2.86462049340568e-34,-5.77344455704550e-28,-1.14688256453327e-28
45.9999999999999,-4.76813839709090e-34,-9.60985329096633e-28,-4.99270702653502e-28
46.4999999999996,-6.92257387111152e-34,-1.39519690405476e-27,-1.08831626094093e-27
46.9999999999997,-8.99393060190693e-34,-1.81266453268618e-27,-1.89028162012642e-27
47.4999999999997,-1.05034850286129e-33,-2.11690479098540e-27,-2.87267395104428e-27
47.9999999999995,-1.08823393901545e-33,-2.19326026831967e-27,-3.95021521587011e-27
48.4999999999997,-9.56795543709184e-34,-1.92835526965941e-27,-4.98061910036530e-27
49.0000000000001,-6.12151109150135e-34,-1.23374823902431e-27,-5.77114497753687e-27
49.4999999999998,-3.20395149827328e-35,-6.45734273748494e-29,-6.09572539413646e-27
50.0000000000001,7.84322762643014e-34,1.58074830343921e-27,-5.71668167512019e-27
50.4999999999999,1.83379845513871e-33,3.69589400547505e-27,-4.39752109789214e-27
50.9999999999999,3.15081553352561e-33,6.35025087412571e-27,-1.88598487799177e-27
51.4999999999999,4.87349190573450e-33,9.82218600395369e-27,2.15712434152814e-27
52.0000000000001,7.32341691503629e-33,1.47598404830316e-26,8.30263096327710e-27
52.4999999999997,1.10699084665682e-32,2.23106351889975e-26,1.75702498812767e-26
53.0000000000000,1.69251342580014e-32,3.41114379667619e-26,3.16757681702242e-26
53.5000000000000,2.57887485098235e-32,5.19754396995339e-26,5.31974875867973e-26
53.9999999999998,3.82350799540443e-32,7.70601602400863e-26,8.54563875716908e-26
54.4999999999998,5.37216981958215e-32,1.08272368628895e-25,1.31789519788939e-25
54.9999999999998,6.93079148380971e-32,1.39685310708108e-25,1.93778939623189e-25
55.4999999999995,7.78204510825249e-32,1.56841738988985e-25,2.67910702047412e-25
56.0000000000001,6.55091170439248e-32,1.32029096386326e-25,3.40128410891324e-25
56.5000000000001,9.41464232525591e-33,1.89745607190912e-26,3.77879325167681e-25
56.9999999999998,-1.25063546973723e-31,-2.52056932575324e-25,3.19608732203653e-25
57.5000000000000,-3.85566700127187e-31,-7.77083027700053e-25,6.23237421347209e-26
58.0000000000001,-8.31875896233150e-31,-1.67658835657309e-24,-5.51094103933618e-25
58.4999999999999,-1.53098278542446e-30,-3.08558995852561e-24,-1.74163868270782e-24
59.0000000000000,-2.54594618783324e-30,-5.13117852592105e-24,-3.79583080382021e-24
59.4999999999999,-3.91603022831938e-30,-7.89248818786356e-24,-7.05174748226553e-24
60.0000000000003,-5.62551620907736e-30,-1.13378389956486e-23,-1.18593292781472e-23
63.4572453141374,1.12690325431270e-29,2.27119559987284e-23,7.80222707752570e-24
66.9144906282744,5.24619852294059e-28,1.05733504236165e-21,1.87479593914207e-21
70.3717359424120,5.64085253363796e-28,1.13687482975136e-21,5.66775683844064e-21
73.8289812565492,-1.86388444407285e-26,-3.75653023615727e-20,-5.73032483544489e-20
77.2862265706872,-7.56204914147221e-26,-1.52407872374180e-19,-3.85695182437996e-19
80.7434718848245,1.90897189509491e-25,3.84740087654178e-19,1.59195488619644e-20
84.2007171989619,2.19821425958863e-24,4.43034886521860e-18,8.33939140859893e-18
87.6579625130996,4.01147420516882e-24,8.08484892462177e-18,2.99734458658150e-17
91.1152078272367,-2.81213030516649e-23,-5.66765421159296e-17,-5.40232559300040e-17
94.5724531413742,-2.21364990340780e-22,-4.46145833818279e-16,-9.23213407451005e-16
98.0296984555118,-7.02612473258165e-22,-1.41606686427840e-15,-4.14227646966220e-15
101.486943769649,-3.05960907031918e-22,-6.16643055315173e-16,-7.65606489191954e-15
104.944189083787,9.46532339012952e-21,1.90767049014753e-14,2.42544162662505e-14
108.401434397924,6.46053511765725e-20,1.30207618763123e-13,2.82310680498019e-13
111.858679712062,2.83700979181112e-19,5.71779709686560e-13,1.49578188143130e-12
115.315925026199,9.98414586725549e-19,2.01223557349910e-12,5.96256924615783e-12
118.773170340336,3.03003187711338e-18,6.10681976508404e-12,1.99973522584273e-11
122.230415654474,8.22390195162675e-18,1.65747058186571e-11,5.92051512793690e-11
125.687660968611,2.04049031712871e-17,4.11246716353868e-11,1.58945602445175e-10
129.144906282749,4.69740303307998e-17,9.46729105513802e-11,3.93688379788417e-10
132.602151596886,1.01421270671179e-16,2.04407559211800e-10,9.10685656107744e-10
136.059396911024,2.07073803861202e-16,4.17342935499225e-10,1.98545764830905e-09
139.516642225162,4.02419185563209e-16,8.11048046988739e-10,4.10888213237671e-09
142.973887539298,7.48330795065999e-16,1.50820898111598e-09,8.11800237872335e-09
146.431132853436,1.33748622691954e-15,2.69561102237022e-09,1.53848208829882e-08
149.888378167573,2.30608017908094e-15,4.64774516857437e-09,2.80787127735827e-08
153.345623481710,3.84797816754947e-15,7.75533396420559e-09,4.95189563799179e-08
156.802868795848,6.23108166767683e-15,1.25583143112913e-08,8.46335890366683e-08
160.260114109985,9.81555445759136e-15,1.97825714044905e-08,1.40538776834639e-07
163.717359424123,1.50733890615211e-14,3.03793735448725e-08,2.27249851396750e-07
167.174604738261,2.26085618154498e-14,4.55659932813133e-08,3.58530733191904e-07
170.631850052398,3.31768799149497e-14,6.68657077632632e-08,5.52882718990330e-07
174.089095366535,4.77045447090691e-14,9.61452117761921e-08,8.34667087855812e-07
177.546340680673,6.73044095966126e-14,1.35647384407543e-07,1.23534902135982e-06
181.003585994810,9.32889593968486e-14,1.88017448071052e-07,1.79484338407860e-06
184.460831308947,1.27179139865455e-13,2.56320763785710e-07,2.56293648449548e-06
187.918076623086,1.70708338625170e-13,3.44050854466255e-07,3.60075246646750e-06
191.375321937224,2.25821019858968e-13,4.55126653241669e-07,4.98222881331100e-06
194.832567251360,2.94665721917637e-13,5.93878390617358e-07,6.79556269950437e-06
198.289812565498,3.79582437575994e-13,7.65022160254033e-07,9.14458898044414e-06
201.747057879635,4.83084578727568e-13,9.73623570056726e-07,1.21500513824751e-05
205.204303193772,6.07835960484980e-13,1.22505135522032e-06,1.59507306738374e-05
208.661548507910,7.56623453007112e-13,1.52492225987795e-06,2.07043973712375e-05
212.118793822048,9.32326026418244e-13,1.87903864927562e-06,2.65885613225787e-05
215.576039136186,1.13788108213621e-12,2.29332065289181e-06,3.38009961457371e-05
219.033284450321,1.37624901830074e-12,2.77373474850805e-06,4.25600229172148e-05
222.490529764460,1.65037693513371e-12,3.32622061287187e-06,5.31045439620069e-05
225.947775078596,1.96316233470876e-12,3.95661796109196e-06,6.56938237287306e-05
229.405020392733,2.31741774742103e-12,4.67059525373362e-06,8.06070199592388e-05
232.862265706871,2.71583702934399e-12,5.47358177147139e-06,9.81424742023285e-05
236.319511021010,3.16096400130331e-12,6.37070440931071e-06,0.000118616775651244
239.776756335147,3.65516382783960e-12,7.36672999286598e-06,0.000142363616008834
243.234001649284,4.20059781129272e-12,8.46601447758013e-06,0.000169732456824026
246.691246963422,4.79919941092657e-12,9.67245461692858e-06,0.000201087025465338
250.148492277560,5.45265805828353e-12,1.09894553433851e-05,0.000236803671161054
253.605737591696,6.16240712547714e-12,1.24199055193473e-05,0.000277269622735860
257.062982905834,6.92961230239336e-12,1.39661545121896e-05,0.000322881163937156
260.520228219972,7.75516558135054e-12,1.56300000707613e-05,0.000374041747311356
263.977473534107,8.63967930510907e-12,1.74126763295611e-05,0.000431160066387111
267.434718848246,9.58350214225997e-12,1.93148860060288e-05,0.000494648162779347
270.891964162384,1.05866971513598e-11,2.13367561903257e-05,0.000564919512527010
274.349209476521,1.16490530249243e-11,2.34778610068260e-05,0.000642387075181860
277.806454790659,1.27700917651878e-11,2.57372370840795e-05,0.000727461408811684
281.263700104795,1.39491013987533e-11,2.81134494889278e-05,0.000820548925720453
284.720945418935,1.51851637103335e-11,3.06046476219405e-05,0.000922050358766330
288.178190733071,1.64771185753422e-11,3.32084933322198e-05,0.00103235920003835
291.635436047208,1.78235931630456e-11,3.59222197743338e-05,0.00115186011701365
295.092681361345,1.92230250503241e-11,3.87426779925037e-05,0.00128092755098111
298.549926675483,2.06736796642621e-11,4.16663720749390e-05,0.00141992445676111
302.007171989620,2.21736676973899e-11,4.46894942530532e-05,0.00156920116386644
305.464417303759,2.37209622723972e-11,4.78079594957568e-05,0.00172909435813789
308.921662617894,2.53134160240024e-11,5.10174399367841e-05,0.00189992618269072
312.378907932033,2.69487779140675e-11,5.43133987643953e-05,0.00208200345695768
315.836153246169,2.86247096210488e-11,5.76911232531800e-05,0.00227561701141132
319.293398560308,3.03388015300644e-11,6.11457569909344e-05,0.00248104113509677
322.750643874444,3.20885878296611e-11,6.46723303051499e-05,0.00269853313146578
326.207889188586,3.38715611275057e-11,6.82657897199292e-05,0.00292833297772951
329.665134502720,3.56851863447823e-11,7.19210259591831e-05,0.00317066308353450
333.122379816856,3.75269054673828e-11,7.56328835223269e-05,0.00342572811460324
336.579625130995,3.93941687728225e-11,7.93962236199692e-05,0.00369371494171461
340.036870445130,4.12844271592163e-11,8.32059087134947e-05,0.00397479267175379
343.494115759271,4.31951702135877e-11,8.70568792391080e-05,0.00426911278466462
346.951361073408,4.51239032930629e-11,9.09441074165659e-05,0.00457680932317816
350.408606387546,4.70681572581528e-11,9.48626168659334e-05,0.00489799903660864
353.865851701682,4.90254987834673e-11,9.88075033881168e-05,0.00523278159447689
357.323097015819,5.09935644641114e-11,0.000102774003703945,0.00558123995488230
360.780342329958,5.29700499546711e-11,0.000106757473564550,0.00594344081385778
364.237587644094,5.49527089740137e-11,0.000110753385745605,0.00631943501341964
367.694832958231,5.69393606405673e-11,0.000114757344831080,0.00670925797170663
371.152078272371,5.89278887530629e-11,0.000118765085763622,0.00711293013616670
374.609323586508,6.09162489433293e-11,0.000122772488260520,0.00753045745915813
378.066568900646,6.29024948331508e-11,0.000126775629531045,0.00796183198960157
381.523814214780,6.48847473604572e-11,0.000130770722455504,0.00840703244889051
384.981059528917,6.68612010229158e-11,0.000134754128168772,0.00886602472169434
388.438304843056,6.88301298688098e-11,0.000138722368134486,0.00933876238938014
391.895550157193,7.07898901558649e-11,0.000142672129503735,0.00982518729357193
395.352795471333,7.27389197913982e-11,0.000146600263986712,0.0103252301070244
398.810040785468,7.46757382985662e-11,0.000150503787784693,0.0108388109024230
402.267286099607,7.65989461020643e-11,0.000154379880150413,0.0113658397185861
405.724531413744,7.85072236455118e-11,0.000158225881609214,0.0119062171210940
409.181776727881,8.03993301179127e-11,0.000162039291392318,0.0124598347554144
412.639022042020,8.22741024963454e-11,0.000165817765507433,0.0130265758922514
416.096267356156,8.41304536525962e-11,0.000169559112922803,0.0136063159629626
419.553512670294,8.59673707559784e-11,0.000173261292348203,0.0141989230828197
423.010757984432,8.77839065366916e-11,0.000176922394626840,0.0148042585382607
426.468003298570,8.95791968866971e-11,0.000180540678208702,0.0154221773050297
429.925248612707,9.13524410864832e-11,0.000184114529298972,0.0160525285587454
433.382493926843,9.31029068854821e-11,0.000187642472097255,0.0166951561342826
436.839739240981,9.48299251164279e-11,0.000191123157943190,0.0173498989840896
440.296984555119,9.65328866759939e-11,0.000194555359231133,0.0180165916072220
443.754229869256,9.82112424426536e-11,0.000197937969244611,0.0186950644675733
447.211475183393,9.98644998530606e-11,0.000201269995256252,0.0193851443998918
450.668720497532,1.01492223247367e-10,0.000204550559223753,0.0200866550050703
454.125965811665,1.03094029672192e-10,0.000207778889331052,0.0207994170320180
457.583211125805,1.04669585836704e-10,0.000210954313853520,0.0215232487343103
461.040456439943,1.06218608146209e-10,0.000214076261225655,0.0222579662163393
464.497701754079,1.07740858430238e-10,0.000217144251431345,0.0230033837647107
467.954947068218,1.09236142163706e-10,0.000220157892418731,0.0237593141585549
471.412192382354,1.10704307155544e-10,0.000223116877457232,0.0245255689690690
474.869437696494,1.12145240417726e-10,0.000226020978827294,0.0253019588435903
478.326683010629,1.13558866535175e-10,0.000228870044535046,0.0260882937730710
481.783928324767,1.14945145696617e-10,0.000231663994343616,0.0268843833470282
485.241173638906,1.16304071499782e-10,0.000234402815349669,0.0276900369939723
488.698418953043,1.17635669200499e-10,0.000237086558454585,0.0285050642080972
492.155664267181,1.18939993682773e-10,0.000239715334273282,0.0293292747627999
495.612909581318,1.20217127974370e-10,0.000242289310142479,0.0301624789119494
499.070154895453,1.21467181076262e-10,0.000244808705746102,0.0310044875784271
502.527400209594,1.22690286398861e-10,0.000247273789963613,0.0318551125296586
505.984645523729,1.23886600756807e-10,0.000249684878844076,0.0327141665441857
509.441890837870,1.25056301572183e-10,0.000252042329969436,0.0335814635650094
512.899136152006,1.26199586326524e-10,0.000254346541350069,0.0344568188412596
516.356381466142,1.27316671305264e-10,0.000256597948894318,0.0353400490635999
519.813626780280,1.28407788970855e-10,0.000258797021114182,0.0362309724860961
523.270872094420,1.29473187912847e-10,0.000260944259024714,0.0371294090387586
526.728117408555,1.30513131315460e-10,0.000263040193055514,0.0380351804345758
530.185362722692,1.31527894804171e-10,0.000265085378710672,0.0389481102637080
533.642608036828,1.32517766706841e-10,0.000267080397095060,0.0398680240810820
537.099853350966,1.33483046076778e-10,0.000269025850929948,0.0407947494880142
540.557098665103,1.34424041328921e-10,0.000270922361804319,0.0417281162021903
544.014343979244,1.35341070639595e-10,0.000272770570980560,0.0426679561242914
547.471589293379,1.36234459381700e-10,0.000274571134225257,0.0436141033970681
550.928834607516,1.37104539807114e-10,0.000276324721169099,0.0445663944543879
554.386079921654,1.37951651418993e-10,0.000278032016057225,0.0455246680704561
557.843325235792,1.38776137713391e-10,0.000279693711182184,0.0464887653989924
561.300570549928,1.39578347259928e-10,0.000281310509061947,0.0474585300048173
564.757815864066,1.40358633251999e-10,0.000282883121533383,0.0484338078976384
568.215061178202,1.41117350739831e-10,0.000284412264175679,0.0494144475546252
571.672306492338,1.41854858051953e-10,0.000285898659175209,0.0504002999383030
575.129551806476,1.42571515773081e-10,0.000287343033265542,0.0513912185158326
578.586797120618,1.43267684824520e-10,0.000288746113858614,0.0523870592680440
582.044042434754,1.43943727847531e-10,0.000290108631832816,0.0533876806965976
585.501287748892,1.44600007642729e-10,0.000291431318387703,0.0543929438305395
588.958533063031,1.45236886218553e-10,0.000292714903126261,0.0554027122240901
592.415778377168,1.45854726023618e-10,0.000293960116538608,0.0564168519554191
595.873023691303,1.46453887798274e-10,0.000295167685671987,0.0574352316222287
599.330269005440,1.47034730712680e-10,0.000296338334409016,0.0584577223303332
602.787514319582,1.47597613345805e-10,0.000297472785440821,0.0594841976861261
606.244759633718,1.48142890907292e-10,0.000298571754667877,0.0605145337827797
609.702004947852,1.48670916652266e-10,0.000299635954051465,0.0615486091817043
613.159250261991,1.49182042033641e-10,0.000300666091920639,0.0625863048994568
616.616495576130,1.49676614251858e-10,0.000301662868033881,0.0636275043866433
620.073740890265,1.50154978086722e-10,0.000302626977271053,0.0646720935046733
623.530986204404,1.50617475330752e-10,0.000303559108491346,0.0657199605069223
626.988231518540,1.51064443194244e-10,0.000304459941318798,0.0667709960123532
630.445476832675,1.51496215959014e-10,0.000305330149475298,0.0678250929793549
633.902722146814,1.51913123920321e-10,0.000306170398648108,0.0688821466816517
637.359967460954,1.52315492669234e-10,0.000306981345043514,0.0699420546780188
640.817212775093,1.52703644499090e-10,0.000307763638221460,0.0710047167844104
644.274458089228,1.53077896838264e-10,0.000308517917936883,0.0720700350455187
647.731703403366,1.53438562458572e-10,0.000309244814559760,0.0731379137016050
651.188948717503,1.53785950579796e-10,0.000309944951301182,0.0742082591598974
654.646194031639,1.54120364788910e-10,0.000310618940019706,0.0752809799625930
658.103439345779,1.54442104260357e-10,0.000311267383680739,0.0763559867518634
661.560684659915,1.54751473038817e-10,0.000311890895065312,0.0774331922714435
665.017929974055,1.55048752763362e-10,0.000312490041797504,0.0785125113055469
668.475175288191,1.55334228277652e-10,0.000313065397960019,0.0795938606119639
671.932420602328,1.55608176753841e-10,0.000313617522174170,0.0806771589065060
675.389665916464,1.55870877448850e-10,0.000314146977262977,0.0817623268435358
678.846911230602,1.56122597058310e-10,0.000314654300733043,0.0828492869794738
682.304156544739,1.56363603264341e-10,0.000315140032079176,0.0839379637324664
685.761401858877,1.56594156099887e-10,0.000315604695379797,0.0850282833591787
689.218647173014,1.56814510309557e-10,0.000316048804055056,0.0861201739097184
692.675892487151,1.57024919028166e-10,0.000316472868280667,0.0872135652036049
696.133137801291,1.57225625163549e-10,0.000316877377620581,0.0883083887885304
699.590383115429,1.57416873254852e-10,0.000317262824926541,0.0894045779104118
703.047628429563,1.57598896953334e-10,0.000317629681106503,0.0905020674811426
706.504873743703,1.57771928740334e-10,0.000317978414710537,0.0916007940365889
709.962119057841,1.57936195939870e-10,0.000318309483894480,0.0927006957145365
713.419364371976,1.58091918896290e-10,0.000318623332747138,0.0938017122124131
716.876609686111,1.58239317708552e-10,0.000318920404862737,0.0949037847621170
720.333855000251,1.58378602318076e-10,0.000319201123363701,0.0960068560937731
723.791100314388,1.58509983118954e-10,0.000319465912284772,0.0971108704019181
727.248345628526,1.58633662589387e-10,0.000319715179706768,0.0982157733195047
730.705590942664,1.58749839777934e-10,0.000319949326798300,0.0993215118783723
734.162836256799,1.58858710719764e-10,0.000320168748654693,0.100428034486799
737.620081570937,1.58960463679103e-10,0.000320373824709485,0.101535290891933
741.077326885071,1.59055287580793e-10,0.000320564935727629,0.102643232155017
744.534572199215,1.59143361748273e-10,0.000320742443123118,0.103751810620246
747.991817513351,1.59224865135521e-10,0.000320906707565326,0.104860979880015
751.449062827487,1.59299971132675e-10,0.000321058078510088,0.105970694754265
754.906308141627,1.59368848368621e-10,0.000321196895817264,0.107080911254502
758.363553455765,1.59431664002611e-10,0.000321323496384771,0.108191586562092
761.820798769901,1.59488577523557e-10,0.000321438201651485,0.109302678996413
765.278044084035,1.59539748675290e-10,0.000321541333570051,0.110414147989027
768.735289398175,1.59585329850220e-10,0.000321633199276838,0.111525954058957
772.192534712316,1.59625471596301e-10,0.000321714102190839,0.112638058780639
775.649780026450,1.59660320923441e-10,0.000321784338600359,0.113750424765178
779.107025340588,1.59690019448418e-10,0.000321844193924222,0.114863015629236
782.564270654727,1.59714708362900e-10,0.000321893952724477,0.115975795974753
786.021515968864,1.59734521703132e-10,0.000321933885141906,0.117088731362540
789.478761282997,1.59749593210867e-10,0.000321964260723768,0.118201788286327
792.936006597137,1.59760051457671e-10,0.000321985338597164,0.119314934153724
796.393251911277,1.59766022055026e-10,0.000321997371923351,0.120428137257891
799.850497225415,1.59767628593174e-10,0.000322000609789919,0.121541366760187
803.307742539551,1.59764989146868e-10,0.000321995290168370,0.122654592663914
806.764987853689,1.59758221983454e-10,0.000321981651418361,0.123767785795771
810.222233167821,1.59747438967812e-10,0.000321959918995825,0.124880917784215
813.679478481968,1.59732751275979e-10,0.000321930316968379,0.125993961034772
817.136723796106,1.59714266555387e-10,0.000321893062291979,0.127106888715312
820.593969110237,1.59692088932614e-10,0.000321848364826544,0.128219674731520
824.051214424381,1.59666321550196e-10,0.000321796432448727,0.129332293711197
827.508459738512,1.59637062425881e-10,0.000321737462706518,0.130444720982952
830.965705052652,1.59604409393242e-10,0.000321671652776722,0.131556932557742
834.422950366791,1.59568455777962e-10,0.000321599190750803,0.132668905112496
837.880195680928,1.59529293261901e-10,0.000321520261407208,0.133780615968697
841.337440995061,1.59487011375043e-10,0.000321435045187432,0.134892043079158
844.794686309196,1.59441695957113e-10,0.000321343715095505,0.136003165007665
848.251931623337,1.59393432536809e-10,0.000321246443508606,0.137113960915039
851.709176937474,1.59342302033422e-10,0.000321143393513970,0.138224410541986
855.166422251612,1.59288384938460e-10,0.000321034727336667,0.139334494191563
858.623667565747,1.59231758638641e-10,0.000320920600944279,0.140444192716854
862.080912879881,1.59172498365053e-10,0.000320801165959859,0.141553487502658
865.538158194027,1.59110678145521e-10,0.000320676571581374,0.142662360453780
868.995403508159,1.59046368455652e-10,0.000320546959847536,0.143770793978451
872.452648822297,1.58979639683317e-10,0.000320412472620231,0.144878770975677
875.909894136434,1.58910558451847e-10,0.000320273244174180,0.145986274821788
879.367139450572,1.58839190628926e-10,0.000320129407261144,0.147093289354707
882.824384764711,1.58765600042244e-10,0.000319981090521419,0.148199798864202
886.281630078843,1.58689848162249e-10,0.000319828417844445,0.149305788076569
889.738875392986,1.58611995885198e-10,0.000319671511962417,0.150411242144429
893.196120707120,1.58532100907073e-10,0.000319510489157599,0.151516146633554
896.653366021260,1.58450220666263e-10,0.000319345465193089,0.152620487510849
900.110611335398,1.58366409995535e-10,0.000319176550580543,0.153724251134353
903.567856649537,1.58280722510523e-10,0.000319003853378562,0.154827424239934
907.025101963674,1.58193210609385e-10,0.000318827479192011,0.155929993932804
910.482347277806,1.58103924338621e-10,0.000318647528886151,0.157031947675081
913.939592591950,1.58012913567787e-10,0.000318464102969623,0.158133273276991
917.396837906087,1.57920225358705e-10,0.000318277296292279,0.159233958886449
920.854083220224,1.57825906414857e-10,0.000318087202981756,0.160333992978048
924.311328534363,1.57730001673362e-10,0.000317893913605711,0.161433364345649
927.768573848494,1.57632554639023e-10,0.000317697515845065,0.162532062091235
931.225819162636,1.57533608152873e-10,0.000317498096042959,0.163630075617616
934.683064476770,1.57433202888562e-10,0.000317295736174324,0.164727394618554
938.140309790911,1.57331379381268e-10,0.000317090517935006,0.165824009070741
941.597555105043,1.57228176049433e-10,0.000316882518754725,0.166919909225932
945.054800419184,1.57123630971160e-10,0.000316671815377258,0.168015085602398
948.512045733325,1.57017785034316e-10,0.000316458490209276,0.169109528993512
951.969291047456,1.56910668477303e-10,0.000316242604194190,0.170203230440448
955.426536361597,1.56802315490401e-10,0.000316024226240144,0.171296181208851
958.883781675732,1.56692761635603e-10,0.000315803428019876,0.172388372807367
962.341026989869,1.56582037388460e-10,0.000315580270954752,0.173479796974718
965.798272304009,1.56470174332891e-10,0.000315354818699979,0.174570445665836
969.255517618148,1.56357204701342e-10,0.000315127136217821,0.175660311057980
972.712762932283,1.56243156445334e-10,0.000314897279842637,0.176749385538088
976.170008246419,1.56128058659694e-10,0.000314665308213042,0.177837661691844
979.627253560556,1.56011940461971e-10,0.000314431280013439,0.178925132307736
983.084498874696,1.55894827488955e-10,0.000314195246913006,0.180011790365017
986.541744188836,1.55776746543594e-10,0.000313957262931235,0.181097629025629
989.998989502973,1.55657723894307e-10,0.000313717381010306,0.182182641636414
993.456234817111,1.55537783060848e-10,0.000313475648552658,0.183266821717672
996.913480131252,1.55416948738504e-10,0.000313232115329932,0.184350162957681
1000.37072544538,1.55295244594407e-10,0.000312986829041602,0.185432659213205
1003.82797075952,1.55172692212958e-10,0.000312739833189529,0.186514304498670
1007.28521607366,1.55049314352280e-10,0.000312491173641142,0.187595092982981
1010.74246138780,1.54925132308578e-10,0.000312240893317469,0.188675018988523
1014.19970670193,1.54800165897777e-10,0.000311989032156132,0.189754076980915
1017.65695201607,1.54674436098592e-10,0.000311735632438289,0.190832261567905
1021.11419733021,1.54547962049874e-10,0.000311480732736963,0.191909567497004
1024.57144264435,1.54420761952288e-10,0.000311224369734341,0.192985989645809
1028.02868795848,1.54292855151015e-10,0.000310966582419296,0.194061523022725
1031.48593327262,1.54164258825091e-10,0.000310707405414985,0.195136162763405
1034.94317858676,1.54034989700527e-10,0.000310446872431533,0.196209904121626
1038.40042390089,1.53905065623789e-10,0.000310185019437254,0.197282742471609
1041.85766921503,1.53774501996401e-10,0.000309921877472855,0.198354673303413
1045.31491452917,1.53643314213827e-10,0.000309657477566831,0.199425692214387
1048.77215984331,1.53511518703006e-10,0.000309391852826541,0.200495794912747
1052.22940515745,1.53379129301174e-10,0.000309125031139975,0.201564977212152
1055.68665047158,1.53246160260101e-10,0.000308857041230594,0.202633235024113
1059.14389578572,1.53112626451151e-10,0.000308587913070602,0.203700564361612
1062.60114109986,1.52978540552570e-10,0.000308317672212130,0.204766961333603
1066.05838641400,1.52843915686100e-10,0.000308046345101137,0.205832422138933
1069.51563172813,1.52708765306968e-10,0.000307773958855707,0.206896943069037
1072.97287704227,1.52573101042570e-10,0.000307500536910051,0.207960520502733
1076.43012235641,1.52436934984813e-10,0.000307226103634571,0.209023150901482
1079.88736767054,1.52300279301617e-10,0.000306950683552869,0.210084830811260
1083.34461298468,1.52163144668027e-10,0.000306674298179761,0.211145556857627
1086.80185829882,1.52025542238019e-10,0.000306396969995313,0.212205325742192
1090.25910361296,1.51887483010956e-10,0.000306118721167985,0.213264134243747
1093.71634892710,1.51748976799241e-10,0.000305839571473991,0.214321979213591
1097.17359424123,1.51610033903191e-10,0.000305559541672910,0.215378857573086
1100.63083955537,1.51470664262836e-10,0.000305278651798184,0.216434766314123
1104.08808486951,1.51330876909607e-10,0.000304996920052042,0.217489702494681
1107.54533018364,1.51190681367415e-10,0.000304714365629265,0.218543663237377
1111.00257549778,1.51050086617197e-10,0.000304431006630310,0.219596645729315
1114.45982081192,1.50909100983753e-10,0.000304146859833237,0.220648647217875
1117.91706612606,1.50767733285388e-10,0.000303861943010732,0.221699665010168
1121.37431144020,1.50625991635736e-10,0.000303576272515261,0.222749696472297
1124.83155675433,1.50483883720620e-10,0.000303289863837069,0.223798739025403
1128.28880206847,1.50341417717608e-10,0.000303002733457478,0.224846790145899
1131.74604738261,1.50198600956905e-10,0.000302714896150012,0.225893847364224
1135.20329269675,1.50055440546906e-10,0.000302426366241147,0.226939908261121
1138.66053801089,1.49911944083861e-10,0.000302137159040601,0.227984970468561
1142.11778332502,1.49768118191017e-10,0.000301847287897071,0.229029031668055
1145.57502863916,1.49623969455329e-10,0.000301556766086109,0.230072089587137
1149.03227395329,1.49479504946142e-10,0.000301265607855492,0.231114142000919
1152.48951926743,1.49334730649309e-10,0.000300973825269291,0.232155186729998
1155.94676458157,1.49189652719369e-10,0.000300681430731553,0.233195221637267
1159.40400989570,1.49044277634269e-10,0.000300388437298136,0.234234244629622
1162.86125520985,1.48898610919913e-10,0.000300094856106115,0.235272253655795
1166.31850052398,1.48752658307823e-10,0.000299800698706977,0.236309246703717
1169.77574583811,1.48606425726536e-10,0.000299505977049280,0.237345221801962
1173.23299115226,1.48459918302785e-10,0.000299210701465597,0.238380177017609
1176.69023646639,1.48313141382471e-10,0.000298914882730222,0.239414110454222
1180.14748178053,1.48166100396926e-10,0.000298618531789631,0.240447020252916
1183.60472709466,1.48018800114871e-10,0.000298321658254850,0.241478904590341
1187.06197240881,1.47871245535219e-10,0.000298024272200844,0.242509761677179
1190.51921772294,1.47723441639620e-10,0.000297726383667782,0.243539589758877
1193.97646303708,1.47575392875962e-10,0.000297428001620078,0.244568387113739
1197.43370835122,1.47427103931310e-10,0.000297129135504186,0.245596152051896
1200.89095366536,1.47278579380771e-10,0.000296829794540917,0.246622882915739
1204.34819897950,1.47129823384991e-10,0.000296529987115765,0.247648578078106
1207.80544429364,1.46980840351128e-10,0.000296229722111053,0.248673235941672
1211.26268960777,1.46831634486817e-10,0.000295929008006980,0.249696854939134
1214.71993492191,1.46682209695790e-10,0.000295627852671247,0.250719433531447
1218.17718023604,1.46532570134327e-10,0.000295326264480546,0.251740970207643
1221.63442555018,1.46382719677890e-10,0.000295024251245607,0.252761463484740
1225.09167086432,1.46232662000675e-10,0.000294721820371517,0.253780911906055
1228.54891617845,1.46082401034451e-10,0.000294418979782483,0.254799314041403
1232.00616149260,1.45931940354312e-10,0.000294115736683860,0.255816668486761
1235.46340680673,1.45781283429626e-10,0.000293812098067920,0.256832973862634
1238.92065212087,1.45630433991595e-10,0.000293508071454643,0.257848228814625
1242.37789743501,1.45479395343520e-10,0.000293203663501603,0.258862432012836
1245.83514274914,1.45328170772232e-10,0.000292898880833182,0.259875582150340
1249.29238806328,1.45176763830097e-10,0.000292593730608928,0.260887677944024
1252.74963337741,1.45025177574229e-10,0.000292288218990240,0.261898718133811
1256.20687869155,1.44873415142909e-10,0.000291982352302111,0.262908701481206
1259.66412400569,1.44721479887729e-10,0.000291676137299439,0.263917626770323
1263.12136931983,1.44569374684141e-10,0.000291369579777500,0.264925492806969
1266.57861463397,1.44417102533501e-10,0.000291062685785319,0.265932298417430
1270.03585994811,1.44264666582331e-10,0.000290755461664497,0.266938042449405
1273.49310526224,1.44112069566965e-10,0.000290447912929919,0.267942723771091
1276.95035057638,1.43959314360002e-10,0.000290140045371117,0.268946341270232
1280.40759589051,1.43806403921394e-10,0.000289831864953666,0.269948893854881
1283.86484120466,1.43653340864133e-10,0.000289523376943872,0.270950380452520
1287.32208651879,1.43500127946920e-10,0.000289214586901705,0.271950800009329
1290.77933183293,1.43346767959650e-10,0.000288905500450005,0.272950151490832
1294.23657714707,1.43193263406122e-10,0.000288596122635006,0.273948433880992
1297.69382246121,1.43039616944502e-10,0.000288286458814060,0.274945646181752
1301.15106777533,1.42885831209345e-10,0.000287976514296929,0.275941787413498
1304.60831308948,1.42731908607909e-10,0.000287666293935274,0.276936856614190
1308.06555840362,1.42577851709860e-10,0.000287355802908082,0.277930852839110
1311.52280371775,1.42423663007460e-10,0.000287045046238330,0.278923775161181
1314.98004903189,1.42269344822749e-10,0.000286734028605934,0.279915622670109
1318.43729434602,1.42114899647709e-10,0.000286422755033310,0.280906394472360
1321.89453966017,1.41960329843840e-10,0.000286111230279896,0.281896089691315
1325.35178497430,1.41805637658088e-10,0.000285799458874260,0.282884707466405
1328.80903028844,1.41650825514462e-10,0.000285487445701819,0.283872246953343
1332.26627560259,1.41495895653848e-10,0.000285175195278929,0.284858707324089
1335.72352091672,1.41340850257141e-10,0.000284862712001032,0.285844087765999
1339.18076623086,1.41185691689085e-10,0.000284550000634104,0.286828387482283
1342.63801154499,1.41030422078848e-10,0.000284237065469337,0.287811605691797
1346.09525685912,1.40875043549345e-10,0.000283923910785321,0.288793741628210
1349.55250217327,1.40719558413857e-10,0.000283610541244311,0.289774794540658
1353.00974748739,1.40563968697587e-10,0.000283296960927966,0.290754763693373
1356.46699280154,1.40408276478155e-10,0.000282983174023585,0.291733648364900
1359.92423811568,1.40252484007899e-10,0.000282669185070597,0.292711447848855
1363.38148342981,1.40096593231242e-10,0.000282354997987856,0.293688161453481
1366.83872874396,1.39940606190692e-10,0.000282040616891895,0.294663788500915
1370.29597405809,1.39784525056104e-10,0.000281726046155903,0.295638328327958
1373.75321937223,1.39628352124872e-10,0.000281411290410122,0.296611780286987
1377.21046468636,1.39472089333001e-10,0.000281096353556437,0.297584143745119
1380.66771000051,1.39315738635381e-10,0.000280781239534792,0.298555418083040
1384.12495531464,1.39159301578203e-10,0.000280465951461428,0.299525602693611
1387.58220062877,1.39002780109597e-10,0.000280150493262667,0.300494696981884
1391.03944594292,1.38846176234412e-10,0.000279834868979143,0.301462700366685
1394.49669125705,1.38689492343089e-10,0.000279519083428625,0.302429612282137
1397.95393657118,1.38532729800294e-10,0.000279203139361502,0.303395432175458
1401.41118188532,1.38375890501936e-10,0.000278887040598851,0.304360159505226
1404.86842719946,1.38218976404121e-10,0.000278570791083062,0.305323793743431
1408.32567251360,1.38061989844037e-10,0.000278254395524582,0.306286334377029
1411.78291782773,1.37904932105105e-10,0.000277937856510054,0.307247780905580
1415.24016314187,1.37747805059109e-10,0.000277621177811931,0.308208132839648
1418.69740845601,1.37590610608610e-10,0.000277304363264691,0.309167389702940
1422.15465377015,1.37433351042036e-10,0.000276987417480504,0.310125551033764
1425.61189908428,1.37276027568742e-10,0.000276670342896741,0.311082616382611
1429.06914439842,1.37118642039169e-10,0.000276353143242839,0.312038585310644
1432.52638971256,1.36961196316624e-10,0.000276035822274162,0.312993457391953
1435.98363502670,1.36803692618251e-10,0.000275718384459213,0.313947232214847
1439.44088034084,1.36646132113071e-10,0.000275400832154071,0.314899909379429
1442.89812565498,1.36488516623680e-10,0.000275083169032055,0.315851488496235
1446.35537096911,1.36330847993991e-10,0.000274765398809440,0.316801969188560
1449.81261628325,1.36173128327438e-10,0.000274447525725555,0.317751351093467
1453.26986159739,1.36015358804373e-10,0.000274129552159316,0.318699633859448
1456.72710691152,1.35857541206082e-10,0.000273811481700784,0.319646817145315
1460.18435222567,1.35699677358976e-10,0.000273493318030961,0.320592900622458
1463.64159753980,1.35541769260738e-10,0.000273175065176044,0.321537883975571
1467.09884285394,1.35383818102710e-10,0.000272856725537094,0.322481766900477
1470.55608816808,1.35225825627922e-10,0.000272538302627073,0.323424549103215
1474.01333348221,1.35067793646622e-10,0.000272219800094407,0.324366230302200
1477.47057879635,1.34909724057523e-10,0.000271901221765823,0.325306810228775
1480.92782411049,1.34751618062432e-10,0.000271582570063478,0.326246288625082
1484.38506942462,1.34593477368548e-10,0.000271263848428115,0.327184665243393
1487.84231473876,1.34435303770797e-10,0.000270945060477284,0.328121939848192
1491.29956005290,1.34277099074751e-10,0.000270626209849988,0.329058112216498
1494.75680536704,1.34118864491980e-10,0.000270307298988065,0.329993182135843
1498.21405068117,1.33960601695743e-10,0.000269988331263852,0.330927149403810
1501.67129599532,1.33802312466064e-10,0.000269669310264863,0.331860013830020
1505.12854130945,1.33643998520425e-10,0.000269350239452565,0.332791775236263
1508.58578662359,1.33485661079292e-10,0.000269031121286724,0.333722433454580
1512.04303193773,1.33327301783431e-10,0.000268711959074191,0.334651988326975
1515.50027725186,1.33168922398018e-10,0.000268392756372553,0.335580439707314
1518.95752256600,1.33010524556868e-10,0.000268073516474653,0.336507787461310
1522.41476788014,1.32852109488332e-10,0.000267754241856149,0.337434031464649
1525.87201319427,1.32693678801754e-10,0.000267434935760560,0.338359171602893
1529.32925850841,1.32535234247208e-10,0.000267115601715040,0.339283207773321
1532.78650382254,1.32376777378771e-10,0.000266796242851725,0.340206139884715
1536.24374913669,1.32218309431527e-10,0.000266476861659840,0.341127967855581
1539.70099445083,1.32059831984161e-10,0.000266157461321116,0.342048691614221
1543.15823976497,1.31901346771147e-10,0.000265838045331264,0.342968311100480
1546.61548507910,1.31742855270346e-10,0.000265518616668815,0.343886826265395
1550.07273039324,1.31584358722304e-10,0.000265199177833999,0.344804237069483
1553.52997570738,1.31425858675569e-10,0.000264879731947809,0.345720543482965
1556.98722102150,1.31267356848296e-10,0.000264560282473068,0.346635745487449
1560.44446633565,1.31108854645341e-10,0.000264240832241166,0.347549843075431
1563.90171164979,1.30950353311342e-10,0.000263921383760583,0.348462836248619
1567.35895696393,1.30791854365023e-10,0.000263601940092206,0.349374725018364
1570.81620227807,1.30633359507345e-10,0.000263282504664203,0.350285509407227
1574.27344759221,1.30474870073114e-10,0.000262963080166781,0.351195189448349
1577.73069290634,1.30316387309610e-10,0.000262643669113749,0.352103765183863
1581.18793822047,1.30157912705895e-10,0.000262324274506206,0.353011236665437
1584.64518353461,1.29999447944725e-10,0.000262004899735633,0.353917603955794
1588.10242884875,1.29840994293619e-10,0.000261685547356626,0.354822867127928
1591.55967416288,1.29682553000983e-10,0.000261366219885260,0.355727026263601
1595.01691947704,1.29524125526249e-10,0.000261046920262920,0.356630081454016
1598.47416479116,1.29365713532865e-10,0.000260727651842172,0.357532032801237
1601.93141010531,1.29207318223674e-10,0.000260408417047262,0.358432880417336
1605.38865541943,1.29048940846642e-10,0.000260089218393376,0.359332624422907
1608.84590073357,1.28890582831514e-10,0.000259770058762071,0.360231264947885
1612.30314604771,1.28732245821261e-10,0.000259450941464639,0.361128802132904
1615.76039136184,1.28573930956540e-10,0.000259131868799996,0.362025236128291
1619.21763667599,1.28415639483280e-10,0.000258812843279225,0.362920567092704
1622.67488199012,1.28257372801417e-10,0.000258493867723801,0.363814795193995
1626.13212730427,1.28099132532232e-10,0.000258174945401303,0.364707920610566
1629.58937261840,1.27940919756596e-10,0.000257856078490153,0.365599943530213
1633.04661793254,1.27782735716786e-10,0.000257537269494073,0.366490864148842
1636.50386324667,1.27624581782761e-10,0.000257218521174121,0.367380682671448
1639.96110856081,1.27466459552887e-10,0.000256899836751693,0.368269399313374
1643.41835387496,1.27308370050573e-10,0.000256581218289401,0.369157014299096
1646.87559918909,1.27150314512824e-10,0.000256262668280341,0.370043527860958
1650.33284450322,1.26992294279432e-10,0.000255944189424772,0.370928940240291
1653.79008981736,1.26834310924616e-10,0.000255625784895423,0.371813251688579
1657.24733513150,1.26676365416597e-10,0.000255307456643677,0.372696462466151
1660.70458044563,1.26518458985497e-10,0.000254989207148759,0.373578572841009
1664.16182575977,1.26360592940734e-10,0.000254671039049712,0.374459583089995
1667.61907107391,1.26202768831179e-10,0.000254352955468176,0.375339493499912
1671.07631638805,1.26044987572077e-10,0.000254034958248768,0.376218304366143
1674.53356170218,1.25887250385082e-10,0.000253717049853642,0.377096015991518
1677.99080701633,1.25729558549038e-10,0.000253399232860226,0.377972628687589
1681.44805233046,1.25571913586293e-10,0.000253081510336700,0.378848142775648
1684.90529764460,1.25414316361297e-10,0.000252763884025307,0.379722558585315
1688.36254295873,1.25256768085673e-10,0.000252446356367991,0.380595876453441
1691.81978827287,1.25099270007508e-10,0.000252128929880183,0.381468096725448
1695.27703358701,1.24941823621493e-10,0.000251811607574327,0.382339219756308
1698.73427890115,1.24784429743426e-10,0.000251494391094614,0.383209245909044
1702.19152421528,1.24627089573387e-10,0.000251177282859715,0.384078175553709
1705.64876952942,1.24469804328531e-10,0.000250860285322725,0.384946009068769
1709.10601484356,1.24312575474823e-10,0.000250543401438196,0.385812746842042
1712.56326015769,1.24155403781515e-10,0.000250226632756504,0.386678389269130
1716.02050547183,1.23998290435672e-10,0.000249909981670090,0.387542936752458
1719.47775078597,1.23841236632150e-10,0.000249593450587109,0.388406389702742
1722.93499610011,1.23684243780867e-10,0.000249277042349153,0.389268748539776
1726.39224141425,1.23527312632913e-10,0.000248960758469988,0.390130013690879
1729.84948672839,1.23370444352152e-10,0.000248644601295306,0.390990185590049
1733.30673204251,1.23213640117720e-10,0.000248328573201572,0.391849264679436
1736.76397735666,1.23056901262495e-10,0.000248012676875109,0.392707251409959
1740.22122267080,1.22900228541492e-10,0.000247696913837599,0.393564146239793
1743.67846798493,1.22743623087343e-10,0.000247381286371782,0.394419949633692
1747.13571329906,1.22587086062149e-10,0.000247065796819793,0.395274662064419
1750.59295861321,1.22430618724600e-10,0.000246750447718435,0.396128284013157
1754.05020392735,1.22274221831921e-10,0.000246435240593842,0.396980815968117
1757.50744924148,1.22117896485466e-10,0.000246120177665717,0.397832258423981
1760.96469455562,1.21961643829058e-10,0.000245805261239357,0.398682611883261
1764.42193986976,1.21805465050039e-10,0.000245490493707766,0.399531876856585
1767.87918518390,1.21649360906182e-10,0.000245175876598183,0.400380053861358
1771.33643049803,1.21493332467554e-10,0.000244861412067258,0.401227143421354
1774.79367581217,1.21337380858535e-10,0.000244547102381096,0.402073146067992
1778.25092112631,1.21181507197934e-10,0.000244232949794583,0.402918062340504
1781.70816644044,1.21025712242472e-10,0.000243918955832836,0.403761892784664
1785.16541175458,1.20869997030965e-10,0.000243605122589516,0.404604637952490
1788.62265706872,1.20714362667252e-10,0.000243291452289336,0.405446298403476
1792.07990238286,1.20558810204409e-10,0.000242977947054697,0.406286874704621
1795.53714769700,1.20403340396563e-10,0.000242664608405491,0.407126367429227
1798.99439301113,1.20247954251351e-10,0.000242351438372539,0.407964777156728
1802.45163832527,1.20092652851062e-10,0.000242038439137122,0.408802104473847
1805.90888363941,1.19937437185803e-10,0.000241725612694727,0.409638349974520
1809.36612895354,1.19782308005632e-10,0.000241412960557052,0.410473514258746
1812.82337426769,1.19627266287126e-10,0.000241100484692312,0.411307597932546
1816.28061958181,1.19472313090084e-10,0.000240788187236465,0.412140601609023
1819.73786489596,1.19317449344378e-10,0.000240476070063601,0.412972525908231
1823.19511021010,1.19162675794594e-10,0.000240164134674383,0.413803371456041
1826.65235552424,1.19007993386398e-10,0.000239852382974732,0.414633138884216
1830.10960083837,1.18853403156250e-10,0.000239540817053566,0.415461828831429
1833.56684615251,1.18698905976478e-10,0.000239229438668999,0.416289441943001
1837.02409146665,1.18544502584860e-10,0.000238918249307972,0.417115978869864
1840.48133678078,1.18390193896343e-10,0.000238607250814499,0.417941440268702
1843.93858209492,1.18235980923275e-10,0.000238296445228895,0.418765826802924
1847.39582740905,1.18081864483089e-10,0.000237985834198641,0.419589139142302
1850.85307272319,1.17927845305487e-10,0.000237675419194402,0.420411377962006
1854.31031803734,1.17773924274934e-10,0.000237365201998754,0.421232543942831
1857.76756335148,1.17620102378964e-10,0.000237055184602004,0.422052637772085
1861.22480866561,1.17466380382719e-10,0.000236745368546242,0.422871660143187
1864.68205397974,1.17312759006633e-10,0.000236435755283456,0.423689611754736
1868.13929929388,1.17159239104949e-10,0.000236126346535311,0.424506493310812
1871.59654460803,1.17005821639779e-10,0.000235817144240876,0.425322305521825
1875.05378992216,1.16852507326513e-10,0.000235508149841974,0.426137049104025
1878.51103523630,1.16699296875200e-10,0.000235199364769659,0.426950724778636
1881.96828055043,1.16546191110163e-10,0.000234890790685293,0.427763333272219
1885.42552586457,1.16393190967548e-10,0.000234582429475618,0.428574875317476
1888.88277117871,1.16240297115485e-10,0.000234274282487202,0.429385351652695
1892.34001649284,1.16087510252591e-10,0.000233966351128059,0.430194763020921
1895.79726180699,1.15934831173595e-10,0.000233658636999911,0.431003110170414
1899.25450712112,1.15782260788221e-10,0.000233351141936243,0.431810393855353
1902.71175243526,1.15629799719759e-10,0.000233043867193254,0.432616614835279
1906.16899774940,1.15477448654420e-10,0.000232736814153953,0.433421773874282
1909.62624306354,1.15325208357702e-10,0.000232429984361151,0.434225871741512
1913.08348837767,1.15173079712516e-10,0.000232123379594292,0.435028909211861
1916.54073369181,1.15021063299673e-10,0.000231817001023962,0.435830887065327
1919.99797900595,1.14869159792074e-10,0.000231510850006344,0.436631806086268
1923.45522432008,1.14717369926377e-10,0.000231204928026123,0.437431667063958
1926.91246963423,1.14565694558362e-10,0.000230899236808065,0.438230470793218
1930.36971494836,1.14414134228648e-10,0.000230593777441750,0.439028218073728
1933.82696026250,1.14262689596000e-10,0.000230288551254871,0.439824909709357
1937.28420557663,1.14111361368646e-10,0.000229983559674815,0.440620546508725
1940.74145089077,1.13960150374989e-10,0.000229678804371169,0.441415129285817
1944.19869620491,1.13809057117672e-10,0.000229374286356980,0.442208658859247
1947.65594151904,1.13658082240567e-10,0.000229070006929920,0.443001136051625
1951.11318683317,1.13507226423905e-10,0.000228765967460955,0.443792561690178
1954.57043214731,1.13356490468534e-10,0.000228462169564133,0.444582936607288
1958.02767746145,1.13205874841264e-10,0.000228158614180280,0.445372261639758
1961.48492277559,1.13055380374177e-10,0.000227855302986400,0.446160537628912
1964.94216808974,1.12905008268172e-10,0.000227552238402821,0.446947765423160
1968.39941340387,1.12754758194077e-10,0.000227249419766119,0.447733945873941
1971.85665871800,1.12604631299705e-10,0.000226946849389635,0.448519079835559
1975.31390403213,1.12454627759643e-10,0.000226644527625233,0.449303168166917
1978.77114934628,1.12304747801256e-10,0.000226342454931153,0.450086211728322
1982.22839466041,1.12154993221324e-10,0.000226040634928680,0.450868211387127
1985.68563997455,1.12005363126225e-10,0.000225739065816783,0.451649168013841
1989.14288528869,1.11855859551671e-10,0.000225437751698296,0.452429082482942
1992.60013060282,1.11706482065722e-10,0.000225136691702676,0.453207955674500
1996.05737591697,1.11557231400291e-10,0.000224835887305042,0.453985788469635
1999.51462123111,1.11408108685783e-10,0.000224535340783648,0.454762581755944
2002.97186654524,1.11259113335573e-10,0.000224235050956191,0.455538336422926
2006.42911185938,1.11110247512778e-10,0.000223935022182283,0.456313053365574
2009.88635717352,1.10961510293453e-10,0.000223635252599779,0.457086733483192
2013.34360248766,1.10812902971006e-10,0.000223335744815453,0.457859377676378
2016.80084780180,1.10664426023207e-10,0.000223036499792215,0.458630986851893
2020.25809311593,1.10516079382838e-10,0.000222737517394594,0.459401561917933
2023.71533843007,1.10367864707704e-10,0.000222438800963779,0.460171103788238
2027.17258374421,1.10219781203889e-10,0.000222140348899690,0.460939613379553
2030.62982905834,1.10071830527144e-10,0.000221842164539377,0.461707091611625
2034.08707437248,1.09924012487337e-10,0.000221544247499644,0.462473539409312
2037.54431968661,1.09776327562013e-10,0.000221246598742946,0.463238957698469
2041.00156500076,1.09628776870930e-10,0.000220949220526082,0.464003347410520
2044.45881031489,1.09481359794153e-10,0.000220652111599616,0.464766709478624
2047.91605562903,1.09334078296508e-10,0.000220355275923513,0.465529044840632
2051.37330094318,1.09186931561003e-10,0.000220058711851191,0.466290354438391
2054.83054625731,1.09039920608763e-10,0.000219762421440649,0.467050639214456
2058.28779157144,1.08893046000846e-10,0.000219466405822664,0.467809900116899
2061.74503688558,1.08746307556411e-10,0.000219170664632763,0.468568138095119
2065.20228219972,1.08599706808700e-10,0.000218875200961090,0.469325354103221
2068.65952751386,1.08453243048120e-10,0.000218580013377510,0.470081549098179
2072.11677282800,1.08306917600016e-10,0.000218285104553161,0.470836724039118
2075.57401814213,1.08160730457008e-10,0.000217990474473173,0.471590879889747
2079.03126345627,1.08014681896991e-10,0.000217696123697621,0.472344017614727
2082.48850877041,1.07868772995374e-10,0.000217402054393921,0.473096138183426
2085.94575408453,1.07723003175070e-10,0.000217108265398988,0.473847242566947
2089.40299939868,1.07577374056076e-10,0.000216814759977822,0.474597331740040
2092.86024471281,1.07431885062912e-10,0.000216521536970575,0.475346406681073
2096.31749002694,1.07286536941462e-10,0.000216228597880531,0.476094468369024
2099.77473534109,1.07141330293769e-10,0.000215935943921063,0.476841517787566
2103.23198065522,1.06996264864563e-10,0.000215643574577691,0.477587555921570
2106.68922596936,1.06851342044592e-10,0.000215351492653374,0.478332583759870
2110.14647128349,1.06706561210117e-10,0.000215059696891006,0.479076602293972
2113.60371659764,1.06561923404574e-10,0.000214768189393564,0.479819612516846
2117.06096191178,1.06417428751065e-10,0.000214476970409151,0.480561615425517
2120.51820722591,1.06273077376349e-10,0.000214186040193236,0.481302612017892
2123.97545254005,1.06128870285091e-10,0.000213895400770659,0.482042603295812
2127.43269785418,1.05984806962866e-10,0.000213605051104624,0.482781590262829
2130.88994316832,1.05840888694945e-10,0.000213314993785513,0.483519573925184
2134.34718848246,1.05697115129133e-10,0.000213025228103499,0.484256555292361
2137.80443379660,1.05553486779572e-10,0.000212735755094800,0.484992535374413
2141.26167911074,1.05410004253822e-10,0.000212446575983909,0.485727515185303
2144.71892442488,1.05266667255320e-10,0.000212157690173126,0.486461495740070
2148.17616973901,1.05123477019943e-10,0.000211869100153275,0.487194478057031
2151.63341505315,1.04980433009423e-10,0.000211580804839511,0.487926463156936
2155.09066036729,1.04837536029461e-10,0.000211292805855675,0.488657452061461
2158.54790568143,1.04694786288610e-10,0.000211005103622087,0.489387445795817
2162.00515099556,1.04552183804478e-10,0.000210717698174234,0.490116445386004
2165.46239630970,1.04409729490475e-10,0.000210430591353034,0.490844451861266
2168.91964162383,1.04267422897692e-10,0.000210143782253739,0.491571466252464
2172.37688693798,1.04125265026660e-10,0.000209857272892851,0.492297489592385
2175.83413225211,1.03983255693436e-10,0.000209571062899647,0.493022522916652
2179.29137756625,1.03841395231676e-10,0.000209285152946585,0.493746567261419
2182.74862288038,1.03699684225342e-10,0.000208999544210603,0.494469623666028
2186.20586819452,1.03558122364082e-10,0.000208714236066205,0.495191693170785
2189.66311350865,1.03416710721349e-10,0.000208429230676863,0.495912776818643
2193.12035882280,1.03275448842403e-10,0.000208144527126080,0.496632875654724
2196.57760413694,1.03134337334966e-10,0.000207860126638677,0.497351990724668
2200.03484945107,1.02993376454901e-10,0.000207576029730329,0.498070123077132
2203.49209476520,1.02852566146440e-10,0.000207292236288640,0.498787273761470
2206.94934007935,1.02711907216532e-10,0.000207008747939957,0.499503443829656
2210.40658539349,1.02571399282840e-10,0.000206725563913708,0.500218634335133
2213.86383070763,1.02431043106323e-10,0.000206442685743554,0.500932846332673
2217.32107602177,1.02290838623741e-10,0.000206160113302038,0.501646080879473
2220.77832133590,1.02150786032694e-10,0.000205877846987411,0.502358339033201
2224.23556665004,1.02010885870261e-10,0.000205595887882117,0.503069621854084
2227.69281196418,1.01871137837288e-10,0.000205314235383231,0.503779930403181
2231.15005727830,1.01731542833377e-10,0.000205032891303840,0.504489265743633
2234.60730259244,1.01592100492157e-10,0.000204751854905550,0.505197628940451
2238.06454790658,1.01452811256073e-10,0.000204471127080075,0.505905021058906
2241.52179322073,1.01313675396564e-10,0.000204190708374482,0.506611443166753
2244.97903853486,1.01174692814476e-10,0.000203910598588937,0.507316896332348
2248.43628384900,1.01035864199763e-10,0.000203630799113990,0.508021381626112
2251.89352916313,1.00897189236215e-10,0.000203351309312342,0.508724900119757
2255.35077447727,1.00758668485600e-10,0.000203072130316201,0.509427452885863
2258.80801979141,1.00620301964884e-10,0.000202793262159758,0.510129040999019
2262.26526510555,1.00482089773609e-10,0.000202514705043634,0.510829665534217
2265.72251041969,1.00344032383921e-10,0.000202236459919405,0.511529327568447
2269.17975573383,1.00206129546209e-10,0.000201958526284000,0.512228028179472
2272.63700104795,1.00068381924201e-10,0.000201680905475116,0.512925768446496
2276.09424636210,9.99307892978636e-11,0.000201403597049289,0.513622549450275
2279.55149167624,9.97933519548042e-11,0.000201126601586173,0.514318372271789
2283.00873699039,9.96560701561560e-11,0.000200849919612065,0.515013237993946
2286.46598230452,9.95189437840802e-11,0.000200573550889468,0.515707147700132
2289.92322761865,9.93819734050535e-11,0.000200297496560076,0.516400102475314
2293.38047293278,9.92451587673084e-11,0.000200021756116470,0.517092103405550
2296.83771824692,9.91085002691782e-11,0.000199746330361464,0.517783151577411
2300.29496356106,9.89719979738518e-11,0.000199471219422409,0.518473248079067
2303.75220887520,9.88356519148604e-11,0.000199196423366886,0.519162393999032
2307.20945418932,9.86994624859970e-11,0.000198921942988557,0.519850590427307
2310.66669950348,9.85634294882199e-11,0.000198647777886268,0.520537838454579
2314.12394481761,9.84275533897838e-11,0.000198373929003753,0.521224139172458
2317.58119013174,9.82918340746860e-11,0.000198100396107217,0.521909493673789
2321.03843544589,9.81562717153387e-11,0.000197827179544145,0.522593903051620
2324.49568076003,9.80208665419351e-11,0.000197554279778475,0.523277368400389
2327.95292607415,9.78856184378884e-11,0.000197281696575235,0.523959890814938
2331.41017138829,9.77505278431617e-11,0.000197009430821140,0.524641471391236
2334.86741670244,9.76155945677651e-11,0.000196737482133279,0.525322111226122
2338.32466201656,9.74808188779661e-11,0.000196465851048295,0.526001811416691
2341.78190733072,9.73462008551042e-11,0.000196194537730121,0.526680573061272
2345.23915264483,9.72117404933459e-11,0.000195923542167003,0.527358397258423
2348.69639795899,9.70774380987386e-11,0.000195652864975756,0.528035285107789
2352.15364327311,9.69432935225880e-11,0.000195382505856697,0.528711237709522
2355.61088858727,9.68093070732775e-11,0.000195112465431353,0.529386256164366
2359.06813390139,9.66754787031462e-11,0.000194842743603665,0.530060341573943
2362.52537921553,9.65418085029639e-11,0.000194573340556575,0.530733495040049
2365.98262452967,9.64082966559963e-11,0.000194304256659441,0.531405717665423
2369.43986984381,9.62749430626275e-11,0.000194035491711494,0.532077010553098
2372.89711515795,9.61417480361472e-11,0.000193767046344148,0.532747374806850
2376.35436047208,9.60087114449167e-11,0.000193498920292095,0.533416811531088
2379.81160578622,9.58758334504161e-11,0.000193231113880786,0.534085321830330
2383.26885110036,9.57431141293622e-11,0.000192963627264839,0.534752906809915
2386.72609641450,9.56105534583540e-11,0.000192696460397091,0.535419567575375
2390.18334172863,9.54781516497535e-11,0.000192429613705542,0.536085305232894
2393.64058704277,9.53459086039812e-11,0.000192163086989498,0.536750120889060
2397.09783235691,9.52138245006589e-11,0.000191896880610973,0.537414015650728
2400.55507767105,9.50818993307638e-11,0.000191630994551782,0.538076990625351
2404.01232298520,9.49501331314708e-11,0.000191365428886850,0.538739046920486
2407.46956829932,9.48185260271887e-11,0.000191100183866912,0.539400185644239
2410.92681361345,9.46870779497699e-11,0.000190835259354623,0.540060407904929
2414.38405892760,9.45557890806037e-11,0.000190570655715561,0.540719714811261
2417.84130424174,9.44246593498353e-11,0.000190306372808937,0.541378107472326
2421.29854955587,9.42936888352046e-11,0.000190042410791431,0.542035586997244
2424.75579487002,9.41628775907148e-11,0.000189778769771883,0.542692154495604
2428.21304018416,9.40322255929018e-11,0.000189515449703002,0.543347811077084
2431.67028549828,9.39017329574101e-11,0.000189252450817863,0.544002557851691
2435.12753081242,9.37713996317418e-11,0.000188989773010658,0.544656395929662
2438.58477612657,9.36412256937348e-11,0.000188727416438265,0.545309326421309
2442.04202144070,9.35112111486316e-11,0.000188465381111251,0.545961350437235
2445.49926675483,9.33813560031521e-11,0.000188203667043157,0.546612469088090
2448.95651206898,9.32516603144028e-11,0.000187942274349079,0.547262683484747
2452.41375738310,9.31221240526206e-11,0.000187681202969032,0.547911994738164
2455.87100269726,9.29927472771468e-11,0.000187420453022612,0.548560403959418
2459.32824801138,9.28635299697588e-11,0.000187160024473095,0.549207912259710
2462.78549332553,9.27344721464777e-11,0.000186899917352769,0.549854520750254
2466.24273863966,9.26055738245931e-11,0.000186640131696481,0.550500230542362
2469.69998395380,9.24768349943311e-11,0.000186380667484531,0.551145042747385
2473.15722926794,9.23482556740007e-11,0.000186121524753820,0.551788958476697
2476.61447458208,9.22198358555361e-11,0.000185862703488093,0.552431978841708
2480.07171989622,9.20915755381944e-11,0.000185604203685852,0.553074104953801
2483.52896521036,9.19634747218273e-11,0.000185346025346798,0.553715337924351
2486.98621052450,9.18355334014964e-11,0.000185088168460978,0.554355678864720
2490.44345583863,9.17077515615281e-11,0.000184830632996803,0.554995128886196
2493.90070115277,9.15801292097472e-11,0.000184573418970044,0.555633689100039
2497.35794646689,9.14526663097486e-11,0.000184316526307327,0.556271360617407
2500.81519178104,9.13253628695629e-11,0.000184059955024840,0.556908144549370
2504.27243709516,9.11982188674309e-11,0.000183803705078727,0.557544042006934
2507.72968240931,9.10712342734664e-11,0.000183547776408754,0.558179054100945
2511.18692772345,9.09444091020849e-11,0.000183292169043976,0.558813181942172
2514.64417303758,9.08177432756111e-11,0.000183036882827843,0.559446426641180
2518.10141835171,9.06912368273062e-11,0.000182781917827391,0.560078789308373
2521.55866366586,9.05648896976493e-11,0.000182527273922659,0.560710271054070
2525.01590898000,9.04387018655591e-11,0.000182272951071159,0.561340872988298
2528.47315429414,9.03126733294421e-11,0.000182018949269681,0.561970596221013
2531.93039960827,9.01868039978519e-11,0.000181765268333919,0.562599441861847
2535.38764492241,9.00610939147267e-11,0.000181511908352429,0.563227411020262
2538.84489023655,8.99355429704894e-11,0.000181258869104366,0.563854504805497
2542.30213555069,8.98101511787529e-11,0.000181006150617165,0.564480724326452
2545.75938086482,8.96849184995661e-11,0.000180753752810307,0.565106070691935
2549.21662617896,8.95598448484177e-11,0.000180501675513466,0.565730545010325
2552.67387149310,8.94349302716353e-11,0.000180249918820012,0.566354148389863
2556.13111680725,8.93101745984789e-11,0.000179998482385831,0.566976881938362
2559.58836212139,8.91855779001164e-11,0.000179747366354355,0.567598746763281
2563.04560743551,8.90611400750057e-11,0.000179496570520935,0.568219743971975
2566.50285274964,8.89368610691543e-11,0.000179246094776752,0.568839874671265
2569.96009806378,8.88127408960259e-11,0.000178995939148941,0.569459139967823
2573.41734337791,8.86887793874653e-11,0.000178746103298598,0.570077540967784
2576.87458869206,8.85649766215298e-11,0.000178496587383040,0.570695078776970
2580.33183400620,8.84413324346955e-11,0.000178247391072697,0.571311754500903
2583.78907932033,8.83178468296038e-11,0.000177998514372893,0.571927569244543
2587.24632463447,8.81945197638945e-11,0.000177749957198253,0.572542524112717
2590.70356994862,8.80713510935341e-11,0.000177501719258489,0.573156620209605
2594.16081526274,8.79483408961756e-11,0.000177253800710103,0.573769858639140
2597.61806057690,8.78254889300078e-11,0.000177006201065743,0.574382240504706
2601.07530589102,8.77027952826364e-11,0.000176758920501972,0.574993766909125
2604.53255120516,8.75802598305041e-11,0.000176511958769768,0.575604438955119
2607.98979651930,8.74578824777799e-11,0.000176265315675991,0.576214257744624
2611.44704183344,8.73356632618782e-11,0.000176018991296046,0.576823224379386
2614.90428714757,8.72136019386668e-11,0.000175772985137903,0.577431339960424
2618.36153246171,8.70916986179430e-11,0.000175527297422850,0.578038605588294
2621.81877777584,8.69699530984815e-11,0.000175281927745332,0.578645022363227
2625.27602308999,8.68483653589605e-11,0.000175036876062375,0.579250591384689
2628.73326840413,8.67269353670987e-11,0.000174792142308920,0.579855313751945
2632.19051371826,8.66056629165705e-11,0.000174547726069130,0.580459190563440
2635.64775903239,8.64845481134494e-11,0.000174303627556791,0.581062222917265
2639.10500434654,8.63635906688122e-11,0.000174059846189597,0.581664411910880
2642.56224966068,8.62427906640867e-11,0.000173816382131660,0.582265758641013
2646.01949497481,8.61221479716749e-11,0.000173573235125816,0.582866264204233
2649.47674028895,8.60016624475705e-11,0.000173330404881829,0.583465929696171
2652.93398560308,8.58813341596302e-11,0.000173087891536460,0.584064756212180
2656.39123091721,8.57611627898159e-11,0.000172845694448726,0.584662744846755
2659.84847623136,8.56411484770078e-11,0.000172603813898529,0.585259896693759
2663.30572154549,8.55212909958968e-11,0.000172362249431775,0.585856212846750
2666.76296685964,8.54015902912622e-11,0.000172121000937171,0.586451694398320
2670.22021217377,8.52820463505600e-11,0.000171880068389434,0.587046342440814
2673.67745748791,8.51626589041523e-11,0.000171639451245129,0.587640158065600
2677.13470280206,8.50434280850304e-11,0.000171399149772289,0.588233142363569
2680.59194811618,8.49243535726881e-11,0.000171159163324958,0.588825296424954
2684.04919343033,8.48054354288350e-11,0.000170919492027506,0.589416621339097
2687.50643874446,8.46866735346900e-11,0.000170680135640538,0.590007118195130
2690.96368405859,8.45680676939121e-11,0.000170441093768342,0.590596788081091
2694.42092937274,8.44496180092706e-11,0.000170202366618044,0.591185632084700
2697.87817468686,8.43313240919379e-11,0.000169963953405987,0.591773651292662
2701.33542000100,8.42131861070416e-11,0.000169725854464976,0.592360846790925
2704.79266531514,8.40952038164936e-11,0.000169488069315159,0.592947219665163
2708.24991062927,8.39773771238416e-11,0.000169250597762145,0.593532770999898
2711.70715594341,8.38597060435239e-11,0.000169013439835032,0.594117501879360
2715.16440125755,8.37421902429989e-11,0.000168776594863605,0.594701413386673
2718.62164657169,8.36248298803331e-11,0.000168540063166438,0.595284506604351
2722.07889188583,8.35076246164267e-11,0.000168303844060097,0.595866782614279
2725.53613719998,8.33905744827629e-11,0.000168067937608035,0.596448242497271
2728.99338251410,8.32736793794281e-11,0.000167832343608884,0.597028887333895
2732.45062782824,8.31569390553950e-11,0.000167597061556714,0.597608718203513
2735.90787314238,8.30403536511342e-11,0.000167362091734634,0.598187736185084
2739.36511845652,8.29239227109359e-11,0.000167127433224194,0.598765942356480
2742.82236377066,8.28076464232401e-11,0.000166893086405180,0.599343337794638
2746.27960908479,8.26915245464678e-11,0.000166659050790708,0.599919923576308
2749.73685439894,8.25755569378004e-11,0.000166425326092935,0.600495700776906
2753.19409971306,8.24597436438642e-11,0.000166191912405835,0.601070670471505
2756.65134502721,8.23440842707600e-11,0.000165958808935530,0.601644833733979
2760.10859034135,8.22285789995450e-11,0.000165726016046928,0.602218191637449
2763.56583565547,8.21132274832937e-11,0.000165493533040826,0.602790745254464
2767.02308096962,8.19980297153399e-11,0.000165261359903789,0.603362495656346
2770.48032628375,8.18829856222913e-11,0.000165029496487898,0.603933443914126
2773.93757159788,8.17680948975719e-11,0.000164797942175272,0.604503591097522
2777.39481691204,8.16533577039823e-11,0.000164566697294023,0.605072938275749
2780.85206222615,8.15387735737209e-11,0.000164335760901330,0.605641486516946
2784.30930754030,8.14243426652711e-11,0.000164105133316605,0.606209236888202
2787.76655285443,8.13100647578662e-11,0.000163874814094908,0.606776190456360
2791.22379816858,8.11959396590255e-11,0.000163644802848308,0.607342348286845
2794.68104348273,8.10819674510577e-11,0.000163415099742692,0.607907711444684
2798.13828879685,8.09681476811469e-11,0.000163185703865441,0.608472280993616
2801.59553411099,8.08544805510942e-11,0.000162956615623272,0.609036057996513
2805.05277942512,8.07409657149797e-11,0.000162727834319006,0.609599043515738
2808.51002473927,8.06276031222533e-11,0.000162499359850763,0.610161238612276
2811.96727005341,8.05143927316681e-11,0.000162271192135413,0.610722644346787
2815.42451536756,8.04013341814443e-11,0.000162043330443814,0.611283261778536
2818.88176068166,8.02884276551521e-11,0.000161815775145938,0.611843091966152
2822.33900599581,8.01756726832607e-11,0.000161588525295480,0.612402135967290
2825.79625130997,8.00630693858736e-11,0.000161361581134499,0.612960394838371
2829.25349662407,7.99506175708872e-11,0.000161134942275824,0.613517869635559
2832.71074193824,7.98383169943852e-11,0.000160908608227858,0.614074561413526
2836.16798725236,7.97261677764332e-11,0.000160682579232585,0.614630471226482
2839.62523256651,7.96141694084239e-11,0.000160456854264943,0.615185600127306
2843.08247788064,7.95023221105568e-11,0.000160231433768728,0.615739949167856
2846.53972319478,7.93906255450737e-11,0.000160006317063212,0.616293519399593
2849.99696850892,7.92790796136445e-11,0.000159781503950217,0.616846311872452
2853.45421382306,7.91676843110833e-11,0.000159556994419292,0.617398327636009
2856.91145913719,7.90564392217196e-11,0.000159332787632682,0.617949567738369
2860.36870445133,7.89453445482043e-11,0.000159108883998815,0.618500033226908
2863.82594976547,7.88343998275378e-11,0.000158885282584548,0.619049725148080
2867.28319507961,7.87236051354370e-11,0.000158661983542482,0.619598644546997
2870.74044039374,7.86129603142280e-11,0.000158438986554837,0.620146792468485
2874.19768570787,7.85024650680350e-11,0.000158216291025297,0.620694169955789
2877.65493102202,7.83921195555874e-11,0.000157993897273768,0.621240778051681
2881.11217633615,7.82819232161189e-11,0.000157771804170065,0.621786617797520
2884.56942165028,7.81718762858365e-11,0.000157550012190247,0.622331690233548
2888.02666696443,7.80619784408556e-11,0.000157328520681548,0.622875996399697
2891.48391227856,7.79522295327021e-11,0.000157107329344727,0.623419537334246
2894.94115759271,7.78426295947415e-11,0.000156886438247031,0.623962314075085
2898.39840290686,7.77331781594849e-11,0.000156665846446268,0.624504327658583
2901.85564822097,7.76238754468281e-11,0.000156445554385623,0.625045579120244
2905.31289353510,7.75147210069722e-11,0.000156225561158557,0.625586069494784
2908.77013884923,7.74057148670529e-11,0.000156005866819761,0.626125799815435
2912.22738416339,7.72968569079113e-11,0.000155786471129077,0.626664771115117
2915.68462947752,7.71881467822034e-11,0.000155567373386458,0.627202984425111
2919.14187479166,7.70795846811430e-11,0.000155348573977283,0.627740440776168
2922.59912010579,7.69711700141942e-11,0.000155130071711367,0.628277141197641
2926.05636541994,7.68629030127817e-11,0.000154911867055130,0.628813086717636
2929.51361073407,7.67547833774998e-11,0.000154693959405141,0.629348278364014
2932.97085604820,7.66468109086332e-11,0.000154476348358888,0.629882717162907
2936.42810136234,7.65389856794094e-11,0.000154259034063955,0.630416404140002
2939.88534667650,7.64313071731762e-11,0.000154042015479066,0.630949340319444
2943.34259199062,7.63237756251455e-11,0.000153825293078274,0.631481526724385
2946.79983730476,7.62163906040213e-11,0.000153608865992332,0.632012964377311
2950.25708261890,7.61091520856788e-11,0.000153392734172618,0.632543654299113
2953.71432793304,7.60020599921523e-11,0.000153176897461997,0.633073597510325
2957.17157324718,7.58951139259287e-11,0.000152961355059310,0.633602795029830
2960.62881856132,7.57883140950687e-11,0.000152746107383888,0.634131247875845
2964.08606387545,7.56816599279804e-11,0.000152531153283727,0.634658957065321
2967.54330918960,7.55751516044594e-11,0.000152316493121193,0.635185923613853
2971.00055450372,7.54687888678259e-11,0.000152102126378966,0.635712148536752
2974.45779981785,7.53625714670567e-11,0.000151888052551125,0.636237632847576
2977.91504513200,7.52564995155881e-11,0.000151674271866294,0.636762377559399
2981.37229044613,7.51505724506956e-11,0.000151460783190340,0.637286383683720
2984.82953576025,7.50447905209292e-11,0.000151247587024199,0.637809652230955
2988.28678107440,7.49391533176258e-11,0.000151034682544238,0.638332184210962
2991.74402638854,7.48336607639778e-11,0.000150822069595657,0.638853980631901
2995.20127170270,7.47283128247233e-11,0.000150609748107389,0.639375042501548
2998.65851701682,7.46231090541158e-11,0.000150397717181061,0.639895370825990
3002.11576233096,7.45180496754964e-11,0.000150185977266802,0.640414966610558
3005.57300764511,7.44131341410390e-11,0.000149974527260508,0.640933830859442
3009.03025295924,7.43083625761476e-11,0.000149763367414920,0.641451964575360
3012.48749827339,7.42037347695414e-11,0.000149552497304217,0.641969368760735
3015.94474358752,7.40992504196629e-11,0.000149341916320631,0.642486044416196
3019.40198890166,7.39949096797175e-11,0.000149131624772936,0.643001992541867
3022.85923421578,7.38907119443132e-11,0.000148921621441007,0.643517214136283
3026.31647952992,7.37866574733461e-11,0.000148711906848647,0.644031710196788
3029.77372484405,7.36827458839169e-11,0.000148502480224148,0.644545481720287
3033.23097015819,7.35789770461491e-11,0.000148293341305754,0.645058529701908
3036.68821547233,7.34753509680323e-11,0.000148084490109566,0.645570855136346
3040.14546078647,7.33718671580099e-11,0.000147875925644887,0.646082459016616
3043.60270610061,7.32685258530533e-11,0.000147667648389316,0.646593342334842
3047.05995141476,7.31653265328230e-11,0.000147459657294144,0.647103506082168
3050.51719672888,7.30622692668019e-11,0.000147251952499410,0.647612951248156
3053.97444204302,7.29593538906404e-11,0.000147044533673879,0.648121678822052
3057.43168735715,7.28565800536852e-11,0.000146837400110832,0.648629689791293
3060.88893267132,7.27539479478451e-11,0.000146630552197049,0.649136985142781
3064.34617798544,7.26514569286725e-11,0.000146423988633691,0.649643565861816
3067.80342329959,7.25491072654380e-11,0.000146217709963452,0.650149432932415
3071.26066861370,7.24468986032871e-11,0.000146011715471150,0.650654587338280
3074.71791392784,7.23448307597310e-11,0.000145806004788990,0.651159030061256
3078.17515924197,7.22429037857712e-11,0.000145600578019762,0.651662762082718
3081.63240455612,7.21411171468331e-11,0.000145395434086068,0.652165784382362
3085.08964987026,7.20394710918208e-11,0.000145190573489558,0.652668097938885
3088.54689518439,7.19379651306669e-11,0.000144985995242533,0.653169703730144
3092.00414049853,7.18365992764167e-11,0.000144781699371286,0.653670602732340
3095.46138581267,7.17353734122426e-11,0.000144577685640360,0.654170795921308
3098.91863112681,7.16342871403575e-11,0.000144373953248041,0.654670284271088
3102.37587644095,7.15333406762396e-11,0.000144170502628611,0.655169068755088
3105.83312175509,7.14325333808466e-11,0.000143967332494125,0.655667150345241
3109.29036706923,7.13318654901629e-11,0.000143764443320193,0.656164530012071
3112.74761238337,7.12313366925237e-11,0.000143561834478675,0.656661208725847
3116.20485769750,7.11309467539605e-11,0.000143359505498025,0.657157187454926
3119.66210301162,7.10306957676157e-11,0.000143157456565965,0.657652467167181
3123.11934832578,7.09305831589500e-11,0.000142955686524550,0.658147048828816
3126.57659363990,7.08306091870855e-11,0.000142754195896023,0.658640933404914
3130.03383895403,7.07307733942199e-11,0.000142552983757715,0.659134121859887
3133.49108426819,7.06310757372754e-11,0.000142352050022806,0.659626615156396
3136.94832958232,7.05315161467674e-11,0.000142151394551255,0.660118414256700
3140.40557489646,7.04320941801359e-11,0.000141951016451112,0.660609520121287
3143.86282021059,7.03328100658345e-11,0.000141750916182810,0.661099933709891
3147.32006552474,7.02336631999765e-11,0.000141551092529257,0.661589655980945
3150.77731083887,7.01346537574253e-11,0.000141351545842877,0.662078687891378
3154.23455615303,7.00357814793259e-11,0.000141152275601967,0.662567030397839
3157.69180146713,6.99370460818995e-11,0.000140953281234591,0.663054684455068
3161.14904678130,6.98384476990568e-11,0.000140754563010635,0.663541651017308
3164.60629209542,6.97399857195240e-11,0.000140556119698120,0.664027931037112
3168.06353740956,6.96416604109338e-11,0.000140357951836441,0.664513525465855
3171.52078272368,6.95434713490740e-11,0.000140160058570628,0.664998435254359
3174.97802803784,6.94454184357307e-11,0.000139962439702737,0.665482661351632
3178.43527335196,6.93475016479563e-11,0.000139765095186519,0.665966204706245
3181.89251866611,6.92497205010791e-11,0.000139568024045152,0.666449066265021
3185.34976398025,6.91520752350106e-11,0.000139371226762160,0.666931246973912
3188.80700929438,6.90545652826822e-11,0.000139174702194656,0.667412747777740
3192.26425460852,6.89571907581559e-11,0.000138978450572525,0.667893569619749
3195.72149992265,6.88599514551454e-11,0.000138782471480010,0.668373713442856
3199.17874523679,6.87628470421530e-11,0.000138586764249001,0.668853180188112
3202.63599055093,6.86658776920870e-11,0.000138391329227983,0.669331970796009
3206.09323586507,6.85690427602777e-11,0.000138196165117668,0.669810086205397
3209.55048117921,6.84723425211897e-11,0.000138001272471220,0.670287527353836
3213.00772649338,6.83757765849624e-11,0.000137806650502903,0.670764295178494
3216.46497180749,6.82793447997728e-11,0.000137612298906728,0.671240390614626
3219.92221712163,6.81830471879031e-11,0.000137418217727603,0.671715814597065
3223.37946243577,6.80868832254437e-11,0.000137224405909625,0.672190568058882
3226.83670774990,6.79908531622300e-11,0.000137030863956319,0.672664651932191
3230.29395306406,6.78949564690578e-11,0.000136837590801111,0.673138067148144
3233.75119837817,6.77991932001589e-11,0.000136644586553302,0.673610814636220
3237.20844369231,6.77035632009702e-11,0.000136451850901380,0.674082895325569
3240.66568900645,6.76080660946831e-11,0.000136259383085913,0.674554310143478
3244.12293432058,6.75127020911339e-11,0.000136067183529812,0.675025060016650
3247.58017963473,6.74174705156448e-11,0.000135875250873311,0.675495145870180
3251.03742494887,6.73223716478738e-11,0.000135683585680041,0.675964568627773
3254.49467026300,6.72274051326080e-11,0.000135492187234095,0.676433329212880
3257.95191557712,6.71325707663641e-11,0.000135301055125367,0.676901428547001
3261.40916089127,6.70378686149535e-11,0.000135110189486494,0.677368867551165
3264.86640620538,6.69432981182460e-11,0.000134919589188573,0.677835647144663
3268.32365151955,6.68488595344709e-11,0.000134729254752048,0.678301768245754
3271.78089683369,6.67545523728134e-11,0.000134539185187714,0.678767231771868
3275.23814214781,6.66603766291750e-11,0.000134349380487313,0.679232038638718
3278.69538746196,6.65663321993821e-11,0.000134159840440889,0.679696189761649
3282.15263277609,6.64724186639596e-11,0.000133970564203018,0.680159686054165
3285.60987809024,6.63786362466691e-11,0.000133781552224678,0.680622528429100
3289.06712340437,6.62849843083390e-11,0.000133592803217662,0.681084717797836
3292.52436871849,6.61914630701129e-11,0.000133404317627669,0.681546255070299
3295.98161403264,6.60980722320446e-11,0.000133216094850179,0.682007141156148
3299.43885934678,6.60048115412636e-11,0.000133028134375549,0.682467376963102
3302.89610466091,6.59116811051051e-11,0.000132840436420105,0.682926963398380
3306.35334997506,6.58186803303205e-11,0.000132652999788197,0.683385901367515
3309.81059528920,6.57258094820232e-11,0.000132465825014140,0.683844191774883
3313.26784060332,6.56330681078831e-11,0.000132278911186296,0.684301835524217
3316.72508591747,6.55404561473857e-11,0.000132092258182702,0.684758833517466
3320.18233123161,6.54479735450275e-11,0.000131905865891495,0.685215186656164
3323.63957654573,6.53556198414765e-11,0.000131719733386922,0.685670895840058
3327.09682185988,6.52633952707181e-11,0.000131533861140564,0.686125961968115
3330.55406717402,6.51712992361907e-11,0.000131348247950094,0.686580385938027
3334.01131248815,6.50793318952538e-11,0.000131162894132658,0.687034168645964
3337.46855780229,6.49874930040684e-11,0.000130977799196816,0.687487310987792
3340.92580311643,6.48957822628986e-11,0.000130792962538470,0.687939813857487
3344.38304843058,6.48041998183665e-11,0.000130608384453128,0.688391678148486
3347.84029374470,6.47127450472437e-11,0.000130424063684715,0.688842904752566
3351.29753905885,6.46214182200538e-11,0.000130240000778454,0.689293494560281
3354.75478437300,6.45302189226873e-11,0.000130056194899735,0.689743448461681
3358.21202968711,6.44391470404524e-11,0.000129872645817405,0.690192767344968
3361.66927500126,6.43482025644978e-11,0.000129689353513624,0.690641452097926
3365.12652031539,6.42573849985518e-11,0.000129506316988192,0.691089503606568
3368.58376562953,6.41666945854040e-11,0.000129323536730434,0.691536922756033
3372.04101094365,6.40761307709766e-11,0.000129141011623644,0.691983710430365
3375.49825625780,6.39856936508109e-11,0.000128958741860379,0.692429867512023
3378.95550157195,6.38953830353693e-11,0.000128776727058640,0.692875394883127
3382.41274688608,6.38051985807470e-11,0.000128594966525310,0.693320293423944
3385.86999220022,6.37151404704516e-11,0.000128413460630236,0.693764564014183
3389.32723751435,6.36252080544131e-11,0.000128232208063247,0.694208207531924
3392.78448282849,6.35354016071316e-11,0.000128051209377579,0.694651224853944
3396.24172814263,6.34457207521647e-11,0.000127870463814538,0.695093616856659
3399.69897345677,6.33561653231266e-11,0.000127689971038785,0.695535384414597
3403.15621877090,6.32667353555712e-11,0.000127509731121976,0.695976528401828
3406.61346408504,6.31774303192648e-11,0.000127329742995463,0.696417049690704
3410.07070939915,6.30882504644020e-11,0.000127150007163495,0.696856949152590
3413.52795471333,6.29991952789355e-11,0.000126970522594075,0.697296227657960
3416.98520002749,6.29102647988671e-11,0.000126791289359764,0.697734886075606
3420.44244534158,6.28214588868670e-11,0.000126612307183783,0.698172925273968
3423.89969065574,6.27327771576803e-11,0.000126433575289677,0.698610346119693
3427.35693596987,6.26442198244654e-11,0.000126255094107051,0.699047149478795
3430.81418128401,6.25557862275645e-11,0.000126076862306412,0.699483336215754
3434.27142659815,6.24674766299271e-11,0.000125898880417716,0.699918907193659
3437.72867191228,6.23792906967006e-11,0.000125721147766090,0.700353863275348
3441.18591722640,6.22912282124683e-11,0.000125543663917378,0.700788205321747
3444.64316254055,6.22032892547764e-11,0.000125366429027867,0.701221934193300
3448.10040785469,6.21154732624275e-11,0.000125189441966504,0.701655050748764
3451.55765316883,6.20277804916520e-11,0.000125012703249703,0.702087555845831
3455.01489848297,6.19402104717128e-11,0.000124836211928726,0.702519450341454
3458.47214379710,6.18527631815890e-11,0.000124659967961207,0.702950735090862
3461.92938911123,6.17654385338472e-11,0.000124483971170930,0.703381410948917
3465.38663442538,6.16782361047719e-11,0.000124308220703926,0.703811478768696
3468.84387973953,6.15911561170972e-11,0.000124132717009100,0.704240939402571
3472.30112505366,6.15041979570932e-11,0.000123957458849521,0.704669793701555
3475.75837036780,6.14173618223673e-11,0.000123782446623454,0.705098042515216
3479.21561568191,6.13306474361637e-11,0.000123607679773116,0.705525686692837
3482.67286099607,6.12440545368226e-11,0.000123433157771151,0.705952727081840
3486.13010631021,6.11575832413524e-11,0.000123258880853381,0.706379164529125
3489.58735162435,6.10712329605822e-11,0.000123084847832372,0.706804999879958
3493.04459693848,6.09850039554447e-11,0.000122911059234016,0.707230233978459
3496.50184225262,6.08988957955786e-11,0.000122737514190950,0.707654867668158
3499.95908756674,6.08129084056328e-11,0.000122564212551308,0.708078901790821
3503.41633288088,6.07270417455958e-11,0.000122391154234452,0.708502337187818
3506.87357819502,6.06412953562194e-11,0.000122218338314796,0.708925174698773
3510.33082350915,6.05556694684795e-11,0.000122045765257858,0.709347415162516
3513.78806882329,6.04701635136791e-11,0.000121873433917468,0.709769059416704
3517.24531413744,6.03847776266877e-11,0.000121701344565446,0.710190108297482
3520.70255945159,6.02995115864246e-11,0.000121529496756219,0.710610562640690
3524.15980476574,6.02143650878549e-11,0.000121357889875011,0.711030423280339
3527.61705007985,6.01293382848451e-11,0.000121186524231929,0.711449691049906
3531.07429539399,6.00444305632037e-11,0.000121015398589111,0.711868366781280
3534.53154070812,5.99596421872779e-11,0.000120844513479333,0.712286451305117
3537.98878602226,5.98749727659768e-11,0.000120673868114376,0.712703945451639
3541.44603133641,5.97904221724324e-11,0.000120503462238548,0.713120850049260
3544.90327665054,5.97059904114704e-11,0.000120333295861574,0.713537165925967
3548.36052196467,5.96216769912388e-11,0.000120163367992161,0.713952893908052
3551.81776727883,5.95374821496518e-11,0.000119993679109808,0.714368034820930
3555.27501259294,5.94534053619563e-11,0.000119824228156912,0.714782589488999
3558.73225790709,5.93694467030557e-11,0.000119655015284434,0.715196558735111
3562.18950322123,5.92856060049710e-11,0.000119486040153826,0.715609943381777
3565.64674853536,5.92018829222005e-11,0.000119317302068752,0.716022744249726
3569.10399384951,5.91182776428265e-11,0.000119148801408280,0.716434962159140
3572.56123916365,5.90347895305362e-11,0.000118980536889964,0.716846597928636
3576.01848447778,5.89514188518507e-11,0.000118812509050960,0.717257652375542
3579.47572979191,5.88681652537084e-11,0.000118644717179696,0.717668126316888
3582.93297510607,5.87850285606191e-11,0.000118477160922484,0.718078020567865
3586.39022042020,5.87020088195861e-11,0.000118309840374056,0.718487335943204
3589.84746573433,5.86191055090640e-11,0.000118142754483274,0.718896073255997
3593.30471104846,5.85363188726341e-11,0.000117975903741058,0.719304233318360
3596.76195636261,5.84536484282491e-11,0.000117809287175875,0.719711816941582
3600.21920167674,5.83710941937296e-11,0.000117642904823642,0.720118824935327
3603.67644699086,5.82886560515224e-11,0.000117476756447438,0.720525258108920
3607.13369230500,5.82063336185799e-11,0.000117310841275258,0.720931117269944
3610.59093761914,5.81241271033957e-11,0.000117145159727305,0.721336403225362
3614.04818293329,5.80420358838115e-11,0.000116979710549664,0.721741116780708
3617.50542824743,5.79600601938869e-11,0.000116814494214064,0.722145258740154
3620.96267356157,5.78781997283944e-11,0.000116649510105341,0.722548829907631
3624.41991887571,5.77964542661594e-11,0.000116484757777732,0.722951831085232
3627.87716418985,5.77148238936656e-11,0.000116320237405540,0.723354263074586
3631.33440950398,5.76333080625401e-11,0.000116155947883557,0.723756126675704
3634.79165481812,5.75519070208025e-11,0.000115991889711649,0.724157422687561
3638.24890013226,5.74706203277519e-11,0.000115828062001614,0.724558151908454
3641.70614544638,5.73894479470876e-11,0.000115664464680291,0.724958315135016
3645.16339076052,5.73083898089372e-11,0.000115501097606856,0.725357913163520
3648.62063607466,5.72274454956142e-11,0.000115337959939492,0.725756946788531
3652.07788138880,5.71466152236264e-11,0.000115175052114554,0.726155416803918
3655.53512670293,5.70658984169809e-11,0.000115012372971170,0.726553324002292
3658.99237201709,5.69852952468758e-11,0.000114849922854376,0.726950669174865
3662.44961733122,5.69048054642532e-11,0.000114687701262214,0.727347453112561
3665.90686264535,5.68244288052038e-11,0.000114525707662793,0.727743676604532
3669.36410795950,5.67441653929824e-11,0.000114363942304524,0.728139340439436
3672.82135327363,5.66640146551982e-11,0.000114202404033794,0.728534445404358
3676.27859858778,5.65839768431243e-11,0.000114041093357025,0.728928992285278
3679.73584390191,5.65040515559570e-11,0.000113880009466427,0.729322981867643
3683.19308921605,5.64242387062752e-11,0.000113719152185807,0.729716414935204
3686.65033453018,5.63445382691069e-11,0.000113558521464836,0.730109292271322
3690.10757984432,5.62649497950014e-11,0.000113398116397678,0.730501614657704
3693.56482515844,5.61854735072471e-11,0.000113237937434354,0.730893382875265
3697.02207047259,5.61061088745348e-11,0.000113077983504048,0.731284597703856
3700.47931578673,5.60268560082580e-11,0.000112918254831266,0.731675259921854
3703.93656110086,5.59477147126745e-11,0.000112758751021503,0.732065370307350
3707.39380641499,5.58686846840816e-11,0.000112599471462666,0.732454929636692
3710.85105172912,5.57897660798046e-11,0.000112440416471836,0.732843938685719
3714.30829704327,5.57109583061754e-11,0.000112281584852513,0.733232398228751
3717.76554235742,5.56322616165809e-11,0.000112122977115382,0.733620309038920
3721.22278767154,5.55536756486013e-11,0.000111964592530012,0.734007671888975
3724.68003298570,5.54752002667074e-11,0.000111806430823252,0.734394487549941
3728.13727829982,5.53968354880397e-11,0.000111648492029647,0.734780756792417
3731.59452361397,5.53185808342054e-11,0.000111490775185031,0.735166480385406
3735.05176892809,5.52404365340806e-11,0.000111333280750687,0.735551659097036
3738.50901424225,5.51624020994805e-11,0.000111176007742712,0.735936293694536
3741.96625955638,5.50844775850865e-11,0.000111018956271313,0.736320384943617
3745.42350487052,5.50066628455889e-11,0.000110862126043629,0.736703933609681
3748.88075018462,5.49289575404015e-11,0.000110705516373231,0.737086940456432
3752.33799549881,5.48513618582499e-11,0.000110549127640482,0.737469406247061
3755.79524081293,5.47738751868497e-11,0.000110392958611367,0.737851331743254
3759.25248612707,5.46964977806095e-11,0.000110237009798628,0.738232717705477
3762.70973144121,5.46192293139353e-11,0.000110081280546052,0.738613564893934
3766.16697675534,5.45420696061913e-11,0.000109925770489581,0.738993874067067
3769.62422206947,5.44650187138531e-11,0.000109770479743037,0.739373645982891
3773.08146738360,5.43880761323481e-11,0.000109615407289490,0.739752881397856
3776.53871269777,5.43112420949865e-11,0.000109460553599159,0.740131581067471
3779.99595801189,5.42345161550969e-11,0.000109305917771809,0.740509745746488
3783.45320332603,5.41578983137465e-11,0.000109151499809592,0.740887376188125
3786.91044864015,5.40813884731715e-11,0.000108997299515471,0.741264473145249
3790.36769395431,5.40049862587671e-11,0.000108843316134456,0.741641037369093
3793.82493926844,5.39286918712778e-11,0.000108689550071134,0.742017069610272
3797.28218458258,5.38525047326376e-11,0.000108536000160452,0.742392570618097
3800.73942989673,5.37764250469744e-11,0.000108382666813817,0.742767541140571
3804.19667521085,5.37004525406860e-11,0.000108229549479802,0.743141981925453
3807.65392052498,5.36245869910032e-11,0.000108076647709431,0.743515893718778
3811.11116583912,5.35488284909893e-11,0.000107923961690266,0.743889277266127
3814.56841115328,5.34731765125796e-11,0.000107771490358030,0.744262133311566
3818.02565646741,5.33976312924115e-11,0.000107619234189650,0.744634462598142
3821.48290178155,5.33221924236770e-11,0.000107467192365231,0.745006265868312
3824.94014709567,5.32468598569156e-11,0.000107315364785090,0.745377543862944
3828.39739240980,5.31716335390376e-11,0.000107163751342227,0.745748297322548
3831.85463772395,5.30965130642265e-11,0.000107012351218749,0.746118526986039
3835.31188303809,5.30214986400285e-11,0.000106861164832949,0.746488233591633
3838.76912835222,5.29465897330097e-11,0.000106710191109729,0.746857417876416
3842.22637366635,5.28717864880941e-11,0.000106559430341173,0.747226080576120
3845.68361898050,5.27970886847154e-11,0.000106408882082745,0.747594222426215
3849.14086429462,5.27224960608977e-11,0.000106258545806450,0.747961844160482
3852.59810960878,5.26480087435863e-11,0.000106108421768138,0.748328946512247
3856.05535492290,5.25736261838360e-11,0.000105958508861449,0.748695530213347
3859.51260023704,5.24993486205465e-11,0.000105808807567867,0.749061595994554
3862.96984555117,5.24251756851067e-11,0.000105659317144482,0.749427144586178
3866.42709086531,5.23511072805807e-11,0.000105510037395928,0.749792176716916
3869.88433617946,5.22771433957135e-11,0.000105360968299520,0.750156693115081
3873.34158149359,5.22032835962159e-11,0.000105212108979978,0.750520694507435
3876.79882680770,5.21295280953018e-11,0.000105063459867020,0.750884181619969
3880.25607212186,5.20558764024303e-11,0.000104915019971996,0.751247155177718
3883.71331743601,5.19823286065063e-11,0.000104766789474086,0.751609615904303
3887.17056275014,5.19088845370203e-11,0.000104618768029641,0.751971564523065
3890.62780806429,5.18355438956620e-11,0.000104470955037436,0.752333001755721
3894.08505337842,5.17623068406074e-11,0.000104323350816265,0.752693928323486
3897.54229869256,5.16891728045555e-11,0.000104175954222772,0.753054344946159
3900.99954400668,5.16161420276509e-11,0.000104028765740952,0.753414252342396
3904.45678932083,5.15432141778046e-11,0.000103881784701501,0.753773651230535
3907.91403463498,5.14703891136124e-11,0.000103735010819430,0.754132542327262
3911.37127994910,5.13976668628600e-11,0.000103588444150739,0.754490926348864
3914.82852526323,5.13250469654487e-11,0.000103442083768131,0.754848804010128
3918.28577057739,5.12525296391685e-11,0.000103295930110546,0.755206176024998
3921.74301589151,5.11801144346203e-11,0.000103149982272252,0.755563043106601
3925.20026120565,5.11078013878390e-11,0.000103004240325874,0.755919405966635
3928.65750651979,5.10355903754300e-11,0.000102858704022719,0.756275265316486
3932.11475183393,5.09634810655526e-11,0.000102713372693986,0.756630621865960
3935.57199714806,5.08914736427574e-11,0.000102568246711622,0.756985476324343
3939.02924246221,5.08195675306323e-11,0.000102423324913910,0.757339829399565
3942.48648777634,5.07477629627865e-11,0.000102278607771673,0.757693681798351
3945.94373309049,5.06760596442507e-11,0.000102134094690420,0.758047034227220
3949.40097840460,5.06044573921037e-11,0.000101989785301486,0.758399887391021
3952.85822371875,5.05329562704322e-11,0.000101845679734034,0.758752241994196
3956.31546903289,5.04615557959102e-11,0.000101701777013953,0.759104098739719
3959.77271434705,5.03902561898563e-11,0.000101558077587297,0.759455458329658
3963.22995966116,5.03190570422620e-11,0.000101414580627720,0.759806321465411
3966.68720497532,5.02479583393914e-11,0.000101271286107540,0.760156688846919
3970.14445028945,5.01769600020719e-11,0.000101128193867189,0.760506561173782
3973.60169560358,5.01060616676635e-11,0.000100985303175792,0.760855939144069
3977.05894091770,5.00352635276307e-11,0.000100842614419231,0.761204823455252
3980.51618623185,4.99645650496226e-11,0.000100700126524592,0.761553214803616
3983.97343154599,4.98939664089606e-11,0.000100557839845220,0.761901113884198
3987.43067686014,4.98234673630794e-11,0.000100415753892245,0.762248521391807
3990.88792217426,4.97530676904238e-11,0.000100273868219135,0.762595438019626
3994.34516748840,4.96827674887062e-11,0.000100132183022824,0.762941864460416
3997.80241280256,4.96125662538718e-11,9.99906972874230e-05,0.763287801405520
4001.25965811667,4.95424642097627e-11,9.98494114640719e-05,0.763633249545296
4004.71690343081,4.94724609840197e-11,9.97083248023056e-05,0.763978209569601
4008.17414874498,4.94025565161755e-11,9.95674371802568e-05,0.764322682166771
4011.63139405909,4.93327507684448e-11,9.94267485217718e-05,0.764666668024798
4015.08863937325,4.92630433500402e-11,9.92862580392452e-05,0.765010167830196
4018.54588468738,4.91934344582579e-11,9.91459661303143e-05,0.765353182268787
4022.00313000151,4.91239236029789e-11,9.90058718071781e-05,0.765695712025385
4025.46037531565,4.90545109044390e-11,9.88659753121632e-05,0.766037757783512
4028.91762062978,4.89851961694771e-11,9.87262762559672e-05,0.766379320226433
4032.37486594392,4.89159791407141e-11,9.85867741198598e-05,0.766720400035848
4035.83211125807,4.88468599468842e-11,9.84474691632964e-05,0.767060997893008
4039.28935657219,4.87778380656131e-11,9.83083603334674e-05,0.767401114477784
4042.74660188633,4.87089137223062e-11,9.81694480846620e-05,0.767740750469027
4046.20384720047,4.86400865805285e-11,9.80307317388185e-05,0.768079906545191
4049.66109251459,4.85713565360547e-11,9.78922110858784e-05,0.768418583383196
4053.11833782876,4.85027235897162e-11,9.77538861275168e-05,0.768756781659609
4056.57558314289,4.84341873251485e-11,9.76157560245800e-05,0.769094502049535
4060.03282845703,4.83657479444376e-11,9.74778211843586e-05,0.769431745227348
4063.49007377116,4.82974049978849e-11,9.73400807005160e-05,0.769768511866548
4066.94731908531,4.82291585537770e-11,9.72025347106792e-05,0.770104802639314
4070.40456439943,4.81610084654215e-11,9.70651829191997e-05,0.770440618217545
4073.86180971356,4.80929544423459e-11,9.69280247406502e-05,0.770775959271623
4077.31905502769,4.80249966417757e-11,9.67910604919080e-05,0.771110826471462
4080.77630034183,4.79571345253397e-11,9.66542890879231e-05,0.771445220485650
4084.23354565598,4.78893683190887e-11,9.65177109842852e-05,0.771779141981687
4087.69079097013,4.78216977208117e-11,9.63813255719092e-05,0.772112591626806
4091.14803628428,4.77541225854227e-11,9.62451325583838e-05,0.772445570086682
4094.60528159839,4.76866429496725e-11,9.61091320177781e-05,0.772778078026610
4098.06252691254,4.76192583741030e-11,9.59733230643945e-05,0.773110116110491
4101.51977222667,4.75519690645918e-11,9.58377061131652e-05,0.773441685001402
4104.97701754081,4.74847746100701e-11,9.57022803356093e-05,0.773772785361713
4108.43426285494,4.74176750299427e-11,9.55670457708360e-05,0.774103417852422
4111.89150816908,4.73506702211165e-11,9.54320022110681e-05,0.774433583134242
4115.34875348322,4.72837598626765e-11,9.52971490095237e-05,0.774763281866406
4118.80599879735,4.72169441301515e-11,9.51624865199691e-05,0.775092514707638
4122.26324411150,4.71502224946100e-11,9.50280136763791e-05,0.775421282315438
4125.72048942566,4.70835951586694e-11,9.48937308871153e-05,0.775749585346163
4129.17773473978,4.70170618604074e-11,9.47596376242914e-05,0.776077424455960
4132.63498005391,4.69506224166938e-11,9.46257335188212e-05,0.776404800299435
4136.09222536805,4.68842768975780e-11,9.44920187118840e-05,0.776731713530795
4139.54947068218,4.68180248429054e-11,9.43584922760705e-05,0.777058164802887
4143.00671599633,4.67518664613887e-11,9.42251546320267e-05,0.777384154767686
4146.46396131044,4.66858013788262e-11,9.40920050255748e-05,0.777709684076582
4149.92120662460,4.66198295687320e-11,9.39590434033343e-05,0.778034753379584
4153.37845193874,4.65539509688176e-11,9.38262696397669e-05,0.778359363326376
4156.83569725286,4.64881652302892e-11,9.36936830319030e-05,0.778683514565214
4160.29294256702,4.64224725347025e-11,9.35612839456556e-05,0.779007207743783
4163.75018788114,4.63568723944251e-11,9.34290713982351e-05,0.779330443508682
4167.20743319527,4.62913649580920e-11,9.32970456892053e-05,0.779653222505345
4170.66467850943,4.62259500123374e-11,9.31652063885420e-05,0.779975545378976
4174.12192382356,4.61606273387227e-11,9.30335530559974e-05,0.780297412773270
4177.57916913768,4.60953970380526e-11,9.29020858947364e-05,0.780618825331516
4181.03641445183,4.60302586317851e-11,9.27708039402905e-05,0.780939783695689
4184.49365976598,4.59652123305541e-11,9.26397076171780e-05,0.781260288506827
4187.95090508012,4.59002577952952e-11,9.25087962420381e-05,0.781580340405520
4191.40815039425,4.58353949565405e-11,9.23780696748628e-05,0.781899940030938
4194.86539570837,4.57706237900905e-11,9.22475278668799e-05,0.782219088021922
4198.32264102254,4.57059439217500e-11,9.21171700639247e-05,0.782537785015932
4201.77988633667,4.56413555381050e-11,9.19869966420484e-05,0.782856031649759
4205.23713165079,4.55768581909983e-11,9.18570066980211e-05,0.783173828559298
4208.69437696493,4.55124519781689e-11,9.17272004288292e-05,0.783491176379218
4212.15162227906,4.54481367319142e-11,9.15975774964795e-05,0.783808075743941
4215.60886759320,4.53839122011370e-11,9.14681373949030e-05,0.784124527286434
4219.06611290733,4.53197785149367e-11,9.13388803842906e-05,0.784440531639238
4222.52335822148,4.52557351786040e-11,9.12098054675901e-05,0.784756089433622
4225.98060353562,4.51917824038219e-11,9.10809130714338e-05,0.785071201299861
4229.43784884977,4.51279198849695e-11,9.09522025798638e-05,0.785385867867914
4232.89509416391,4.50641475124220e-11,9.08236737719390e-05,0.785700089766284
4236.35233947803,4.50004652974335e-11,9.06953266703414e-05,0.786013867623136
4239.80958479217,4.49368728427976e-11,9.05671604745286e-05,0.786327202065291
4243.26683010631,4.48733703391752e-11,9.04391755687650e-05,0.786640093718849
4246.72407542045,4.48099573760958e-11,9.03113711257752e-05,0.786952543209143
4250.18132073459,4.47466340034068e-11,9.01837472460233e-05,0.787264551160251
4253.63856604872,4.46834000962558e-11,9.00563036778780e-05,0.787576118195988
4257.09581136288,4.46202553734494e-11,8.99290398546135e-05,0.787887244938761
4260.55305667701,4.45571999900035e-11,8.98019560886535e-05,0.788197932010526
4264.01030199113,4.44942334371753e-11,8.96750513546621e-05,0.788508180032013
4267.46754730526,4.44313559268638e-11,8.95483260797072e-05,0.788817989622922
4270.92479261940,4.43685671852379e-11,8.94217797119010e-05,0.789127361402732
4274.38203793354,4.43058670652544e-11,8.92954119548880e-05,0.789436295989455
4277.83928324768,4.42432556110680e-11,8.91692228976593e-05,0.789744794000747
4281.29652856183,4.41807324047641e-11,8.90432116979366e-05,0.790052856052962
4284.75377387594,4.41182976401644e-11,8.89173787463541e-05,0.790360482761666
4288.21101919010,4.40559509427361e-11,8.87917232880671e-05,0.790667674741812
4291.66826450422,4.39936923173516e-11,8.86662453328957e-05,0.790974432607046
4295.12550981839,4.39315216792798e-11,8.85409447100697e-05,0.791280756970753
4298.58275513250,4.38694387197058e-11,8.84158207971942e-05,0.791586648444928
4302.04000044664,4.38074436048886e-11,8.82908739293531e-05,0.791892107641088
4305.49724576080,4.37455358512335e-11,8.81661031318944e-05,0.792197135169636
4308.95449107493,4.36837156329283e-11,8.80415087558814e-05,0.792501731639892
4312.41173638905,4.36219827186974e-11,8.79170903351946e-05,0.792805897660986
4315.86898170320,4.35603369267290e-11,8.77928475034044e-05,0.793109633840607
4319.32622701731,4.34987783316104e-11,8.76687804108367e-05,0.793412940786064
4322.78347233146,4.34373064969340e-11,8.75448881779418e-05,0.793715819103415
4326.24071764560,4.33759216188082e-11,8.74211711999631e-05,0.794018269397874
4329.69796295975,4.33146233569312e-11,8.72976287910454e-05,0.794320292274156
4333.15520827388,4.32534116740294e-11,8.71742608760666e-05,0.794621888335655
4336.61245358803,4.31922865228472e-11,8.70510673597863e-05,0.794923058185480
4340.06969890214,4.31312475693358e-11,8.69280475689522e-05,0.795223802425401
4343.52694421630,4.30702949850250e-11,8.68052018492705e-05,0.795524121656633
4346.98418953044,4.30094283247126e-11,8.66825293034674e-05,0.795824016479427
4350.44143484455,4.29486477128378e-11,8.65600301823410e-05,0.796123487492920
4353.89868015872,4.28879529628719e-11,8.64377041099561e-05,0.796422535296042
4357.35592547284,4.28273438607965e-11,8.63155506549731e-05,0.796721160486309
4360.81317078699,4.27668205092479e-11,8.61935700242484e-05,0.797019363660868
4364.27041610110,4.27063824554538e-11,8.60717613052507e-05,0.797317145415629
4367.72766141528,4.26460298969756e-11,8.59501248961516e-05,0.797614506345632
4371.18490672939,4.25857625260781e-11,8.58286601767318e-05,0.797911447045511
4374.64215204356,4.25255802660815e-11,8.57073669924487e-05,0.798207968108581
4378.09939735765,4.24654831046469e-11,8.55862453184340e-05,0.798504070127830
4381.55664267180,4.24054706847910e-11,8.54652944352123e-05,0.798799753694975
4385.01388798594,4.23455431823975e-11,8.53445146972652e-05,0.799095019401091
4388.47113330008,4.22857001888983e-11,8.52239052811522e-05,0.799389867836446
4391.92837861421,4.22259417819038e-11,8.51034663432914e-05,0.799684299590155
4395.38562392836,4.21662678168949e-11,8.49831975924146e-05,0.799978315251100
4398.84286924249,4.21066780501197e-11,8.48630985372566e-05,0.800271915406809
4402.30011455662,4.20471726099639e-11,8.47431694365703e-05,0.800565100644409
4405.75735987078,4.19877510293349e-11,8.46234093489624e-05,0.800857871549849
4409.21460518489,4.19284135064503e-11,8.45038186739270e-05,0.801150228708135
4412.67185049903,4.18691597645233e-11,8.43843968536193e-05,0.801442172704007
4416.12909581319,4.18099896901175e-11,8.42651436594163e-05,0.801733704120845
4419.58634112731,4.17509033033376e-11,8.41460591318375e-05,0.802024823541693
4423.04358644146,4.16919002264781e-11,8.40271425096435e-05,0.802315531548363
4426.50083175560,4.16329806389005e-11,8.39083941543251e-05,0.802605828721968
4429.95807706973,4.15741441669570e-11,8.37898133128209e-05,0.802895715642944
4433.41532238388,4.15153908442582e-11,8.36714000528710e-05,0.803185192890549
4436.87256769800,4.14567205656452e-11,8.35531541625346e-05,0.803474261043783
4440.32981301214,4.13981330600171e-11,8.34350750954267e-05,0.803762920680342
4443.78705832630,4.13396284789338e-11,8.33171631570060e-05,0.804051172377504
4447.24430364042,4.12812063440212e-11,8.31994173831420e-05,0.804339016711402
4450.70154895455,4.12228668523161e-11,8.30818381709495e-05,0.804626454257198
4454.15879426867,4.11646097567667e-11,8.29644250225121e-05,0.804913485589874
4457.61603958281,4.11064349097407e-11,8.28471776402874e-05,0.805200111283043
4461.07328489698,4.10483423613978e-11,8.27300961253685e-05,0.805486331909972
4464.53053021112,4.09903317154381e-11,8.26131796790408e-05,0.805772148042721
4467.98777552525,4.09324031538630e-11,8.24964286681153e-05,0.806057560252609
4471.44502083937,4.08745563362778e-11,8.23798424065498e-05,0.806342569110400
4474.90226615353,4.08167912550316e-11,8.22634208789248e-05,0.806627175185651
4478.35951146764,4.07591078417625e-11,8.21471639474614e-05,0.806911379047642
4481.81675678179,4.07015058003191e-11,8.20310710152871e-05,0.807195181264398
4485.27400209593,4.06439852877569e-11,8.19151423989365e-05,0.807478582403446
4488.73124741007,4.05865458629351e-11,8.17993772093202e-05,0.807761583031332
4492.18849272420,4.05291876743514e-11,8.16837757457259e-05,0.808044183713578
4495.64573803832,4.04719105187081e-11,8.15683375984205e-05,0.808326385015518
4499.10298335248,4.04147142166467e-11,8.14530624059194e-05,0.808608187501155
4502.56022866660,4.03575988460806e-11,8.13379503252520e-05,0.808889591734128
4506.01747398075,4.03005639941588e-11,8.12230005243454e-05,0.809170598276921
4509.47471929489,4.02436098447217e-11,8.11082133737174e-05,0.809451207691216
4512.93196460905,4.01867360890085e-11,8.09935882510818e-05,0.809731420538258
4516.38920992316,4.01299426807533e-11,8.08791250631930e-05,0.810011237378052
4519.84645523729,4.00732295859164e-11,8.07648237414460e-05,0.810290658770333
4523.30370055144,4.00165964855072e-11,8.06506836429379e-05,0.810569685273601
4526.76094586557,3.99600435411967e-11,8.05367050935049e-05,0.810848317445804
4530.21819117971,3.99035703473627e-11,8.04228872756437e-05,0.811126555844046
4533.67543649385,3.98471770067907e-11,8.03092303965112e-05,0.811404401024373
4537.13268180798,3.97908633572850e-11,8.01957341292136e-05,0.811681853542624
4540.58992712213,3.97346291901451e-11,8.00823980531292e-05,0.811958913953347
4544.04717243626,3.96784746088181e-11,7.99692223767483e-05,0.812235582810723
4547.50441775040,3.96223991858635e-11,7.98562062385943e-05,0.812511860667803
4550.96166306453,3.95664031061975e-11,7.97433500113532e-05,0.812787748076794
4554.41890837868,3.95104860911203e-11,7.96306531333246e-05,0.813063245589578
4557.87615369279,3.94546480583087e-11,7.95181154385917e-05,0.813338353756775
4561.33339900696,3.93988890056553e-11,7.94057369229075e-05,0.813613073128718
4564.79064432108,3.93432085934576e-11,7.92935169016247e-05,0.813887404254538
4568.24788963523,3.92876069871599e-11,7.91814557081851e-05,0.814161347682770
4571.70513494937,3.92320838149938e-11,7.90695525933153e-05,0.814434903961224
4575.16238026350,3.91766391367645e-11,7.89578076775483e-05,0.814708073636625
4578.61962557764,3.91212728288177e-11,7.88462207116675e-05,0.814980857255475
4582.07687089178,3.90659846554055e-11,7.87347912205391e-05,0.815253255363025
4585.53411620592,3.90107747433739e-11,7.86235194598129e-05,0.815525268504145
4588.99136152005,3.89556426525723e-11,7.85124045423956e-05,0.815796897222614
4592.44860683422,3.89005885682656e-11,7.84014468416755e-05,0.816068142061328
4595.90585214831,3.88456122402910e-11,7.82906458534671e-05,0.816339003562940
4599.36309746246,3.87907135527342e-11,7.81800013441531e-05,0.816609482268853
4602.82034277658,3.87358925331173e-11,7.80695133692023e-05,0.816879578720141
4606.27758809074,3.86811488230695e-11,7.79591812063432e-05,0.817149293456739
4609.73483340490,3.86264825910031e-11,7.78490051949991e-05,0.817418627017911
4613.19207871901,3.85718934973876e-11,7.77389846508699e-05,0.817687579942324
4616.64932403313,3.85173815616888e-11,7.76291196131874e-05,0.817956152767539
4620.10656934730,3.84629466963201e-11,7.75194099054267e-05,0.818224346030879
4623.56381466140,3.84085886406960e-11,7.74098550023962e-05,0.818492160268438
4627.02105997557,3.83543075380554e-11,7.73004551927836e-05,0.818759596015926
4630.47830528970,3.83001029521955e-11,7.71912095974525e-05,0.819026653808011
4633.93555060384,3.82459750531801e-11,7.70821185591547e-05,0.819293334178444
4637.39279591797,3.81919236228591e-11,7.69731816382238e-05,0.819559637660806
4640.85004123210,3.81379485141059e-11,7.68643985381362e-05,0.819825564787407
4644.30728654627,3.80840497818532e-11,7.67557693696049e-05,0.820091116090237
4647.76453186037,3.80302270510233e-11,7.66472933766871e-05,0.820356292100161
4651.22177717453,3.79764804922287e-11,7.65389709032401e-05,0.820621093347349
4654.67902248866,3.79228097966088e-11,7.64308013267769e-05,0.820885520361472
4658.13626780281,3.78692149458408e-11,7.63227846103691e-05,0.821149573671072
4661.59351311692,3.78156958860183e-11,7.62149206453720e-05,0.821413253804432
4665.05075843106,3.77622523338443e-11,7.61072088608203e-05,0.821676561288670
4668.50800374522,3.77088844374091e-11,7.59996495551797e-05,0.821939496650425
4671.96524905934,3.76555917948845e-11,7.58922419185930e-05,0.822202060415451
4675.42249437349,3.76023745317716e-11,7.57849862039994e-05,0.822464253108545
4678.87973968764,3.75492324700714e-11,7.56778820526540e-05,0.822726075254320
4682.33698500177,3.74961654337368e-11,7.55709291097458e-05,0.822987527376149
4685.79423031590,3.74431735029740e-11,7.54641275369251e-05,0.823248609997080
4689.25147563003,3.73902562878825e-11,7.53574765483745e-05,0.823509323639077
4692.70872094416,3.73374139605396e-11,7.52509764909039e-05,0.823769668823346
4696.16596625831,3.72846462412372e-11,7.51446268007808e-05,0.824029646070720
4699.62321157244,3.72319530763242e-11,7.50384273698751e-05,0.824289255900867
4703.08045688659,3.71793344432734e-11,7.49323781527848e-05,0.824548498833193
4706.53770220072,3.71267900381195e-11,7.48264785368889e-05,0.824807375385963
4709.99494751487,3.70743200129943e-11,7.47207288287987e-05,0.825065886076917
4713.45219282899,3.70219239988358e-11,7.46151282846949e-05,0.825324031423035
4716.90943814314,3.69696020792143e-11,7.45096770730080e-05,0.825581811940308
4720.36668345725,3.69173541138126e-11,7.44043749109383e-05,0.825839228144522
4723.82392877140,3.68651798998704e-11,7.42992213898362e-05,0.826096280550276
4727.28117408554,3.68130795408125e-11,7.41942167181473e-05,0.826352969671815
4730.73841939969,3.67610526337193e-11,7.40893600838154e-05,0.826609296022348
4734.19566471381,3.67090993514350e-11,7.39846518351954e-05,0.826865260114273
4737.65291002795,3.66572194419325e-11,7.38800914643447e-05,0.827120862459722
4741.11015534207,3.66054128186056e-11,7.37756787967141e-05,0.827376103569641
4744.56740065621,3.65536794880882e-11,7.36714138456740e-05,0.827630983954702
4748.02464597037,3.65020191277108e-11,7.35672959609063e-05,0.827885504124472
4751.48189128448,3.64504318928723e-11,7.34633254556065e-05,0.828139664587934
4754.93913659862,3.63989174457171e-11,7.33595016488502e-05,0.828393465853442
4758.39638191276,3.63474758304270e-11,7.32558246296827e-05,0.828646908428320
4761.85362722693,3.62961069419838e-11,7.31522941864473e-05,0.828899992819687
4765.31087254106,3.62448105530380e-11,7.30489098609365e-05,0.829152719533494
4768.76811785517,3.61935867882568e-11,7.29456719044084e-05,0.829405089075341
4772.22536316929,3.61424352334310e-11,7.28425794820533e-05,0.829657101949821
4775.68260848346,3.60913560615048e-11,7.27396329424280e-05,0.829908758660686
4779.13985379761,3.60403490467097e-11,7.26368318305118e-05,0.830160059711498
4782.59709911174,3.59894140717713e-11,7.25341759099464e-05,0.830411005604627
4786.05434442585,3.59385511703494e-11,7.24316652485705e-05,0.830661596842152
4789.51158974003,3.58877600029540e-11,7.23292991621658e-05,0.830911833925095
4792.96883505412,3.58370407275127e-11,7.22270779690241e-05,0.831161717353825
4796.42608036830,3.57863930358656e-11,7.21250010480707e-05,0.831411247628212
4799.88332568242,3.57358169352582e-11,7.20230684139083e-05,0.831660425247055
4803.34057099656,3.56853123536748e-11,7.19212799213942e-05,0.831909250708945
4806.79781631072,3.56348790412185e-11,7.18196350668787e-05,0.832157724511342
4810.25506162483,3.55845171330644e-11,7.17181341227977e-05,0.832405847151307
4813.71230693899,3.55342262318779e-11,7.16167762883506e-05,0.832653619124994
4817.16955225311,3.54840064835609e-11,7.15155618575928e-05,0.832901040927672
4820.62679756725,3.54338576960629e-11,7.14144904434599e-05,0.833148113054455
4824.08404288138,3.53837797236441e-11,7.13135617522233e-05,0.833394835999280
4827.54128819551,3.53337726249354e-11,7.12127759020494e-05,0.833641210255777
4830.99853350963,3.52838360454347e-11,7.11121321784639e-05,0.833887236316549
4834.45577882380,3.52339701448915e-11,7.10116309034308e-05,0.834132914673523
4837.91302413793,3.51841746433808e-11,7.09112715127804e-05,0.834378245818195
4841.37026945207,3.51344495135760e-11,7.08110539514383e-05,0.834623230241006
4844.82751476621,3.50847947142506e-11,7.07109781363151e-05,0.834867868432147
4848.28476008036,3.50352099749239e-11,7.06110435222756e-05,0.835112160880730
4851.74200539448,3.49856954350504e-11,7.05112503903805e-05,0.835356108075404
4855.19925070863,3.49362507289689e-11,7.04115980036654e-05,0.835599710504037
4858.65649602276,3.48868759617212e-11,7.03120865738347e-05,0.835842968653583
4862.11374133691,3.48375709780502e-11,7.02127157879781e-05,0.836085883010827
4865.57098665104,3.47883356058702e-11,7.01134852992690e-05,0.836328454061406
4869.02823196516,3.47391699268070e-11,7.00143952722185e-05,0.836570682290648
4872.48547727932,3.46900735730801e-11,6.99154449655904e-05,0.836812568182884
4875.94272259343,3.46410467055879e-11,6.98166347036645e-05,0.837054112221718
4879.39996790758,3.45920890712251e-11,6.97179639763245e-05,0.837295314890442
4882.85721322170,3.45432006103740e-11,6.96194326634148e-05,0.837536176671250
4886.31445853586,3.44943813104647e-11,6.95210407396020e-05,0.837776698046091
4889.77170385000,3.44456308823179e-11,6.94227876220648e-05,0.838016879495857
4893.22894916414,3.43969494689230e-11,6.93246735989887e-05,0.838256721500934
4896.68619447827,3.43483367347931e-11,6.92266979942232e-05,0.838496224541038
4900.14343979243,3.42997927465510e-11,6.91288609420417e-05,0.838735389094948
4903.60068510655,3.42513173834430e-11,6.90311621990735e-05,0.838974215641250
4907.05793042069,3.42029104490775e-11,6.89336013695048e-05,0.839212704657432
4910.51517573483,3.41545720461753e-11,6.88361786603625e-05,0.839450856620651
4913.97242104896,3.41063017953386e-11,6.87388933069966e-05,0.839688672007101
4917.42966636309,3.40580998579734e-11,6.86417456347096e-05,0.839926151292218
4920.88691167724,3.40099660064272e-11,6.85447351846834e-05,0.840163294951206
4924.34415699138,3.39619001509858e-11,6.84478617761059e-05,0.840400103458164
4927.80140230551,3.39139023056846e-11,6.83511254372638e-05,0.840636577286924
4931.25864761965,3.38659721644557e-11,6.82545255512985e-05,0.840872716910307
4934.71589293377,3.38181098731116e-11,6.81580624120854e-05,0.841108522800569
4938.17313824793,3.37703151248887e-11,6.80617354013633e-05,0.841343995429412
4941.63038356206,3.37225879503458e-11,6.79655445807216e-05,0.841579135267568
4945.08762887622,3.36749282610251e-11,6.78694897718794e-05,0.841813942785575
4948.54487419032,3.36273358381907e-11,6.77735705339900e-05,0.842048418452891
4952.00211950447,3.35798108038334e-11,6.76777871129174e-05,0.842282562738652
4955.45936481860,3.35323527685289e-11,6.75821387238034e-05,0.842516376111046
4958.91661013275,3.34849618935800e-11,6.74866256917432e-05,0.842749859037478
4962.37385544690,3.34376379754644e-11,6.73912476065512e-05,0.842983011985199
4965.83110076104,3.33903808964872e-11,6.72960042310217e-05,0.843215835420344
4969.28834607515,3.33431906953140e-11,6.72008956430826e-05,0.843448329808770
4972.74559138928,3.32960670507248e-11,6.71059211953371e-05,0.843680495615355
4976.20283670343,3.32490101106763e-11,6.70110811859818e-05,0.843912333304370
4979.66008201757,3.32020195957241e-11,6.69163750518157e-05,0.844143843339627
4983.11732733172,3.31550955026332e-11,6.68218027863189e-05,0.844375026183954
4986.57457264586,3.31082377731157e-11,6.67273642720161e-05,0.844605882299964
4990.03181795998,3.30614461679760e-11,6.66330590268252e-05,0.844836412149234
4993.48906327411,3.30147208146363e-11,6.65388873075569e-05,0.845066616192953
4996.94630858825,3.29680613514282e-11,6.64448483852937e-05,0.845296494891493
5000.40355390241,3.29214679027097e-11,6.63509425106700e-05,0.845526048704400
5003.86079921655,3.28749402998987e-11,6.62571693439209e-05,0.845755278091064
5007.31804453064,3.28284783993547e-11,6.61635285955483e-05,0.845984183509784
5010.77528984479,3.27820822624749e-11,6.60700203892944e-05,0.846212765418584
5014.23253515895,3.27357515545526e-11,6.59766440505808e-05,0.846441024274527
5017.68978047308,3.26894864250405e-11,6.58833998806191e-05,0.846668960534028
5021.14702578722,3.26432866204553e-11,6.57902873685314e-05,0.846896574653147
5024.60427110135,3.25971521059565e-11,6.56973064440991e-05,0.847123867086934
5028.06151641547,3.25510828513789e-11,6.56044570465260e-05,0.847350838290216
5031.51876172963,3.25050785988774e-11,6.55117386561432e-05,0.847577488716818
5034.97600704377,3.24591394796446e-11,6.54191515373607e-05,0.847803818820117
5038.43325235791,3.24132651611627e-11,6.53266950200114e-05,0.848029829052794
5041.89049767204,3.23674557303540e-11,6.52343692792816e-05,0.848255519866672
5045.34774298618,3.23217110523229e-11,6.51421740432981e-05,0.848480891713410
5048.80498830029,3.22760309594408e-11,6.50501089742173e-05,0.848705945043608
5052.26223361444,3.22304155340119e-11,6.49581742379177e-05,0.848930680307576
5055.71947892861,3.21848644294386e-11,6.48663691358556e-05,0.849155097954697
5059.17672424273,3.21393777960513e-11,6.47746939710118e-05,0.849379198433669
5062.63396955688,3.20939554050168e-11,6.46831482821884e-05,0.849602982192924
5066.09121487101,3.20485971919957e-11,6.45917319397141e-05,0.849826449679865
5069.54846018515,3.20033031529745e-11,6.45004449355001e-05,0.850049601341662
5073.00570549928,3.19580730131974e-11,6.44092867157946e-05,0.850272437624510
5076.46295081340,3.19129069069426e-11,6.43182575512264e-05,0.850494958974118
5079.92019612755,3.18678045294508e-11,6.42273568275741e-05,0.850717165835601
5083.37744144167,3.18227659324678e-11,6.41365846491278e-05,0.850939058653187
5086.83468675581,3.17777910126657e-11,6.40459408076372e-05,0.851160637870932
5090.29193206997,3.17328795803107e-11,6.39554249207068e-05,0.851381903931867
5093.74917738413,3.16880317368609e-11,6.38650371928189e-05,0.851602857278715
5097.20642269824,3.16432471253563e-11,6.37747769045447e-05,0.851823498353306
5100.66366801236,3.15985258964165e-11,6.36846443594480e-05,0.852043827596759
5104.12091332654,3.15538678445902e-11,6.35946391434558e-05,0.852263845450000
5107.57815864065,3.15092728780683e-11,6.35047610715331e-05,0.852483552352910
5111.03540395478,3.14647410170938e-11,6.34150101844785e-05,0.852702948745133
5114.49264926893,3.14202719716674e-11,6.33253858978180e-05,0.852922035065367
5117.94989458306,3.13758658784986e-11,6.32358884870806e-05,0.853140811751776
5121.40713989721,3.13315224592418e-11,6.31465173912800e-05,0.853359279242033
5124.86438521135,3.12872417326425e-11,6.30572726481961e-05,0.853577437972903
5128.32163052547,3.12430236249011e-11,6.29681541090911e-05,0.853795288380961
5131.77887583963,3.11988679259873e-11,6.28791613506635e-05,0.854012830901798
5135.23612115377,3.11547747519332e-11,6.27902946067679e-05,0.854230065970668
5138.69336646790,3.11107437455693e-11,6.27015531575539e-05,0.854446994021990
5142.15061178203,3.10667750485547e-11,6.26129372885257e-05,0.854663615489434
5145.60785709615,3.10228684804921e-11,6.25244466361047e-05,0.854879930806531
5149.06510241031,3.09790239240551e-11,6.24360809638282e-05,0.855095940405781
5152.52234772447,3.09352414219205e-11,6.23478403577078e-05,0.855311644719417
5155.97959303860,3.08915206704447e-11,6.22597242057712e-05,0.855527044178763
5159.43683835268,3.08478618081451e-11,6.21717327871904e-05,0.855742139214569
5162.89408366682,3.08042645817877e-11,6.20838655915898e-05,0.855956930257195
5166.35132898099,3.07607289792165e-11,6.19961225944698e-05,0.856171417736064
5169.80857429513,3.07172549541954e-11,6.19085037026452e-05,0.856385602080397
5173.26581960924,3.06738422781354e-11,6.18210084554100e-05,0.856599483718460
5176.72306492344,3.06304910710435e-11,6.17336370946304e-05,0.856813063078148
5180.18031023757,3.05872010038926e-11,6.16463889571748e-05,0.857026340586610
5183.63755555169,3.05439721818961e-11,6.15592642550937e-05,0.857239316670231
5187.09480086580,3.05008044575125e-11,6.14722626910275e-05,0.857451991755242
5190.55204617998,3.04576976897767e-11,6.13853839808706e-05,0.857664366266875
5194.00929149412,3.04146519420471e-11,6.12986282523176e-05,0.857876440630082
5197.46653680826,3.03716668985695e-11,6.12119948689876e-05,0.858088215268941
5200.92378212239,3.03287426990730e-11,6.11254841124950e-05,0.858299690606917
5204.38102743648,3.02858791141785e-11,6.10390955205422e-05,0.858510867067159
5207.83827275064,3.02430761028494e-11,6.09528290104227e-05,0.858721745071884
5211.29551806478,3.02003336445219e-11,6.08666845406915e-05,0.858932325043082
5214.75276337893,3.01576514937175e-11,6.07806616166035e-05,0.859142607401822
5218.21000869306,3.01150297737588e-11,6.06947604867074e-05,0.859352592568746
5221.66725400718,3.00724681824281e-11,6.06089805419037e-05,0.859562280963875
5225.12449932133,3.00299667906581e-11,6.05233219251529e-05,0.859771673006423
5228.58174463548,2.99875254817319e-11,6.04377844012198e-05,0.859980769115444
5232.03898994963,2.99451440928519e-11,6.03523676419972e-05,0.860189569709017
5235.49623526376,2.99028227063745e-11,6.02670718134688e-05,0.860398075204942
5238.95348057787,2.98605609959040e-11,6.01818962578066e-05,0.860606286020169
5242.41072589201,2.98183591018138e-11,6.00968412579233e-05,0.860814202571002
5245.86797120616,2.97762168173655e-11,6.00119063971522e-05,0.861021825273512
5249.32521652032,2.97341340745868e-11,5.99270915384997e-05,0.861229154542811
5252.78246183444,2.96921108767681e-11,5.98423966885975e-05,0.861436190793785
5256.23970714861,2.96501469631423e-11,5.97578213218872e-05,0.861642934440430
5259.69695246272,2.96082424597178e-11,5.96733656923305e-05,0.861849385896261
5263.15419777684,2.95663970897980e-11,5.95890292422642e-05,0.862055545574281
5266.61144309099,2.95246108921218e-11,5.95048120497639e-05,0.862261413886656
5270.06868840513,2.94828837788398e-11,5.94207139377754e-05,0.862466991245382
5273.52593371927,2.94412155670581e-11,5.93367345376885e-05,0.862672278061513
5276.98317903339,2.93996063565152e-11,5.92528740505192e-05,0.862877274745810
5280.44042434754,2.93580558115798e-11,5.91691317998261e-05,0.863081981708220
5283.89766966164,2.93165640727293e-11,5.90855080687316e-05,0.863286399357997
5287.35491497582,2.92751309546934e-11,5.90020024838358e-05,0.863490528104258
5290.81216028997,2.92337563644366e-11,5.89186148576327e-05,0.863694368355131
5294.26940560412,2.91924403273542e-11,5.88353452413044e-05,0.863897920518518
5297.72665091823,2.91511825689266e-11,5.87521930815756e-05,0.864101185001450
5301.18389623235,2.91099832172474e-11,5.86691586366103e-05,0.864304162210453
5304.64114154649,2.90688420198946e-11,5.85862413976694e-05,0.864506852551617
5308.09838686066,2.90277589854244e-11,5.85034413819972e-05,0.864709256430180
5311.55563217478,2.89867340529718e-11,5.84207584669246e-05,0.864911374251198
5315.01287748891,2.89457670212135e-11,5.83381922466983e-05,0.865113206418817
5318.47012280304,2.89048579995723e-11,5.82557429418526e-05,0.865314753336860
5321.92736811718,2.88640066629668e-11,5.81734098972080e-05,0.865516015408400
5325.38461343132,2.88232131330253e-11,5.80911933578983e-05,0.865716993035803
5328.84185874550,2.87824772509590e-11,5.80090930038957e-05,0.865917686621302
5332.29910405960,2.87417989004715e-11,5.79271086008125e-05,0.866118096566169
5335.75634937372,2.87011781273808e-11,5.78452402409919e-05,0.866318223271438
5339.21359468785,2.86606146448881e-11,5.77634873464108e-05,0.866518067137300
5342.67084000202,2.86201085825984e-11,5.76818501782791e-05,0.866717628563399
5346.12808531616,2.85796597111612e-11,5.76003282743566e-05,0.866916907949030
5349.58533063026,2.85392680108867e-11,5.75189215949600e-05,0.867115905692616
5353.04257594444,2.84989334460804e-11,5.74376300681494e-05,0.867314622192402
5356.49982125855,2.84586557985920e-11,5.73564532542581e-05,0.867513057845728
5359.95706657271,2.84184351813596e-11,5.72753913809049e-05,0.867711213049588
5363.41431188682,2.83782712951803e-11,5.71944438450671e-05,0.867909088200309
5366.87155720098,2.83381642283027e-11,5.71136108246036e-05,0.868106683693498
5370.32880251511,2.82981138520081e-11,5.70328920600907e-05,0.868303999924609
5373.78604782924,2.82581200284708e-11,5.69522872737506e-05,0.868501037288175
5377.24329314338,2.82181828223162e-11,5.68717965958309e-05,0.868697796178472
5380.70053845751,2.81783019358783e-11,5.67914194264065e-05,0.868894276988963
5384.15778377165,2.81384774997257e-11,5.67111560286293e-05,0.869090480112530
5387.61502908580,2.80987093064173e-11,5.66310059844164e-05,0.869286405941788
5391.07227439996,2.80589973098820e-11,5.65509692009145e-05,0.869482054868466
5394.52951971410,2.80193414978515e-11,5.64710456533974e-05,0.869677427284091
5397.98676502821,2.79797416368859e-11,5.63912348713837e-05,0.869872523579333
5401.44401034233,2.79401978428327e-11,5.63115370883555e-05,0.870067344144456
5404.90125565650,2.79007098411337e-11,5.62319517509600e-05,0.870261889369171
5408.35850097061,2.78612776886579e-11,5.61524789738126e-05,0.870456159642422
5411.81574628477,2.78219012848805e-11,5.60731185543128e-05,0.870650155353014
5415.27299159889,2.77825804721126e-11,5.59938701746493e-05,0.870843876888840
5418.73023691302,2.77433153322352e-11,5.59147339998476e-05,0.871037324637536
5422.18748222715,2.77041055580663e-11,5.58357094108035e-05,0.871230498985953
5425.64472754132,2.76649512806174e-11,5.57567966715619e-05,0.871423400320328
5429.10197285544,2.76258523132345e-11,5.56779954059343e-05,0.871616029026697
5432.55921816958,2.75868085852599e-11,5.55993054715153e-05,0.871808385490212
5436.01646348375,2.75478201061739e-11,5.55207268874113e-05,0.872000470095803
5439.47370879787,2.75088866287219e-11,5.54422591552984e-05,0.872192283227572
5442.93095411199,2.74700082710816e-11,5.53639025133550e-05,0.872383825269174
5446.38819942611,2.74311847821487e-11,5.52856564554980e-05,0.872575096603802
5449.84544474027,2.73924161893380e-11,5.52075210369802e-05,0.872766097613868
5453.30269005445,2.73537024185138e-11,5.51294961083859e-05,0.872956828681621
5456.75993536854,2.73150432937232e-11,5.50515813150945e-05,0.873147290188433
5460.21718068267,2.72764389126137e-11,5.49737768539073e-05,0.873337482515416
5463.67442599684,2.72378889597816e-11,5.48960820891504e-05,0.873527406042915
5467.13167131098,2.71993935661850e-11,5.48184972847609e-05,0.873717061150632
5470.58891662512,2.71609525648731e-11,5.47410221042605e-05,0.873906448218145
5474.04616193923,2.71225658623291e-11,5.46636563591729e-05,0.874095567624125
5477.50340725333,2.70842334881683e-11,5.45864001091856e-05,0.874284419747020
5480.96065256751,2.70459551827368e-11,5.45092528309840e-05,0.874473004964483
5484.41789788169,2.70077310659895e-11,5.44322147663292e-05,0.874661323653668
5487.87514319579,2.69695609091242e-11,5.43552854540860e-05,0.874849376191353
5491.33238850994,2.69314447119581e-11,5.42784648938860e-05,0.875037162953527
5494.78963382406,2.68933824250056e-11,5.42017529859943e-05,0.875224684315998
5498.24687913819,2.68553738555873e-11,5.41251493420790e-05,0.875411940653732
5501.70412445230,2.68174191068151e-11,5.40486541699552e-05,0.875598932341382
5505.16136976651,2.67795178829190e-11,5.39722668735186e-05,0.875785659752939
5508.61861508063,2.67416702877149e-11,5.38959876620029e-05,0.875972123261707
5512.07586039474,2.67038761817813e-11,5.38198162544140e-05,0.876158323240880
5515.53310570890,2.66661354504034e-11,5.37437524195520e-05,0.876344260062766
5518.99035102301,2.66284481417818e-11,5.36677962545620e-05,0.876529934099433
5522.44759633719,2.65908139852187e-11,5.35919472138711e-05,0.876715345722186
5525.90484165130,2.65532331019196e-11,5.35162055417606e-05,0.876900495301795
5529.36208696545,2.65157052842724e-11,5.34405708198030e-05,0.877085383208742
5532.81933227957,2.64782305062831e-11,5.33650429956088e-05,0.877270009812684
5536.27657759370,2.64408087414439e-11,5.32896220157536e-05,0.877454375483104
5539.73382290786,2.64034397818245e-11,5.32143074611683e-05,0.877638480588666
5543.19106822201,2.63661237336403e-11,5.31390995459225e-05,0.877822325497676
5546.64831353614,2.63288603249095e-11,5.30639977218557e-05,0.878005910577863
5550.10555885022,2.62916496288860e-11,5.29890021366061e-05,0.878189236196266
5553.56280416436,2.62544915336593e-11,5.29141125646259e-05,0.878372302719793
5557.02004947852,2.62173859049136e-11,5.28393287352109e-05,0.878555110514487
5560.47729479271,2.61803328079456e-11,5.27646507799621e-05,0.878737659946157
5563.93454010683,2.61433319623131e-11,5.26900781336676e-05,0.878919951379851
5567.39178542096,2.61063834899694e-11,5.26156110421157e-05,0.879101985180079
5570.84903073508,2.60694872034186e-11,5.25412491274215e-05,0.879283761711113
5574.30627604919,2.60326430525756e-11,5.24669922886419e-05,0.879465281336402
5577.76352136333,2.59958510323019e-11,5.23928405154206e-05,0.879646544419204
5581.22076667752,2.59591109208325e-11,5.23187933608057e-05,0.879827551321983
5584.67801199164,2.59224228269283e-11,5.22448510439972e-05,0.880008302406806
5588.13525730577,2.58857865012568e-11,5.21710130624827e-05,0.880188798035258
5591.59250261992,2.58492019883546e-11,5.20972795060226e-05,0.880369038568207
5595.04974793405,2.58126692020920e-11,5.20236502010284e-05,0.880549024366373
5598.50699324818,2.57761879900871e-11,5.19501248403850e-05,0.880728755789650
5601.96423856233,2.57397584333030e-11,5.18767035872678e-05,0.880908233197682
5605.42148387650,2.57033802427970e-11,5.18033858593331e-05,0.881087456949388
5608.87872919058,2.56670535407915e-11,5.17301719029113e-05,0.881266427403100
5612.33597450473,2.56307781588700e-11,5.16570613785708e-05,0.881445144917003
5615.79321981885,2.55945540245122e-11,5.15840541401518e-05,0.881623609848428
5619.25046513302,2.55583811524011e-11,5.15111502172472e-05,0.881801822554517
5622.70771044712,2.55222593082962e-11,5.14383491377610e-05,0.881979783391635
5626.16495576130,2.54861886029713e-11,5.13656511249506e-05,0.882157492715728
5629.62220107538,2.54501688086423e-11,5.12930557197325e-05,0.882334950882322
5633.07944638959,2.54141999429059e-11,5.12205629575719e-05,0.882512158246230
5636.53669170371,2.53782819437475e-11,5.11481727134825e-05,0.882689115162085
5639.99393701781,2.53424146421935e-11,5.10758846469099e-05,0.882865821983734
5643.45118233198,2.53065981320729e-11,5.10036989469596e-05,0.883042279064760
5646.90842764609,2.52708321214183e-11,5.09316150251918e-05,0.883218486758046
5650.36567296026,2.52351167279801e-11,5.08596331189244e-05,0.883394445415882
5653.82291827435,2.51994518028499e-11,5.07877529280423e-05,0.883570155390432
5657.28016358849,2.51638372526636e-11,5.07159742643770e-05,0.883745617033033
5660.73740890268,2.51282731104392e-11,5.06442971944741e-05,0.883920830694806
5664.19465421679,2.50927591307631e-11,5.05727212237191e-05,0.884095796726124
5667.65189953096,2.50572954259146e-11,5.05012465784034e-05,0.884270515476908
5671.10914484506,2.50218817885939e-11,5.04298728407285e-05,0.884444987296738
5674.56639015918,2.49865182111697e-11,5.03585999953141e-05,0.884619212534452
5678.02363547334,2.49512046541394e-11,5.02874279625455e-05,0.884793191538725
5681.48088078749,2.49159409333543e-11,5.02163563712835e-05,0.884966924657447
5684.93812610161,2.48807271459127e-11,5.01453854172232e-05,0.885140412238204
5688.39537141575,2.48455630227996e-11,5.00745145581835e-05,0.885313654627991
5691.85261672990,2.48104486520229e-11,5.00037439715380e-05,0.885486652173166
5695.30986204406,2.47753839114949e-11,4.99330734112276e-05,0.885659405219970
5698.76710735816,2.47403686885396e-11,4.98625026501616e-05,0.885831914113823
5702.22435267232,2.47054030330817e-11,4.97920317889596e-05,0.886004179199936
5705.68159798643,2.46704866897826e-11,4.97216603130046e-05,0.886176200822790
5709.13884330060,2.46356197719421e-11,4.96513884506443e-05,0.886347979326387
5712.59608861470,2.46008020917182e-11,4.95812158232961e-05,0.886519515054452
5716.05333392887,2.45660336178999e-11,4.95111423680565e-05,0.886690808349966
5719.51057924299,2.45313143319540e-11,4.94411680475733e-05,0.886861859555719
5722.96782455714,2.44966440359159e-11,4.93712924628620e-05,0.887032669013759
5726.42506987126,2.44620228296173e-11,4.93015158151270e-05,0.887203237065784
5729.88231518542,2.44274504659057e-11,4.92318376062493e-05,0.887373564052986
5733.33956049955,2.43929270048131e-11,4.91622579572192e-05,0.887543650315899
5736.79680581368,2.43584523494153e-11,4.90927766726927e-05,0.887713496194931
5740.25405112782,2.43240263691962e-11,4.90233934896239e-05,0.887883102029698
5743.71129644195,2.42896491296151e-11,4.89541085399411e-05,0.888052468159589
5747.16854175610,2.42553203666043e-11,4.88849212914344e-05,0.888221594923301
5750.62578707021,2.42210401940223e-11,4.88158319735775e-05,0.888390482659007
5754.08303238434,2.41868084424936e-11,4.87468402450060e-05,0.888559131704688
5757.54027769849,2.41526250588131e-11,4.86779459984886e-05,0.888727542397549
5760.99752301266,2.41184900439344e-11,4.86091492359472e-05,0.888895715074613
5764.45476832677,2.40844031873812e-11,4.85404495331814e-05,0.889063650072169
5767.91201364093,2.40503645912059e-11,4.84718470958706e-05,0.889231347726138
5771.36925895506,2.40163740290663e-11,4.84033414678381e-05,0.889398808371996
5774.82650426918,2.39824315347201e-11,4.83349327171199e-05,0.889566032344557
5778.28374958333,2.39485370348109e-11,4.82666206958713e-05,0.889733019978495
5781.74099489746,2.39146903823974e-11,4.81984051079424e-05,0.889899771607714
5785.19824021158,2.38808916571554e-11,4.81302861139141e-05,0.890066287565885
5788.65548552574,2.38471405874336e-11,4.80622631662921e-05,0.890232568186013
5792.11273083985,2.38134372872095e-11,4.79943364947902e-05,0.890398613800547
5795.56997615406,2.37797816046166e-11,4.79265057933318e-05,0.890564424741815
5799.02722146820,2.37461734659823e-11,4.78587709134351e-05,0.890730001341344
5802.48446678228,2.37126128903208e-11,4.77911318934217e-05,0.890895343930480
5805.94171209643,2.36790996558953e-11,4.77235882863966e-05,0.891060452839867
5809.39895741055,2.36456338664892e-11,4.76561403015277e-05,0.891225328399728
5812.85620272473,2.36122153155544e-11,4.75887875225321e-05,0.891389970939937
5816.31344803883,2.35788440122134e-11,4.75215299677952e-05,0.891554380789670
5819.77069335301,2.35455199051416e-11,4.74543675338760e-05,0.891718558277970
5823.22793866715,2.35122428323308e-11,4.73872998942581e-05,0.891882503733120
5826.68518398124,2.34790128822641e-11,4.73203272272731e-05,0.892046217483157
5830.14242929536,2.34458297892392e-11,4.72534489974162e-05,0.892209699855503
5833.59967460955,2.34126936544965e-11,4.71866654087307e-05,0.892372951177004
5837.05691992369,2.33796043469015e-11,4.71199761969238e-05,0.892535971774396
5840.51416523782,2.33465617737812e-11,4.70533811752198e-05,0.892698761973641
5843.97141055195,2.33135659708404e-11,4.69868804155792e-05,0.892861322100504
5847.42865586606,2.32806167062812e-11,4.69204734508289e-05,0.893023652480061
5850.88590118021,2.32477140851509e-11,4.68541604926851e-05,0.893185753436955
5854.34314649435,2.32148579197133e-11,4.67879411627783e-05,0.893347625295532
5857.80039180850,2.31820481960350e-11,4.67218154330263e-05,0.893509268379441
5861.25763712263,2.31492848833447e-11,4.66557832414120e-05,0.893670683012172
5864.71488243676,2.31165678058721e-11,4.65898442336826e-05,0.893831869516498
5868.17212775090,2.30838970549953e-11,4.65239985940042e-05,0.893992828214897
5871.62937306504,2.30512723861074e-11,4.64582458293886e-05,0.894153559429312
5875.08661837921,2.30186938732156e-11,4.63925860889918e-05,0.894314063481095
5878.54386369331,2.29861614097251e-11,4.63270191579800e-05,0.894474340691478
5882.00110900745,2.29536748853749e-11,4.62615448141292e-05,0.894634391380946
5885.45835432158,2.29212343512432e-11,4.61961631603843e-05,0.894794215869770
5888.91559963570,2.28888395666205e-11,4.61308737116119e-05,0.894953814477567
5892.37284494985,2.28564906373728e-11,4.60656766811775e-05,0.895113187523480
5895.83009026402,2.28241873936280e-11,4.60005717267159e-05,0.895272335326431
5899.28733557814,2.27919297999154e-11,4.59355587767379e-05,0.895431258204621
5902.74458089224,2.27597178445963e-11,4.58706378077869e-05,0.895589956476095
5906.20182620642,2.27275513393899e-11,4.58058084403959e-05,0.895748430458201
5909.65907152054,2.26954303780760e-11,4.57410708635714e-05,0.895906680467949
5913.11631683466,2.26633547361374e-11,4.56764246248147e-05,0.896064706821902
5916.57356214883,2.26313244619772e-11,4.56118698216787e-05,0.896222509836009
5920.03080746295,2.25993394720121e-11,4.55474062857073e-05,0.896380089826089
5923.48805277709,2.25673996397490e-11,4.54830337619623e-05,0.896537447107239
5926.94529809124,2.25355050303762e-11,4.54187523818261e-05,0.896694581994335
5930.40254340535,2.25036553953728e-11,4.53545616444222e-05,0.896851494801617
5933.85978871953,2.24718508409992e-11,4.52904617639107e-05,0.897008185842833
5937.31703403362,2.24400912143321e-11,4.52264524320859e-05,0.897164655431558
5940.77427934779,2.24083764598263e-11,4.51625335369997e-05,0.897320903880655
5944.23152466193,2.23767065836082e-11,4.50987050909999e-05,0.897476931502803
5947.68876997605,2.23450813860882e-11,4.50349666918270e-05,0.897632738610011
5951.14601529020,2.23135009629758e-11,4.49713185323772e-05,0.897788325513928
5954.60326060430,2.22819651088723e-11,4.49077601986836e-05,0.897943692525818
5958.06050591846,2.22504738481461e-11,4.48442917398587e-05,0.898098839956318
5961.51775123259,2.22190271187542e-11,4.47809130308597e-05,0.898253768115929
5964.97499654677,2.21876247792746e-11,4.47176237866597e-05,0.898408477314448
5968.43224186088,2.21562669077919e-11,4.46544241646334e-05,0.898562967861444
5971.88948717503,2.21249532490278e-11,4.45913136502847e-05,0.898717240065878
5975.34673248918,2.20936839092330e-11,4.45282924577546e-05,0.898871294236186
5978.80397780325,2.20624587515500e-11,4.44653603112162e-05,0.899025130680695
5982.26122311744,2.20312777017656e-11,4.44025170610981e-05,0.899178749707009
5985.71846843154,2.20001407824573e-11,4.43397627529035e-05,0.899332151622534
5989.17571374570,2.19690477838786e-11,4.42770969639028e-05,0.899485336734039
5992.63295905982,2.19379988032188e-11,4.42145198899747e-05,0.899638305347893
5996.09020437401,2.19069936532593e-11,4.41520311537926e-05,0.899791057770156
5999.54744968813,2.18760323358453e-11,4.40896307590757e-05,0.899943594306236
6003.00469500225,2.18451148090580e-11,4.40273186213393e-05,0.900095915261405
6006.46194031638,2.18142409177982e-11,4.39650944279920e-05,0.900248020940253
6009.91918563055,2.17834107454519e-11,4.39029583470921e-05,0.900399911647113
6013.37643094467,2.17526240502842e-11,4.38409098914398e-05,0.900551587685769
6016.83367625878,2.17218809188583e-11,4.37789492354975e-05,0.900703049359464
6020.29092157294,2.16911812359616e-11,4.37170761470620e-05,0.900854296971344
6023.74816688709,2.16605249100663e-11,4.36552904416652e-05,0.901005330823832
6027.20541220122,2.16299119789379e-11,4.35935921954207e-05,0.901156151219162
6030.66265751535,2.15993422237767e-11,4.35319809673536e-05,0.901306758458941
6034.11990282950,2.15688157428235e-11,4.34704569554605e-05,0.901457152844355
6037.57714814362,2.15383323661326e-11,4.34090198172283e-05,0.901607334676338
6041.03439345776,2.15078920744821e-11,4.33476695139162e-05,0.901757304255168
6044.49163877188,2.14774948447148e-11,4.32864059988526e-05,0.901907061880973
6047.94888408605,2.14471405092561e-11,4.32252289343023e-05,0.902056607853220
6051.40612940020,2.14168291540496e-11,4.31641384934792e-05,0.902205942471086
6054.86337471433,2.13865605567477e-11,4.31031342282565e-05,0.902355066033276
6058.32062002847,2.13563347789820e-11,4.30422162628486e-05,0.902503978837936
6061.77786534258,2.13261517279883e-11,4.29813844102958e-05,0.902652681183101
6065.23511065674,2.12960112962245e-11,4.29206384538543e-05,0.902801173366113
6068.69235597088,2.12659135354318e-11,4.28599784978051e-05,0.902949455684114
6072.14960128504,2.12358582188160e-11,4.27994040850599e-05,0.903097528433638
6075.60684659913,2.12058454452583e-11,4.27389154149072e-05,0.903245391910771
6079.06409191327,2.11758750612126e-11,4.26785121778852e-05,0.903393046411417
6082.52133722741,2.11459470277901e-11,4.26181942956162e-05,0.903540492230800
6085.97858254155,2.11160613392847e-11,4.25579617566002e-05,0.903687729663994
6089.43582785569,2.10862178167995e-11,4.24978142002829e-05,0.903834759005428
6092.89307316982,2.10564165483827e-11,4.24377518041191e-05,0.903981580549213
6096.35031848397,2.10266573301449e-11,4.23777741571838e-05,0.904128194589062
6099.80756379811,2.09969402002882e-11,4.23178813364708e-05,0.904274601418104
6103.26480911222,2.09672650870884e-11,4.22580731974249e-05,0.904420801329353
6106.72205442639,2.09376318682388e-11,4.21983494935455e-05,0.904566794615153
6110.17929974055,2.09080406082915e-11,4.21387103549329e-05,0.904712581567639
6113.63654505462,2.08784910734706e-11,4.20791553104278e-05,0.904858162478355
6117.09379036879,2.08489833629087e-11,4.20196845598251e-05,0.905003537638389
6120.55103568291,2.08195173386137e-11,4.19602978250116e-05,0.905148707338679
6124.00828099706,2.07900929433788e-11,4.19009949906904e-05,0.905293671869492
6127.46552631119,2.07607101876886e-11,4.18417760779929e-05,0.905438431520927
6130.92277162536,2.07313688824308e-11,4.17826407057761e-05,0.905582986582465
6134.38001693946,2.07020691173235e-11,4.17235890548609e-05,0.905727337343234
6137.83726225363,2.06728107060395e-11,4.16646207497174e-05,0.905871484092035
6141.29450756773,2.06435936647988e-11,4.16057358230361e-05,0.906015427117068
6144.75175288188,2.06144179415602e-11,4.15469341699313e-05,0.906159166706414
6148.20899819602,2.05852834004535e-11,4.14882155165663e-05,0.906302703147495
6151.66624351018,2.05561901173186e-11,4.14295800157911e-05,0.906446036727528
6155.12348882429,2.05271378535835e-11,4.13710271867803e-05,0.906589167733156
6158.58073413844,2.04981267070448e-11,4.13125572266362e-05,0.906732096450541
6162.03797945259,2.04691565548554e-11,4.12541698877689e-05,0.906874823165752
6165.49522476672,2.04402273227862e-11,4.11958650205748e-05,0.907017348164170
6168.95247008086,2.04113390363027e-11,4.11376426763779e-05,0.907159671731011
6172.40971539501,2.03824914971368e-11,4.10795024555825e-05,0.907301794150886
6175.86696070914,2.03536847962636e-11,4.10214445415428e-05,0.907443715708032
6179.32420602326,2.03249187640514e-11,4.09634685923775e-05,0.907585436686412
6182.78145133741,2.02961933961321e-11,4.09055745992833e-05,0.907726957369386
6186.23869665153,2.02675086588421e-11,4.08477624944135e-05,0.907868278040177
6189.69594196569,2.02388644039008e-11,4.07900319789185e-05,0.908009398981378
6193.15318727977,2.02102607098401e-11,4.07323832110742e-05,0.908150320475331
6196.61043259396,2.01816973567899e-11,4.06748157477478e-05,0.908291042803902
6200.06767790810,2.01531744182874e-11,4.06173297371480e-05,0.908431566248430
6203.52492322224,2.01246917933674e-11,4.05599249757868e-05,0.908571891090165
6206.98216853636,2.00962493920259e-11,4.05026012822669e-05,0.908712017609693
6210.43941385048,2.00678472535451e-11,4.04453587357593e-05,0.908851946087423
6213.89665916467,2.00394851715183e-11,4.03881969202655e-05,0.908991676803184
6217.35390447876,2.00111632377828e-11,4.03311160208769e-05,0.909131210036395
6220.81114979291,1.99828812985659e-11,4.02741157276757e-05,0.909270546066274
6224.26839510704,1.99546393302537e-11,4.02171959930694e-05,0.909409685171412
6227.72564042118,1.99264373163039e-11,4.01603567837182e-05,0.909548627630261
6231.18288573532,1.98982750971323e-11,4.01035977779913e-05,0.909687373720663
6234.64013104947,1.98701527535261e-11,4.00469191387097e-05,0.909825923720182
6238.09737636361,1.98420700834303e-11,3.99903204586454e-05,0.909964277905959
6241.55462167773,1.98140271375605e-11,3.99338018400122e-05,0.910102436554610
6245.01186699187,1.97860238354839e-11,3.98773631207035e-05,0.910240399942648
6248.46911230603,1.97580600726202e-11,3.98210040899448e-05,0.910378168345941
6251.92635762014,1.97301359009511e-11,3.97647248525015e-05,0.910515742040169
6255.38360293428,1.97022511069048e-11,3.97085249779348e-05,0.910653121300457
6258.84084824843,1.96744057828045e-11,3.96524046523154e-05,0.910790306401502
6262.29809356259,1.96465997899296e-11,3.95963635960615e-05,0.910927297617842
6265.75533887674,1.96188330867115e-11,3.95404017253947e-05,0.911064095223384
6269.21258419080,1.95911056725217e-11,3.94845190390480e-05,0.911200699491887
6272.66982950500,1.95634173775345e-11,3.94287151947497e-05,0.911337110696529
6276.12707481912,1.95357682843747e-11,3.93729903590243e-05,0.911473329110164
6279.58432013327,1.95081582079453e-11,3.93173441588216e-05,0.911609355005305
6283.04156544737,1.94805871775265e-11,3.92617766531538e-05,0.911745188653911
6286.49881076154,1.94530551319184e-11,3.92062877186766e-05,0.911880830327842
6289.95605607566,1.94255619531155e-11,3.91508771175583e-05,0.912016280298321
6293.41330138979,1.93981077047267e-11,3.90955449779980e-05,0.912151538836390
6296.87054670394,1.93706921669477e-11,3.90402908569957e-05,0.912286606212544
6300.32779201807,1.93433154322290e-11,3.89851149408786e-05,0.912421482696832
6303.78503733222,1.93159773761229e-11,3.89300169788313e-05,0.912556168559198
6307.24228264635,1.92886779403487e-11,3.88749968533926e-05,0.912690664068942
6310.69952796047,1.92614171390307e-11,3.88200545930296e-05,0.912824969495213
6314.15677327462,1.92341947931202e-11,3.87651898368816e-05,0.912959085106590
6317.61401858875,1.92070109866811e-11,3.87104027543739e-05,0.913093011171312
6321.07126390289,1.91798655507466e-11,3.86556930049655e-05,0.913226747957331
6324.52850921705,1.91527584944961e-11,3.86010606071566e-05,0.913360295732037
6327.98575453114,1.91256897747118e-11,3.85465054738451e-05,0.913493654762701
6331.44299984528,1.90986592610698e-11,3.84920273423719e-05,0.913626825315994
6334.90024515947,1.90716670251005e-11,3.84376263569016e-05,0.913759807658382
6338.35749047361,1.90447128496870e-11,3.83833020798504e-05,0.913892602055814
6341.81473578774,1.90177968190385e-11,3.83290546809357e-05,0.914025208773788
6345.27198110186,1.89909188249043e-11,3.82748839419860e-05,0.914157628077711
6348.72922641598,1.89640787934864e-11,3.82207897142663e-05,0.914289860232361
6352.18647173012,1.89372767525463e-11,3.81667720537281e-05,0.914421905502351
6355.64371704425,1.89105125147890e-11,3.81128305828913e-05,0.914553764151741
6359.10096235842,1.88837861653366e-11,3.80589654733139e-05,0.914685436444234
6362.55820767254,1.88570975505540e-11,3.80051764153544e-05,0.914816922643293
6366.01545298671,1.88304466608043e-11,3.79514633895904e-05,0.914948223011816
6369.47269830081,1.88038334696486e-11,3.78978263427366e-05,0.915079337812568
6372.92994361497,1.87772578355067e-11,3.78442649894475e-05,0.915210267307740
6376.38718892910,1.87507198322941e-11,3.77907794786947e-05,0.915341011759275
6379.84443424325,1.87242192600818e-11,3.77373694075353e-05,0.915471571428687
6383.30167955738,1.86977561808663e-11,3.76840349009187e-05,0.915601946577002
6386.75892487154,1.86713305064175e-11,3.76307757810235e-05,0.915732137465161
6390.21617018564,1.86449421485693e-11,3.75775918701568e-05,0.915862144353482
6393.67341549976,1.86185911476485e-11,3.75244832495946e-05,0.915991967502126
6397.13066081393,1.85922773090495e-11,3.74714495271228e-05,0.916121607170713
6400.58790612810,1.85660007185902e-11,3.74184908757014e-05,0.916251063618482
6404.04515144219,1.85397612371947e-11,3.73656070150324e-05,0.916380337104482
6407.50239675630,1.85135588376473e-11,3.73127978902648e-05,0.916509427887194
6410.95964207050,1.84873935091309e-11,3.72600634795971e-05,0.916638336224963
6414.41688738460,1.84612650998280e-11,3.72074034770516e-05,0.916767062375557
6417.87413269874,1.84351736856372e-11,3.71548180355972e-05,0.916895606596494
6421.33137801285,1.84091190829988e-11,3.71023067852816e-05,0.917023969144907
6424.78862332703,1.83831013330230e-11,3.70498698089595e-05,0.917152150277441
6428.24586864116,1.83571203662561e-11,3.69975069666519e-05,0.917280150250631
6431.70311395529,1.83311760812681e-11,3.69452180539337e-05,0.917407969320427
6435.16035926947,1.83052685299216e-11,3.68930031753304e-05,0.917535607742603
6438.61760458359,1.82793975111969e-11,3.68408619257005e-05,0.917663065772409
6442.07484989771,1.82535631112619e-11,3.67887944787097e-05,0.917790343664701
6445.53209521186,1.82277652048552e-11,3.67368005819023e-05,0.917917441674198
6448.98934052597,1.82020037483728e-11,3.66848801473970e-05,0.918044360055026
6452.44658584014,1.81762787455058e-11,3.66330331826336e-05,0.918171099061178
6455.90383115425,1.81505900351779e-11,3.65812593629735e-05,0.918297658946093
6459.36107646840,1.81249376948870e-11,3.65295588446086e-05,0.918424039962924
6462.81832178254,1.80993215566516e-11,3.64779312889835e-05,0.918550242364504
6466.27556709668,1.80737416419733e-11,3.64263767394336e-05,0.918676266403161
6469.73281241083,1.80481978989768e-11,3.63748950914075e-05,0.918802112331111
6473.19005772493,1.80226902140292e-11,3.63234861158862e-05,0.918927780399997
6476.64730303912,1.79972186495415e-11,3.62721499386546e-05,0.919053270861287
6480.10454835322,1.79717829989373e-11,3.62208861433721e-05,0.919178583965937
6483.56179366733,1.79463833484055e-11,3.61696949037468e-05,0.919303719964492
6487.01903898152,1.79210195857803e-11,3.61185759937161e-05,0.919428679107408
6490.47628429564,1.78956916522145e-11,3.60675292946774e-05,0.919553461644534
6493.93352960979,1.78703995648379e-11,3.60165548411548e-05,0.919678067825586
6497.39077492389,1.78451431542528e-11,3.59656522917392e-05,0.919802497899741
6500.84802023801,1.78199224991902e-11,3.59148218051070e-05,0.919926752115865
6504.30526555220,1.77947374464829e-11,3.58640630725604e-05,0.920050830722565
6507.76251086632,1.77695879992545e-11,3.58133761003952e-05,0.920174733967920
6511.21975618048,1.77444741220552e-11,3.57627608171642e-05,0.920298462099901
6514.67700149460,1.77193956900683e-11,3.57122169713086e-05,0.920422015365919
6518.13424680873,1.76943527707149e-11,3.56617446987103e-05,0.920545394013187
6521.59149212286,1.76693451664533e-11,3.56113436012382e-05,0.920668598288461
6525.04873743699,1.76443729494099e-11,3.55610138242578e-05,0.920791628438064
6528.50598275116,1.76194360244110e-11,3.55107551759531e-05,0.920914484708236
6531.96322806528,1.75945343184673e-11,3.54605675092193e-05,0.921037167344632
6535.42047337940,1.75696678611194e-11,3.54104508835936e-05,0.921159676592754
6538.87771869359,1.75448364755478e-11,3.53604049427081e-05,0.921282012697597
6542.33496400771,1.75200402413661e-11,3.53104298470187e-05,0.921404175903808
6545.79220932184,1.74952790194842e-11,3.52605253161990e-05,0.921526166455834
6549.24945463596,1.74705527958324e-11,3.52106913218925e-05,0.921647984597585
6552.70669995014,1.74458615502772e-11,3.51609278235214e-05,0.921769630572856
6556.16394526420,1.74212051477967e-11,3.51112345489585e-05,0.921891104624892
6559.62119057838,1.73965836579208e-11,3.50616116383364e-05,0.922012406996723
6563.07843589252,1.73719968989029e-11,3.50120587253575e-05,0.922133537930978
6566.53568120665,1.73474449225339e-11,3.49625759144028e-05,0.922254497669836
6569.99292652078,1.73229276519548e-11,3.49131630505682e-05,0.922375286455390
6573.45017183497,1.72984450010933e-11,3.48638199603809e-05,0.922495904529167
6576.90741714909,1.72739970109132e-11,3.48145467264007e-05,0.922616352132529
6580.36466246321,1.72495834980342e-11,3.47653429790373e-05,0.922736629506349
6583.82190777734,1.72252045426196e-11,3.47162088798543e-05,0.922856736891141
6587.27915309148,1.72008600189440e-11,3.46671441754607e-05,0.922976674527256
6590.73639840565,1.71765498968850e-11,3.46181488051470e-05,0.923096442654505
6594.19364371974,1.71522741705587e-11,3.45692227570546e-05,0.923216041512568
6597.65088903389,1.71280326956765e-11,3.45203657403796e-05,0.923335471340613
6601.10813434803,1.71038255435075e-11,3.44715778987605e-05,0.923454732377543
6604.56537966219,1.70796525473450e-11,3.44228588962108e-05,0.923573824861933
6608.02262497628,1.70555137398671e-11,3.43742087985913e-05,0.923692749031889
6611.47987029044,1.70314090613825e-11,3.43256274855983e-05,0.923811505125428
6614.93711560461,1.70073384137531e-11,3.42771147594412e-05,0.923930093380010
6618.39436091873,1.69833018484180e-11,3.42286707237921e-05,0.924048514032936
6621.85160623285,1.69592991762611e-11,3.41802949975004e-05,0.924166767321028
6625.30885154701,1.69353304776776e-11,3.41319877425969e-05,0.924284853480730
6628.76609686112,1.69113956396197e-11,3.40837487312419e-05,0.924402772748366
6632.22334217525,1.68874946170092e-11,3.40355778725833e-05,0.924520525359717
6635.68058748944,1.68636274171863e-11,3.39874751814148e-05,0.924638111550431
6639.13783280358,1.68397938874965e-11,3.39394403500716e-05,0.924755531555644
6642.59507811771,1.68159941005952e-11,3.38914735249858e-05,0.924872785610218
6646.05232343180,1.67922279040851e-11,3.38435743990113e-05,0.924989873948735
6649.50956874597,1.67684953127101e-11,3.37957430018634e-05,0.925106796805304
6652.96681406011,1.67447962828421e-11,3.37479792456123e-05,0.925223554413924
6656.42405937422,1.67211307052549e-11,3.37002829101206e-05,0.925340147008065
6659.88130468836,1.66974986409529e-11,3.36526541183380e-05,0.925456574821033
6663.33855000250,1.66738998958736e-11,3.36050924791455e-05,0.925572838085665
6666.79579531664,1.66503345503418e-11,3.35575981544316e-05,0.925688937034404
6670.25304063081,1.66268025033239e-11,3.35101709405707e-05,0.925804871899622
6673.71028594495,1.66033036958418e-11,3.34628107186958e-05,0.925920642913129
6677.16753125904,1.65798381474736e-11,3.34155175282659e-05,0.926036250306602
6680.62477657316,1.65564056980627e-11,3.33682910464958e-05,0.926151694311229
6684.08202188732,1.65330064213135e-11,3.33211314219322e-05,0.926266975157896
6687.53926720147,1.65096401784335e-11,3.32740383748481e-05,0.926382093077258
6690.99651251558,1.64863069673671e-11,3.32270119011006e-05,0.926497048299483
6694.45375782974,1.64630067594864e-11,3.31800519429920e-05,0.926611841054634
6697.91100314387,1.64397394354158e-11,3.31331582599296e-05,0.926726471572254
6701.36824845806,1.64165050586628e-11,3.30863309799076e-05,0.926840940081695
6704.82549377215,1.63933034495417e-11,3.30395697407826e-05,0.926955246811898
6708.28273908630,1.63701346694514e-11,3.29928746662993e-05,0.927069391991403
6711.73998440043,1.63469986349220e-11,3.29462455882302e-05,0.927183375848661
6715.19722971459,1.63238952740902e-11,3.28996823617397e-05,0.927297198611592
6718.65447502872,1.63008246178250e-11,3.28531850490421e-05,0.927410860507965
6722.11172034283,1.62777864992954e-11,3.28067533139011e-05,0.927524361765080
6725.56896565699,1.62547809929333e-11,3.27603873063292e-05,0.927637702609917
6729.02621097113,1.62318079728706e-11,3.27140867726475e-05,0.927750883269269
6732.48345628526,1.62088674213440e-11,3.26678516770558e-05,0.927863903969436
6735.94070159940,1.61859593237038e-11,3.26216819900282e-05,0.927976764936603
6739.39794691354,1.61630835513264e-11,3.25755774523330e-05,0.928089466396454
6742.85519222770,1.61402401695795e-11,3.25295381957142e-05,0.928202008574455
6746.31243754185,1.61174290132921e-11,3.24835638872814e-05,0.928314391695722
6749.76968285600,1.60946501252482e-11,3.24376546132622e-05,0.928426615984947
6753.22692817010,1.60719034387297e-11,3.23918102391912e-05,0.928538681666735
6756.68417348420,1.60491888699637e-11,3.23460305962298e-05,0.928650588965172
6760.14141879837,1.60265064602006e-11,3.23003157675156e-05,0.928762338104194
6763.59866411249,1.60038560367276e-11,3.22546654049576e-05,0.928873929307275
6767.05590942667,1.59812376743980e-11,3.22090796594177e-05,0.928985362797554
6770.51315474079,1.59586512596108e-11,3.21635583019406e-05,0.929096638798029
6773.97040005490,1.59360967599464e-11,3.21181012671870e-05,0.929207757531193
6777.42764536906,1.59135741737498e-11,3.20727085518217e-05,0.929318719219422
6780.88489068316,1.58910833640143e-11,3.20273798797165e-05,0.929429524084604
6784.34213599731,1.58686243976283e-11,3.19821153856808e-05,0.929540172348388
6787.79938131148,1.58461971232373e-11,3.19369147646701e-05,0.929650664232125
6791.25662662561,1.58238015661387e-11,3.18917780676695e-05,0.929760999956725
6794.71387193974,1.58014376753085e-11,3.18467051918435e-05,0.929871179743015
6798.17111725386,1.57791053560015e-11,3.18016959462398e-05,0.929981203811308
6801.62836256801,1.57568046589766e-11,3.17567504331592e-05,0.930091072381768
6805.08560788219,1.57345354063979e-11,3.17118682941863e-05,0.930200785674114
6808.54285319628,1.57122976732486e-11,3.16670496804441e-05,0.930310343907704
6812.00009851042,1.56900913575605e-11,3.16222943864228e-05,0.930419747301809
6815.45734382457,1.56679164132688e-11,3.15776023192823e-05,0.930528996075179
6818.91458913873,1.56457728507690e-11,3.15329734999737e-05,0.930638090446442
6822.37183445281,1.56236605254998e-11,3.14884076371437e-05,0.930747030633753
6825.82907976703,1.56015795055456e-11,3.14439048680117e-05,0.930855816855014
6829.28632508113,1.55795296526953e-11,3.13994649140230e-05,0.930964449327865
6832.74357039525,1.55575109758460e-11,3.13550877931088e-05,0.931072928269508
6836.20081570937,1.55355234386492e-11,3.13107734320116e-05,0.931181253897046
6839.65806102355,1.55135669362887e-11,3.12665216194810e-05,0.931289426427091
6843.11530633768,1.54916415265833e-11,3.12223324720473e-05,0.931397446076088
6846.57255165182,1.54697470321306e-11,3.11782056321682e-05,0.931505313060068
6850.02979696594,1.54478835229359e-11,3.11341412409342e-05,0.931613027594688
6853.48704228009,1.54260509096621e-11,3.10901391182929e-05,0.931720589895537
6856.94428759423,1.54042491335722e-11,3.10461991458638e-05,0.931828000177687
6860.40153290836,1.53824782162033e-11,3.10023213670535e-05,0.931935258656083
6863.85877822250,1.53607380062350e-11,3.09585054768861e-05,0.932042365545217
6867.31602353665,1.53390285726377e-11,3.09147516143666e-05,0.932149321059292
6870.77326885080,1.53173497896935e-11,3.08710595261193e-05,0.932256125412315
6874.23051416492,1.52957016509447e-11,3.08274291991293e-05,0.932362778817832
6877.68775947906,1.52740841337394e-11,3.07838605877432e-05,0.932469281489289
6881.14500479317,1.52524971240544e-11,3.07403534621552e-05,0.932575633639653
6884.60225010729,1.52309406816737e-11,3.06969079428558e-05,0.932681835481705
6888.05949542143,1.52094146431972e-11,3.06535237005231e-05,0.932787887227865
6891.51674073559,1.51879190605141e-11,3.06102008397365e-05,0.932893789090162
6894.97398604973,1.51664538606193e-11,3.05669392133592e-05,0.932999541280553
6898.43123136385,1.51450189730391e-11,3.05237386793562e-05,0.933105144010493
6901.88847667801,1.51236144295796e-11,3.04805993018307e-05,0.933210597491308
6905.34572199215,1.51022400729230e-11,3.04375207637196e-05,0.933315901933879
6908.80296730627,1.50808959726306e-11,3.03945032052186e-05,0.933421057548787
6912.26021262044,1.50595820148491e-11,3.03515463968644e-05,0.933526064546457
6915.71745793457,1.50382981787736e-11,3.03086502967262e-05,0.933630923136844
6919.17470324868,1.50170444545063e-11,3.02658148848555e-05,0.933735633529796
6922.63194856282,1.49958207196470e-11,3.02230399145634e-05,0.933840195934702
6926.08919387698,1.49746270356175e-11,3.01803255096412e-05,0.933944610560738
6929.54643919112,1.49534632523537e-11,3.01376713676450e-05,0.934048877616769
6933.00368450524,1.49323294047082e-11,3.00950775588180e-05,0.934152997311261
6936.46092981936,1.49112254349955e-11,3.00525439668987e-05,0.934256969852598
6939.91817513353,1.48901512619035e-11,3.00100704280086e-05,0.934360795448685
6943.37542044765,1.48691069266698e-11,2.99676570252590e-05,0.934464474307280
6946.83266576180,1.48480922667092e-11,2.99253034309707e-05,0.934568006635724
6950.28991107593,1.48271073518918e-11,2.98830097859620e-05,0.934671392641031
6953.74715639010,1.48061520796231e-11,2.98407758834609e-05,0.934774632530107
6957.20440170418,1.47852264157196e-11,2.97986016545728e-05,0.934877726509371
6960.66164701835,1.47643303621317e-11,2.97564871032287e-05,0.934980674785142
6964.11889233250,1.47434637888787e-11,2.97144319674615e-05,0.935083477563285
6967.57613764663,1.47226267587072e-11,2.96724363737327e-05,0.935186135049431
6971.03338296072,1.47018191342459e-11,2.96305000451796e-05,0.935288647448955
6974.49062827490,1.46810409343507e-11,2.95886230198053e-05,0.935391014966818
6977.94787358906,1.46602921156801e-11,2.95468052102579e-05,0.935493237807892
6981.40511890320,1.46395725869480e-11,2.95050464325566e-05,0.935595316176584
6984.86236421729,1.46188823980190e-11,2.94633467871998e-05,0.935697250277153
6988.31960953143,1.45982213817387e-11,2.94217059372998e-05,0.935799040313455
6991.77685484554,1.45775896080184e-11,2.93801240237577e-05,0.935900686489002
6995.23410015969,1.45569869849371e-11,2.93386008613132e-05,0.936002189007233
6998.69134547385,1.45364134658650e-11,2.92971363559871e-05,0.936103548071102
7002.14859078801,1.45158690637298e-11,2.92557305338342e-05,0.936204763883444
7005.60583610216,1.44953536417338e-11,2.92143831191485e-05,0.936305836646667
7009.06308141627,1.44748672636501e-11,2.91730942404599e-05,0.936406766562919
7012.52032673038,1.44544098041783e-11,2.91318636452344e-05,0.936507553834139
7015.97757204453,1.44339812671792e-11,2.90906913412531e-05,0.936608198661841
7019.43481735865,1.44135816227174e-11,2.90495772681829e-05,0.936708701247447
7022.89206267285,1.43932107703619e-11,2.90085212236128e-05,0.936809061791928
7026.34930798694,1.43728687646206e-11,2.89675233173990e-05,0.936909280496087
7029.80655330108,1.43525554440744e-11,2.89265832242128e-05,0.937009357560366
7033.26379861523,1.43322708687846e-11,2.88857010651037e-05,0.937109293184846
7036.72104392935,1.43120149601515e-11,2.88448766816592e-05,0.937209087569544
7040.17828924353,1.42917876599952e-11,2.88041099566217e-05,0.937308740914005
7043.63553455768,1.42715889913839e-11,2.87634009364840e-05,0.937408253417646
7047.09277987175,1.42514188114350e-11,2.87227493332756e-05,0.937507625279468
7050.55002518587,1.42312771846631e-11,2.86821552770214e-05,0.937606856698204
7054.00727050005,1.42111639972388e-11,2.86416185383060e-05,0.937705947872411
7057.46451581418,1.41910792389919e-11,2.86011390966323e-05,0.937804899000212
7060.92176112832,1.41710228924901e-11,2.85607169168666e-05,0.937903710279637
7064.37900644244,1.41509948489544e-11,2.85203517797723e-05,0.938002381908275
7067.83625175656,1.41309951646310e-11,2.84800437987097e-05,0.938100914083534
7071.29349707070,1.41110236909687e-11,2.84397926742842e-05,0.938199307002497
7074.75074238489,1.40910804714431e-11,2.83995984941180e-05,0.938297560861887
7078.20798769900,1.40711654423956e-11,2.83594611299113e-05,0.938395675858346
7081.66523301315,1.40512785349580e-11,2.83193804428652e-05,0.938493652188065
7085.12247832728,1.40314197815354e-11,2.82793564982898e-05,0.938591490047103
7088.57972364142,1.40115890338615e-11,2.82393889973647e-05,0.938689189631116
7092.03696895555,1.39917863569207e-11,2.81994780710616e-05,0.938786751135470
7095.49421426965,1.39720116477751e-11,2.81596235119163e-05,0.938884174755397
7098.95145958382,1.39522648831522e-11,2.81198252730242e-05,0.938981460685695
7102.40870489795,1.39325460572540e-11,2.80800833427004e-05,0.939078609121053
7105.86595021213,1.39128550537178e-11,2.80403974864236e-05,0.939175620255741
7109.32319552626,1.38931919302275e-11,2.80007678204518e-05,0.939272494283819
7112.78044084034,1.38735565504846e-11,2.79611940700848e-05,0.939369231399075
7116.23768615452,1.38539489423746e-11,2.79216762915239e-05,0.939465831794925
7119.69493146866,1.38343690562458e-11,2.78822143846997e-05,0.939562295664701
7123.15217678280,1.38148168133707e-11,2.78428081909419e-05,0.939658623201291
7126.60942209692,1.37952922547190e-11,2.78034577928225e-05,0.939754814597451
7130.06666741106,1.37757952273124e-11,2.77641628820243e-05,0.939850870045549
7133.52391272519,1.37563257963466e-11,2.77249235899446e-05,0.939946789737645
7136.98115803933,1.37368838692159e-11,2.76857397299431e-05,0.940042573865703
7140.43840335348,1.37174694104381e-11,2.76466112305078e-05,0.940138222621242
7143.89564866763,1.36980824250153e-11,2.76075381017200e-05,0.940233736195675
7147.35289398173,1.36787227897340e-11,2.75685200952517e-05,0.940329114780001
7150.81013929590,1.36593905634281e-11,2.75295573296782e-05,0.940424358565000
7154.26738461004,1.36400856214582e-11,2.74906495537977e-05,0.940519467741215
7157.72462992417,1.36208079770783e-11,2.74517967943226e-05,0.940614442498807
7161.18187523829,1.36015575937454e-11,2.74129989776029e-05,0.940709283027854
7164.63912055244,1.35823343836676e-11,2.73742559267003e-05,0.940803989518000
7168.09636586659,1.35631383956386e-11,2.73355677399552e-05,0.940898562158755
7171.55361118070,1.35439694726115e-11,2.72969341008500e-05,0.940993001139249
7175.01085649486,1.35248276797465e-11,2.72583551407110e-05,0.941087306648295
7178.46810180901,1.35057129342305e-11,2.72198306926340e-05,0.941181478874643
7181.92534712314,1.34866251892308e-11,2.71813606622308e-05,0.941275518006590
7185.38259243725,1.34675644597469e-11,2.71429450797321e-05,0.941369424232325
7188.83983775141,1.34485306164180e-11,2.71045836844199e-05,0.941463197739637
7192.29708306554,1.34295237189533e-11,2.70662765966340e-05,0.941556838716071
7195.75432837969,1.34105436537989e-11,2.70280235875145e-05,0.941650347348988
7199.21157369381,1.33915904205008e-11,2.69898246561464e-05,0.941743723825348
7202.66881900795,1.33726639947594e-11,2.69516797535555e-05,0.941836968332027
7206.12606432209,1.33537642804830e-11,2.69135886860755e-05,0.941930081055481
7209.58330963622,1.33348913290246e-11,2.68755515572050e-05,0.942023062182010
7213.04055495037,1.33160449935455e-11,2.68375680710006e-05,0.942115911897581
7216.49780026452,1.32972253252741e-11,2.67996383307096e-05,0.942208630387829
7219.95504557862,1.32784322552233e-11,2.67617621972934e-05,0.942301217838325
7223.41229089276,1.32596657260357e-11,2.67239395551523e-05,0.942393674434204
7226.86953620689,1.32409257619379e-11,2.66861704531128e-05,0.942486000360480
7230.32678152106,1.32222122280950e-11,2.66484546194248e-05,0.942578195801788
7233.78402683519,1.32035251848298e-11,2.66107921756648e-05,0.942670260942496
7237.24127214934,1.31848645291204e-11,2.65731829141991e-05,0.942762195966830
7240.69851746348,1.31662302476935e-11,2.65356268082764e-05,0.942854001058606
7244.15576277757,1.31476223276611e-11,2.64981238319219e-05,0.942945676401551
7247.61300809173,1.31290406653650e-11,2.64606737762195e-05,0.943037222178988
7251.07025340588,1.31104853136933e-11,2.64232767477616e-05,0.943128638574059
7254.52749872004,1.30919561376315e-11,2.63859324744358e-05,0.943219925769623
7257.98474403413,1.30734531732256e-11,2.63486410288903e-05,0.943311083948191
7261.44198934827,1.30549763651548e-11,2.63114022996298e-05,0.943402113292211
7264.89923466240,1.30365256463317e-11,2.62742161514442e-05,0.943493013983701
7268.35647997655,1.30181010494684e-11,2.62370826502630e-05,0.943583786204562
7271.81372529073,1.29997024349025e-11,2.62000015146056e-05,0.943674430136321
7275.27097060480,1.29813298633205e-11,2.61629728667819e-05,0.943764945960227
7278.72821591900,1.29629832416976e-11,2.61259965193066e-05,0.943855333857424
7282.18546123310,1.29446625447971e-11,2.60890724213170e-05,0.943945594008634
7285.64270654724,1.29263677703421e-11,2.60522005682243e-05,0.944035726594492
7289.09995186139,1.29080988078122e-11,2.60153807372818e-05,0.944125731795236
7292.55719717552,1.28898557113533e-11,2.59786130376173e-05,0.944215609790907
7296.01444248967,1.28716383572081e-11,2.59418972198063e-05,0.944305360761304
7299.47168780381,1.28534467671577e-11,2.59052333277473e-05,0.944394984885873
7302.92893311792,1.28352808986870e-11,2.58686212757539e-05,0.944484482343984
7306.38617843208,1.28171406757414e-11,2.58320609105432e-05,0.944573853314597
7309.84342374620,1.27990261388083e-11,2.57955523137148e-05,0.944663097976547
7313.30066906038,1.27809371440152e-11,2.57590951953038e-05,0.944752216508309
7316.75791437451,1.27628737521749e-11,2.57226896778741e-05,0.944841209088067
7320.21515968862,1.27448358797437e-11,2.56863355930493e-05,0.944930075893927
7323.67240500275,1.27268234903447e-11,2.56500328675139e-05,0.945018817103580
7327.12965031688,1.27088365915427e-11,2.56137815165145e-05,0.945107432894611
7330.58689563105,1.26908750666302e-11,2.55775813048351e-05,0.945195923444232
7334.04414094517,1.26729389707468e-11,2.55414323436058e-05,0.945284288929431
7337.50138625930,1.26550281908439e-11,2.55053344049852e-05,0.945372529527003
7340.95863157344,1.26371427353224e-11,2.54692875059041e-05,0.945460645413373
7344.41587688760,1.26192825736437e-11,2.54332915848147e-05,0.945548636764893
7347.87312220172,1.26014476215194e-11,2.53973464718393e-05,0.945636503757511
7351.33036751586,1.25836379256822e-11,2.53614522611644e-05,0.945724246567046
7354.78761282999,1.25658533411842e-11,2.53256086606577e-05,0.945811865368976
7358.24485814414,1.25480939261951e-11,2.52898157875558e-05,0.945899360338474
7361.70210345825,1.25303596070021e-11,2.52540734932962e-05,0.945986731650661
7365.15934877240,1.25126503368797e-11,2.52183816837064e-05,0.946073979480238
7368.61659408657,1.24949661324954e-11,2.51827403923789e-05,0.946161104001801
7372.07383940068,1.24773068716017e-11,2.51471493729322e-05,0.946248105389577
7375.53108471481,1.24596726100795e-11,2.51116087379904e-05,0.946334983817563
7378.98833002898,1.24420632450599e-11,2.50761182802284e-05,0.946421739459595
7382.44557534314,1.24244787724144e-11,2.50406779913255e-05,0.946508372489130
7385.90282065722,1.24069191727844e-11,2.50052878322655e-05,0.946594883079546
7389.36006597141,1.23893843543511e-11,2.49699476179944e-05,0.946681271403839
7392.81731128553,1.23718743654659e-11,2.49346574459608e-05,0.946767537634844
7396.27455659963,1.23543890725878e-11,2.48994170470221e-05,0.946853681945106
7399.73180191378,1.23369285191118e-11,2.48642265086381e-05,0.946939704506855
7403.18904722791,1.23194926446480e-11,2.48290857090969e-05,0.947025605492259
7406.64629254206,1.23020813928833e-11,2.47939945349036e-05,0.947111385073083
7410.10353785620,1.22846947888779e-11,2.47589530365647e-05,0.947197043420979
7413.56078317031,1.22673327054643e-11,2.47239609577838e-05,0.947282580707247
7417.01802848453,1.22499951990244e-11,2.46890184121939e-05,0.947367997102941
7420.47527379862,1.22326821763578e-11,2.46541252119565e-05,0.947453292778980
7423.93251911277,1.22153936216261e-11,2.46192813251504e-05,0.947538467905911
7427.38976442687,1.21981295258836e-11,2.45844867337460e-05,0.947623522654190
7430.84700974102,1.21808897904573e-11,2.45497412388746e-05,0.947708457193901
7434.30425505516,1.21636744650504e-11,2.45150449407098e-05,0.947793271694956
7437.76150036926,1.21464834269866e-11,2.44803975920060e-05,0.947877966327010
7441.21874568342,1.21293167057651e-11,2.44457992522164e-05,0.947962541259399
7444.67599099760,1.21121742534942e-11,2.44112498248192e-05,0.948046996661393
7448.13323631171,1.20950560050054e-11,2.43767491784714e-05,0.948131332701862
7451.59048162584,1.20779619930688e-11,2.43422973792189e-05,0.948215549549572
7455.04772693996,1.20608920861921e-11,2.43078941620479e-05,0.948299647372941
7458.50497225411,1.20438463410278e-11,2.42735396411381e-05,0.948383626340126
7461.96221756825,1.20268246735513e-11,2.42392336471434e-05,0.948467486619190
7465.41946288240,1.20098270570030e-11,2.42049761261317e-05,0.948551228377808
7468.87670819652,1.19928534921126e-11,2.41707670795735e-05,0.948634851783565
7472.33395351067,1.19759038740008e-11,2.41366062960922e-05,0.948718357003686
7475.79119882483,1.19589782534682e-11,2.41024938780726e-05,0.948801744205204
7479.24844413895,1.19420765181799e-11,2.40684295991114e-05,0.948885013554939
7482.70568945309,1.19251986845849e-11,2.40344134923609e-05,0.948968165219376
7486.16293476721,1.19083447164968e-11,2.40004454848894e-05,0.949051199364933
7489.62018008136,1.18915145405944e-11,2.39665254289234e-05,0.949134116157646
7493.07742539554,1.18747081967032e-11,2.39326534047283e-05,0.949216915763433
7496.53467070964,1.18579255495746e-11,2.38988291397198e-05,0.949299598347880
7499.99191602374,1.18411666559137e-11,2.38650527481834e-05,0.949382164076300
7503.44916133789,1.18244314403954e-11,2.38313240783064e-05,0.949464613113943
7506.90640665205,1.18077198660976e-11,2.37976430556748e-05,0.949546945625664
7510.36365196620,1.17910319427165e-11,2.37640096998306e-05,0.949629161776225
7513.82089728035,1.17743675597884e-11,2.37304237881420e-05,0.949711261730037
7517.27814259446,1.17577267689680e-11,2.36968854247156e-05,0.949793245651306
7520.73538790860,1.17411094677559e-11,2.36633944029706e-05,0.949875113704061
7524.19263322275,1.17245156603666e-11,2.36299507314012e-05,0.949956866051989
7527.64987853690,1.17079453215545e-11,2.35965543591266e-05,0.950038502858703
7531.10712385103,1.16913983705216e-11,2.35632051233041e-05,0.950120024287446
7534.56436916510,1.16748748513326e-11,2.35299031127430e-05,0.950201430501333
7538.02161447929,1.16583746320897e-11,2.34966480616124e-05,0.950282721663178
7541.47885979337,1.16418977627801e-11,2.34634400706580e-05,0.950363897935500
7544.93610510758,1.16254441785064e-11,2.34302790090838e-05,0.950444959480778
7548.39335042165,1.16090138329137e-11,2.33971647834643e-05,0.950525906461088
7551.85059573584,1.15926067439835e-11,2.33640974300403e-05,0.950606739038425
7555.30784104996,1.15762227962636e-11,2.33310767161259e-05,0.950687457374430
7558.76508636410,1.15598620420311e-11,2.32981027470817e-05,0.950768061630530
7562.22233167825,1.15435243881335e-11,2.32651753351655e-05,0.950848551968011
7565.67957699235,1.15272098273355e-11,2.32322944657949e-05,0.950928928547804
7569.13682230655,1.15109183445978e-11,2.31994601086594e-05,0.951009191530771
7572.59406762067,1.14946498522935e-11,2.31666720871530e-05,0.951089341077404
7576.05131293478,1.14784043959206e-11,2.31339304929738e-05,0.951169377348060
7579.50855824895,1.14621818540637e-11,2.31012350814173e-05,0.951249300502826
7582.96580356308,1.14459822631833e-11,2.30685859259671e-05,0.951329110701492
7586.42304887723,1.14298055705703e-11,2.30359829203917e-05,0.951408808103794
7589.88029419132,1.14136517211384e-11,2.30034259536688e-05,0.951488392869091
7593.33753950549,1.13975207405003e-11,2.29709150774187e-05,0.951567865156642
7596.79478481965,1.13814125087865e-11,2.29384500500525e-05,0.951647225125373
7600.25203013375,1.13653270786746e-11,2.29060309777388e-05,0.951726472933979
7603.70927544791,1.13492643658881e-11,2.28736576906238e-05,0.951805608741045
7607.16652076202,1.13332243524971e-11,2.28413301525711e-05,0.951884632704798
7610.62376607618,1.13172070329621e-11,2.28090483524160e-05,0.951963544983385
7614.08101139028,1.13012123134493e-11,2.27768121010435e-05,0.952042345734606
7617.53825670446,1.12852402406449e-11,2.27446214925459e-05,0.952121035116100
7620.99550201862,1.12692907031158e-11,2.27124763023376e-05,0.952199613285273
7624.45274733270,1.12533637246054e-11,2.26803765782720e-05,0.952278080399230
7627.90999264685,1.12374592638333e-11,2.26483222371513e-05,0.952356436615018
7631.36723796098,1.12215772576564e-11,2.26163131517145e-05,0.952434682089315
7634.82448327515,1.12057177386897e-11,2.25843493876954e-05,0.952512816978696
7638.28172858928,1.11898805831933e-11,2.25524306957045e-05,0.952590841439415
7641.73897390338,1.11740658440350e-11,2.25205571822933e-05,0.952668755627482
7645.19621921756,1.11582734453588e-11,2.24887286945794e-05,0.952746559698828
7648.65346453170,1.11425033592675e-11,2.24569451763374e-05,0.952824253809019
7652.11070984583,1.11267555890412e-11,2.24252066341787e-05,0.952901838113536
7655.56795515997,1.11110300352370e-11,2.23935128676828e-05,0.952979312767528
7659.02520047409,1.10953267454943e-11,2.23618639728637e-05,0.953056677925960
7662.48244578823,1.10796456178794e-11,2.23302597442810e-05,0.953133933743610
7665.93969110232,1.10639866641993e-11,2.22987002057308e-05,0.953211080374940
7669.39693641649,1.10483498538706e-11,2.22671852955743e-05,0.953288117974350
7672.85418173064,1.10327351163405e-11,2.22357148716176e-05,0.953365046695885
7676.31142704479,1.10171424906240e-11,2.22042890124923e-05,0.953441866693479
7679.76867235893,1.10015718496342e-11,2.21729074620637e-05,0.953518578120763
7683.22591767307,1.09860232462280e-11,2.21415703268614e-05,0.953595181131105
7686.68316298719,1.09704966125312e-11,2.21102774700896e-05,0.953671675877823
7690.14040830132,1.09549919113780e-11,2.20790288168429e-05,0.953748062513871
7693.59765361548,1.09395091542156e-11,2.20478243901927e-05,0.953824341192110
7697.05489892961,1.09240482365639e-11,2.20166639795664e-05,0.953900512065078
7700.51214424375,1.09086092067923e-11,2.19855476824491e-05,0.953976575285118
7703.96938955785,1.08931919719998e-11,2.19544753116054e-05,0.954052531004417
7707.42663487206,1.08777965328082e-11,2.19234468682885e-05,0.954128379374844
7710.88388018613,1.08624228686270e-11,2.18924623109997e-05,0.954204120548190
7714.34112550031,1.08470709021165e-11,2.18615214838661e-05,0.954279754675916
7717.79837081442,1.08317406747992e-11,2.18306244705733e-05,0.954355281909348
7721.25561612860,1.08164320666818e-11,2.17997710292833e-05,0.954430702399547
7724.71286144271,1.08011451204801e-11,2.17689612460869e-05,0.954506016297297
7728.17010675686,1.07858797791909e-11,2.17381950060978e-05,0.954581223753339
7731.62735207101,1.07706359970523e-11,2.17074722170864e-05,0.954656324918053
7735.08459738510,1.07554137930510e-11,2.16767929173188e-05,0.954731319941724
7738.54184269926,1.07402130582184e-11,2.16461568871765e-05,0.954806208974327
7741.99908801338,1.07250338414405e-11,2.16155642251857e-05,0.954880992165626
7745.45633332756,1.07098760583984e-11,2.15850147614077e-05,0.954955669665261
7748.91357864165,1.06947396992524e-11,2.15545084760109e-05,0.955030241622544
7752.37082395583,1.06796247527278e-11,2.15240453462722e-05,0.955104708186715
7755.82806926995,1.06645311352946e-11,2.14936252038428e-05,0.955179069506682
7759.28531458410,1.06494588897415e-11,2.14632481349602e-05,0.955253325731213
7762.74255989821,1.06344079057081e-11,2.14329139172004e-05,0.955327477008837
7766.19980521236,1.06193782135271e-11,2.14026226116973e-05,0.955401523487809
7769.65705052649,1.06043697673443e-11,2.13723741260346e-05,0.955475465316325
7773.11429584064,1.05893825134485e-11,2.13421683519611e-05,0.955549302642240
7776.57154115477,1.05744164777627e-11,2.13120053417231e-05,0.955623035613305
7780.02878646893,1.05594715473557e-11,2.12818848677153e-05,0.955696664376974
7783.48603178306,1.05445477714267e-11,2.12518070290954e-05,0.955770189080476
7786.94327709718,1.05296450738040e-11,2.12217716723446e-05,0.955843609870945
7790.40052241130,1.05147634348824e-11,2.11917787579501e-05,0.955916926895185
7793.85776772547,1.04999028520519e-11,2.11618282806514e-05,0.955990140299922
7797.31501303961,1.04850632361655e-11,2.11319200607788e-05,0.956063250231557
7800.77225835373,1.04702446310524e-11,2.11020541866674e-05,0.956136256836339
7804.22950366786,1.04554469355233e-11,2.10722304543768e-05,0.956209160260315
7807.68674898202,1.04406701682749e-11,2.10424489015892e-05,0.956281960649245
7811.14399429614,1.04259142939014e-11,2.10127094569464e-05,0.956354658148830
7814.60123961023,1.04111792513634e-11,2.09830119974280e-05,0.956427252904435
7818.05848492443,1.03964650729417e-11,2.09533565880934e-05,0.956499745061328
7821.51573023857,1.03817716422456e-11,2.09237429943653e-05,0.956572134764479
7824.97297555271,1.03670990085940e-11,2.08941713156426e-05,0.956644422158626
7828.43022086683,1.03524471035424e-11,2.08646414139802e-05,0.956716607388443
7831.88746618092,1.03378158983905e-11,2.08351532315344e-05,0.956788690598261
7835.34471149509,1.03232053985661e-11,2.08057067792449e-05,0.956860671932336
7838.80195680922,1.03086155098554e-11,2.07763018672300e-05,0.956932551534609
7842.25920212335,1.02940462769126e-11,2.07469385854871e-05,0.957004329548850
7845.71644743752,1.02794976072735e-11,2.07176167476614e-05,0.957076006118665
7849.17369275167,1.02649695087184e-11,2.06883363694331e-05,0.957147581387361
7852.63093806583,1.02504619556157e-11,2.06590973991438e-05,0.957219055498186
7856.08818337993,1.02359748801943e-11,2.06298997002055e-05,0.957290428594058
7859.54542869408,1.02215083202239e-11,2.06007433487402e-05,0.957361700817799
7863.00267400821,1.02070621572767e-11,2.05716281060652e-05,0.957432872311940
7866.45991932233,1.01926364396663e-11,2.05425540695528e-05,0.957503943218776
7869.91716463646,1.01782311065838e-11,2.05135211166471e-05,0.957574913680553
7873.37440995063,1.01638461208780e-11,2.04845291724725e-05,0.957645783839179
7876.83165526476,1.01494814954133e-11,2.04555782629562e-05,0.957716553836474
7880.28890057888,1.01351371314356e-11,2.04266681890661e-05,0.957787223813963
7883.74614589304,1.01208130742185e-11,2.03977990420481e-05,0.957857793912981
7887.20339120715,1.01065092395928e-11,2.03689706522650e-05,0.957928264274730
7890.66063652129,1.00922256251148e-11,2.03401830147917e-05,0.957998635040109
7894.11788183544,1.00779622142782e-11,2.03114360963608e-05,0.958068906349952
7897.57512714959,1.00637189331536e-11,2.02827297479727e-05,0.958139078344775
7901.03237246372,1.00494958208436e-11,2.02540640484361e-05,0.958209151164976
7904.48961777784,1.00352927682128e-11,2.02254387777960e-05,0.958279124950708
7907.94686309201,1.00211098115254e-11,2.01968540091406e-05,0.958348999841871
7911.40410840612,1.00069469008403e-11,2.01683096418168e-05,0.958418775978314
7914.86135372029,9.99280399117500e-12,2.01398055851657e-05,0.958488453499560
7918.31859903442,9.97868110225228e-12,2.01113418789372e-05,0.958558032545039
7921.77584434852,9.96457813128280e-12,2.00829183159663e-05,0.958627513253895
7925.23308966268,9.95049512396377e-12,2.00545349883527e-05,0.958696895765075
7928.69033497682,9.93643200400486e-12,2.00261917423386e-05,0.958766180217413
7932.14758029095,9.92238875940556e-12,1.99978885537376e-05,0.958835366749441
7935.60482560510,9.90836538216072e-12,1.99696254064160e-05,0.958904455499620
7939.06207091922,9.89436179273245e-12,1.99414021400706e-05,0.958973446606103
7942.51931623335,9.88037803133926e-12,1.99132188357591e-05,0.959042340206911
7945.97656154754,9.86641399769712e-12,1.98850752913660e-05,0.959111136439852
7949.43380686165,9.85246971673597e-12,1.98569715571358e-05,0.959179835442472
7952.89105217578,9.83854514871140e-12,1.98289075529664e-05,0.959248437352268
7956.34829748994,9.82464024140543e-12,1.98008831736161e-05,0.959316942306413
7959.80554280405,9.81075502084386e-12,1.97728984715381e-05,0.959385350441990
7963.26278811822,9.79688938068594e-12,1.97449532324099e-05,0.959453661895805
7966.72003343236,9.78304336686553e-12,1.97170475488081e-05,0.959521876804449
7970.17727874647,9.76921691057005e-12,1.96891812820457e-05,0.959589995304435
7973.63452406064,9.75540999088395e-12,1.96613543899688e-05,0.959658017531966
7977.09176937472,9.74162260770291e-12,1.96335668723672e-05,0.959725943623167
7980.54901468890,9.72785467640834e-12,1.96058185586979e-05,0.959793773713873
7984.00626000302,9.71410623812741e-12,1.95781095318500e-05,0.959861507939763
7987.46350531716,9.70037720100129e-12,1.95504396066882e-05,0.959929146436342
7990.92075063130,9.68666757931427e-12,1.95228088120017e-05,0.959996689338844
7994.37799594541,9.67297734287305e-12,1.94952170869379e-05,0.960064136782446
7997.83524125958,9.65930643279639e-12,1.94676643128257e-05,0.960131488902019
8001.29248657370,9.64565488087988e-12,1.94401505537470e-05,0.960198745832334
8004.74973188784,9.63202257769499e-12,1.94126755891560e-05,0.960265907707896
8008.20697720198,9.61840956923401e-12,1.93852395117472e-05,0.960332974662987
8011.66422251609,9.60481579377471e-12,1.93578421971235e-05,0.960399946831833
8015.12146783027,9.59124122210404e-12,1.93304835864082e-05,0.960466824348347
8018.57871314436,9.57768586144167e-12,1.93031636941519e-05,0.960533607346361
8022.03595845856,9.56414962259441e-12,1.92758823405920e-05,0.960600295959426
8025.49320377266,9.55063254739985e-12,1.92486396100492e-05,0.960666890320922
8028.95044908680,9.53713455201315e-12,1.92214353335401e-05,0.960733390564088
8032.40769440096,9.52365564073626e-12,1.91942695197349e-05,0.960799796821885
8035.86493971505,9.51019579230522e-12,1.91671421257775e-05,0.960866109227212
8039.32218502920,9.49675494172539e-12,1.91400530206759e-05,0.960932327912671
8042.77943034334,9.48333312461736e-12,1.91130022762208e-05,0.960998453010760
8046.23667565749,9.46993023320786e-12,1.90859896752026e-05,0.961064484653724
8049.69392097164,9.45654630907846e-12,1.90590153014262e-05,0.961130422973581
8053.15116628577,9.44318129865690e-12,1.90320790469203e-05,0.961196268102304
8056.60841159993,9.42983516502648e-12,1.90051808372818e-05,0.961262020171553
8060.06565691410,9.41650792217624e-12,1.89783207007048e-05,0.961327679312907
8063.52290222818,9.40319947682376e-12,1.89514984491850e-05,0.961393245657667
8066.98014754231,9.38990987132811e-12,1.89247141680941e-05,0.961458719336961
8070.43739285643,9.37663902946094e-12,1.88979677037991e-05,0.961524100481796
8073.89463817060,9.36338694618072e-12,1.88712590461393e-05,0.961589389222896
8077.35188348470,9.35015360855478e-12,1.88445881690497e-05,0.961654585690922
8080.80912879887,9.33693894600281e-12,1.88179549302806e-05,0.961719690016247
8084.26637411303,9.32374299532635e-12,1.87913594040029e-05,0.961784702329123
8087.72361942713,9.31056565729169e-12,1.87648013902179e-05,0.961849622759583
8091.18086474132,9.29740696244826e-12,1.87382809504959e-05,0.961914451437429
8094.63811005541,9.28426686716659e-12,1.87117979969048e-05,0.961979188492405
8098.09535536955,9.27114532739745e-12,1.86853524406664e-05,0.962043834053961
8101.55260068369,9.25804236336664e-12,1.86589443225443e-05,0.962108388251459
8105.00984599778,9.24495787816745e-12,1.86325734472298e-05,0.962172851213991
8108.46709131202,9.23189191450016e-12,1.86062399007823e-05,0.962237223070468
8111.92433662611,9.21884440336935e-12,1.85799435441464e-05,0.962301503949700
8115.38158194024,9.20581533100482e-12,1.85536843495691e-05,0.962365693980216
8118.83882725437,9.19280469222993e-12,1.85274623066173e-05,0.962429793290476
8122.29607256853,9.17981241138529e-12,1.85012772628048e-05,0.962493802008659
8125.75331788266,9.16683852625361e-12,1.84751292942799e-05,0.962557720262811
8129.21056319679,9.15388294573388e-12,1.84490182174350e-05,0.962621548180792
8132.66780851093,9.14094569000258e-12,1.84229440729342e-05,0.962685285890218
8136.12505382509,9.12802672475459e-12,1.83969067916380e-05,0.962748933518653
8139.58229913919,9.11512599935694e-12,1.83709062714991e-05,0.962812491193364
8143.03954445336,9.10224353976070e-12,1.83449425648202e-05,0.962875959041536
8146.49678976746,9.08937924588017e-12,1.83190154698854e-05,0.962939337190092
8149.95403508165,9.07653316058518e-12,1.82931250730958e-05,0.963002625765760
8153.41128039573,9.06370522174299e-12,1.82672712492273e-05,0.963065824895193
8156.86852570991,9.05089540744624e-12,1.82414539541271e-05,0.963128934704761
8160.32577102404,9.03810371972117e-12,1.82156731918790e-05,0.963191955320757
8163.78301633817,9.02533007831542e-12,1.81899288007397e-05,0.963254886869205
8167.24026165232,9.01257452180220e-12,1.81642208584511e-05,0.963317729475985
8170.69750696642,8.99983696681988e-12,1.81385491970034e-05,0.963380483266817
8174.15475228059,8.98711742380707e-12,1.81129138374350e-05,0.963443148367170
8177.61199759471,8.97441586718770e-12,1.80873147281992e-05,0.963505724902460
8181.06924290885,8.96173224027240e-12,1.80617517550422e-05,0.963568212997815
8184.52648822302,8.94906657424641e-12,1.80362249808159e-05,0.963630612778275
8187.98373353714,8.93641876627142e-12,1.80107341982568e-05,0.963692924368630
8191.44097885127,8.92378885922317e-12,1.79852794937780e-05,0.963755147893462
8194.89822416537,8.91117679747435e-12,1.79598607552664e-05,0.963817283477308
8198.35546947957,8.89858255154962e-12,1.79344779233165e-05,0.963879331244409
8201.81271479368,8.88600613014651e-12,1.79091310154577e-05,0.963941291318931
8205.26996010781,8.87344744888559e-12,1.78838198616290e-05,0.964003163824781
8208.72720542193,8.86090654694838e-12,1.78585445407980e-05,0.964064948885704
8212.18445073609,8.84838334833322e-12,1.78333048997887e-05,0.964126646625320
8215.64169605024,8.83587785435232e-12,1.78081009412457e-05,0.964188257166986
8219.09894136435,8.82339004758562e-12,1.77829326300601e-05,0.964249780634006
8222.55618667849,8.81091986579370e-12,1.77577998407927e-05,0.964311217149404
8226.01343199266,8.79846734254854e-12,1.77327026411054e-05,0.964372566836105
8229.47067730680,8.78603237979664e-12,1.77076408333782e-05,0.964433829816810
8232.92792262087,8.77361501313450e-12,1.76826144893535e-05,0.964495006213999
8236.38516793505,8.76121519547196e-12,1.76576235141241e-05,0.964556096150119
8239.84241324920,8.74883289031305e-12,1.76326678341351e-05,0.964617099747318
8243.29965856333,8.73646811251566e-12,1.76077474793315e-05,0.964678017127673
8246.75690387745,8.72412077402009e-12,1.75828622722350e-05,0.964738848413006
8250.21414919157,8.71179091444245e-12,1.75580122926892e-05,0.964799593724967
8253.67139450574,8.69947846477438e-12,1.75331974016125e-05,0.964860253185109
8257.12863981989,8.68718341779044e-12,1.75084175844424e-05,0.964920826914715
8260.58588513402,8.67490576367557e-12,1.74836728213976e-05,0.964981315035008
8264.04313044815,8.66264543512631e-12,1.74589629768324e-05,0.965041717666947
8267.50037576228,8.65040246675871e-12,1.74342881205131e-05,0.965102034931372
8270.95762107645,8.63817676836670e-12,1.74096480706357e-05,0.965162266948934
8274.41486639057,8.62596836544715e-12,1.73850428785873e-05,0.965222413840055
8277.87211170468,8.61377722000527e-12,1.73604724677920e-05,0.965282475725113
8281.32935701883,8.60160328905059e-12,1.73359367516055e-05,0.965342452724209
8284.78660233297,8.58944659311078e-12,1.73114357714000e-05,0.965402344957360
8288.24384764713,8.57730704087383e-12,1.72869693431423e-05,0.965462152544340
8291.70109296123,8.56518467222481e-12,1.72625375472181e-05,0.965521875604741
8295.15833827538,8.55307942479463e-12,1.72381402579268e-05,0.965581514258079
8298.61558358952,8.54099128338716e-12,1.72137774446416e-05,0.965641068623599
8302.07282890365,8.52892024526192e-12,1.71894491018393e-05,0.965700538820484
8305.53007421779,8.51686623851818e-12,1.71651550846089e-05,0.965759924967655
8308.98731953194,8.50482929863232e-12,1.71408954644507e-05,0.965819227183909
8312.44456484604,8.49280934287001e-12,1.71166700746193e-05,0.965878445587875
8315.90181016022,8.48080638723650e-12,1.70924789473721e-05,0.965937580297954
8319.35905547437,8.46882040226209e-12,1.70683220233151e-05,0.965996631432496
8322.81630078851,8.45685133896762e-12,1.70441992037341e-05,0.966055599109579
8326.27354610260,8.44489922307922e-12,1.70201105404784e-05,0.966114483447199
8329.73079141678,8.43296396044260e-12,1.69960558437865e-05,0.966173284563119
8333.18803673087,8.42104559105384e-12,1.69720351942678e-05,0.966232002574904
8336.64528204505,8.40914405884167e-12,1.69480484789143e-05,0.966290637600071
8340.10252735915,8.39725934118441e-12,1.69240956521339e-05,0.966349189755859
8343.55977267332,8.38539144190661e-12,1.69001767216345e-05,0.966407659159444
8347.01701798746,8.37354028495768e-12,1.68762915341414e-05,0.966466045927747
8350.47426330159,8.36170590649892e-12,1.68524401625353e-05,0.966524350177551
8353.93150861573,8.34988823090512e-12,1.68286224543987e-05,0.966582572025505
8357.38875392984,8.33808726527520e-12,1.68048384240391e-05,0.966640711588015
8360.84599924400,8.32630298811596e-12,1.67810880281384e-05,0.966698768981439
8364.30324455815,8.31453534494511e-12,1.67573711568912e-05,0.966756744321870
8367.76048987225,8.30278436623524e-12,1.67336878717131e-05,0.966814637725315
8371.21773518644,8.29104995538193e-12,1.67100379779044e-05,0.966872449307556
8374.67498050056,8.27933215234212e-12,1.66864215559957e-05,0.966930179184172
8378.13222581466,8.26763090701262e-12,1.66628385050073e-05,0.966987827470710
8381.58947112882,8.25594618987087e-12,1.66392887654387e-05,0.967045394282438
8385.04671644295,8.24427801081642e-12,1.66157723572416e-05,0.967102879734557
8388.50396175709,8.23262629007817e-12,1.65922891196430e-05,0.967160283942023
8391.96120707125,8.22099106433465e-12,1.65688391265659e-05,0.967217607019644
8395.41845238538,8.20937226471957e-12,1.65454222392151e-05,0.967274849082113
8398.87569769954,8.19776988998932e-12,1.65220384550840e-05,0.967332010243881
8402.33294301367,8.18618392609900e-12,1.64986877458663e-05,0.967389090619345
8405.79018832776,8.17461431352983e-12,1.64753699916058e-05,0.967446090322645
8409.24743364189,8.16306108390305e-12,1.64520852560332e-05,0.967503009467825
8412.70467895606,8.15152414803096e-12,1.64288333593966e-05,0.967559848168730
8416.16192427016,8.14000353619703e-12,1.64056143627303e-05,0.967616606538994
8419.61916958434,8.12849920711194e-12,1.63824281828187e-05,0.967673284692220
8423.07641489850,8.11701112485654e-12,1.63592747472690e-05,0.967729882741736
8426.53366021264,8.10553930493484e-12,1.63361540873286e-05,0.967786400800802
8429.99090552673,8.09408366426628e-12,1.63130660355543e-05,0.967842838982441
8433.44815084088,8.08264423988719e-12,1.62900106665904e-05,0.967899197399519
8436.90539615508,8.07122096935170e-12,1.62669878545814e-05,0.967955476164810
8440.36264146919,8.05981384361660e-12,1.62439975813014e-05,0.968011675390838
8443.81988678325,8.04842285557722e-12,1.62210398324314e-05,0.968067795190072
8447.27713209743,8.03704794112605e-12,1.61981144787673e-05,0.968123835674738
8450.73437741157,8.02568913280527e-12,1.61752215858954e-05,0.968179796956945
8454.19162272572,8.01434634863796e-12,1.61523609885970e-05,0.968235679148631
8457.64886803982,8.00301960966303e-12,1.61295327292745e-05,0.968291482361525
8461.10611335401,7.99170888290997e-12,1.61067367414782e-05,0.968347206707312
8464.56335866813,7.98041412654800e-12,1.60839729409011e-05,0.968402852297416
8468.02060398227,7.96913536123349e-12,1.60612413691745e-05,0.968458419243189
8471.47784929639,7.95787250097043e-12,1.60385418529795e-05,0.968513907655753
8474.93509461054,7.94662558300059e-12,1.60158744673743e-05,0.968569317646064
8478.39233992469,7.93539455097215e-12,1.59932390987858e-05,0.968624649325007
8481.84958523880,7.92417938856456e-12,1.59706357143209e-05,0.968679902803217
8485.30683055293,7.91298009512495e-12,1.59480643126638e-05,0.968735078191267
8488.76407586707,7.90179660238666e-12,1.59255247562279e-05,0.968790175599494
8492.22132118122,7.89062894364379e-12,1.59030171121150e-05,0.968845195138109
8495.67856649539,7.87947704378382e-12,1.58805412289412e-05,0.968900136917180
8499.13581180950,7.86834091516144e-12,1.58580971316063e-05,0.968955001046554
8502.59305712363,7.85722053259938e-12,1.58356847693674e-05,0.969009787636036
8506.05030243776,7.84611584882100e-12,1.58133040469417e-05,0.969064496795178
8509.50754775190,7.83502688920119e-12,1.57909550154704e-05,0.969119128633453
8512.96479306604,7.82395356520570e-12,1.57686374965190e-05,0.969173683260117
8516.42203838019,7.81289591413680e-12,1.57463515652676e-05,0.969228160784247
8519.87928369435,7.80185388542135e-12,1.57240971197895e-05,0.969282561314872
8523.33652900845,7.79082745596433e-12,1.57018741135383e-05,0.969336884960766
8526.79377432264,7.77981663109475e-12,1.56796825572543e-05,0.969391131830642
8530.25101963676,7.76882133879902e-12,1.56575223057989e-05,0.969445302032977
8533.70826495085,7.75784161296193e-12,1.56353934274648e-05,0.969499395676119
8537.16551026503,7.74687738500044e-12,1.56132957840275e-05,0.969553412868294
8540.62275557913,7.73592865912486e-12,1.55912293839726e-05,0.969607353717502
8544.08000089332,7.72499541744539e-12,1.55691941912445e-05,0.969661218331698
8547.53724620742,7.71407760768700e-12,1.55471901004864e-05,0.969715006818591
8550.99449152156,7.70317525864247e-12,1.55252171697282e-05,0.969768719285808
8554.45173683570,7.69228828225272e-12,1.55032752214928e-05,0.969822355840770
8557.90898214983,7.68141671309002e-12,1.54813643254585e-05,0.969875916590712
8561.36622746395,7.67056050694016e-12,1.54594843925144e-05,0.969929401642834
8564.82347277812,7.65971963441685e-12,1.54376353634344e-05,0.969982811104083
8568.28071809223,7.64889410637976e-12,1.54158172601057e-05,0.970036145081337
8571.73796340640,7.63808384746341e-12,1.53940299306341e-05,0.970089403681252
8575.19520872051,7.62728889198920e-12,1.53722734441921e-05,0.970142587010339
8578.65245403464,7.61650917758049e-12,1.53505476750640e-05,0.970195695175015
8582.10969934881,7.60574470082303e-12,1.53288526163685e-05,0.970248728281465
8585.56694466294,7.59499545062754e-12,1.53071882457559e-05,0.970301686435822
8589.02418997705,7.58426137015041e-12,1.52855544486619e-05,0.970354569743985
8592.48143529122,7.57354248915741e-12,1.52639512850774e-05,0.970407378311759
8595.93868060534,7.56283872654606e-12,1.52423785915459e-05,0.970460112244767
8599.39592591949,7.55215010789136e-12,1.52208364196120e-05,0.970512771648443
8602.85317123361,7.54147659708984e-12,1.51993246965117e-05,0.970565356628180
8606.31041654775,7.53081815892880e-12,1.51778433512762e-05,0.970617867289125
8609.76766186189,7.52017480936508e-12,1.51563924160655e-05,0.970670303736357
8613.22490717604,7.50954647005978e-12,1.51349717329928e-05,0.970722666074739
8616.68215249011,7.49893317562418e-12,1.51135813718149e-05,0.970774954408978
8620.13939780432,7.48833486957586e-12,1.50922212186954e-05,0.970827168843712
8623.59664311845,7.47775154137634e-12,1.50708912523946e-05,0.970879309483337
8627.05388843263,7.46718318626883e-12,1.50495914633255e-05,0.970931376432202
8630.51113374674,7.45662974325339e-12,1.50283217285471e-05,0.970983369794423
8633.96837906083,7.44609124290618e-12,1.50070821096834e-05,0.971035289674011
8637.42562437502,7.43556761075032e-12,1.49858724566315e-05,0.971087136174828
8640.88286968911,7.42505886389978e-12,1.49646928038833e-05,0.971138909400528
8644.34011500328,7.41456497385868e-12,1.49435430940074e-05,0.971190609454735
8647.79736031742,7.40408590003466e-12,1.49224232451928e-05,0.971242236440824
8651.25460563153,7.39362166306515e-12,1.49013332990326e-05,0.971293790462105
8654.71185094572,7.38317218200065e-12,1.48802730923788e-05,0.971345271621678
8658.16909625981,7.37273749160236e-12,1.48592426952902e-05,0.971396680022478
8661.62634157397,7.36231754098075e-12,1.48382420052025e-05,0.971448015767389
8665.08358688812,7.35191231295473e-12,1.48172709874883e-05,0.971499278959056
8668.54083220222,7.34152180864967e-12,1.47963296444157e-05,0.971550469700065
8671.99807751640,7.33114596330502e-12,1.47754178454645e-05,0.971601588092786
8675.45532283051,7.32078480815200e-12,1.47545356535788e-05,0.971652634239466
8678.91256814462,7.31043827501937e-12,1.47336829313643e-05,0.971703608242228
8682.36981345877,7.30010637307700e-12,1.47128596973023e-05,0.971754510202988
8685.82705877292,7.28978908095199e-12,1.46920659083171e-05,0.971805340223620
8689.28430408709,7.27948635310153e-12,1.46713014726203e-05,0.971856098405763
8692.74154940119,7.26919821444405e-12,1.46505664404334e-05,0.971906784850984
8696.19879471533,7.25892458176640e-12,1.46298606440459e-05,0.971957399660651
8699.65604002947,7.24866548984663e-12,1.46091841535506e-05,0.972007942935960
8703.11328534359,7.23842089309730e-12,1.45885368770692e-05,0.972058414778068
8706.57053065773,7.22819076815792e-12,1.45679187675203e-05,0.972108815287895
8710.02777597189,7.21797512160329e-12,1.45473298381549e-05,0.972159144566301
8713.48502128602,7.20777388529172e-12,1.45267699516381e-05,0.972209402713932
8716.94226660017,7.19758709096104e-12,1.45062391719353e-05,0.972259589831305
8720.39951191429,7.18741467643688e-12,1.44857373737384e-05,0.972309706018835
8723.85675722847,7.17725664344267e-12,1.44652645605208e-05,0.972359751376724
8727.31400254260,7.16711297726221e-12,1.44448207026231e-05,0.972409726005128
8730.77124785674,7.15698362781436e-12,1.44244056991102e-05,0.972459630003978
8734.22849317087,7.14686862224135e-12,1.44040196046853e-05,0.972509463473126
8737.68573848499,7.13676788041987e-12,1.43836622578655e-05,0.972559226512238
8741.14298379910,7.12668143199669e-12,1.43633337184018e-05,0.972608919220804
8744.60022911328,7.11660923807972e-12,1.43430339079099e-05,0.972658541698286
8748.05747442736,7.10655126957458e-12,1.43227627677520e-05,0.972708094043902
8751.51471974153,7.09650753808962e-12,1.43025203213240e-05,0.972757576356815
8754.97196505566,7.08647797246577e-12,1.42823064252097e-05,0.972806988735977
8758.42921036979,7.07646260480591e-12,1.42621211441103e-05,0.972856331280206
8761.88645568395,7.06646137863429e-12,1.42419643642027e-05,0.972905604088236
8765.34370099809,7.05647428870710e-12,1.42218360749184e-05,0.972954807258581
8768.80094631221,7.04650132651611e-12,1.42017362591098e-05,0.973003940889712
8772.25819162636,7.03654243783779e-12,1.41816648074929e-05,0.973053005079881
8775.71543694048,7.02659765067509e-12,1.41616217765059e-05,0.973101999927245
8779.17268225464,7.01666689129757e-12,1.41416070175500e-05,0.973150925529807
8782.62992756874,7.00675018111483e-12,1.41216205737750e-05,0.973199781985383
8786.08717288290,6.99684748865469e-12,1.41016623817507e-05,0.973248569391757
8789.54441819705,6.98695877951716e-12,1.40817323721464e-05,0.973297287846482
8793.00166351117,6.97708406994462e-12,1.40618305776974e-05,0.973345937447047
8796.45890882526,6.96722328610919e-12,1.40419568496089e-05,0.973394518290743
8799.91615413944,6.95737646034389e-12,1.40221112530457e-05,0.973443030474715
8803.37339945360,6.94754354158348e-12,1.40022936850893e-05,0.973491474096042
8806.83064476774,6.93772451807829e-12,1.39825041220592e-05,0.973539849251585
8810.28789008182,6.92791938709657e-12,1.39627425584497e-05,0.973588156038154
8813.74513539598,6.91812809065213e-12,1.39430088773936e-05,0.973636394552349
8817.20238071013,6.90835065745908e-12,1.39233031367623e-05,0.973684564890666
8820.65962602426,6.89858701987434e-12,1.39036252002257e-05,0.973732667149465
8824.11687133835,6.88883719156495e-12,1.38839750953289e-05,0.973780701424921
8827.57411665250,6.87910114801463e-12,1.38643527726610e-05,0.973828667813170
8831.03136196668,6.86937884992933e-12,1.38447581530275e-05,0.973876566410124
8834.48860728084,6.85967031780207e-12,1.38251912777308e-05,0.973924397311630
8837.94585259493,6.84997547546975e-12,1.38056519932692e-05,0.973972160613342
8841.40309790914,6.84029435536703e-12,1.37861403650128e-05,0.974019856410762
8844.86034322322,6.83062691156133e-12,1.37666563003875e-05,0.974067484799343
8848.31758853737,6.82097312624080e-12,1.37471997634947e-05,0.974115045874318
8851.77483385149,6.81133300203527e-12,1.37277707596347e-05,0.974162539730867
8855.23207916565,6.80170647756040e-12,1.37083691650917e-05,0.974209966463963
8858.68932447981,6.79209358209842e-12,1.36889950388819e-05,0.974257326168471
8862.14656979395,6.78249425379857e-12,1.36696482563494e-05,0.974304618939137
8865.60381510803,6.77290849906180e-12,1.36503288303949e-05,0.974351844870519
8869.06106042216,6.76333629988099e-12,1.36310367247262e-05,0.974399004057134
8872.51830573629,6.75377761246362e-12,1.36117718510826e-05,0.974446096593280
8875.97555105048,6.74423246118503e-12,1.35925342585909e-05,0.974493122573192
8879.43279636459,6.73470076786655e-12,1.35733237896874e-05,0.974540082090912
8882.89004167874,6.72518256492194e-12,1.35541405096997e-05,0.974586975240329
8886.34728699290,6.71567781128303e-12,1.35349843358579e-05,0.974633802115298
8889.80453230698,6.70618648350283e-12,1.35158552209060e-05,0.974680562809448
8893.26177762114,6.69670858917402e-12,1.34967531801467e-05,0.974727257416357
8896.71902293531,6.68724406386337e-12,1.34776780837193e-05,0.974773886029401
8900.17626824945,6.67779293728492e-12,1.34586299915102e-05,0.974820448741838
8903.63351356353,6.66835515309506e-12,1.34396087899630e-05,0.974866945646830
8907.09075887768,6.65893071088766e-12,1.34206144782589e-05,0.974913376837345
8910.54800419186,6.64951959873498e-12,1.34016470323586e-05,0.974959742406307
8914.00524950598,6.64012176872554e-12,1.33827063556997e-05,0.975006042446428
8917.46249482009,6.63073724642926e-12,1.33637924998167e-05,0.975052277050347
8920.91974013425,6.62136595896171e-12,1.33449053178159e-05,0.975098446310536
8924.37698544839,6.61200793159506e-12,1.33260448606318e-05,0.975144550319300
8927.83423076251,6.60266313020156e-12,1.33072110594821e-05,0.975190589168914
8931.29147607667,6.59333152610959e-12,1.32884038565813e-05,0.975236562951437
8934.74872139083,6.58401313149150e-12,1.32696232764619e-05,0.975282471758867
8938.20596670497,6.57470787920005e-12,1.32508691837932e-05,0.975328315683010
8941.66321201907,6.56541579925107e-12,1.32321416390700e-05,0.975374094815546
8945.12045733319,6.55613684053290e-12,1.32134405392804e-05,0.975419809248078
8948.57770264733,6.54687099627394e-12,1.31947658707767e-05,0.975465459072011
8952.03494796149,6.53761826021233e-12,1.31761176209385e-05,0.975511044378702
8955.49219327561,6.52837858068234e-12,1.31574956856371e-05,0.975556565259306
8958.94943858979,6.51915198401362e-12,1.31389001179381e-05,0.975602021804892
8962.40668390386,6.50993840319622e-12,1.31203307827876e-05,0.975647414106383
8965.86392921805,6.50073785596215e-12,1.31017877159232e-05,0.975692742254537
8969.32117453218,6.49155031497035e-12,1.30832708622409e-05,0.975738006340072
8972.77841984631,6.48237574671924e-12,1.30647801542205e-05,0.975783206453497
8976.23566516045,6.47321416759293e-12,1.30463156248832e-05,0.975828342685262
8979.69291047459,6.46406550805094e-12,1.30278771340749e-05,0.975873415125630
8983.15015578872,6.45492979828682e-12,1.30094647426486e-05,0.975918423864728
8986.60740110285,6.44580699215509e-12,1.29910783576013e-05,0.975963368992627
8990.06464641699,6.43669707694411e-12,1.29727179533135e-05,0.976008250599193
8993.52189173118,6.42760005166007e-12,1.29543835277823e-05,0.976053068774246
8996.97913704527,6.41851586123280e-12,1.29360749700176e-05,0.976097823607407
9000.43638235945,6.40944453261410e-12,1.29177923343389e-05,0.976142515188203
9003.89362767353,6.40038600438651e-12,1.28995354969635e-05,0.976187143606036
9007.35087298770,6.39134028719796e-12,1.28813044793515e-05,0.976231708950138
9010.80811830180,6.38230736006639e-12,1.28630992392152e-05,0.976276211309698
9014.26536361596,6.37328718503941e-12,1.28449197000640e-05,0.976320650773705
9017.72260893012,6.36427978235970e-12,1.28267659026957e-05,0.976365027431083
9021.17985424417,6.35528508040062e-12,1.28086377027518e-05,0.976409341370578
9024.63709955836,6.34630310941533e-12,1.27905351612054e-05,0.976453592680793
9028.09434487255,6.33733382796822e-12,1.27724581945459e-05,0.976497781450291
9031.55159018664,6.32837721781643e-12,1.27544067660061e-05,0.976541907767425
9035.00883550078,6.31943328285210e-12,1.27363808834303e-05,0.976585971720503
9038.46608081491,6.31050196493605e-12,1.27183804296430e-05,0.976629973397639
9041.92332612910,6.30158329151084e-12,1.27004054599528e-05,0.976673912886843
9045.38057144319,6.29267720647923e-12,1.26824558612996e-05,0.976717790276024
9048.83781675729,6.28378371384429e-12,1.26645316417513e-05,0.976761605652910
9052.29506207146,6.27490279857124e-12,1.26466327710064e-05,0.976805359105191
9055.75230738562,6.26603441862125e-12,1.26287591643384e-05,0.976849050720357
9059.20955269976,6.25717859726662e-12,1.26109108686512e-05,0.976892680585833
9062.66679801391,6.24833526255792e-12,1.25930877389355e-05,0.976936248788875
9066.12404332804,6.23950444322619e-12,1.25752898330969e-05,0.976979755416587
9069.58128864216,6.23068610278789e-12,1.25575170776053e-05,0.977023200556049
9073.03853395636,6.22188021786256e-12,1.25397694253389e-05,0.977066584294129
9076.49577927044,6.21308679686080e-12,1.25220468932488e-05,0.977109906717644
9079.95302458455,6.20430577889613e-12,1.25043493586224e-05,0.977153167913230
9083.41026989867,6.19553719177643e-12,1.24866768775046e-05,0.977196367967405
9086.86751521280,6.18678098446165e-12,1.24690293470278e-05,0.977239506966608
9090.32476052697,6.17803715473313e-12,1.24514067627204e-05,0.977282584997091
9093.78200584118,6.16930569310709e-12,1.24338091054684e-05,0.977325602145068
9097.23925115532,6.16058655380807e-12,1.24162362830146e-05,0.977368558496556
9100.69649646942,6.15187976090993e-12,1.23986883438783e-05,0.977411454137499
9104.15374178354,6.14318524813029e-12,1.23811651544718e-05,0.977454289153695
9107.61098709766,6.13450303686238e-12,1.23636667579116e-05,0.977497063630784
9111.06823241183,6.12583309723903e-12,1.23461930940027e-05,0.977539777654377
9114.52547772597,6.11717540112037e-12,1.23287441060311e-05,0.977582431309883
9117.98272304008,6.10852996108262e-12,1.23113198193431e-05,0.977625024682655
9121.43996835424,6.09989671380011e-12,1.22939201063104e-05,0.977667557857874
9124.89721366840,6.09127568732663e-12,1.22765450234734e-05,0.977710030920592
9128.35445898247,6.08266683542516e-12,1.22591944776446e-05,0.977752443955801
9131.81170429663,6.07407015006274e-12,1.22418684526342e-05,0.977794797048305
9135.26894961078,6.06548562692545e-12,1.22245669397476e-05,0.977837090282862
9138.72619492487,6.05691321683691e-12,1.22072898398733e-05,0.977879323744045
9142.18344023905,6.04835294454005e-12,1.21900372028790e-05,0.977921497516343
9145.64068555323,6.03980474915022e-12,1.21728089060559e-05,0.977963611684118
9149.09793086737,6.03126864515942e-12,1.21556049786116e-05,0.978005666331570
9152.55517618144,6.02274460890713e-12,1.21384253728599e-05,0.978047661542866
9156.01242149563,6.01423260785785e-12,1.21212700232279e-05,0.978089597401982
9159.46966680975,6.00573265841427e-12,1.21041389627739e-05,0.978131473992832
9162.92691212385,5.99724469510697e-12,1.20870320595489e-05,0.978173291399162
9166.38415743796,5.98876874612155e-12,1.20699493703591e-05,0.978215049704587
9169.84140275219,5.98030476977904e-12,1.20528908112033e-05,0.978256748992679
9173.29864806628,5.97185275262390e-12,1.20358563549629e-05,0.978298389346810
9176.75589338047,5.96341269514569e-12,1.20188460026245e-05,0.978339970850315
9180.21313869451,5.95498454508929e-12,1.20018596488715e-05,0.978381493586342
9183.67038400870,5.94656832774007e-12,1.19848973446648e-05,0.978422957637951
9187.12762932288,5.93816398735097e-12,1.19679589776501e-05,0.978464363088092
9190.58487463700,5.92977153193324e-12,1.19510445639736e-05,0.978505710019548
9194.04211995112,5.92139094363873e-12,1.19341540676635e-05,0.978546998515071
9197.49936526526,5.91302218588565e-12,1.19172874149917e-05,0.978588228657222
9200.95661057940,5.90466527857784e-12,1.19004446460731e-05,0.978629400528503
9204.41385589357,5.89632015438479e-12,1.18836256252076e-05,0.978670514211252
9207.87110120769,5.88798684151532e-12,1.18668304092482e-05,0.978711569787668
9211.32834652178,5.87966530261198e-12,1.18500589229036e-05,0.978752567339922
9214.78559183599,5.87135551917362e-12,1.18333111288859e-05,0.978793506949991
9218.24283715006,5.86305749614114e-12,1.18165870371532e-05,0.978834388699797
9221.70008246420,5.85477117848944e-12,1.17998865368062e-05,0.978875212671097
9225.15732777837,5.84649659192565e-12,1.17832096796558e-05,0.978915978945541
9228.61457309249,5.83823368558890e-12,1.17665563631955e-05,0.978956687604691
9232.07181840662,5.82998246141483e-12,1.17499265913265e-05,0.978997338729941
9235.52906372080,5.82174290698805e-12,1.17333203390263e-05,0.979037932402647
9238.98630903493,5.81351498201606e-12,1.17167375250882e-05,0.979078468703980
9242.44355434904,5.80529870844137e-12,1.17001781937359e-05,0.979118947715050
9245.90079966320,5.79709402079364e-12,1.16836422130184e-05,0.979159369516814
9249.35804497729,5.78890094375090e-12,1.16671296326725e-05,0.979199734190086
9252.81529029147,5.78071944519910e-12,1.16506403879746e-05,0.979240041815656
9256.27253560555,5.77254950195427e-12,1.16341744321990e-05,0.979280292474120
9259.72978091972,5.76439112306996e-12,1.16177317835925e-05,0.979320486246025
9263.18702623385,5.75624425104736e-12,1.16013123262703e-05,0.979360623211748
9266.64427154803,5.74810891190005e-12,1.15849161126609e-05,0.979400703451560
9270.10151686219,5.73998505941058e-12,1.15685430496163e-05,0.979440727045658
9273.55876217630,5.73187268982904e-12,1.15521931295786e-05,0.979480694074065
9277.01600749039,5.72377179580765e-12,1.15358663377391e-05,0.979520604616768
9280.47325280456,5.71568233366541e-12,1.15195625860617e-05,0.979560458753574
9283.93049811868,5.70760432605428e-12,1.15032819201998e-05,0.979600256564218
9287.38774343284,5.69953771271192e-12,1.14870242186989e-05,0.979639998128302
9290.84498874696,5.69148251159821e-12,1.14707895177558e-05,0.979679683525284
9294.30223406117,5.68343869665207e-12,1.14545777648463e-05,0.979719312834591
9297.75947937522,5.67540624035525e-12,1.14383889045092e-05,0.979758886135462
9301.21672468940,5.66738515554883e-12,1.14222229626248e-05,0.979798403507091
9304.67397000351,5.65937538254404e-12,1.14060798188945e-05,0.979837865028501
9308.13121531768,5.65137694755096e-12,1.13899595261430e-05,0.979877270778605
9311.58846063180,5.64338980876135e-12,1.13738620001086e-05,0.979916620836256
9315.04570594594,5.63541395711506e-12,1.13577872225313e-05,0.979955915280135
9318.50295126007,5.62744938998074e-12,1.13417351881076e-05,0.979995154188878
9321.96019657425,5.61949606059808e-12,1.13257058025955e-05,0.980034337640953
9325.41744188833,5.61155399220667e-12,1.13096991128327e-05,0.980073465714741
9328.87468720248,5.60362312950357e-12,1.12937150073600e-05,0.980112538488517
9332.33193251662,5.59570348413305e-12,1.12777535096456e-05,0.980151556040399
9335.78917783078,5.58779503570937e-12,1.12618145786034e-05,0.980190518448477
9339.24642314488,5.57989775271502e-12,1.12458981507121e-05,0.980229425790659
9342.70366845902,5.57201165146645e-12,1.12300042588564e-05,0.980268278144802
9346.16091377316,5.56413667035668e-12,1.12141327788716e-05,0.980307075588604
9349.61815908729,5.55627283568749e-12,1.11982837637672e-05,0.980345818199639
9353.07540440144,5.54842010983372e-12,1.11824571377123e-05,0.980384506055444
9356.53264971560,5.54057847878621e-12,1.11666528724724e-05,0.980423139233373
9359.98989502970,5.53274794429239e-12,1.11508709715692e-05,0.980461717810739
9363.44714034391,5.52492845680917e-12,1.11351113351521e-05,0.980500241864690
9366.90438565802,5.51712004004753e-12,1.11193740110091e-05,0.980538711472281
9370.36163097216,5.50932264342365e-12,1.11036588971918e-05,0.980577126710475
9373.81887628625,5.50153627265413e-12,1.10879660052216e-05,0.980615487656077
9377.27612160037,5.49376091266494e-12,1.10722953047180e-05,0.980653794385864
9380.73336691451,5.48599652826123e-12,1.10566467247481e-05,0.980692046976433
9384.19061222868,5.47824313893507e-12,1.10410203045969e-05,0.980730245504329
9387.64785754281,5.47050068142145e-12,1.10254159167581e-05,0.980768390045942
9391.10510285696,5.46276918201417e-12,1.10098336142250e-05,0.980806480677535
9394.56234817112,5.45504860705281e-12,1.09942733291574e-05,0.980844517475347
9398.01959348524,5.44733893792680e-12,1.09787350240469e-05,0.980882500515430
9401.47683879938,5.43964018043765e-12,1.09632187105862e-05,0.980920429873796
9404.93408411349,5.43195228254408e-12,1.09477242838896e-05,0.980958305626294
9408.39132942762,5.42427526831720e-12,1.09322517924707e-05,0.980996127848675
9411.84857474179,5.41660909166055e-12,1.09168011434253e-05,0.981033896616616
9415.30582005591,5.40895375273638e-12,1.09013723370805e-05,0.981071612005630
9418.76306537005,5.40130924143260e-12,1.08859653530561e-05,0.981109274091199
9422.22031068419,5.39367551918615e-12,1.08705801136307e-05,0.981146882948632
9425.67755599833,5.38605260667241e-12,1.08552166604744e-05,0.981184438653179
9429.13480131246,5.37844044433153e-12,1.08398748735481e-05,0.981221941279951
9432.59204662655,5.37083905324012e-12,1.08245547953305e-05,0.981259390903929
9436.04929194071,5.36324840519676e-12,1.08092563689836e-05,0.981296787600067
9439.50653725490,5.35566847732357e-12,1.07939795483984e-05,0.981334131443140
9442.96378256899,5.34809927916427e-12,1.07787243528098e-05,0.981371422507877
9446.42102788319,5.34054075645206e-12,1.07634906728468e-05,0.981408660868855
9449.87827319731,5.33299293351219e-12,1.07482785575352e-05,0.981445846600540
9453.33551851141,5.32545576851166e-12,1.07330879225634e-05,0.981482979777342
9456.79276382554,5.31792925641787e-12,1.07179187577887e-05,0.981520060473506
9460.25000913968,5.31041339174410e-12,1.07027710521530e-05,0.981557088763242
9463.70725445381,5.30290813285588e-12,1.06876447217448e-05,0.981594064720593
9467.16449976796,5.29541350105528e-12,1.06725398094969e-05,0.981630988419533
9470.62174508215,5.28792944156813e-12,1.06574562050159e-05,0.981667859933919
9474.07899039624,5.28045596932115e-12,1.06423939383856e-05,0.981704679337469
9477.53623571040,5.27299306164960e-12,1.06273529639266e-05,0.981741446703874
9480.99348102456,5.26554069172954e-12,1.06123332275771e-05,0.981778162106654
9484.45072633868,5.25809887254741e-12,1.05973347555106e-05,0.981814825619279
9487.90797165286,5.25066754787204e-12,1.05823574343969e-05,0.981851437315068
9491.36521696690,5.24324674218185e-12,1.05674013135706e-05,0.981887997267230
9494.82246228108,5.23583641769098e-12,1.05524663168769e-05,0.981924505548931
9498.27970759517,5.22843656451816e-12,1.05375524244007e-05,0.981960962233165
9501.73695290933,5.22104718147836e-12,1.05226596337539e-05,0.981997367392892
9505.19419822348,5.21366822415040e-12,1.05077878554084e-05,0.982033721100910
9508.65144353763,5.20629971435098e-12,1.04929371333344e-05,0.982070023429940
9512.10868885176,5.19894160186225e-12,1.04781073663213e-05,0.982106274452605
9515.56593416592,5.19159389583219e-12,1.04632985728062e-05,0.982142474241382
9519.02317948001,5.18425657878463e-12,1.04485107175671e-05,0.982178622868721
9522.48042479419,5.17692962025824e-12,1.04337437392112e-05,0.982214720406906
9525.93767010829,5.16961303639463e-12,1.04189976702709e-05,0.982250766928168
9529.39491542247,5.16230676924825e-12,1.04042723939609e-05,0.982286762504596
9532.85216073658,5.15501084335454e-12,1.03895679597308e-05,0.982322707208159
9536.30940605072,5.14772522476620e-12,1.03748842991620e-05,0.982358601110795
9539.76665136485,5.14044989908613e-12,1.03602213832382e-05,0.982394444284274
9543.22389667903,5.13318486911979e-12,1.03455792176137e-05,0.982430236800326
9546.68114199312,5.12593008793252e-12,1.03309577076948e-05,0.982465978730524
9550.13838730726,5.11868557774863e-12,1.03163568982731e-05,0.982501670146360
9553.59563262139,5.11145129268496e-12,1.03017766968743e-05,0.982537311119239
9557.05287793549,5.10422723646829e-12,1.02872171110095e-05,0.982572901720421
9560.51012324970,5.09701339647590e-12,1.02726781152384e-05,0.982608442021137
9563.96736856388,5.08980973890568e-12,1.02581596414352e-05,0.982643932092452
9567.42461387795,5.08261628256671e-12,1.02436617275083e-05,0.982679372005381
9570.88185919209,5.07543296867333e-12,1.02291842549793e-05,0.982714761830801
9574.33910450619,5.06825982109154e-12,1.02147272719484e-05,0.982750101639465
9577.79634982043,5.06109680972279e-12,1.02002907177542e-05,0.982785391502108
9581.25359513446,5.05394391597449e-12,1.01858745549245e-05,0.982820631489288
9584.71084044866,5.04680114634358e-12,1.01714787965534e-05,0.982855821671530
9588.16808576277,5.03966845164370e-12,1.01571033435094e-05,0.982890962119203
9591.62533107689,5.03254585440463e-12,1.01427482411994e-05,0.982926052902587
9595.08257639107,5.02543331286400e-12,1.01284134054545e-05,0.982961094091895
9598.53982170520,5.01833082567162e-12,1.01140988335534e-05,0.982996085757187
9601.99706701929,5.01123838473576e-12,1.00998045091877e-05,0.983031027968493
9605.45431233356,5.00415595319829e-12,1.00855303580725e-05,0.983065920795686
9608.91155764759,4.99708355052842e-12,1.00712764194465e-05,0.983100764308575
9612.36880296175,4.99002112255705e-12,1.00570425841358e-05,0.983135558576853
9615.82604827587,4.98296868716592e-12,1.00428288881798e-05,0.983170303670084
9619.28329359003,4.97592621965355e-12,1.00286352817942e-05,0.983204999657809
9622.74053890417,4.96889369753982e-12,1.00144617196720e-05,0.983239646609404
9626.19778421827,4.96187113072575e-12,1.00003082217680e-05,0.983274244594200
9629.65502953241,4.95485846802437e-12,9.98617468491836e-06,0.983308793681388
9633.11227484656,4.94785573217352e-12,9.97206115494969e-06,0.983343293940056
9636.56952016071,4.94086288532481e-12,9.95796755558116e-06,0.983377745439241
9640.02676547483,4.93387992138272e-12,9.94389387452767e-06,0.983412148247827
9643.48401078897,4.92690683647631e-12,9.92984010398760e-06,0.983446502434663
9646.94125610312,4.91994359096465e-12,9.91580616406738e-06,0.983480808068446
9650.39850141726,4.91299020486925e-12,9.90179209511900e-06,0.983515065217806
9653.85574673137,4.90604662841847e-12,9.88779779683116e-06,0.983549273951267
9657.31299204554,4.89911287386497e-12,9.87382329389824e-06,0.983583434337225
9660.77023735970,4.89218892157105e-12,9.85986854674182e-06,0.983617546444048
9664.22748267383,4.88527474546498e-12,9.84593350281612e-06,0.983651610339947
9667.68472798794,4.87837035857597e-12,9.83201818838064e-06,0.983685626093085
9671.14197330207,4.87147570795685e-12,9.81812249672399e-06,0.983719593771488
9674.59921861622,4.86459081646061e-12,9.80424647390480e-06,0.983753513443076
9678.05646393034,4.85771564995356e-12,9.79039005112897e-06,0.983787385175730
9681.51370924449,4.85085019791367e-12,9.77655320719010e-06,0.983821209037176
9684.97095455861,4.84399446039251e-12,9.76273594219212e-06,0.983854985095102
9688.42819987273,4.83714839522864e-12,9.74893817116153e-06,0.983888713417052
9691.88544518689,4.83031202289282e-12,9.73515993535575e-06,0.983922394070492
9695.34269050106,4.82348529779913e-12,9.72140114289954e-06,0.983956027122800
9698.79993581516,4.81666822691347e-12,9.70766180783214e-06,0.983989612641222
9702.25718112935,4.80986079534086e-12,9.69394190013379e-06,0.984023150692976
9705.71442644344,4.80306297370246e-12,9.68024136059344e-06,0.984056641345122
9709.17167175757,4.79627477789076e-12,9.66656022124133e-06,0.984090084664678
9712.62891707173,4.78949615342853e-12,9.65289837228234e-06,0.984123480718525
9716.08616238584,4.78272712319557e-12,9.63925585982915e-06,0.984156829573434
9719.54340769999,4.77596765658030e-12,9.62563262218622e-06,0.984190131296150
9723.00065301413,4.76921773894108e-12,9.61202862984435e-06,0.984223385953260
9726.45789832828,4.76247737396528e-12,9.59844389023517e-06,0.984256593611311
9729.91514364243,4.75574651722247e-12,9.58487831381222e-06,0.984289754336711
9733.37238895650,4.74902518953423e-12,9.57133194253998e-06,0.984322868195783
9736.82963427076,4.74231334929586e-12,9.55780469256701e-06,0.984355935254782
9740.28687958487,4.73561099851614e-12,9.54429656794189e-06,0.984388955579818
9743.74412489896,4.72891812673401e-12,9.53080754758109e-06,0.984421929236978
9747.20137021311,4.72223470153660e-12,9.51733756615867e-06,0.984454856292196
9750.65861552725,4.71556074066179e-12,9.50388665942415e-06,0.984487736811358
9754.11586084140,4.70889619061373e-12,9.49045471956032e-06,0.984520570860222
9757.57310615554,4.70224107192370e-12,9.47704178794656e-06,0.984553358504433
9761.03035146963,4.69559535808021e-12,9.46364781115078e-06,0.984586099809614
9764.48759678382,4.68895903061719e-12,9.45027275195590e-06,0.984618794841234
9767.94484209790,4.68233209658224e-12,9.43691662456590e-06,0.984651443664718
9771.40208741206,4.67571450951706e-12,9.42357933534724e-06,0.984684046345358
9774.85933272621,4.66910629050015e-12,9.41026092678221e-06,0.984716602948355
9778.31657804040,4.66250740171053e-12,9.39696132264522e-06,0.984749113538852
9781.77382335451,4.65591784051734e-12,9.38368051763397e-06,0.984781578181851
9785.23106866865,4.64933760059615e-12,9.37041849900202e-06,0.984813996942324
9788.68831398273,4.64276664676241e-12,9.35717519583731e-06,0.984846369885097
9792.14555929688,4.63620499733869e-12,9.34395064506773e-06,0.984878697074938
9795.60280461103,4.62965260307178e-12,9.33074474742684e-06,0.984910978576508
9799.06004992518,4.62310947901383e-12,9.31755753325120e-06,0.984943214454346
9802.51729523932,4.61657560359108e-12,9.30438895906042e-06,0.984975404772972
9805.97454055341,4.61005095479683e-12,9.29123898050146e-06,0.985007549596750
9809.43178586756,4.60353554277425e-12,9.27810761801724e-06,0.985039648990007
9812.88903118172,4.59702931926818e-12,9.26499477435277e-06,0.985071703016935
9816.34627649586,4.59053230552445e-12,9.25190049232759e-06,0.985103711741632
9819.80352181004,4.58404446731525e-12,9.23882470295789e-06,0.985135675228150
9823.26076712412,4.57756579767557e-12,9.22576739220618e-06,0.985167593540399
9826.71801243825,4.57109629413175e-12,9.21272855508698e-06,0.985199466742256
9830.17525775240,4.56463591897924e-12,9.19970811560935e-06,0.985231294897457
9833.63250306657,4.55818469102613e-12,9.18670611167974e-06,0.985263078069672
9837.08974838065,4.55174256505956e-12,9.17372245217470e-06,0.985294816322481
9840.54699369485,4.54530955098018e-12,9.16075715704836e-06,0.985326509719339
9844.00423900895,4.53888563184464e-12,9.14781019215253e-06,0.985358158323677
9847.46148432315,4.53247078237831e-12,9.13488150654796e-06,0.985389762198781
9850.91872963721,4.52606501556567e-12,9.12197112640398e-06,0.985421321407888
9854.37597495138,4.51966828157607e-12,9.10907895129033e-06,0.985452836014115
9857.83322026553,4.51328060173740e-12,9.09620502419191e-06,0.985484306080473
9861.29046557963,4.50690194523091e-12,9.08334928299567e-06,0.985515731669944
9864.74771089375,4.50053230105142e-12,9.07051170552144e-06,0.985547112845362
9868.20495620791,4.49417167030125e-12,9.05769229399083e-06,0.985578449669527
9871.66220152206,4.48782001299733e-12,9.04489096782078e-06,0.985609742205105
9875.11944683625,4.48147734833850e-12,9.03210776570517e-06,0.985640990514688
9878.57669215033,4.47514363495684e-12,9.01934260426986e-06,0.985672194660790
9882.03393746444,4.46881887791706e-12,9.00659549372241e-06,0.985703354705801
9885.49118277862,4.46250306461042e-12,8.99386640865077e-06,0.985734470712084
9888.94842809274,4.45619616675633e-12,8.98115529205736e-06,0.985765542741857
9892.40567340687,4.44989819993668e-12,8.96846217534641e-06,0.985796570857296
9895.86291872102,4.44360911295707e-12,8.95578695533915e-06,0.985827555120455
9899.32016403521,4.43732892714625e-12,8.94312967502220e-06,0.985858495593279
9902.77740934930,4.43105761491693e-12,8.93049027879529e-06,0.985889392337695
9906.23465466338,4.42479516150664e-12,8.91786873690568e-06,0.985920245415481
9909.69189997752,4.41854157132940e-12,8.90526505824950e-06,0.985951054888379
9913.14914529169,4.41229680235528e-12,8.89267915811835e-06,0.985981820818001
9916.60639060589,4.40606087408328e-12,8.88011107581111e-06,0.986012543265879
9920.06363591989,4.39983374880181e-12,8.86756073532270e-06,0.986043222293481
9923.52088123418,4.39361542704362e-12,8.85502813772680e-06,0.986073857962150
9926.97812654827,4.38740590024970e-12,8.84251326577337e-06,0.986104450333194
9930.43537186240,4.38120513738525e-12,8.83001605691388e-06,0.986134999467789
9933.89261717653,4.37501315516702e-12,8.81753654483977e-06,0.986165505427058
9937.34986249067,4.36882990492486e-12,8.80507463145974e-06,0.986195968272014
9940.80710780483,4.36265540422573e-12,8.79263035217880e-06,0.986226388063561
9944.26435311893,4.35648962977094e-12,8.78020366004003e-06,0.986256764862584
9947.72159843306,4.35033256331268e-12,8.76779451826623e-06,0.986287098729821
9951.17884374722,4.34418421232284e-12,8.75540294191648e-06,0.986317389725975
9954.63608906135,4.33804453294657e-12,8.74302884260436e-06,0.986347637911621
9958.09333437552,4.33191354489676e-12,8.73067226005984e-06,0.986377843347250
9961.55057968964,4.32579121393593e-12,8.71833312527965e-06,0.986408006093302
9965.00782500377,4.31967753635741e-12,8.70601143079324e-06,0.986438126210086
9968.46507031795,4.31357250737814e-12,8.69370716696069e-06,0.986468203757881
9971.92231563204,4.30747609345055e-12,8.68142026616921e-06,0.986498238796831
9975.37956094619,4.30138831180826e-12,8.66915076315195e-06,0.986528231387026
9978.83680626031,4.29530911767986e-12,8.65689856767522e-06,0.986558181588456
9982.29405157443,4.28923852361632e-12,8.64466370503465e-06,0.986588089461003
9985.75129688857,4.28317651083583e-12,8.63244613737679e-06,0.986617955064526
9989.20854220275,4.27712305786674e-12,8.62024582142704e-06,0.986647778458742
9992.66578751695,4.27107817499500e-12,8.60806277791597e-06,0.986677559703330
9996.12303283098,4.26504181675345e-12,8.59589691520772e-06,0.986707298857846
9999.58027814519,4.25901400298663e-12,8.58374827329754e-06,0.986736995981760
10003.0375234592,4.25299470275523e-12,8.57161678982941e-06,0.986766651134498
10006.4947687735,4.24698390839483e-12,8.55950244935624e-06,0.986796264375356
10009.9520140875,4.24098161863485e-12,8.54740524931722e-06,0.986825835763596
10013.4092594017,4.23498779764681e-12,8.53532511750258e-06,0.986855365358353
10016.8665047159,4.22900246308987e-12,8.52326208950307e-06,0.986884853218697
10020.3237500300,4.22302557390473e-12,8.51121608256658e-06,0.986914299403616
10023.7809953441,4.21705713792850e-12,8.49918711248823e-06,0.986943703971984
10027.2382406583,4.21109714061287e-12,8.48717514994689e-06,0.986973066982653
10030.6954859724,4.20514555751368e-12,8.47518014567706e-06,0.987002388494334
10034.1527312865,4.19920240149668e-12,8.46320212560878e-06,0.987031668565702
10037.6099766007,4.19326762568625e-12,8.45124099526746e-06,0.987060907255313
10041.0672219148,4.18734124998002e-12,8.43929679475544e-06,0.987090104621627
10044.5244672289,4.18142324656714e-12,8.42736946802180e-06,0.987119260723078
10047.9817125431,4.17551360409644e-12,8.41545899218912e-06,0.987148375617963
10051.4389578572,4.16961232455648e-12,8.40356537126515e-06,0.987177449364547
10054.8962031714,4.16371937006030e-12,8.39168852889137e-06,0.987206482020971
10058.3534484855,4.15783475860548e-12,8.37982850134065e-06,0.987235473645303
10061.8106937996,4.15195845266443e-12,8.36798521297873e-06,0.987264424295545
10065.2679391137,4.14609045565144e-12,8.35615867068685e-06,0.987293334029583
10068.7251844279,4.14023075697897e-12,8.34434885312660e-06,0.987322202905273
10072.1824297420,4.13437932947168e-12,8.33255570552793e-06,0.987351030980343
10075.6396750562,4.12853618833050e-12,8.32077925852726e-06,0.987379818312478
10079.0969203703,4.12270128552621e-12,8.30901941532505e-06,0.987408564959247
10082.5541656844,4.11687464087496e-12,8.29727621585935e-06,0.987437270978125
10086.0114109986,4.11105622955047e-12,8.28554961009451e-06,0.987465936426566
10089.4686563127,4.10524603677551e-12,8.27383956824807e-06,0.987494561361887
10092.9259016269,4.09944406755436e-12,8.26214610040577e-06,0.987523145841372
10096.3831469410,4.09365028215479e-12,8.25046912649009e-06,0.987551689922180
10099.8403922551,4.08786469882957e-12,8.23880868328819e-06,0.987580193661400
10103.2976375693,4.08208728340878e-12,8.22716470193299e-06,0.987608657116065
10106.7548828834,4.07631803516405e-12,8.21553718095650e-06,0.987637080343083
10110.2121281976,4.07055694720613e-12,8.20392610647390e-06,0.987665463399339
10113.6693735116,4.06480398986034e-12,8.19233141867794e-06,0.987693806341587
10117.1266188258,4.05905917887130e-12,8.18075314930080e-06,0.987722109226538
10120.5838641399,4.05332246997048e-12,8.16919120912232e-06,0.987750372110797
10124.0411094541,4.04759387809369e-12,8.15764562824460e-06,0.987778595050873
10127.4983547682,4.04187338281714e-12,8.14611636550489e-06,0.987806778103251
10130.9556000823,4.03616096618823e-12,8.13460338472100e-06,0.987834921324284
10134.4128453965,4.03045663599294e-12,8.12310670158500e-06,0.987863024770292
10137.8700907107,4.02476035085828e-12,8.11162623271249e-06,0.987891088497474
10141.3273360248,4.01907212921275e-12,8.10016201524485e-06,0.987919112561950
10144.7845813389,4.01339194007605e-12,8.08871398674342e-06,0.987947097019800
10148.2418266531,4.00771977884683e-12,8.07728213793451e-06,0.987975041926975
10151.6990719671,4.00205564208174e-12,8.06586646187828e-06,0.988002947339401
10155.1563172813,3.99639949782926e-12,8.05446689417864e-06,0.988030813312880
10158.6135625955,3.99075136228974e-12,8.04308346748628e-06,0.988058639903159
10162.0708079095,3.98511119477718e-12,8.03171609980140e-06,0.988086427165898
10165.5280532238,3.97947900563607e-12,8.02036481197258e-06,0.988114175156656
10168.9852985379,3.97385477857388e-12,8.00902957116334e-06,0.988141883930966
10172.4425438520,3.96823849270346e-12,7.99771033527711e-06,0.988169553544234
10175.8997891662,3.96263015836799e-12,7.98640712515985e-06,0.988197184051829
10179.3570344802,3.95702973274936e-12,7.97511985451460e-06,0.988224775509007
10182.8142797944,3.95143723437627e-12,7.96384856068468e-06,0.988252327970940
10186.2715251086,3.94585263529565e-12,7.95259318733260e-06,0.988279841492766
10189.7287704227,3.94027592729290e-12,7.94135371790241e-06,0.988307316129496
10193.1860157369,3.93470711012770e-12,7.93013015190976e-06,0.988334751936115
10196.6432610509,3.92914614978517e-12,7.91892242080003e-06,0.988362148967485
10200.1005063651,3.92359306283754e-12,7.90773055797339e-06,0.988389507278410
10203.5577516793,3.91804781200901e-12,7.89655448830304e-06,0.988416826923620
10207.0149969934,3.91251040333137e-12,7.88539422394562e-06,0.988444107957737
10210.4722423075,3.90698082438199e-12,7.87424973986422e-06,0.988471350435360
10213.9294876216,3.90145905157083e-12,7.86312098851469e-06,0.988498554410963
10217.3867329358,3.89594509758257e-12,7.85200799546219e-06,0.988525719938984
10220.8439782499,3.89043891834144e-12,7.84091067187500e-06,0.988552847073748
10224.3012235641,3.88494053240430e-12,7.82982905515319e-06,0.988579935869493
10227.7584688783,3.87944991468863e-12,7.81876309474471e-06,0.988606986380435
10231.2157141924,3.87396705361638e-12,7.80771276731479e-06,0.988633998660660
10234.6729595065,3.86849195191684e-12,7.79667807836410e-06,0.988660972764226
10238.1302048206,3.86302457371660e-12,7.78565895559230e-06,0.988687908745072
10241.5874501347,3.85756493587956e-12,7.77465543298738e-06,0.988714806657075
10245.0446954488,3.85211300437379e-12,7.76366744196034e-06,0.988741666554049
10248.5019407631,3.84666878118659e-12,7.75269498651649e-06,0.988768488489699
10251.9591860772,3.84123225751394e-12,7.74173804891189e-06,0.988795272517703
10255.4164313913,3.83580340728519e-12,7.73079657660296e-06,0.988822018691619
10258.8736767054,3.83038224483845e-12,7.71987059848717e-06,0.988848727064964
10262.3309220196,3.82496872646317e-12,7.70896002646892e-06,0.988875397691155
10265.7881673337,3.81956286923222e-12,7.69806489495742e-06,0.988902030623512
10269.2454126480,3.81416465126378e-12,7.68718515985136e-06,0.988928625915342
10272.7026579620,3.80877405785649e-12,7.67632079152117e-06,0.988955183619821
10276.1599032761,3.80339109448503e-12,7.66547180100071e-06,0.988981703790096
10279.6171485902,3.79801572361375e-12,7.65463811263941e-06,0.989008186479201
10283.0743939044,3.79264796232171e-12,7.64381976085901e-06,0.989034631740100
10286.5316392185,3.78728777966015e-12,7.63301668328437e-06,0.989061039625706
10289.9888845327,3.78193517383031e-12,7.62222887629023e-06,0.989087410188819
10293.4461298469,3.77659013940483e-12,7.61145632893813e-06,0.989113743482216
10296.9033751610,3.77125264804590e-12,7.60069898411518e-06,0.989140039558553
10300.3606204751,3.76592271457350e-12,7.58995687169000e-06,0.989166298470441
10303.8178657893,3.76060029873324e-12,7.57922991053265e-06,0.989192520270402
10307.2751111033,3.75528541312944e-12,7.56851812604628e-06,0.989218705010861
10310.7323564175,3.74997803990825e-12,7.55782148224771e-06,0.989244852744227
10314.1896017317,3.74467816147602e-12,7.54713994367811e-06,0.989270963522782
10317.6468470458,3.73938578583733e-12,7.53647352647019e-06,0.989297037398777
10321.1040923599,3.73410087398238e-12,7.52582215200237e-06,0.989323074424354
10324.5613376741,3.72882344313249e-12,7.51518585498306e-06,0.989349074651580
10328.0185829882,3.72355346526699e-12,7.50456457893851e-06,0.989375038132484
10331.4758283024,3.71829093504965e-12,7.49395831311394e-06,0.989400964918978
10334.9330736165,3.71303585019707e-12,7.48336705290729e-06,0.989426855062948
10338.3903189306,3.70778818030935e-12,7.47279073704969e-06,0.989452708616166
10341.8475642447,3.70254794060739e-12,7.46222939621780e-06,0.989478525630352
10345.3048095590,3.69731509412849e-12,7.45168295591583e-06,0.989504306157150
10348.7620548730,3.69208964927496e-12,7.44115143307811e-06,0.989530050248102
10352.2193001872,3.68687159197086e-12,7.43063479933549e-06,0.989555757954735
10355.6765455013,3.68166090195218e-12,7.42013301384731e-06,0.989581429328451
10359.1337908154,3.67645758954648e-12,7.40964609742804e-06,0.989607064420622
10362.5910361296,3.67126161445004e-12,7.39917396884831e-06,0.989632663282514
10366.0482814437,3.66607299395696e-12,7.38871666296317e-06,0.989658225965310
10369.5055267579,3.66089170282482e-12,7.37827412889829e-06,0.989683752520169
10372.9627720720,3.65571773241929e-12,7.36784634925179e-06,0.989709242998132
10376.4200173861,3.65055108337722e-12,7.35743332530716e-06,0.989734697450209
10379.8772627003,3.64539172343318e-12,7.34703499203567e-06,0.989760115927303
10383.3345080144,3.64023966813182e-12,7.33665138076650e-06,0.989785498480256
10386.7917533286,3.63509488364313e-12,7.32628242331758e-06,0.989810845159849
10390.2489986426,3.62995737442429e-12,7.31592812867209e-06,0.989836156016758
10393.7062439568,3.62482712993642e-12,7.30558847558960e-06,0.989861431101641
10397.1634892709,3.61970412745849e-12,7.29526341827745e-06,0.989886670465037
10400.6207345851,3.61458837944243e-12,7.28495298183168e-06,0.989911874157452
10404.0779798992,3.60947984446307e-12,7.27465708276268e-06,0.989937042229287
10407.5352252134,3.60437853982105e-12,7.26437575593873e-06,0.989962174730864
10410.9924705275,3.59928444290779e-12,7.25410895579378e-06,0.989987271712483
10414.4497158417,3.59419754202103e-12,7.24385665874274e-06,0.990012333224326
10417.9069611557,3.58911784050278e-12,7.23361887152120e-06,0.990037359316544
10421.3642064700,3.58404530441063e-12,7.22339552572057e-06,0.990062350039186
10424.8214517840,3.57897994953932e-12,7.21318665317408e-06,0.990087305442230
10428.2786970982,3.57392174503799e-12,7.20299219170392e-06,0.990112225575610
10431.7359424124,3.56887069166605e-12,7.19281214284066e-06,0.990137110489150
10435.1931877265,3.56382678218992e-12,7.18264649200550e-06,0.990161960232652
10438.6504330407,3.55878999163638e-12,7.17249518886666e-06,0.990186774855807
10442.1076783547,3.55376033352083e-12,7.16235826066348e-06,0.990211554408265
10445.5649236689,3.54873776807275e-12,7.15223562724122e-06,0.990236298939587
10449.0221689831,3.54372230992528e-12,7.14212731809198e-06,0.990261008499243
10452.4794142971,3.53871393983462e-12,7.13203329443121e-06,0.990285683136687
10455.9366596113,3.53371264325194e-12,7.12195352693672e-06,0.990310322901261
10459.3939049254,3.52871842601778e-12,7.11188802737976e-06,0.990334927842268
10462.8511502396,3.52373125269352e-12,7.10183672433620e-06,0.990359498008916
10466.3083955537,3.51875113925361e-12,7.09179965000147e-06,0.990384033450339
10469.7656408679,3.51377805767813e-12,7.08177674790335e-06,0.990408534215632
10473.2228861820,3.50881200526684e-12,7.07176801259966e-06,0.990433000353783
10476.6801314961,3.50385297786853e-12,7.06177343572399e-06,0.990457431913755
10480.1373768103,3.49890094845449e-12,7.05179296280178e-06,0.990481828944403
10483.5946221244,3.49395593096621e-12,7.04182662193118e-06,0.990506191494538
10487.0518674385,3.48901788880928e-12,7.03187433935867e-06,0.990530519612888
10490.5091127527,3.48408683252589e-12,7.02193613633130e-06,0.990554813348095
10493.9663580668,3.47916274655701e-12,7.01201198149093e-06,0.990579072748779
10497.4236033809,3.47424561372011e-12,7.00210184020734e-06,0.990603297863450
10500.8808486950,3.46933544215577e-12,6.99220572888735e-06,0.990627488740584
10504.3380940092,3.46443219510229e-12,6.98232357344026e-06,0.990651645428558
10507.7953393234,3.45953588864682e-12,6.97245540628861e-06,0.990675767975677
10511.2525846375,3.45464649745727e-12,6.96260117637733e-06,0.990699856430213
10514.7098299516,3.44976401560296e-12,6.95276087175354e-06,0.990723910840331
10518.1670752657,3.44488844180060e-12,6.94293448983087e-06,0.990747931254168
10521.6243205799,3.44001974715473e-12,6.93312197237252e-06,0.990771917719760
10525.0815658940,3.43515794595859e-12,6.92332334818552e-06,0.990795870285087
10528.5388112082,3.43030300464209e-12,6.91353854961165e-06,0.990819788998067
10531.9960565223,3.42545492990220e-12,6.90376759014823e-06,0.990843673906519
10535.4533018364,3.42061370963413e-12,6.89401044539886e-06,0.990867525058248
10538.9105471506,3.41577932422617e-12,6.88426707583752e-06,0.990891342500948
10542.3677924647,3.41095178392835e-12,6.87453750212244e-06,0.990915126282275
10545.8250377789,3.40613105082174e-12,6.86482164783060e-06,0.990938876449795
10549.2822830930,3.40131714104232e-12,6.85511954548298e-06,0.990962593050996
10552.7395284071,3.39651003180763e-12,6.84543114916311e-06,0.990986276133340
10556.1967737213,3.39170971417716e-12,6.83575644085200e-06,0.991009925744185
10559.6540190354,3.38691618952939e-12,6.82609542332789e-06,0.991033541930855
10563.1112643496,3.38212942728312e-12,6.81644803495647e-06,0.991057124740577
10566.5685096637,3.37734944201241e-12,6.80681430511077e-06,0.991080674220521
10570.0257549778,3.37257620302468e-12,6.79719417193199e-06,0.991104190417801
10573.4830002919,3.36780971340861e-12,6.78758764164519e-06,0.991127673379435
10576.9402456061,3.36304996429161e-12,6.77799469636825e-06,0.991151123152421
10580.3974909202,3.35829693382931e-12,6.76841529207536e-06,0.991174539783649
10583.8547362344,3.35355063419825e-12,6.75884945330749e-06,0.991197923319976
10587.3119815485,3.34881102648100e-12,6.74929710162924e-06,0.991221273808166
10590.7692268626,3.34407812680157e-12,6.73975826953748e-06,0.991244591294903
10594.2264721768,3.33935191479383e-12,6.73023291598564e-06,0.991267875826857
10597.6837174909,3.33463237871961e-12,6.72072101731627e-06,0.991291127450586
10601.1409628051,3.32991952242095e-12,6.71122258127273e-06,0.991314346212618
10604.5982081192,3.32521331380459e-12,6.70173754317326e-06,0.991337532159388
10608.0554534334,3.32051376765759e-12,6.69226593282018e-06,0.991360685337265
10611.5126987474,3.31582085602325e-12,6.68280769386869e-06,0.991383805792576
10614.9699440616,3.31113457860997e-12,6.67336282573109e-06,0.991406893571548
10618.4271893757,3.30645492956378e-12,6.66393131660909e-06,0.991429948720386
10621.8844346899,3.30178188499633e-12,6.65451311835738e-06,0.991452971285194
10625.3416800041,3.29711545763934e-12,6.64510825663589e-06,0.991475961312033
10628.7989253181,3.29245561131628e-12,6.63571665853328e-06,0.991498918846886
10632.2561706323,3.28780235849377e-12,6.62633834917519e-06,0.991521843935651
10635.7134159465,3.28315568228928e-12,6.61697329453606e-06,0.991544736624214
10639.1706612606,3.27851556837099e-12,6.60762146573105e-06,0.991567596958347
10642.6279065747,3.27388202285412e-12,6.59828287508501e-06,0.991590424983797
10646.0851518889,3.26925501229970e-12,6.58895745520398e-06,0.991613220746216
10649.5423972030,3.26463455164318e-12,6.57964523618933e-06,0.991635984291191
10652.9996425171,3.26002061552695e-12,6.57034616693458e-06,0.991658715664270
10656.4568878313,3.25541320049869e-12,6.56106024048175e-06,0.991681414910906
10659.9141331454,3.25081230351754e-12,6.55178745070229e-06,0.991704082076523
10663.3713784595,3.24621789883231e-12,6.54252774569637e-06,0.991726717206450
10666.8286237736,3.24162999955077e-12,6.53328115188185e-06,0.991749320345970
10670.2858690879,3.23704857241495e-12,6.52404760222957e-06,0.991771891540296
10673.7431144019,3.23247362614669e-12,6.51482711431780e-06,0.991794430834553
10677.2003597161,3.22790514723376e-12,6.50561966091357e-06,0.991816938273854
10680.6576050302,3.22334311894682e-12,6.49642520830006e-06,0.991839413903203
10684.1148503444,3.21878754949143e-12,6.48724377301500e-06,0.991861857767576
10687.5720956585,3.21423840424231e-12,6.47807528527353e-06,0.991884269911857
10691.0293409726,3.20969569822167e-12,6.46891977535188e-06,0.991906650380859
10694.4865862867,3.20515940853897e-12,6.45977719711576e-06,0.991928999219372
10697.9438316010,3.20062952879241e-12,6.45064753766278e-06,0.991951316472081
10701.4010769151,3.19610605855666e-12,6.44153079613569e-06,0.991973602183648
10704.8583222292,3.19158897039151e-12,6.43242691723068e-06,0.991995856398637
10708.3155675433,3.18707827771244e-12,6.42333592798570e-06,0.992018079161565
10711.7728128574,3.18257395003984e-12,6.41425776697122e-06,0.992040270516888
10715.2300581716,3.17807599257745e-12,6.40519244467501e-06,0.992062430508976
10718.6873034857,3.17358439497079e-12,6.39613994022834e-06,0.992084559182177
10722.1445487999,3.16909913828144e-12,6.38710021546210e-06,0.992106656580741
10725.6017941140,3.16462023262974e-12,6.37807329077319e-06,0.992128722748885
10729.0590394282,3.16014764235673e-12,6.36905909429339e-06,0.992150757730739
10732.5162847423,3.15568138251271e-12,6.36005765635556e-06,0.992172761570358
10735.9735300564,3.15122143254670e-12,6.35106893554064e-06,0.992194734311782
10739.4307753706,3.14676778331080e-12,6.34209291341164e-06,0.992216675998944
10742.8880206847,3.14232043680517e-12,6.33312959399975e-06,0.992238586675753
10746.3452659989,3.13787936406731e-12,6.32417891893307e-06,0.992260466386026
10749.8025113129,3.13344457875512e-12,6.31524091573813e-06,0.992282315173525
10753.2597566271,3.12901605303198e-12,6.30631552831217e-06,0.992304133081961
10756.7170019413,3.12459378880189e-12,6.29740276049256e-06,0.992325920154959
10760.1742472554,3.12017777866353e-12,6.28850259736244e-06,0.992347676436120
10763.6314925695,3.11576800165034e-12,6.27961499666518e-06,0.992369401968950
10767.0887378836,3.11136446935162e-12,6.27073998175820e-06,0.992391096796920
10770.5459831978,3.10696714605302e-12,6.26187748066169e-06,0.992412760963418
10774.0032285120,3.10257604594479e-12,6.25302752197513e-06,0.992434394511757
10777.4604738261,3.09819115097000e-12,6.24419006930604e-06,0.992455997485235
10780.9177191403,3.09381244943015e-12,6.23536509907686e-06,0.992477569927050
10784.3749644544,3.08943994556830e-12,6.22655261983922e-06,0.992499111880369
10787.8322097684,3.08507360905956e-12,6.21775257047540e-06,0.992520623388272
10791.2894550826,3.08071345374188e-12,6.20896497887479e-06,0.992542104493781
10794.7467003967,3.07635945429096e-12,6.20018979399807e-06,0.992563555239876
10798.2039457109,3.07201160952127e-12,6.19142701345586e-06,0.992584975669448
10801.6611910251,3.06766991478774e-12,6.18267662788634e-06,0.992606365825363
10805.1184363391,3.06333434726954e-12,6.17393859129572e-06,0.992627725750395
10808.5756816533,3.05900491895289e-12,6.16521292784136e-06,0.992649055487280
10812.0329269674,3.05468159693898e-12,6.15649957121801e-06,0.992670355078680
10815.4901722816,3.05036439177367e-12,6.14779854268015e-06,0.992691624567179
10818.9474175957,3.04605328868586e-12,6.13910981245760e-06,0.992712863995347
10822.4046629099,3.04174827361439e-12,6.13043335221110e-06,0.992734073405653
10825.8619082239,3.03744935286995e-12,6.12176917465938e-06,0.992755252840540
10829.3191535381,3.03315649491829e-12,6.11311721624735e-06,0.992776402342362
10832.7763988523,3.02886971371809e-12,6.10447750510777e-06,0.992797521953413
10836.2336441664,3.02458898633110e-12,6.09584999501019e-06,0.992818611715952
10839.6908894806,3.02031430868471e-12,6.08723467774652e-06,0.992839671672151
10843.1481347947,3.01604567870063e-12,6.07863154912814e-06,0.992860701864153
10846.6053801089,3.01178307187067e-12,6.07004055976047e-06,0.992881702334015
10850.0626254229,3.00752650051212e-12,6.06146173446815e-06,0.992902673123744
10853.5198707371,3.00327593440779e-12,6.05289501235056e-06,0.992923614275293
10856.9771160513,2.99903138067622e-12,6.04434040775457e-06,0.992944525830528
10860.4343613654,2.99479282762849e-12,6.03579789712201e-06,0.992965407831302
10863.8916066795,2.99056025902152e-12,6.02726744771607e-06,0.992986260319371
10867.3488519937,2.98633368306511e-12,6.01874907608302e-06,0.993007083336462
10870.8060973077,2.98211306716246e-12,6.01024271652628e-06,0.993027876924215
10874.2633426220,2.97789842533630e-12,6.00174839730766e-06,0.993048641124212
10877.7205879361,2.97368973691266e-12,5.99326607676025e-06,0.993069375978004
10881.1778332502,2.96948699512650e-12,5.98479574124955e-06,0.993090081527050
10884.6350785644,2.96529020028431e-12,5.97633739139328e-06,0.993110757812787
10888.0923238785,2.96109932635057e-12,5.96789097471864e-06,0.993131404876562
10891.5495691927,2.95691438591074e-12,5.95945651659076e-06,0.993152022759675
10895.0068145067,2.95273535130000e-12,5.95103396125312e-06,0.993172611503371
10898.4640598209,2.94856222641846e-12,5.94262331656608e-06,0.993193171148817
10901.9213051351,2.94439500246346e-12,5.93422456478853e-06,0.993213701737159
10905.3785504491,2.94023366118365e-12,5.92583766913614e-06,0.993234203309451
10908.8357957634,2.93607821252625e-12,5.91746264965681e-06,0.993254675906717
10912.2930410774,2.93192862297233e-12,5.90909943879549e-06,0.993275119569898
10915.7502863916,2.92778490655477e-12,5.90074806483444e-06,0.993295534339869
10919.2075317057,2.92364704474626e-12,5.89240849043316e-06,0.993315920257489
10922.6647770198,2.91951502827678e-12,5.88408069690859e-06,0.993336277363519
10926.1220223341,2.91538885966250e-12,5.87576468933189e-06,0.993356605698698
10929.5792676481,2.91126851149404e-12,5.86746041246133e-06,0.993376905303675
10933.0365129623,2.90715399656506e-12,5.85916789208164e-06,0.993397176219053
10936.4937582764,2.90304528963816e-12,5.85088707732862e-06,0.993417418485389
10939.9510035905,2.89894239159635e-12,5.84261796998190e-06,0.993437632143154
10943.4082489046,2.89484529633463e-12,5.83436055773726e-06,0.993457817232803
10946.8654942188,2.89075398376011e-12,5.82611480009889e-06,0.993477973794699
10950.3227395330,2.88666846479920e-12,5.81788071908821e-06,0.993498101869173
10953.7799848471,2.88258870695442e-12,5.80965824920878e-06,0.993518201496479
10957.2372301612,2.87851472240836e-12,5.80144741501380e-06,0.993538272716804
10960.6944754754,2.87444649526996e-12,5.79324818447588e-06,0.993558315570319
10964.1517207895,2.87038401394439e-12,5.78506053422652e-06,0.993578330097100
10967.6089661036,2.86632728298931e-12,5.77688447345129e-06,0.993598316337200
10971.0662114177,2.86227627376864e-12,5.76871994443622e-06,0.993618274330587
10974.5234567319,2.85823099922696e-12,5.76056697327017e-06,0.993638204117173
10977.9807020461,2.85419143643365e-12,5.75242551373807e-06,0.993658105736836
10981.4379473602,2.85015758344847e-12,5.74429556192951e-06,0.993677979229370
10984.8951926744,2.84612943668257e-12,5.73617711061139e-06,0.993697824634546
10988.3524379884,2.84210697436164e-12,5.72807011589913e-06,0.993717641992047
10991.8096833026,2.83809020776338e-12,5.71997460052212e-06,0.993737431341523
10995.2669286167,2.83407910697768e-12,5.71189050419863e-06,0.993757192722556
10998.7241739309,2.83007368085060e-12,5.70381784475726e-06,0.993776926174654
11002.1814192451,2.82607391649705e-12,5.69575659622900e-06,0.993796631737314
11005.6386645591,2.82207980017067e-12,5.68770673090903e-06,0.993816309449937
11009.0959098733,2.81809133830897e-12,5.67966826177169e-06,0.993835959351901
11012.5531551875,2.81410850119020e-12,5.67164112891486e-06,0.993855581482501
11016.0104005016,2.81013130185523e-12,5.66362535862152e-06,0.993875175880976
11019.4676458157,2.80615971956380e-12,5.65562090909108e-06,0.993894742586534
11022.9248911298,2.80219374973896e-12,5.64762777109903e-06,0.993914281638301
11026.3821364440,2.79823339113348e-12,5.63964594213169e-06,0.993933793075379
11029.8393817581,2.79427862044529e-12,5.63167537522529e-06,0.993953276936783
11033.2966270723,2.79032944924279e-12,5.62371609369520e-06,0.993972733261491
11036.7538723864,2.78638585007976e-12,5.61576804222541e-06,0.993992162088422
11040.2111177005,2.78244782866575e-12,5.60783123232316e-06,0.994011563456422
11043.6683630147,2.77851537493398e-12,5.59990564369954e-06,0.994030937404320
11047.1256083287,2.77458847315302e-12,5.59199124464894e-06,0.994050283970856
11050.5828536429,2.77066713148514e-12,5.58408805162185e-06,0.994069603194745
11054.0400989571,2.76675131925790e-12,5.57619600280010e-06,0.994088895114622
11057.4973442712,2.76284104955649e-12,5.56831512455596e-06,0.994108159769058
11060.9545895853,2.75893630371853e-12,5.56044537927671e-06,0.994127397196610
11064.4118348994,2.75503707470990e-12,5.55258675278557e-06,0.994146607435742
11067.8690802136,2.75114336345719e-12,5.54473924695000e-06,0.994165790524898
11071.3263255278,2.74725514527797e-12,5.53690281202430e-06,0.994184946502439
11074.7835708419,2.74337243197352e-12,5.52907747179312e-06,0.994204075406680
11078.2408161561,2.73949519844214e-12,5.52126317566569e-06,0.994223177275892
11081.6980614701,2.73562344744962e-12,5.51345992921631e-06,0.994242252148265
11085.1553067843,2.73175717156681e-12,5.50566771747202e-06,0.994261300061977
11088.6125520984,2.72789635323719e-12,5.49788650504887e-06,0.994280321055114
11092.0697974126,2.72404100219879e-12,5.49011631157320e-06,0.994299315165739
11095.5270427267,2.72019108695788e-12,5.48235707357156e-06,0.994318282431836
11098.9842880409,2.71634662059425e-12,5.47460881740536e-06,0.994337222891328
11102.4415333550,2.71250758641506e-12,5.46687150943135e-06,0.994356136582123
11105.8987786692,2.70867397510169e-12,5.45914513086847e-06,0.994375023542039
11109.3560239833,2.70484578959323e-12,5.45142968764028e-06,0.994393883808872
11112.8132692974,2.70102300396821e-12,5.44372512750385e-06,0.994412717420338
11116.2705146115,2.69720563020564e-12,5.43603147460203e-06,0.994431524414103
11119.7277599256,2.69339364543305e-12,5.42834868283693e-06,0.994450304827798
11123.1850052398,2.68958704965807e-12,5.42067675222395e-06,0.994469058698973
11126.6422505540,2.68578583791531e-12,5.41301567275569e-06,0.994487786065158
11130.0994958681,2.68198999097678e-12,5.40536540567944e-06,0.994506486963803
11133.5567411822,2.67819951913730e-12,5.39772597174373e-06,0.994525161432325
11137.0139864963,2.67441439283384e-12,5.39009731136629e-06,0.994543809508072
11140.4712318105,2.67063462246534e-12,5.38247944550546e-06,0.994562431228329
11143.9284771246,2.66686019407990e-12,5.37487234604220e-06,0.994581026630366
11147.3857224388,2.66309109624050e-12,5.36727598992592e-06,0.994599595751365
11150.8429677529,2.65932733374373e-12,5.35969038682388e-06,0.994618138628486
11154.3002130670,2.65556887956462e-12,5.35211548226907e-06,0.994636655298809
11157.7574583812,2.65181574580719e-12,5.34455130065633e-06,0.994655145799365
11161.2147036953,2.64806791171692e-12,5.33699780015635e-06,0.994673610167153
11164.6719490094,2.64432537472194e-12,5.32945497558572e-06,0.994692048439092
11168.1291943236,2.64058813215343e-12,5.32192282156559e-06,0.994710460652081
11171.5864396377,2.63685616325934e-12,5.31440129627167e-06,0.994728846842939
11175.0436849519,2.63312947864469e-12,5.30689042107762e-06,0.994747207048450
11178.5009302660,2.62940805112409e-12,5.29939014119318e-06,0.994765541305337
11181.9581755801,2.62569188804216e-12,5.29190047142092e-06,0.994783849650257
11185.4154208943,2.62198097819657e-12,5.28442138918332e-06,0.994802132119854
11188.8726662084,2.61827530819150e-12,5.27695286748202e-06,0.994820388750684
11192.3299115226,2.61457488453223e-12,5.26949491942797e-06,0.994838619579280
11195.7871568367,2.61087967922000e-12,5.26204748859161e-06,0.994856824642100
11199.2444021508,2.60718970443370e-12,5.25461059951864e-06,0.994875003975548
11202.7016474650,2.60350494142931e-12,5.24718421443181e-06,0.994893157616003
11206.1588927791,2.59982538522747e-12,5.23976832329553e-06,0.994911285599763
11209.6161380932,2.59615103529501e-12,5.23236292503524e-06,0.994929387963107
11213.0733834074,2.59248186949737e-12,5.22496797504027e-06,0.994947464742233
11216.5306287215,2.58881789869410e-12,5.21758349519730e-06,0.994965515973303
11219.9878740356,2.58515909796339e-12,5.21020943527814e-06,0.994983541692425
11223.4451193498,2.58150547178003e-12,5.20284580430141e-06,0.995001541935642
11226.9023646640,2.57785701151826e-12,5.19549258488250e-06,0.995019516738977
11230.3596099781,2.57421370197682e-12,5.18814974638433e-06,0.995037466138374
11233.8168552922,2.57057555122679e-12,5.18081730507359e-06,0.995055390169749
11237.2741006064,2.56694253041993e-12,5.17349520280862e-06,0.995073288868949
11240.7313459205,2.56331465176217e-12,5.16618346418968e-06,0.995091162271759
11244.1885912345,2.55969189841629e-12,5.15888205528248e-06,0.995109010413952
11247.6458365488,2.55607426316087e-12,5.15159096153276e-06,0.995126833331214
11251.1030818629,2.55246174744377e-12,5.14431018585858e-06,0.995144631059213
11254.5603271771,2.54885432788363e-12,5.13703968113644e-06,0.995162403633538
11258.0175724911,2.54525201554142e-12,5.12977946965894e-06,0.995180151089738
11261.4748178053,2.54165478764874e-12,5.12252950553794e-06,0.995197873463320
11264.9320631195,2.53806264598823e-12,5.11528979236626e-06,0.995215570789717
11268.3893084336,2.53447558434415e-12,5.10806031761647e-06,0.995233243104348
11271.8465537477,2.53089358585721e-12,5.10084104730984e-06,0.995250890442551
11275.3037990619,2.52731665989427e-12,5.09363200032466e-06,0.995268512839639
11278.7610443760,2.52374477727504e-12,5.08643311785006e-06,0.995286110330852
11282.2182896901,2.52017794978850e-12,5.07924442364588e-06,0.995303682951375
11285.6755350043,2.51661616253698e-12,5.07206588768694e-06,0.995321230736378
11289.1327803184,2.51305940621615e-12,5.06489749122099e-06,0.995338753720949
11292.5900256325,2.50950768410631e-12,5.05773924085923e-06,0.995356251940153
11296.0472709467,2.50596097170946e-12,5.05059108722767e-06,0.995373725428984
11299.5045162608,2.50241928023714e-12,5.04345305292237e-06,0.995391174222385
11302.9617615750,2.49888258896808e-12,5.03632509618104e-06,0.995408598355273
11306.4190068891,2.49535089716387e-12,5.02920721551548e-06,0.995425997862482
11309.8762522032,2.49182420085852e-12,5.02209940293250e-06,0.995443372778836
11313.3334975173,2.48830248167623e-12,5.01500162139697e-06,0.995460723139077
11316.7907428315,2.48478574931074e-12,5.00791389044592e-06,0.995478048977922
11320.2479881456,2.48127397687543e-12,5.00083615589123e-06,0.995495350330020
11323.7052334597,2.47776717318708e-12,4.99376843550253e-06,0.995512627229965
11327.1624787739,2.47426532602838e-12,4.98671070465668e-06,0.995529879712336
11330.6197240881,2.47076842416514e-12,4.97966294071192e-06,0.995547107811628
11334.0769694022,2.46727647256726e-12,4.97262515368474e-06,0.995564311562318
11337.5342147163,2.46378944574483e-12,4.96559729220203e-06,0.995581490998808
11340.9914600305,2.46030735501160e-12,4.95857937906581e-06,0.995598646155455
11344.4487053446,2.45683018159071e-12,4.95157137643267e-06,0.995615777066586
11347.9059506588,2.45335792238740e-12,4.94457327806531e-06,0.995632883766454
11351.3631959728,2.44989057553131e-12,4.93758508019417e-06,0.995649966289292
11354.8204412870,2.44642812126594e-12,4.93060674300135e-06,0.995667024669262
11358.2776866011,2.44297056955832e-12,4.92363828657475e-06,0.995684058940488
11361.7349319153,2.43951789570653e-12,4.91667966112933e-06,0.995701069137046
11365.1921772295,2.43607010573181e-12,4.90973087880049e-06,0.995718055292943
11368.6494225436,2.43262718993144e-12,4.90279192003309e-06,0.995735017442176
11372.1066678577,2.42918913528846e-12,4.89586275859232e-06,0.995751955618662
11375.5639131718,2.42575594832532e-12,4.88894340762375e-06,0.995768869856296
11379.0211584861,2.42232760267964e-12,4.88203381399579e-06,0.995785760188903
11382.4784038001,2.41890410972121e-12,4.87513400062351e-06,0.995802626650256
11385.9356491143,2.41548545251846e-12,4.86824393338248e-06,0.995819469274109
11389.3928944284,2.41207162577886e-12,4.86136360160595e-06,0.995836288094139
11392.8501397425,2.40866262957940e-12,4.85449300544913e-06,0.995853083144002
11396.3073850566,2.40525844291316e-12,4.84763210257399e-06,0.995869854457286
11399.7646303708,2.40185907596934e-12,4.84078091351618e-06,0.995886602067536
11403.2218756849,2.39846450612542e-12,4.83393939268158e-06,0.995903326008259
11406.6791209991,2.39507473677719e-12,4.82710754691414e-06,0.995920026312889
11410.1363663132,2.39168976057711e-12,4.82028536140542e-06,0.995936703014852
11413.5936116274,2.38830956286671e-12,4.81347280661230e-06,0.995953356147494
11417.0508569415,2.38493415158938e-12,4.80666989854410e-06,0.995969985744139
11420.5081022556,2.38156349962462e-12,4.79987658254137e-06,0.995986591838042
11423.9653475698,2.37819761835437e-12,4.79309288154358e-06,0.996003174462406
11427.4225928839,2.37483649259667e-12,4.78631876495257e-06,0.996019733650420
11430.8798381981,2.37148011501367e-12,4.77955421797939e-06,0.996036269435193
11434.3370835122,2.36812848748728e-12,4.77279924441691e-06,0.996052781849816
11437.7943288264,2.36478158788514e-12,4.76605379965890e-06,0.996069270927311
11441.2515741404,2.36143942656965e-12,4.75931790459005e-06,0.996085736700655
11444.7088194545,2.35810198289617e-12,4.75259151760250e-06,0.996102179202794
11448.1660647687,2.35476925779882e-12,4.74587464057892e-06,0.996118598466603
11451.6233100829,2.35144124613167e-12,4.73916726314805e-06,0.996134994524941
11455.0805553970,2.34811793173059e-12,4.73246935273219e-06,0.996151367410595
11458.5378007111,2.34479932342845e-12,4.72578092713338e-06,0.996167717156325
11461.9950460253,2.34148539467131e-12,4.71910193283400e-06,0.996184043794830
11465.4522913394,2.33817615559627e-12,4.71243239026467e-06,0.996200347358752
11468.9095366536,2.33487159308371e-12,4.70577227298369e-06,0.996216627880722
11472.3667819677,2.33157169789714e-12,4.69912156237558e-06,0.996232885393293
11475.8240272818,2.32827647358644e-12,4.69248026559485e-06,0.996249119928999
11479.2812725960,2.32498589701365e-12,4.68584833600857e-06,0.996265331520305
11482.7385179101,2.32169997866775e-12,4.67922579475651e-06,0.996281520199633
11486.1957632242,2.31841869978375e-12,4.67261260401917e-06,0.996297685999374
11489.6530085384,2.31514205899188e-12,4.66600876103587e-06,0.996313828951851
11493.1102538525,2.31187005320016e-12,4.65941425957492e-06,0.996329949089371
11496.5674991667,2.30860266486909e-12,4.65282906428667e-06,0.996346046444170
11500.0247444808,2.30533990312101e-12,4.64625319355660e-06,0.996362121048450
11503.4819897949,2.30208174350984e-12,4.63968659811529e-06,0.996378172934366
11506.9392351091,2.29882819345145e-12,4.63312929290890e-06,0.996394202134010
11510.3964804232,2.29557924227840e-12,4.62658125643799e-06,0.996410208679464
11513.8537257373,2.29233487899654e-12,4.62004246654459e-06,0.996426192602733
11517.3109710515,2.28909510869224e-12,4.61351293347990e-06,0.996442153935803
11520.7682163656,2.28585990733671e-12,4.60699260881560e-06,0.996458092710592
11524.2254616798,2.28262928550099e-12,4.60048151385687e-06,0.996474008958975
11527.6827069939,2.27940322620506e-12,4.59397961438164e-06,0.996489902712801
11531.1399523081,2.27618172592707e-12,4.58748690329189e-06,0.996505774003849
11534.5971976222,2.27296478348692e-12,4.58100337820918e-06,0.996521622863881
11538.0544429362,2.26975238009483e-12,4.57452900126403e-06,0.996537449324589
11541.5116882505,2.26654452511333e-12,4.56806379132598e-06,0.996553253417635
11544.9689335645,2.26334119610363e-12,4.56160770317119e-06,0.996569035174632
11548.4261788787,2.26014239792320e-12,4.55516074658953e-06,0.996584794627133
11551.8834241928,2.25694812220404e-12,4.54872290471591e-06,0.996600531806680
11555.3406695070,2.25375835632993e-12,4.54229415212319e-06,0.996616246744741
11558.7979148212,2.25057310679732e-12,4.53587450190453e-06,0.996631939472761
11562.2551601353,2.24739234879661e-12,4.52946390405788e-06,0.996647610022123
11565.7124054494,2.24421609293850e-12,4.52306237996838e-06,0.996663258424161
11569.1696507635,2.24104432393647e-12,4.51666989882713e-06,0.996678884710192
11572.6268960777,2.23787703626271e-12,4.51028644949317e-06,0.996694488911460
11576.0841413918,2.23471423051239e-12,4.50391203316604e-06,0.996710071059193
11579.5413867059,2.23155588676545e-12,4.49754660969824e-06,0.996725631184549
11582.9986320201,2.22840201457754e-12,4.49119019834854e-06,0.996741169318654
11586.4558773343,2.22525259342004e-12,4.48484275774289e-06,0.996756685492593
11589.9131226484,2.22210762574888e-12,4.47850429283107e-06,0.996772179737388
11593.3703679625,2.21896710534845e-12,4.47217479108593e-06,0.996787652084048
11596.8276132766,2.21583101811064e-12,4.46585422407357e-06,0.996803102563513
11600.2848585907,2.21269937182080e-12,4.45954260748483e-06,0.996818531206700
11603.7421039049,2.20957214099372e-12,4.45323988995600e-06,0.996833938044462
11607.1993492191,2.20644933623945e-12,4.44694609287091e-06,0.996849323107604
11610.6565945331,2.20333094387667e-12,4.44066118865582e-06,0.996864686426918
11614.1138398473,2.20021695651216e-12,4.43438516241021e-06,0.996880028033123
11617.5710851615,2.19710737638510e-12,4.42811801864697e-06,0.996895347956921
11621.0283304756,2.19400218256020e-12,4.42185971517249e-06,0.996910646228946
11624.4855757897,2.19090138474129e-12,4.41561027154417e-06,0.996925922879796
11627.9428211039,2.18780496421613e-12,4.40936965004878e-06,0.996941177940036
11631.4000664181,2.18471292119015e-12,4.40313785110034e-06,0.996956411440169
11634.8573117322,2.18162525145864e-12,4.39691486622453e-06,0.996971623410679
11638.3145570463,2.17854193954662e-12,4.39070066423266e-06,0.996986813881987
11641.7718023604,2.17546299377802e-12,4.38449526190097e-06,0.997001982884485
11645.2290476745,2.17238838999483e-12,4.37829861054070e-06,0.997017130448512
11648.6862929887,2.16931813686588e-12,4.37211072762327e-06,0.997032256604353
11652.1435383028,2.16625222286400e-12,4.36593158991644e-06,0.997047361382281
11655.6007836170,2.16319063886573e-12,4.35976117903254e-06,0.997062444812500
11659.0580289311,2.16013338862804e-12,4.35359950254347e-06,0.997077506925193
11662.5152742452,2.15708045031078e-12,4.34744651643193e-06,0.997092547750482
11665.9725195594,2.15403183372301e-12,4.34130224046738e-06,0.997107567318445
11669.4297648735,2.15098752187836e-12,4.33516664041500e-06,0.997122565659136
11672.8870101877,2.14794751287718e-12,4.32903971244612e-06,0.997137542802543
11676.3442555018,2.14491180438948e-12,4.32292145186486e-06,0.997152498778639
11679.8015008159,2.14188037969354e-12,4.31681182496973e-06,0.997167433617333
11683.2587461300,2.13885324736910e-12,4.31071084905258e-06,0.997182347348501
11686.7159914442,2.13583038519508e-12,4.30461847932841e-06,0.997197240001977
11690.1732367584,2.13281179934921e-12,4.29853472824797e-06,0.997212111607534
11693.6304820725,2.12979748054742e-12,4.29245957709986e-06,0.997226962194936
11697.0877273866,2.12678741806595e-12,4.28639300427109e-06,0.997241791793880
11700.5449727007,2.12378161705841e-12,4.28033502014842e-06,0.997256600434040
11704.0022180150,2.12078005488547e-12,4.27428557910383e-06,0.997271388145031
11707.4594633290,2.11778274142053e-12,4.26824470103647e-06,0.997286154956422
11710.9167086432,2.11478966131565e-12,4.26221235501365e-06,0.997300900897764
11714.3739539572,2.11180081070605e-12,4.25618853324614e-06,0.997315625998541
11717.8311992715,2.10881618900560e-12,4.25017323455266e-06,0.997330330288223
11721.2884445856,2.10583577836098e-12,4.24416642295105e-06,0.997345013796211
11724.7456898998,2.10285958756240e-12,4.23816811615743e-06,0.997359676551881
11728.2029352138,2.09988759623300e-12,4.23217827310358e-06,0.997374318584562
11731.6601805280,2.09691980820948e-12,4.22619690152216e-06,0.997388939923531
11735.1174258422,2.09395621631006e-12,4.22022398693874e-06,0.997403540598050
11738.5746711563,2.09099680833556e-12,4.21425950476674e-06,0.997418120637314
11742.0319164704,2.08804159071993e-12,4.20830346797333e-06,0.997432680070500
11745.4891617845,2.08509054012578e-12,4.20235582952364e-06,0.997447218926722
11748.9464070987,2.08214366645194e-12,4.19641660936806e-06,0.997461737235052
11752.4036524128,2.07920095590453e-12,4.19048577970598e-06,0.997476235024544
11755.8608977269,2.07626240278831e-12,4.18456332905902e-06,0.997490712324187
11759.3181430411,2.07332800813510e-12,4.17864925950679e-06,0.997505169162954
11762.7753883552,2.07039775307053e-12,4.17274353300925e-06,0.997519605569753
11766.2326336694,2.06747164655198e-12,4.16684616761940e-06,0.997534021573461
11769.6898789835,2.06454966995715e-12,4.16095712580528e-06,0.997548417202917
11773.1471242976,2.06163182492634e-12,4.15507641087282e-06,0.997562792486905
11776.6043696117,2.05871810624455e-12,4.14920401231151e-06,0.997577147454196
11780.0616149260,2.05580850035710e-12,4.14333990280287e-06,0.997591482133493
11783.5188602401,2.05290301483413e-12,4.13748409760396e-06,0.997605796553479
11786.9761055542,2.05000162583454e-12,4.13163654866472e-06,0.997620090742782
11790.4333508683,2.04710434314804e-12,4.12579727571561e-06,0.997634364729980
11793.8905961825,2.04421115448587e-12,4.11996625398950e-06,0.997648618543642
11797.3478414966,2.04132205245185e-12,4.11414346857990e-06,0.997662852212269
11800.8050868107,2.03843703957482e-12,4.10832892458349e-06,0.997677065764345
11804.2623321249,2.03555609606525e-12,4.10252258211588e-06,0.997691259228294
11807.7195774390,2.03267923100641e-12,4.09672445948372e-06,0.997705432632501
11811.1768227532,2.02980642744397e-12,4.09093452251680e-06,0.997719586005325
11814.6340680673,2.02693768496117e-12,4.08515277037510e-06,0.997733719375066
11818.0913133815,2.02407300017928e-12,4.07937919624905e-06,0.997747832770008
11821.5485586955,2.02121235830335e-12,4.07361377032046e-06,0.997761926218373
11825.0058040097,2.01835576717275e-12,4.06785650838905e-06,0.997775999748358
11828.4630493239,2.01550320481482e-12,4.06210736617039e-06,0.997790053388113
11831.9202946380,2.01265467859537e-12,4.05636635850981e-06,0.997804087165734
11835.3775399521,2.00981017841205e-12,4.05063346504673e-06,0.997818101109310
11838.8347852662,2.00696969529230e-12,4.04490866769754e-06,0.997832095246862
11842.2920305805,2.00413323314577e-12,4.03919197434187e-06,0.997846069606394
11845.7492758945,2.00130077136932e-12,4.03348334345553e-06,0.997860024215851
11849.2065212086,1.99847231913262e-12,4.02778279351936e-06,0.997873959103140
11852.6637665228,1.99564786106587e-12,4.02209029355658e-06,0.997887874296145
11856.1210118370,1.99282739482917e-12,4.01640583885129e-06,0.997901769822689
11859.5782571511,1.99001091875467e-12,4.01072942604206e-06,0.997915645710579
11863.0355024652,1.98719841691773e-12,4.00506102303387e-06,0.997929501987563
11866.4927477794,1.98438989738329e-12,3.99940064608103e-06,0.997943338681362
11869.9499930935,1.98158533995848e-12,3.99374825448624e-06,0.997957155819653
11873.4072384076,1.97878474972894e-12,3.98810385849924e-06,0.997970953430061
11876.8644837217,1.97598811864386e-12,3.98246744189419e-06,0.997984731540200
11880.3217290359,1.97319543627405e-12,3.97683898365177e-06,0.997998490177622
11883.7789743501,1.97040670779832e-12,3.97121849420951e-06,0.998012229369858
11887.2362196642,1.96762191189722e-12,3.96560593059952e-06,0.998025949144384
11890.6934649783,1.96484105778924e-12,3.96000131140105e-06,0.998039649528634
11894.1507102924,1.96206413160843e-12,3.95440460866824e-06,0.998053330550024
11897.6079556065,1.95929112922079e-12,3.94881581406929e-06,0.998066992235911
11901.0652009207,1.95652205054871e-12,3.94323492744779e-06,0.998080634613633
11904.5224462348,1.95375687864392e-12,3.93766191464565e-06,0.998094257710472
11907.9796915490,1.95099562175521e-12,3.93209679228775e-06,0.998107861553679
11911.4369368632,1.94823826138394e-12,3.92653952309136e-06,0.998121446170468
11914.8941821773,1.94548480047397e-12,3.92099011298965e-06,0.998135011587999
11918.3514274914,1.94273523289623e-12,3.91544854962987e-06,0.998148557833422
11921.8086728056,1.93998954687997e-12,3.90991480928889e-06,0.998162084933823
11925.2659181197,1.93724774876596e-12,3.90438890474612e-06,0.998175592916273
11928.7231634338,1.93450981661158e-12,3.89887079177770e-06,0.998189081807783
11932.1804087480,1.93177575964838e-12,3.89336048898920e-06,0.998202551635324
11935.6376540621,1.92904556543639e-12,3.88785797130868e-06,0.998216002425854
11939.0948993762,1.92631922817164e-12,3.88236322703869e-06,0.998229434206268
11942.5521446904,1.92359674925077e-12,3.87687625899405e-06,0.998242847003446
11946.0093900045,1.92087811080365e-12,3.87139703115872e-06,0.998256240844208
11949.4666353187,1.91816332122308e-12,3.86592556044784e-06,0.998269615755345
11952.9238806327,1.91545236362196e-12,3.86046181282660e-06,0.998282971763615
11956.3811259469,1.91274523893571e-12,3.85500579018032e-06,0.998296308895724
11959.8383712611,1.91004194283207e-12,3.84955748377758e-06,0.998309627178362
11963.2956165752,1.90734246230918e-12,3.84411686741404e-06,0.998322926638162
11966.7528618893,1.90464680450708e-12,3.83868395547998e-06,0.998336207301734
11970.2101072035,1.90195494772885e-12,3.83325870424674e-06,0.998349469195639
11973.6673525177,1.89926690040527e-12,3.82784113070597e-06,0.998362712346392
11977.1245978318,1.89658265170713e-12,3.82243121303216e-06,0.998375936780498
11980.5818431460,1.89390219427993e-12,3.81702893640283e-06,0.998389142524400
11984.0390884600,1.89122553088306e-12,3.81163430637931e-06,0.998402329604525
11987.4963337741,1.88855264282206e-12,3.80624728528423e-06,0.998415498047243
11990.9535790883,1.88588353859580e-12,3.80086789024648e-06,0.998428647878890
11994.4108244025,1.88321820284883e-12,3.79549609031818e-06,0.998441779125779
11997.8680697165,1.88055663463651e-12,3.79013188359552e-06,0.998454891814162
12001.3253150307,1.87789883130317e-12,3.78477526472613e-06,0.998467985970284
12004.7825603448,1.87524477872196e-12,3.77942620523838e-06,0.998481061620328
12008.2398056590,1.87259448427149e-12,3.77408472000330e-06,0.998494118790453
12011.6970509731,1.86994792797196e-12,3.76875076875298e-06,0.998507157506778
12015.1542962872,1.86730511603479e-12,3.76342436400617e-06,0.998520177795369
12018.6115416015,1.86466603963116e-12,3.75810548796893e-06,0.998533179682287
12022.0687869155,1.86203068997080e-12,3.75279412292509e-06,0.998546163193529
12025.5260322296,1.85939907106879e-12,3.74749027696677e-06,0.998559128355077
12028.9832775438,1.85677116349981e-12,3.74219391094362e-06,0.998572075192859
12032.4405228579,1.85414697583255e-12,3.73690504212519e-06,0.998585003732764
12035.8977681721,1.85152649416612e-12,3.73162364249522e-06,0.998597914000663
12039.3550134863,1.84890971579942e-12,3.72634970660981e-06,0.998610806022370
12042.8122588004,1.84629663963771e-12,3.72108323226262e-06,0.998623679823685
12046.2695041145,1.84368725053103e-12,3.71582418891993e-06,0.998636535430352
12049.7267494286,1.84108155605636e-12,3.71057259185263e-06,0.998649372868088
12053.1839947427,1.83847953786923e-12,3.70532840408869e-06,0.998662192162572
12056.6412400570,1.83588120009425e-12,3.70009163394101e-06,0.998674993339435
12060.0984853710,1.83328653577864e-12,3.69486226739672e-06,0.998687776424296
12063.5557306852,1.83069553480668e-12,3.68964028406828e-06,0.998700541442718
12067.0129759993,1.82810820234631e-12,3.68442569437133e-06,0.998713288420243
12070.4702213135,1.82552451833094e-12,3.67921845786303e-06,0.998726017382363
12073.9274666276,1.82294449136448e-12,3.67401859188399e-06,0.998738728354530
12077.3847119418,1.82036810892623e-12,3.66882607119957e-06,0.998751421362182
12080.8419572559,1.81779536667750e-12,3.66364088706549e-06,0.998764096430698
12084.2992025700,1.81522626497334e-12,3.65846304019729e-06,0.998776753585445
12087.7564478842,1.81266078773835e-12,3.65329249819611e-06,0.998789392851731
12091.2136931983,1.81009894270955e-12,3.64812927665540e-06,0.998802014254840
12094.6709385125,1.80754071309879e-12,3.64297334173978e-06,0.998814617820021
12098.1281838265,1.80498610107148e-12,3.63782469781352e-06,0.998827203572474
12101.5854291407,1.80243510143124e-12,3.63268333440365e-06,0.998839771537387
12105.0426744549,1.79988770284289e-12,3.62754922866490e-06,0.998852321739891
12108.4999197690,1.79734391152855e-12,3.62242239313751e-06,0.998864854205100
12111.9571650831,1.79480370686599e-12,3.61730278625885e-06,0.998877368958076
12115.4144103972,1.79226709746157e-12,3.61219042537439e-06,0.998889866023840
12118.8716557114,1.78973407210287e-12,3.60708528788628e-06,0.998902345427406
12122.3289010255,1.78720462492807e-12,3.60198736198047e-06,0.998914807193725
12125.7861463396,1.78467875763511e-12,3.59689665107899e-06,0.998927251347735
12129.2433916538,1.78215645331684e-12,3.59181312110669e-06,0.998939677914323
12132.7006369679,1.77963771983371e-12,3.58673678790572e-06,0.998952086918340
12136.1578822821,1.77712254187758e-12,3.58166762062362e-06,0.998964478384616
12139.6151275962,1.77461091977760e-12,3.57660561992375e-06,0.998976852337925
12143.0723729103,1.77210284997863e-12,3.57155077864097e-06,0.998989208803032
12146.5296182245,1.76959832002779e-12,3.56650307167737e-06,0.999001547804645
12149.9868635386,1.76709733665499e-12,3.56146251259661e-06,0.999013869367453
12153.4441088528,1.76459988011952e-12,3.55642906161267e-06,0.999026173516098
12156.9013541669,1.76210595764371e-12,3.55140273328164e-06,0.999038460275182
12160.3585994810,1.75961555970591e-12,3.54638350841329e-06,0.999050729669294
12163.8158447951,1.75712867903114e-12,3.54137137234541e-06,0.999062981722969
12167.2730901093,1.75464531855756e-12,3.53636633099968e-06,0.999075216460724
12170.7303354235,1.75216546063608e-12,3.53136834880553e-06,0.999087433907025
12174.1875807376,1.74968911321563e-12,3.52637744178351e-06,0.999099634086307
12177.6448260517,1.74721626239441e-12,3.52139358191551e-06,0.999111817022980
12181.1020713659,1.74474690678366e-12,3.51641676640256e-06,0.999123982741404
12184.5593166800,1.74228104435867e-12,3.51144699116401e-06,0.999136131265927
12188.0165619942,1.73981866164661e-12,3.50648422904629e-06,0.999148262620840
12191.4738073083,1.73735976558833e-12,3.50152849403822e-06,0.999160376830414
12194.9310526224,1.73490433802109e-12,3.49657974953404e-06,0.999172473918880
12198.3882979365,1.73245238413543e-12,3.49163800599494e-06,0.999184553910425
12201.8455432506,1.73000389623961e-12,3.48670324791872e-06,0.999196616829225
12205.3027885649,1.72755886575130e-12,3.48177545800831e-06,0.999208662699402
12208.7600338789,1.72511729675021e-12,3.47685464448609e-06,0.999220691545059
12212.2172791931,1.72267917093137e-12,3.47194077045963e-06,0.999232703390253
12215.6745245073,1.72024449629886e-12,3.46703385206065e-06,0.999244698259002
12219.1317698214,1.71781326028613e-12,3.46213386396207e-06,0.999256676175310
12222.5890151355,1.71538545990038e-12,3.45724080013217e-06,0.999268637163127
12226.0462604496,1.71296109454079e-12,3.45235465936000e-06,0.999280581246390
12229.5035057637,1.71054014980836e-12,3.44747541262538e-06,0.999292508448982
12232.9607510780,1.70812263281797e-12,3.44260307426788e-06,0.999304418794764
12236.4179963921,1.70570852690934e-12,3.43773761070982e-06,0.999316312307560
12239.8752417063,1.70329783536341e-12,3.43287902856375e-06,0.999328189011151
12243.3324870203,1.70089055220377e-12,3.42802731578458e-06,0.999340048929305
12246.7897323345,1.69848666764233e-12,3.42318245264513e-06,0.999351892085740
12250.2469776486,1.69608618680569e-12,3.41834444947769e-06,0.999363718504152
12253.7042229628,1.69368909081536e-12,3.41351326823400e-06,0.999375528208192
12257.1614682769,1.69129538769890e-12,3.40868892509300e-06,0.999387321221475
12260.6187135910,1.68890506615627e-12,3.40387139728028e-06,0.999399097567601
12264.0759589052,1.68651812170033e-12,3.39906067575230e-06,0.999410857270117
12267.5332042193,1.68413455505163e-12,3.39425676196128e-06,0.999422600352556
12270.9904495335,1.68175435097500e-12,3.38945962520180e-06,0.999434326838402
12274.4476948476,1.67937751672406e-12,3.38466928009303e-06,0.999446036751110
12277.9049401617,1.67700403706808e-12,3.37988569593847e-06,0.999457730114106
12281.3621854759,1.67463391349610e-12,3.37510887573919e-06,0.999469406950771
12284.8194307900,1.67226714163670e-12,3.37033881068490e-06,0.999481067284474
12288.2766761041,1.66990371059373e-12,3.36557547881514e-06,0.999492711138531
12291.7339214183,1.66754362644972e-12,3.36081889238885e-06,0.999504338536241
12295.1911667325,1.66518686983159e-12,3.35606901236092e-06,0.999515949500859
12298.6484120465,1.66283344876012e-12,3.35132585489668e-06,0.999527544055596
12302.1056573607,1.66048335313557e-12,3.34658939964079e-06,0.999539122223660
12305.5629026748,1.65813657708184e-12,3.34185963475039e-06,0.999550684028202
12309.0201479890,1.65579312254241e-12,3.33713656414244e-06,0.999562229492358
12312.4773933031,1.65345297353221e-12,3.33242015560011e-06,0.999573758639216
12315.9346386173,1.65111613740991e-12,3.32771042395433e-06,0.999585271491835
12319.3918839313,1.64878260030395e-12,3.32300734124787e-06,0.999596768073249
12322.8491292455,1.64645236202480e-12,3.31831090709879e-06,0.999608248406446
12326.3063745596,1.64412541969986e-12,3.31362111571756e-06,0.999619712514401
12329.7636198738,1.64180176141867e-12,3.30893794309946e-06,0.999631160420038
12333.2208651879,1.63948139352056e-12,3.30426140202098e-06,0.999642592146262
12336.6781105020,1.63716429804919e-12,3.29959145629233e-06,0.999654007715936
12340.1353558162,1.63485048115390e-12,3.29492811830714e-06,0.999665407151886
12343.5926011304,1.63253993448334e-12,3.29027137123377e-06,0.999676790476925
12347.0498464445,1.63023265087380e-12,3.28562120063431e-06,0.999688157713815
12350.5070917586,1.62792863339714e-12,3.28097761269985e-06,0.999699508885303
12353.9643370727,1.62562786540099e-12,3.27634057386872e-06,0.999710844014090
12357.4215823869,1.62333035431702e-12,3.27171009911891e-06,0.999722163122843
12360.8788277010,1.62103608756480e-12,3.26708616309545e-06,0.999733466234212
12364.3360730152,1.61874506338536e-12,3.26246876225323e-06,0.999744753370797
12367.7933183293,1.61645728030282e-12,3.25785789361775e-06,0.999756024555185
12371.2505636434,1.61417272548241e-12,3.25325353132141e-06,0.999767279809917
12374.7078089576,1.61189140544958e-12,3.24865568851581e-06,0.999778519157509
12378.1650542717,1.60961330369796e-12,3.24406433193347e-06,0.999789742620442
12381.6222995858,1.60733842451712e-12,3.23947947021975e-06,0.999800950221157
12385.0795449000,1.60506676122938e-12,3.23490108991623e-06,0.999812141982084
12388.5367902141,1.60279830548094e-12,3.23032917418643e-06,0.999823317925601
12391.9940355283,1.60053306138113e-12,3.22576373131240e-06,0.999834478074074
12395.4512808424,1.59827101168954e-12,3.22120472654728e-06,0.999845622449819
12398.9085261565,1.59601216388017e-12,3.21665217495442e-06,0.999856751075122
12402.3657714707,1.59375650659814e-12,3.21210605364882e-06,0.999867863972253
12405.8230167848,1.59150403662000e-12,3.20756635613388e-06,0.999878961163432
12409.2802620989,1.58925475376841e-12,3.20303308205215e-06,0.999890042670866
12412.7375074131,1.58700864437066e-12,3.19850620384723e-06,0.999901108516715
12416.1947527272,1.58476571510437e-12,3.19398573497741e-06,0.999912158723116
12419.6519980414,1.58252595084348e-12,3.18947164495715e-06,0.999923193312174
12423.1092433554,1.58028935413038e-12,3.18496393891047e-06,0.999934212305950
12426.5664886696,1.57805591985549e-12,3.18046260653937e-06,0.999945215726498
12430.0237339838,1.57582563856856e-12,3.17596762879752e-06,0.999956203595821
12433.4809792979,1.57359851532911e-12,3.17147901588204e-06,0.999967175935906
12436.9382246120,1.57137453238456e-12,3.16699673201381e-06,0.999978132768695
12440.3954699262,1.56915369722208e-12,3.16252079228272e-06,0.999989074116095
12443.8527152403,1.56693599964899e-12,3.15805117614614e-06,1.00000000000001
