"stage","original_path","archive_path","bytes","sha256","storage","classification"
"M10A0","cad/raw/M10A0_2/","archive/M10A0/README.md","183","DE04D528C3757ACCE83B18CF31D478B73D9ACA6C588E3E520FCEC8130115E6E5","GIT","NO_TIMESTAMPED_RUN_FOUND_REAL_STEP_SOURCES_REMAIN_IN_PLACE"
"M10A1","runs/M10A1_1/20260809_000542_result_repair/LiNRR_M10A1_1_RuntimeInputs.class","","599","CD8D2D9BC08A053E1D4304AFC9AE4BEF0BB658FA3BF1520827955732928146C7","EXCLUDED","BUILD_OR_SECURITY_CONFIGURATION_NOT_SCIENTIFIC_EVIDENCE"
"M10A1","runs/M10A1_1/20260809_000542_result_repair/LiNRR_M10A1_1_RuntimeInputs.java","archive/M10A1/20260809_000542_result_repair/LiNRR_M10A1_1_RuntimeInputs.java","375","D57939E444BB11C6AC969D4E11268BA61812E2F2A09E0914C7128A8794CE2E04","GIT","RUN_TEXT_OR_SMALL_BINARY_EVIDENCE"
"M10A1","runs/M10A1_1/20260809_000542_result_repair/M10A1_1_probe.log","archive/M10A1/20260809_000542_result_repair/M10A1_1_probe.log","796","E381A2850AF0551860382C81DCDDBB16046BC491DB6E228EA0BCF9C58F60C04D","GIT","FULL_COMSOL_BATCH_LOG"
"M10A1","runs/M10A1_1/20260809_000542_result_repair/M10A1_1_probe_merged.txt","archive/M10A1/20260809_000542_result_repair/M10A1_1_probe_merged.txt","27696","E5F96DD3D98377AF8527EF16CDBD1F34ACD86F1981C78ABF4930E8DC88C1E19B","GIT","RUN_TEXT_OR_SMALL_BINARY_EVIDENCE"
"M10A1","runs/M10A1_1/20260809_000542_result_repair/M10A1_1_probe_stderr.txt","archive/M10A1/20260809_000542_result_repair/M10A1_1_probe_stderr.txt","0","E3B0C44298FC1C149AFBF4C8996FB92427AE41E4649B934CA495991B7852B855","GIT","RUN_TEXT_OR_SMALL_BINARY_EVIDENCE"
"M10A1","runs/M10A1_1/20260809_000542_result_repair/M10A1_1_probe_stdout.txt","archive/M10A1/20260809_000542_result_repair/M10A1_1_probe_stdout.txt","27086","4BC9DA65B50582B6CB6BD55BAB600D4380128FFD4011F2AD0EF72A44885ACE1C","GIT","RUN_TEXT_OR_SMALL_BINARY_EVIDENCE"
"M10A1","runs/M10A1_1/20260809_000542_result_repair/probe_compile_merged.txt","archive/M10A1/20260809_000542_result_repair/probe_compile_merged.txt","396","85CE8D8D541D177D4D63290E014E2980E5F368F68A7074839F66CD3055D6C070","GIT","RUN_TEXT_OR_SMALL_BINARY_EVIDENCE"
"M10A1","runs/M10A1_1/20260809_000542_result_repair/probe_compile_stderr.txt","archive/M10A1/20260809_000542_result_repair/probe_compile_stderr.txt","0","E3B0C44298FC1C149AFBF4C8996FB92427AE41E4649B934CA495991B7852B855","GIT","RUN_TEXT_OR_SMALL_BINARY_EVIDENCE"
"M10A1","runs/M10A1_1/20260809_000542_result_repair/probe_compile_stdout.txt","archive/M10A1/20260809_000542_result_repair/probe_compile_stdout.txt","0","E3B0C44298FC1C149AFBF4C8996FB92427AE41E4649B934CA495991B7852B855","GIT","RUN_TEXT_OR_SMALL_BINARY_EVIDENCE"
"M10A1","runs/M10A1_1/20260809_000542_result_repair/repair_compile_merged.txt","archive/M10A1/20260809_000542_result_repair/repair_compile_merged.txt","395","00D0994765D60C3B32EE67E676472C3DC42E459911E12F4B5BEBCA2D44E36AF9","GIT","RUN_TEXT_OR_SMALL_BINARY_EVIDENCE"
"M10A1","runs/M10A1_1/20260809_000542_result_repair/repair_compile_stderr.txt","archive/M10A1/20260809_000542_result_repair/repair_compile_stderr.txt","0","E3B0C44298FC1C149AFBF4C8996FB92427AE41E4649B934CA495991B7852B855","GIT","RUN_TEXT_OR_SMALL_BINARY_EVIDENCE"
"M10A1","runs/M10A1_1/20260809_000542_result_repair/repair_compile_stdout.txt","archive/M10A1/20260809_000542_result_repair/repair_compile_stdout.txt","0","E3B0C44298FC1C149AFBF4C8996FB92427AE41E4649B934CA495991B7852B855","GIT","RUN_TEXT_OR_SMALL_BINARY_EVIDENCE"
"M10A1","runs/M10A1_1/20260809_000542_result_repair/runtime_compile_merged.txt","archive/M10A1/20260809_000542_result_repair/runtime_compile_merged.txt","430","0D3398CEE64E54FB758FEE47B9C5A8D97F642E7DC1488B2D4D2655F8972AE807","GIT","RUN_TEXT_OR_SMALL_BINARY_EVIDENCE"
"M10A1","runs/M10A1_1/20260809_000542_result_repair/runtime_compile_stderr.txt","archive/M10A1/20260809_000542_result_repair/runtime_compile_stderr.txt","0","E3B0C44298FC1C149AFBF4C8996FB92427AE41E4649B934CA495991B7852B855","GIT","RUN_TEXT_OR_SMALL_BINARY_EVIDENCE"
"M10A1","runs/M10A1_1/20260809_000542_result_repair/runtime_compile_stdout.txt","archive/M10A1/20260809_000542_result_repair/runtime_compile_stdout.txt","0","E3B0C44298FC1C149AFBF4C8996FB92427AE41E4649B934CA495991B7852B855","GIT","RUN_TEXT_OR_SMALL_BINARY_EVIDENCE"
"M10A1","runs/M10A1_1/20260809_000722_result_repair/LiNRR_M10A1_1_RuntimeInputs.class","","599","CD8D2D9BC08A053E1D4304AFC9AE4BEF0BB658FA3BF1520827955732928146C7","EXCLUDED","BUILD_OR_SECURITY_CONFIGURATION_NOT_SCIENTIFIC_EVIDENCE"
"M10A1","runs/M10A1_1/20260809_000722_result_repair/LiNRR_M10A1_1_RuntimeInputs.java","archive/M10A1/20260809_000722_result_repair/LiNRR_M10A1_1_RuntimeInputs.java","375","D57939E444BB11C6AC969D4E11268BA61812E2F2A09E0914C7128A8794CE2E04","GIT","RUN_TEXT_OR_SMALL_BINARY_EVIDENCE"
"M10A1","runs/M10A1_1/20260809_000722_result_repair/M10A1_1_probe.log","archive/M10A1/20260809_000722_result_repair/M10A1_1_probe.log","455","593D29B2263A5C2D1809015A5C37C951E8A167F7B7EF8CC0C0139A050049882B","GIT","FULL_COMSOL_BATCH_LOG"
"M10A1","runs/M10A1_1/20260809_000722_result_repair/M10A1_1_probe_merged.txt","archive/M10A1/20260809_000722_result_repair/M10A1_1_probe_merged.txt","11744","3EC085830D32C1608A3A77A5B2649A5663F7FCCD7BF12BC0EAE4796A0A1DA8B8","GIT","RUN_TEXT_OR_SMALL_BINARY_EVIDENCE"
"M10A1","runs/M10A1_1/20260809_000722_result_repair/M10A1_1_probe_stderr.txt","archive/M10A1/20260809_000722_result_repair/M10A1_1_probe_stderr.txt","0","E3B0C44298FC1C149AFBF4C8996FB92427AE41E4649B934CA495991B7852B855","GIT","RUN_TEXT_OR_SMALL_BINARY_EVIDENCE"
"M10A1","runs/M10A1_1/20260809_000722_result_repair/M10A1_1_probe_stdout.txt","archive/M10A1/20260809_000722_result_repair/M10A1_1_probe_stdout.txt","11134","FF3D21D148184B6A052233FFFA67F87CD42599E6C601E0455A8789DE7147C0D2","GIT","RUN_TEXT_OR_SMALL_BINARY_EVIDENCE"
"M10A1","runs/M10A1_1/20260809_000722_result_repair/M10A1_1_repair.log","archive/M10A1/20260809_000722_result_repair/M10A1_1_repair.log","3235","FEB1F5DF335C3987A0892C68FA79D2C00ED127CC2CA6490EC61A739373371CBE","GIT","FULL_COMSOL_BATCH_LOG"
"M10A1","runs/M10A1_1/20260809_000722_result_repair/M10A1_1_repair_merged.txt","archive/M10A1/20260809_000722_result_repair/M10A1_1_repair_merged.txt","822","22421B5490EA07B1249A10C4381C55FCEA95E31A68B91559DF73E713B6611E61","GIT","RUN_TEXT_OR_SMALL_BINARY_EVIDENCE"
"M10A1","runs/M10A1_1/20260809_000722_result_repair/M10A1_1_repair_stderr.txt","archive/M10A1/20260809_000722_result_repair/M10A1_1_repair_stderr.txt","0","E3B0C44298FC1C149AFBF4C8996FB92427AE41E4649B934CA495991B7852B855","GIT","RUN_TEXT_OR_SMALL_BINARY_EVIDENCE"
"M10A1","runs/M10A1_1/20260809_000722_result_repair/M10A1_1_repair_stdout.txt","archive/M10A1/20260809_000722_result_repair/M10A1_1_repair_stdout.txt","104","1B24DABDCE0915B4ED79D6090D34F5BD4B5B61236B8898C4652AAAA9650DF742","GIT","RUN_TEXT_OR_SMALL_BINARY_EVIDENCE"
"M10A1","runs/M10A1_1/20260809_000722_result_repair/probe_compile_merged.txt","archive/M10A1/20260809_000722_result_repair/probe_compile_merged.txt","396","80B48AED0D2EF5038B920C20E30CBCC785012B9F9830DA33C517717194AB3941","GIT","RUN_TEXT_OR_SMALL_BINARY_EVIDENCE"
"M10A1","runs/M10A1_1/20260809_000722_result_repair/probe_compile_stderr.txt","archive/M10A1/20260809_000722_result_repair/probe_compile_stderr.txt","0","E3B0C44298FC1C149AFBF4C8996FB92427AE41E4649B934CA495991B7852B855","GIT","RUN_TEXT_OR_SMALL_BINARY_EVIDENCE"
"M10A1","runs/M10A1_1/20260809_000722_result_repair/probe_compile_stdout.txt","archive/M10A1/20260809_000722_result_repair/probe_compile_stdout.txt","0","E3B0C44298FC1C149AFBF4C8996FB92427AE41E4649B934CA495991B7852B855","GIT","RUN_TEXT_OR_SMALL_BINARY_EVIDENCE"
"M10A1","runs/M10A1_1/20260809_000722_result_repair/repair_compile_merged.txt","archive/M10A1/20260809_000722_result_repair/repair_compile_merged.txt","395","47C0A8D14A8BF517F39786C2B60B951D3A04244E373628C5BA1E74835B6909F1","GIT","RUN_TEXT_OR_SMALL_BINARY_EVIDENCE"
"M10A1","runs/M10A1_1/20260809_000722_result_repair/repair_compile_stderr.txt","archive/M10A1/20260809_000722_result_repair/repair_compile_stderr.txt","0","E3B0C44298FC1C149AFBF4C8996FB92427AE41E4649B934CA495991B7852B855","GIT","RUN_TEXT_OR_SMALL_BINARY_EVIDENCE"
"M10A1","runs/M10A1_1/20260809_000722_result_repair/repair_compile_stdout.txt","archive/M10A1/20260809_000722_result_repair/repair_compile_stdout.txt","0","E3B0C44298FC1C149AFBF4C8996FB92427AE41E4649B934CA495991B7852B855","GIT","RUN_TEXT_OR_SMALL_BINARY_EVIDENCE"
"M10A1","runs/M10A1_1/20260809_000722_result_repair/runtime_compile_merged.txt","archive/M10A1/20260809_000722_result_repair/runtime_compile_merged.txt","430","27AB509A82DD5A2D43F654DE3F2B5BF09712A0D5DCE0F8EE6A5627DD4057FDE5","GIT","RUN_TEXT_OR_SMALL_BINARY_EVIDENCE"
"M10A1","runs/M10A1_1/20260809_000722_result_repair/runtime_compile_stderr.txt","archive/M10A1/20260809_000722_result_repair/runtime_compile_stderr.txt","0","E3B0C44298FC1C149AFBF4C8996FB92427AE41E4649B934CA495991B7852B855","GIT","RUN_TEXT_OR_SMALL_BINARY_EVIDENCE"
"M10A1","runs/M10A1_1/20260809_000722_result_repair/runtime_compile_stdout.txt","archive/M10A1/20260809_000722_result_repair/runtime_compile_stdout.txt","0","E3B0C44298FC1C149AFBF4C8996FB92427AE41E4649B934CA495991B7852B855","GIT","RUN_TEXT_OR_SMALL_BINARY_EVIDENCE"
"M10A1","runs/M10A1_1/20260809_000929_result_repair/LiNRR_M10A1_1_RuntimeInputs.class","","599","CD8D2D9BC08A053E1D4304AFC9AE4BEF0BB658FA3BF1520827955732928146C7","EXCLUDED","BUILD_OR_SECURITY_CONFIGURATION_NOT_SCIENTIFIC_EVIDENCE"
"M10A1","runs/M10A1_1/20260809_000929_result_repair/LiNRR_M10A1_1_RuntimeInputs.java","archive/M10A1/20260809_000929_result_repair/LiNRR_M10A1_1_RuntimeInputs.java","375","D57939E444BB11C6AC969D4E11268BA61812E2F2A09E0914C7128A8794CE2E04","GIT","RUN_TEXT_OR_SMALL_BINARY_EVIDENCE"
"M10A1","runs/M10A1_1/20260809_000929_result_repair/M10A1_1_probe.log","archive/M10A1/20260809_000929_result_repair/M10A1_1_probe.log","453","B76DA264F9DE262AD5D19F469DC611BA71A4692E9B359188C79BF402C9C924D5","GIT","FULL_COMSOL_BATCH_LOG"
"M10A1","runs/M10A1_1/20260809_000929_result_repair/M10A1_1_probe_merged.txt","archive/M10A1/20260809_000929_result_repair/M10A1_1_probe_merged.txt","11744","979288DA07E3648EB935FD04316E2383ED7BA714D7A117AE5ED8369401986079","GIT","RUN_TEXT_OR_SMALL_BINARY_EVIDENCE"
"M10A1","runs/M10A1_1/20260809_000929_result_repair/M10A1_1_probe_stderr.txt","archive/M10A1/20260809_000929_result_repair/M10A1_1_probe_stderr.txt","0","E3B0C44298FC1C149AFBF4C8996FB92427AE41E4649B934CA495991B7852B855","GIT","RUN_TEXT_OR_SMALL_BINARY_EVIDENCE"
"M10A1","runs/M10A1_1/20260809_000929_result_repair/M10A1_1_probe_stdout.txt","archive/M10A1/20260809_000929_result_repair/M10A1_1_probe_stdout.txt","11134","FF3D21D148184B6A052233FFFA67F87CD42599E6C601E0455A8789DE7147C0D2","GIT","RUN_TEXT_OR_SMALL_BINARY_EVIDENCE"
"M10A1","runs/M10A1_1/20260809_000929_result_repair/M10A1_1_repair.log","archive/M10A1/20260809_000929_result_repair/M10A1_1_repair.log","10997","61038A3DC60B03ADF6409003C203D77597570B3ABA3718600C1CFD8411A94246","GIT","FULL_COMSOL_BATCH_LOG"
"M10A1","runs/M10A1_1/20260809_000929_result_repair/M10A1_1_repair_merged.txt","archive/M10A1/20260809_000929_result_repair/M10A1_1_repair_merged.txt","3975","A4D9FEC7ABEC46DA7C8EACA54C68EE66D14453E257EF20868B30F7A304F45091","GIT","RUN_TEXT_OR_SMALL_BINARY_EVIDENCE"
"M10A1","runs/M10A1_1/20260809_000929_result_repair/M10A1_1_repair_stderr.txt","archive/M10A1/20260809_000929_result_repair/M10A1_1_repair_stderr.txt","0","E3B0C44298FC1C149AFBF4C8996FB92427AE41E4649B934CA495991B7852B855","GIT","RUN_TEXT_OR_SMALL_BINARY_EVIDENCE"
"M10A1","runs/M10A1_1/20260809_000929_result_repair/M10A1_1_repair_stdout.txt","archive/M10A1/20260809_000929_result_repair/M10A1_1_repair_stdout.txt","3257","1B6315AD8AE07D8AE64D76FF4D09334C498EF1118610D163C6337E08337F157A","GIT","RUN_TEXT_OR_SMALL_BINARY_EVIDENCE"
"M10A1","runs/M10A1_1/20260809_000929_result_repair/probe_compile_merged.txt","archive/M10A1/20260809_000929_result_repair/probe_compile_merged.txt","396","6C570E101A9E4AB7C88A92B3C720FC9E9E65C0A254321FD5A31674B96998FCBE","GIT","RUN_TEXT_OR_SMALL_BINARY_EVIDENCE"
"M10A1","runs/M10A1_1/20260809_000929_result_repair/probe_compile_stderr.txt","archive/M10A1/20260809_000929_result_repair/probe_compile_stderr.txt","0","E3B0C44298FC1C149AFBF4C8996FB92427AE41E4649B934CA495991B7852B855","GIT","RUN_TEXT_OR_SMALL_BINARY_EVIDENCE"
"M10A1","runs/M10A1_1/20260809_000929_result_repair/probe_compile_stdout.txt","archive/M10A1/20260809_000929_result_repair/probe_compile_stdout.txt","0","E3B0C44298FC1C149AFBF4C8996FB92427AE41E4649B934CA495991B7852B855","GIT","RUN_TEXT_OR_SMALL_BINARY_EVIDENCE"
"M10A1","runs/M10A1_1/20260809_000929_result_repair/repair_compile_merged.txt","archive/M10A1/20260809_000929_result_repair/repair_compile_merged.txt","395","D8D6D7AD1667286B20056DA2B6E9A5EBEE0A11BCBB4CDAACCFB306B054FFE05E","GIT","RUN_TEXT_OR_SMALL_BINARY_EVIDENCE"
"M10A1","runs/M10A1_1/20260809_000929_result_repair/repair_compile_stderr.txt","archive/M10A1/20260809_000929_result_repair/repair_compile_stderr.txt","0","E3B0C44298FC1C149AFBF4C8996FB92427AE41E4649B934CA495991B7852B855","GIT","RUN_TEXT_OR_SMALL_BINARY_EVIDENCE"
"M10A1","runs/M10A1_1/20260809_000929_result_repair/repair_compile_stdout.txt","archive/M10A1/20260809_000929_result_repair/repair_compile_stdout.txt","0","E3B0C44298FC1C149AFBF4C8996FB92427AE41E4649B934CA495991B7852B855","GIT","RUN_TEXT_OR_SMALL_BINARY_EVIDENCE"
"M10A1","runs/M10A1_1/20260809_000929_result_repair/runtime_compile_merged.txt","archive/M10A1/20260809_000929_result_repair/runtime_compile_merged.txt","430","ED1B6CD8058D6C55F33198B09B6CB9986781FA8144552F44B28572CDCD3EEE83","GIT","RUN_TEXT_OR_SMALL_BINARY_EVIDENCE"
"M10A1","runs/M10A1_1/20260809_000929_result_repair/runtime_compile_stderr.txt","archive/M10A1/20260809_000929_result_repair/runtime_compile_stderr.txt","0","E3B0C44298FC1C149AFBF4C8996FB92427AE41E4649B934CA495991B7852B855","GIT","RUN_TEXT_OR_SMALL_BINARY_EVIDENCE"
"M10A1","runs/M10A1_1/20260809_000929_result_repair/runtime_compile_stdout.txt","archive/M10A1/20260809_000929_result_repair/runtime_compile_stdout.txt","0","E3B0C44298FC1C149AFBF4C8996FB92427AE41E4649B934CA495991B7852B855","GIT","RUN_TEXT_OR_SMALL_BINARY_EVIDENCE"
"M10A2","runs/M10A2/20260809_001455_interface_probe/LiNRR_M10A2_ProbeRuntime.class","","728","F2ADF8BA6DCAC0DE865EC3227258DE7D9C16CA56E791A7169F3F0392161C73AD","EXCLUDED","BUILD_OR_SECURITY_CONFIGURATION_NOT_SCIENTIFIC_EVIDENCE"
"M10A2","runs/M10A2/20260809_001455_interface_probe/LiNRR_M10A2_ProbeRuntime.java","archive/M10A2/20260809_001455_interface_probe/LiNRR_M10A2_ProbeRuntime.java","521","E0D25C106C5A90AC5BC2956F18A5CE5853B17FF8F7872027538008D83FC42A3D","GIT","RUN_TEXT_OR_SMALL_BINARY_EVIDENCE"
"M10A2","runs/M10A2/20260809_001455_interface_probe/probe.log","archive/M10A2/20260809_001455_interface_probe/probe.log","372","A1E1DE71678DDB3251FA4E575103C3A69222F88F9C4F6B32589F3F79653EDA63","GIT","FULL_COMSOL_BATCH_LOG"
"M10A2","runs/M10A2/20260809_001455_interface_probe/probe_compile.txt","archive/M10A2/20260809_001455_interface_probe/probe_compile.txt","0","E3B0C44298FC1C149AFBF4C8996FB92427AE41E4649B934CA495991B7852B855","GIT","RUN_TEXT_OR_SMALL_BINARY_EVIDENCE"
"M10A2","runs/M10A2/20260809_001455_interface_probe/probe_compile_v2.txt","archive/M10A2/20260809_001455_interface_probe/probe_compile_v2.txt","0","E3B0C44298FC1C149AFBF4C8996FB92427AE41E4649B934CA495991B7852B855","GIT","RUN_TEXT_OR_SMALL_BINARY_EVIDENCE"
"M10A2","runs/M10A2/20260809_001455_interface_probe/probe_stdout.txt","archive/M10A2/20260809_001455_interface_probe/probe_stdout.txt","59738","B878929CCF9CA816D9262564D248E2A7D722C1AB17F333CDDA22D8F001ED3F96","GIT","RUN_TEXT_OR_SMALL_BINARY_EVIDENCE"
"M10A2","runs/M10A2/20260809_001455_interface_probe/probe_v2.log","archive/M10A2/20260809_001455_interface_probe/probe_v2.log","374","24E5D01760861D7AA877C8AFBB860C6090306A008B740B8A7B9018C3C3A7DF2E","GIT","FULL_COMSOL_BATCH_LOG"
"M10A2","runs/M10A2/20260809_001455_interface_probe/probe_v2_stdout.txt","archive/M10A2/20260809_001455_interface_probe/probe_v2_stdout.txt","204788","468803B3599D1E31CB83ECDC764D193F1B658BE2B97D2FCD1AC8CEB55D36D6B1","GIT","RUN_TEXT_OR_SMALL_BINARY_EVIDENCE"
"M10A2","runs/M10A2/20260809_001455_interface_probe/runtime_compile.txt","archive/M10A2/20260809_001455_interface_probe/runtime_compile.txt","0","E3B0C44298FC1C149AFBF4C8996FB92427AE41E4649B934CA495991B7852B855","GIT","RUN_TEXT_OR_SMALL_BINARY_EVIDENCE"
"M10A2","runs/M10A2/20260809_003000_api_probe/LiNRR_M10A2_ApiProbeRuntime.class","","597","7E25B0EABF8E568234897EB34A4150BD2794252307C6F1228C8FB488CD6D2761","EXCLUDED","BUILD_OR_SECURITY_CONFIGURATION_NOT_SCIENTIFIC_EVIDENCE"
"M10A2","runs/M10A2/20260809_003000_api_probe/LiNRR_M10A2_ApiProbeRuntime.java","archive/M10A2/20260809_003000_api_probe/LiNRR_M10A2_ApiProbeRuntime.java","374","57F5084DACED2DA206BDA21203C4A0D1606CB1708B632D203080C8B69AFAE895","GIT","RUN_TEXT_OR_SMALL_BINARY_EVIDENCE"
"M10A2","runs/M10A2/20260809_003000_api_probe/probe.log","archive/M10A2/20260809_003000_api_probe/probe.log","366","06F999BE44EBB1FB86675BD9A3BF4C817BF6CD0435629DD306579BBBE5D4E0EB","GIT","FULL_COMSOL_BATCH_LOG"
"M10A2","runs/M10A2/20260809_003000_api_probe/probe_compile.txt","archive/M10A2/20260809_003000_api_probe/probe_compile.txt","0","E3B0C44298FC1C149AFBF4C8996FB92427AE41E4649B934CA495991B7852B855","GIT","RUN_TEXT_OR_SMALL_BINARY_EVIDENCE"
"M10A2","runs/M10A2/20260809_003000_api_probe/probe_compile_v2.txt","archive/M10A2/20260809_003000_api_probe/probe_compile_v2.txt","0","E3B0C44298FC1C149AFBF4C8996FB92427AE41E4649B934CA495991B7852B855","GIT","RUN_TEXT_OR_SMALL_BINARY_EVIDENCE"
"M10A2","runs/M10A2/20260809_003000_api_probe/probe_compile_v3.txt","archive/M10A2/20260809_003000_api_probe/probe_compile_v3.txt","0","E3B0C44298FC1C149AFBF4C8996FB92427AE41E4649B934CA495991B7852B855","GIT","RUN_TEXT_OR_SMALL_BINARY_EVIDENCE"
"M10A2","runs/M10A2/20260809_003000_api_probe/probe_compile_v4.txt","archive/M10A2/20260809_003000_api_probe/probe_compile_v4.txt","0","E3B0C44298FC1C149AFBF4C8996FB92427AE41E4649B934CA495991B7852B855","GIT","RUN_TEXT_OR_SMALL_BINARY_EVIDENCE"
"M10A2","runs/M10A2/20260809_003000_api_probe/probe_stdout.txt","archive/M10A2/20260809_003000_api_probe/probe_stdout.txt","7620","7976CEA5E77C9C26C69B84707FC943277C9D2B85C849BF2E902377ADCB9CBE62","GIT","RUN_TEXT_OR_SMALL_BINARY_EVIDENCE"
"M10A2","runs/M10A2/20260809_003000_api_probe/probe_v2.log","archive/M10A2/20260809_003000_api_probe/probe_v2.log","513","E53B76EC4C1BB4C934025C227202EC16F7B10634C4D20974BCDBCC80B2171E87","GIT","FULL_COMSOL_BATCH_LOG"
"M10A2","runs/M10A2/20260809_003000_api_probe/probe_v2_stdout.txt","archive/M10A2/20260809_003000_api_probe/probe_v2_stdout.txt","7576","8270D597033562A869D52E342343268F6796B84570E41D4EE699343938A29C92","GIT","RUN_TEXT_OR_SMALL_BINARY_EVIDENCE"
"M10A2","runs/M10A2/20260809_003000_api_probe/probe_v3.log","archive/M10A2/20260809_003000_api_probe/probe_v3.log","366","D77538D277C0B3B89EACB888ABF1E4CA341D132EC3709B8DB7B23ED72F2FDBC9","GIT","FULL_COMSOL_BATCH_LOG"
"M10A2","runs/M10A2/20260809_003000_api_probe/probe_v3_stdout.txt","archive/M10A2/20260809_003000_api_probe/probe_v3_stdout.txt","8162","581492A9CE63E39B974C5598C02D5E4907A19B27BEC151E2BCFA4A65EAD3ECAB","GIT","RUN_TEXT_OR_SMALL_BINARY_EVIDENCE"
"M10A2","runs/M10A2/20260809_003000_api_probe/probe_v4.log","archive/M10A2/20260809_003000_api_probe/probe_v4.log","924","93B36176DF1FDD6097FBAA332716E65DD3CD58A2991B25DFB8DE8E829C49E48C","GIT","FULL_COMSOL_BATCH_LOG"
"M10A2","runs/M10A2/20260809_003000_api_probe/probe_v4_stdout.txt","archive/M10A2/20260809_003000_api_probe/probe_v4_stdout.txt","7992","73123A29348EF1C0CE98580143E63C855EB332C2438E99E3EA09CC1C88264B75","GIT","RUN_TEXT_OR_SMALL_BINARY_EVIDENCE"
"M10A2","runs/M10A2/20260809_003000_api_probe/runtime_compile.txt","archive/M10A2/20260809_003000_api_probe/runtime_compile.txt","0","E3B0C44298FC1C149AFBF4C8996FB92427AE41E4649B934CA495991B7852B855","GIT","RUN_TEXT_OR_SMALL_BINARY_EVIDENCE"
"M10A2","runs/M10A2/20260809_003000_api_probe/runtime_compile_v2.txt","archive/M10A2/20260809_003000_api_probe/runtime_compile_v2.txt","0","E3B0C44298FC1C149AFBF4C8996FB92427AE41E4649B934CA495991B7852B855","GIT","RUN_TEXT_OR_SMALL_BINARY_EVIDENCE"
"M10A2","runs/M10A2/20260809_004500_build_attempt_2/LiNRR_M10A2_RuntimeInputs.class","","852","96AA8608B62E3AAE18C00EB3A6FD4920B9540F8535CA05350CE5ADE4298A0AC0","EXCLUDED","BUILD_OR_SECURITY_CONFIGURATION_NOT_SCIENTIFIC_EVIDENCE"
"M10A2","runs/M10A2/20260809_004500_build_attempt_2/LiNRR_M10A2_RuntimeInputs.java","archive/M10A2/20260809_004500_build_attempt_2/LiNRR_M10A2_RuntimeInputs.java","660","AA25AE96A7B0E6B76DCFF0CB5A880556C530D170810F39E946D042FE1650CDC8","GIT","RUN_TEXT_OR_SMALL_BINARY_EVIDENCE"
"M10A2","runs/M10A2/20260809_004500_build_attempt_2/M10A2.log","archive/M10A2/20260809_004500_build_attempt_2/M10A2.log","35697","BDAB1EC3977FF2554E6DD8C3AE7F894AEA675847F08F00EB72FA9EAD5395C89E","GIT","FULL_COMSOL_BATCH_LOG"
"M10A2","runs/M10A2/20260809_004500_build_attempt_2/main_compile.txt","archive/M10A2/20260809_004500_build_attempt_2/main_compile.txt","0","E3B0C44298FC1C149AFBF4C8996FB92427AE41E4649B934CA495991B7852B855","GIT","RUN_TEXT_OR_SMALL_BINARY_EVIDENCE"
"M10A2","runs/M10A2/20260809_004500_build_attempt_2/pid.txt","archive/M10A2/20260809_004500_build_attempt_2/pid.txt","7","838BCC2FD137D0780616693D43E7ECCB0A5AA9AE9F3A876F5FE4134BC97AAFEB","GIT","RUN_TEXT_OR_SMALL_BINARY_EVIDENCE"
"M10A2","runs/M10A2/20260809_004500_build_attempt_2/runtime_compile.txt","archive/M10A2/20260809_004500_build_attempt_2/runtime_compile.txt","0","E3B0C44298FC1C149AFBF4C8996FB92427AE41E4649B934CA495991B7852B855","GIT","RUN_TEXT_OR_SMALL_BINARY_EVIDENCE"
"M10A2","runs/M10A2/20260809_004500_build_attempt_2/stderr.txt","archive/M10A2/20260809_004500_build_attempt_2/stderr.txt","0","E3B0C44298FC1C149AFBF4C8996FB92427AE41E4649B934CA495991B7852B855","GIT","RUN_TEXT_OR_SMALL_BINARY_EVIDENCE"
"M10A2","runs/M10A2/20260809_004500_build_attempt_2/stdout.txt","archive/M10A2/20260809_004500_build_attempt_2/stdout.txt","1158","E2BFD4A4630E168C693376F3C2E48FA302965E64CF5037BFD136C6C671D656E4","GIT","RUN_TEXT_OR_SMALL_BINARY_EVIDENCE"
"M10A2","runs/M10A2/20260809_005000_build_attempt_3/LiNRR_M10A2_RuntimeInputs.class","","852","9C05B8A5079E03A583263834DAB2FE0A0DD589B14C1BF2C1ACACC6990BAA56BD","EXCLUDED","BUILD_OR_SECURITY_CONFIGURATION_NOT_SCIENTIFIC_EVIDENCE"
"M10A2","runs/M10A2/20260809_005000_build_attempt_3/LiNRR_M10A2_RuntimeInputs.java","archive/M10A2/20260809_005000_build_attempt_3/LiNRR_M10A2_RuntimeInputs.java","660","C02051F0656CE4F2F3DFF9F0BF6CB55F708897C4ADA23022F65B70E534A802C0","GIT","RUN_TEXT_OR_SMALL_BINARY_EVIDENCE"
"M10A2","runs/M10A2/20260809_005000_build_attempt_3/M10A2.log","archive/M10A2/20260809_005000_build_attempt_3/M10A2.log","45554","05B5F8525B8E0269644E3B069D03EE2916E94FDC954D7748930395D37D55A20D","GIT","FULL_COMSOL_BATCH_LOG"
"M10A2","runs/M10A2/20260809_005000_build_attempt_3/main_compile.txt","archive/M10A2/20260809_005000_build_attempt_3/main_compile.txt","0","E3B0C44298FC1C149AFBF4C8996FB92427AE41E4649B934CA495991B7852B855","GIT","RUN_TEXT_OR_SMALL_BINARY_EVIDENCE"
"M10A2","runs/M10A2/20260809_005000_build_attempt_3/pid.txt","archive/M10A2/20260809_005000_build_attempt_3/pid.txt","7","FB299736A80E5B7D00FFAA384DE2D3857DB16FF7F64401F703908277E991102A","GIT","RUN_TEXT_OR_SMALL_BINARY_EVIDENCE"
"M10A2","runs/M10A2/20260809_005000_build_attempt_3/runtime_compile.txt","archive/M10A2/20260809_005000_build_attempt_3/runtime_compile.txt","0","E3B0C44298FC1C149AFBF4C8996FB92427AE41E4649B934CA495991B7852B855","GIT","RUN_TEXT_OR_SMALL_BINARY_EVIDENCE"
"M10A2","runs/M10A2/20260809_005000_build_attempt_3/stderr.txt","archive/M10A2/20260809_005000_build_attempt_3/stderr.txt","0","E3B0C44298FC1C149AFBF4C8996FB92427AE41E4649B934CA495991B7852B855","GIT","RUN_TEXT_OR_SMALL_BINARY_EVIDENCE"
"M10A2","runs/M10A2/20260809_005000_build_attempt_3/stdout.txt","archive/M10A2/20260809_005000_build_attempt_3/stdout.txt","1158","E2BFD4A4630E168C693376F3C2E48FA302965E64CF5037BFD136C6C671D656E4","GIT","RUN_TEXT_OR_SMALL_BINARY_EVIDENCE"
"M10A2","runs/M10A2/20260809_005500_build_attempt_4/LiNRR_M10A2_RuntimeInputs.class","","852","D25F134C9BDFC8B6B2B1DF0F55AB05D848836B5FD7A5F3F72FF5E2188B661A74","EXCLUDED","BUILD_OR_SECURITY_CONFIGURATION_NOT_SCIENTIFIC_EVIDENCE"
"M10A2","runs/M10A2/20260809_005500_build_attempt_4/LiNRR_M10A2_RuntimeInputs.java","archive/M10A2/20260809_005500_build_attempt_4/LiNRR_M10A2_RuntimeInputs.java","660","90AD9FCCC2A61B15FCD59DB09AC712206C6CF52B6DF4B4E1B0606DFE751E6C9E","GIT","RUN_TEXT_OR_SMALL_BINARY_EVIDENCE"
"M10A2","runs/M10A2/20260809_005500_build_attempt_4/M10A2.log","archive/M10A2/20260809_005500_build_attempt_4/M10A2.log","46635","09E0EA15B0F9E5EAF47CC1178FD092197FDE48D06D560B71FE4EF40FD759533D","GIT","FULL_COMSOL_BATCH_LOG"
"M10A2","runs/M10A2/20260809_005500_build_attempt_4/M10A2_checkpoint_real_flows.mph","archive/M10A2/20260809_005500_build_attempt_4/M10A2_checkpoint_real_flows.mph","70210464","9D76BD4176E0C3405CF582B650C2765009DF10B4C1EA4D95702F024D1D8243A2","GIT_LFS","FAILED_OR_INTERMEDIATE_COMSOL_RUN_EVIDENCE"
"M10A2","runs/M10A2/20260809_005500_build_attempt_4/main_compile.txt","archive/M10A2/20260809_005500_build_attempt_4/main_compile.txt","0","E3B0C44298FC1C149AFBF4C8996FB92427AE41E4649B934CA495991B7852B855","GIT","RUN_TEXT_OR_SMALL_BINARY_EVIDENCE"
"M10A2","runs/M10A2/20260809_005500_build_attempt_4/pid.txt","archive/M10A2/20260809_005500_build_attempt_4/pid.txt","7","AEB7E40B2EBFC688C1754B36ECDF19156382CE6A47A4510A63095A1D4CAE35A3","GIT","RUN_TEXT_OR_SMALL_BINARY_EVIDENCE"
"M10A2","runs/M10A2/20260809_005500_build_attempt_4/runtime_compile.txt","archive/M10A2/20260809_005500_build_attempt_4/runtime_compile.txt","0","E3B0C44298FC1C149AFBF4C8996FB92427AE41E4649B934CA495991B7852B855","GIT","RUN_TEXT_OR_SMALL_BINARY_EVIDENCE"
"M10A2","runs/M10A2/20260809_005500_build_attempt_4/stderr.txt","archive/M10A2/20260809_005500_build_attempt_4/stderr.txt","0","E3B0C44298FC1C149AFBF4C8996FB92427AE41E4649B934CA495991B7852B855","GIT","RUN_TEXT_OR_SMALL_BINARY_EVIDENCE"
"M10A2","runs/M10A2/20260809_005500_build_attempt_4/stdout.txt","archive/M10A2/20260809_005500_build_attempt_4/stdout.txt","1196","74E5F9B8DDA0FEA812F7B86D5A578E745D5896F091247DA63BF73130F40F811A","GIT","RUN_TEXT_OR_SMALL_BINARY_EVIDENCE"
"M10A2","runs/M10A2/20260809_010000_build_attempt/LiNRR_M10A2_RuntimeInputs.class","","699","174641D4F207BEF8D8438DFAABCBBD829A7278E4A74CA3EEEB9ECE4F0C6AC61E","EXCLUDED","BUILD_OR_SECURITY_CONFIGURATION_NOT_SCIENTIFIC_EVIDENCE"
"M10A2","runs/M10A2/20260809_010000_build_attempt/LiNRR_M10A2_RuntimeInputs.java","archive/M10A2/20260809_010000_build_attempt/LiNRR_M10A2_RuntimeInputs.java","658","34CA86DBCCA944D3F092E8D1E46BB060BDFB4888AF6D21C11DEE468C544C9641","GIT","RUN_TEXT_OR_SMALL_BINARY_EVIDENCE"
"M10A2","runs/M10A2/20260809_010000_build_attempt/M10A2.log","archive/M10A2/20260809_010000_build_attempt/M10A2.log","42943","6F9E571279058587C5D7DB2DA8D0BF2A1D6E210EE62D8811B165C6AFC84AE586","GIT","FULL_COMSOL_BATCH_LOG"
"M10A2","runs/M10A2/20260809_010000_build_attempt/M10A2_stdout.txt","archive/M10A2/20260809_010000_build_attempt/M10A2_stdout.txt","0","E3B0C44298FC1C149AFBF4C8996FB92427AE41E4649B934CA495991B7852B855","GIT","RUN_TEXT_OR_SMALL_BINARY_EVIDENCE"
"M10A2","runs/M10A2/20260809_010000_build_attempt/main_compile.txt","archive/M10A2/20260809_010000_build_attempt/main_compile.txt","1810","EBAB2D07A802FC469663797981005027FEA10CB7FC050D216F05632C80764D06","GIT","RUN_TEXT_OR_SMALL_BINARY_EVIDENCE"
"M10A2","runs/M10A2/20260809_010000_build_attempt/main_compile_v2.txt","archive/M10A2/20260809_010000_build_attempt/main_compile_v2.txt","0","E3B0C44298FC1C149AFBF4C8996FB92427AE41E4649B934CA495991B7852B855","GIT","RUN_TEXT_OR_SMALL_BINARY_EVIDENCE"
"M10A2","runs/M10A2/20260809_010000_build_attempt/runtime_compile.txt","archive/M10A2/20260809_010000_build_attempt/runtime_compile.txt","0","E3B0C44298FC1C149AFBF4C8996FB92427AE41E4649B934CA495991B7852B855","GIT","RUN_TEXT_OR_SMALL_BINARY_EVIDENCE"
"M10A2","runs/M10A2/20260809_010000_build_attempt_5/LiNRR_M10A2_RuntimeInputs.class","","869","F3F6BCDB1B587205BF5A82E4515A3F247573215DCD360141B0A18B3E8D44613B","EXCLUDED","BUILD_OR_SECURITY_CONFIGURATION_NOT_SCIENTIFIC_EVIDENCE"
"M10A2","runs/M10A2/20260809_010000_build_attempt_5/LiNRR_M10A2_RuntimeInputs.java","archive/M10A2/20260809_010000_build_attempt_5/LiNRR_M10A2_RuntimeInputs.java","678","5327063DFF2AC952D244DA207FE4D4449124E5D6152169F0ED2657CB632DD17B","GIT","RUN_TEXT_OR_SMALL_BINARY_EVIDENCE"
"M10A2","runs/M10A2/20260809_010000_build_attempt_5/M10A2.log","archive/M10A2/20260809_010000_build_attempt_5/M10A2.log","11625","D41E6CB100FE8D8CFD8EBA4974CB4B96D6C640D9BF460E287C8A82AB65062BD0","GIT","FULL_COMSOL_BATCH_LOG"
"M10A2","runs/M10A2/20260809_010000_build_attempt_5/main_compile.txt","archive/M10A2/20260809_010000_build_attempt_5/main_compile.txt","0","E3B0C44298FC1C149AFBF4C8996FB92427AE41E4649B934CA495991B7852B855","GIT","RUN_TEXT_OR_SMALL_BINARY_EVIDENCE"
"M10A2","runs/M10A2/20260809_010000_build_attempt_5/pid.txt","archive/M10A2/20260809_010000_build_attempt_5/pid.txt","7","F05CE607F1C6C0FFEA3A56C311B735F4092FAC422098509E4CDD697665756DCA","GIT","RUN_TEXT_OR_SMALL_BINARY_EVIDENCE"
"M10A2","runs/M10A2/20260809_010000_build_attempt_5/runtime_compile.txt","archive/M10A2/20260809_010000_build_attempt_5/runtime_compile.txt","0","E3B0C44298FC1C149AFBF4C8996FB92427AE41E4649B934CA495991B7852B855","GIT","RUN_TEXT_OR_SMALL_BINARY_EVIDENCE"
"M10A2","runs/M10A2/20260809_010000_build_attempt_5/stderr.txt","archive/M10A2/20260809_010000_build_attempt_5/stderr.txt","0","E3B0C44298FC1C149AFBF4C8996FB92427AE41E4649B934CA495991B7852B855","GIT","RUN_TEXT_OR_SMALL_BINARY_EVIDENCE"
"M10A2","runs/M10A2/20260809_010000_build_attempt_5/stdout.txt","archive/M10A2/20260809_010000_build_attempt_5/stdout.txt","233","DEE88084F2C14B19011947C6AB4A096F829B125641EC65D79445A026F3C3D47A","GIT","RUN_TEXT_OR_SMALL_BINARY_EVIDENCE"
"M10A2","runs/M10A2/20260809_011000_build_attempt_6/LiNRR_M10A2_RuntimeInputs.class","","869","AD207836DB3DE13F3DCB0AE5D15D964E460D92D944265E4D3763E9095B3CCA40","EXCLUDED","BUILD_OR_SECURITY_CONFIGURATION_NOT_SCIENTIFIC_EVIDENCE"
"M10A2","runs/M10A2/20260809_011000_build_attempt_6/LiNRR_M10A2_RuntimeInputs.java","archive/M10A2/20260809_011000_build_attempt_6/LiNRR_M10A2_RuntimeInputs.java","678","19DB634F806AB96487516FF06BF096FD8D0323DE15EFE5C708B99E3A9CB3ACDC","GIT","RUN_TEXT_OR_SMALL_BINARY_EVIDENCE"
"M10A2","runs/M10A2/20260809_011000_build_attempt_6/M10A2.log","archive/M10A2/20260809_011000_build_attempt_6/M10A2.log","11804","0C49D8C0F30116CB86994529B2E140FA039A04C1626A20E6CF21096F92382EDC","GIT","FULL_COMSOL_BATCH_LOG"
"M10A2","runs/M10A2/20260809_011000_build_attempt_6/main_compile.txt","archive/M10A2/20260809_011000_build_attempt_6/main_compile.txt","0","E3B0C44298FC1C149AFBF4C8996FB92427AE41E4649B934CA495991B7852B855","GIT","RUN_TEXT_OR_SMALL_BINARY_EVIDENCE"
"M10A2","runs/M10A2/20260809_011000_build_attempt_6/pid.txt","archive/M10A2/20260809_011000_build_attempt_6/pid.txt","7","DA7BB9B98652774C45DB4458A772B2D540247C377EE519A622507D6E80630616","GIT","RUN_TEXT_OR_SMALL_BINARY_EVIDENCE"
"M10A2","runs/M10A2/20260809_011000_build_attempt_6/runtime_compile.txt","archive/M10A2/20260809_011000_build_attempt_6/runtime_compile.txt","0","E3B0C44298FC1C149AFBF4C8996FB92427AE41E4649B934CA495991B7852B855","GIT","RUN_TEXT_OR_SMALL_BINARY_EVIDENCE"
"M10A2","runs/M10A2/20260809_011000_build_attempt_6/stderr.txt","archive/M10A2/20260809_011000_build_attempt_6/stderr.txt","0","E3B0C44298FC1C149AFBF4C8996FB92427AE41E4649B934CA495991B7852B855","GIT","RUN_TEXT_OR_SMALL_BINARY_EVIDENCE"
"M10A2","runs/M10A2/20260809_011000_build_attempt_6/stdout.txt","archive/M10A2/20260809_011000_build_attempt_6/stdout.txt","233","DEE88084F2C14B19011947C6AB4A096F829B125641EC65D79445A026F3C3D47A","GIT","RUN_TEXT_OR_SMALL_BINARY_EVIDENCE"
"M10A2","runs/M10A2/20260809_011500_build_attempt_7/LiNRR_M10A2_RuntimeInputs.class","","869","4C1DFE6F2A56D2D43805507060684AF14A484E57AD2C78E2576662A092A1D31A","EXCLUDED","BUILD_OR_SECURITY_CONFIGURATION_NOT_SCIENTIFIC_EVIDENCE"
"M10A2","runs/M10A2/20260809_011500_build_attempt_7/LiNRR_M10A2_RuntimeInputs.java","archive/M10A2/20260809_011500_build_attempt_7/LiNRR_M10A2_RuntimeInputs.java","678","AFE849EF303E066A778FEF2917807EE08AA2C2D3CC20F19A0DD980013E48E972","GIT","RUN_TEXT_OR_SMALL_BINARY_EVIDENCE"
"M10A2","runs/M10A2/20260809_011500_build_attempt_7/M10A2.log","archive/M10A2/20260809_011500_build_attempt_7/M10A2.log","14624","E8CCB9852CF9C11E1FBE27F19EDDC2D0CE4C053032310188F92EA18939A322D4","GIT","FULL_COMSOL_BATCH_LOG"
"M10A2","runs/M10A2/20260809_011500_build_attempt_7/main_compile.txt","archive/M10A2/20260809_011500_build_attempt_7/main_compile.txt","0","E3B0C44298FC1C149AFBF4C8996FB92427AE41E4649B934CA495991B7852B855","GIT","RUN_TEXT_OR_SMALL_BINARY_EVIDENCE"
"M10A2","runs/M10A2/20260809_011500_build_attempt_7/pid.txt","archive/M10A2/20260809_011500_build_attempt_7/pid.txt","7","8A5EA9CE930C7093084CB951DAEAB9E5C0ADD23133112D60F18B7C5647566252","GIT","RUN_TEXT_OR_SMALL_BINARY_EVIDENCE"
"M10A2","runs/M10A2/20260809_011500_build_attempt_7/runtime_compile.txt","archive/M10A2/20260809_011500_build_attempt_7/runtime_compile.txt","0","E3B0C44298FC1C149AFBF4C8996FB92427AE41E4649B934CA495991B7852B855","GIT","RUN_TEXT_OR_SMALL_BINARY_EVIDENCE"
"M10A2","runs/M10A2/20260809_011500_build_attempt_7/stderr.txt","archive/M10A2/20260809_011500_build_attempt_7/stderr.txt","0","E3B0C44298FC1C149AFBF4C8996FB92427AE41E4649B934CA495991B7852B855","GIT","RUN_TEXT_OR_SMALL_BINARY_EVIDENCE"
"M10A2","runs/M10A2/20260809_011500_build_attempt_7/stdout.txt","archive/M10A2/20260809_011500_build_attempt_7/stdout.txt","517","8F5F31B7B889AFFACDC683AB21BF7D0CED809C35EF48FA2B69C93D94E6AE8AC5","GIT","RUN_TEXT_OR_SMALL_BINARY_EVIDENCE"
"M10A2","runs/M10A2/20260809_012000_build_attempt_8/LiNRR_M10A2_RuntimeInputs.class","","869","65C2A33C4A2CDFA35B93E86D080EBC58175ABBE3143D0EAC743F6404EBACF1D0","EXCLUDED","BUILD_OR_SECURITY_CONFIGURATION_NOT_SCIENTIFIC_EVIDENCE"
"M10A2","runs/M10A2/20260809_012000_build_attempt_8/LiNRR_M10A2_RuntimeInputs.java","archive/M10A2/20260809_012000_build_attempt_8/LiNRR_M10A2_RuntimeInputs.java","678","FD1BB7BD1F8166A5091B764FEF5EAA9515DEB6C38690C83E56138F24EC1C4460","GIT","RUN_TEXT_OR_SMALL_BINARY_EVIDENCE"
"M10A2","runs/M10A2/20260809_012000_build_attempt_8/M10A2.log","archive/M10A2/20260809_012000_build_attempt_8/M10A2.log","14740","94CFF83677080E01875F40D38129848356C46B39A2FD70E31E13FA1CF91EEF29","GIT","FULL_COMSOL_BATCH_LOG"
"M10A2","runs/M10A2/20260809_012000_build_attempt_8/M10A2_checkpoint_h2.mph","archive/M10A2/20260809_012000_build_attempt_8/M10A2_checkpoint_h2.mph","91253357","EE9486C3E52046E7022D84E8B8B6B5C342460FF31961277D4F3B9CD27C86A096","GIT_LFS","FAILED_OR_INTERMEDIATE_COMSOL_RUN_EVIDENCE"
"M10A2","runs/M10A2/20260809_012000_build_attempt_8/main_compile.txt","archive/M10A2/20260809_012000_build_attempt_8/main_compile.txt","0","E3B0C44298FC1C149AFBF4C8996FB92427AE41E4649B934CA495991B7852B855","GIT","RUN_TEXT_OR_SMALL_BINARY_EVIDENCE"
"M10A2","runs/M10A2/20260809_012000_build_attempt_8/pid.txt","archive/M10A2/20260809_012000_build_attempt_8/pid.txt","7","21DD9222385CE875DC3003BC22124D7A13F43B72DB5CB212E7D29AFFF473ACF4","GIT","RUN_TEXT_OR_SMALL_BINARY_EVIDENCE"
"M10A2","runs/M10A2/20260809_012000_build_attempt_8/runtime_compile.txt","archive/M10A2/20260809_012000_build_attempt_8/runtime_compile.txt","0","E3B0C44298FC1C149AFBF4C8996FB92427AE41E4649B934CA495991B7852B855","GIT","RUN_TEXT_OR_SMALL_BINARY_EVIDENCE"
"M10A2","runs/M10A2/20260809_012000_build_attempt_8/stderr.txt","archive/M10A2/20260809_012000_build_attempt_8/stderr.txt","0","E3B0C44298FC1C149AFBF4C8996FB92427AE41E4649B934CA495991B7852B855","GIT","RUN_TEXT_OR_SMALL_BINARY_EVIDENCE"
"M10A2","runs/M10A2/20260809_012000_build_attempt_8/stdout.txt","archive/M10A2/20260809_012000_build_attempt_8/stdout.txt","548","8A2A6EBF793BA02554C177C351D062F0C392441E3E9D021E2BF2371C2356EFE3","GIT","RUN_TEXT_OR_SMALL_BINARY_EVIDENCE"
"M10A2","runs/M10A2/20260809_012500_build_attempt_9/LiNRR_M10A2_RuntimeInputs.class","","861","ED7FE6CB123091076F0805628D36D3CED5A7658BC83FCCB469C24EB138C34C69","EXCLUDED","BUILD_OR_SECURITY_CONFIGURATION_NOT_SCIENTIFIC_EVIDENCE"
"M10A2","runs/M10A2/20260809_012500_build_attempt_9/LiNRR_M10A2_RuntimeInputs.java","archive/M10A2/20260809_012500_build_attempt_9/LiNRR_M10A2_RuntimeInputs.java","670","9CEDFACA6C42579D7B647E4892B1A40C3596AAA83F9AC4510C948DB6C86E6935","GIT","RUN_TEXT_OR_SMALL_BINARY_EVIDENCE"
"M10A2","runs/M10A2/20260809_012500_build_attempt_9/M10A2.log","archive/M10A2/20260809_012500_build_attempt_9/M10A2.log","4197","DA2A608FB57EA58129CDBDD120E296DDADFAEFEA4991EEFCB2012717E8C131AF","GIT","FULL_COMSOL_BATCH_LOG"
"M10A2","runs/M10A2/20260809_012500_build_attempt_9/main_compile.txt","archive/M10A2/20260809_012500_build_attempt_9/main_compile.txt","0","E3B0C44298FC1C149AFBF4C8996FB92427AE41E4649B934CA495991B7852B855","GIT","RUN_TEXT_OR_SMALL_BINARY_EVIDENCE"
"M10A2","runs/M10A2/20260809_012500_build_attempt_9/pid.txt","archive/M10A2/20260809_012500_build_attempt_9/pid.txt","7","025442E35FE0F9007EC4ACE0F8B58CE0B733514979F095A6AB47B094B032D491","GIT","RUN_TEXT_OR_SMALL_BINARY_EVIDENCE"
"M10A2","runs/M10A2/20260809_012500_build_attempt_9/runtime_compile.txt","archive/M10A2/20260809_012500_build_attempt_9/runtime_compile.txt","0","E3B0C44298FC1C149AFBF4C8996FB92427AE41E4649B934CA495991B7852B855","GIT","RUN_TEXT_OR_SMALL_BINARY_EVIDENCE"
"M10A2","runs/M10A2/20260809_012500_build_attempt_9/stderr.txt","archive/M10A2/20260809_012500_build_attempt_9/stderr.txt","0","E3B0C44298FC1C149AFBF4C8996FB92427AE41E4649B934CA495991B7852B855","GIT","RUN_TEXT_OR_SMALL_BINARY_EVIDENCE"
"M10A2","runs/M10A2/20260809_012500_build_attempt_9/stdout.txt","archive/M10A2/20260809_012500_build_attempt_9/stdout.txt","472","80BB9332B599DD02D29B1E65DE4C18A499312628A71A1329930EB1DE347C5895","GIT","RUN_TEXT_OR_SMALL_BINARY_EVIDENCE"
"M10A2","runs/M10A2/20260809_013000_build_attempt_10/LiNRR_M10A2_RuntimeInputs.class","","862","D2B27A67EEFBA737547EBE0C4124327D6E798FC8DD4A923C7F1AEEF2DBDD0363","EXCLUDED","BUILD_OR_SECURITY_CONFIGURATION_NOT_SCIENTIFIC_EVIDENCE"
"M10A2","runs/M10A2/20260809_013000_build_attempt_10/LiNRR_M10A2_RuntimeInputs.java","archive/M10A2/20260809_013000_build_attempt_10/LiNRR_M10A2_RuntimeInputs.java","671","744A467B8F632B4AB7575958BADFD81A5523650580E7BDF7E49AC9D8CECDA1CF","GIT","RUN_TEXT_OR_SMALL_BINARY_EVIDENCE"
"M10A2","runs/M10A2/20260809_013000_build_attempt_10/M10A2.log","archive/M10A2/20260809_013000_build_attempt_10/M10A2.log","4395","2FB0913D1E56A59F2934B0706F9050BF388833C02A8F99D6D47ADAE1A1A77348","GIT","FULL_COMSOL_BATCH_LOG"
"M10A2","runs/M10A2/20260809_013000_build_attempt_10/main_compile.txt","archive/M10A2/20260809_013000_build_attempt_10/main_compile.txt","0","E3B0C44298FC1C149AFBF4C8996FB92427AE41E4649B934CA495991B7852B855","GIT","RUN_TEXT_OR_SMALL_BINARY_EVIDENCE"
"M10A2","runs/M10A2/20260809_013000_build_attempt_10/pid.txt","archive/M10A2/20260809_013000_build_attempt_10/pid.txt","7","E47EE7E0DCBF1A4938CAEAB0C49E236F5E471C8139B7D3B3A1C3C95B75A06CB8","GIT","RUN_TEXT_OR_SMALL_BINARY_EVIDENCE"
"M10A2","runs/M10A2/20260809_013000_build_attempt_10/runtime_compile.txt","archive/M10A2/20260809_013000_build_attempt_10/runtime_compile.txt","0","E3B0C44298FC1C149AFBF4C8996FB92427AE41E4649B934CA495991B7852B855","GIT","RUN_TEXT_OR_SMALL_BINARY_EVIDENCE"
"M10A2","runs/M10A2/20260809_013000_build_attempt_10/stderr.txt","archive/M10A2/20260809_013000_build_attempt_10/stderr.txt","0","E3B0C44298FC1C149AFBF4C8996FB92427AE41E4649B934CA495991B7852B855","GIT","RUN_TEXT_OR_SMALL_BINARY_EVIDENCE"
"M10A2","runs/M10A2/20260809_013000_build_attempt_10/stdout.txt","archive/M10A2/20260809_013000_build_attempt_10/stdout.txt","472","80BB9332B599DD02D29B1E65DE4C18A499312628A71A1329930EB1DE347C5895","GIT","RUN_TEXT_OR_SMALL_BINARY_EVIDENCE"
"M10A2","runs/M10A2/20260809_014000_build_attempt_11/LiNRR_M10A2_RuntimeInputs.class","","862","DEDAEAC5DD91F333E9F061A1D7B9854599C0A51D113B5D93F2EC6A5B0C14A05C","EXCLUDED","BUILD_OR_SECURITY_CONFIGURATION_NOT_SCIENTIFIC_EVIDENCE"
"M10A2","runs/M10A2/20260809_014000_build_attempt_11/LiNRR_M10A2_RuntimeInputs.java","archive/M10A2/20260809_014000_build_attempt_11/LiNRR_M10A2_RuntimeInputs.java","671","5E9D1B221D36A9EBE452742C3843132D117BF11FBE003420920A4D9B4E5907A1","GIT","RUN_TEXT_OR_SMALL_BINARY_EVIDENCE"
"M10A2","runs/M10A2/20260809_014000_build_attempt_11/M10A2.log","archive/M10A2/20260809_014000_build_attempt_11/M10A2.log","28308","6E3D5D0D179DD131E3EE917630541F0F3698C54B3486F1C7E02795B15354BA07","GIT","FULL_COMSOL_BATCH_LOG"
"M10A2","runs/M10A2/20260809_014000_build_attempt_11/main_compile.txt","archive/M10A2/20260809_014000_build_attempt_11/main_compile.txt","0","E3B0C44298FC1C149AFBF4C8996FB92427AE41E4649B934CA495991B7852B855","GIT","RUN_TEXT_OR_SMALL_BINARY_EVIDENCE"
"M10A2","runs/M10A2/20260809_014000_build_attempt_11/pid.txt","archive/M10A2/20260809_014000_build_attempt_11/pid.txt","7","0A8BE406D2743A6EDF43AAD3E2A7B1B7656B1FFDE71FA13811BCEC5D78E8AB91","GIT","RUN_TEXT_OR_SMALL_BINARY_EVIDENCE"
"M10A2","runs/M10A2/20260809_014000_build_attempt_11/runtime_compile.txt","archive/M10A2/20260809_014000_build_attempt_11/runtime_compile.txt","0","E3B0C44298FC1C149AFBF4C8996FB92427AE41E4649B934CA495991B7852B855","GIT","RUN_TEXT_OR_SMALL_BINARY_EVIDENCE"
"M10A2","runs/M10A2/20260809_014000_build_attempt_11/stderr.txt","archive/M10A2/20260809_014000_build_attempt_11/stderr.txt","0","E3B0C44298FC1C149AFBF4C8996FB92427AE41E4649B934CA495991B7852B855","GIT","RUN_TEXT_OR_SMALL_BINARY_EVIDENCE"
"M10A2","runs/M10A2/20260809_014000_build_attempt_11/stdout.txt","archive/M10A2/20260809_014000_build_attempt_11/stdout.txt","1949","E8A22727165AE2ECF0E662F82F32831043919FF47AA8B837D2D5A8904F3929A1","GIT","RUN_TEXT_OR_SMALL_BINARY_EVIDENCE"
"M10A2","runs/M10A2/20260809_014500_build_attempt_12/LiNRR_M10A2_RuntimeInputs.class","","862","CDB8B124527C84358660C8DAE79C432E73A4CC66E9471309F8886FBD7231619E","EXCLUDED","BUILD_OR_SECURITY_CONFIGURATION_NOT_SCIENTIFIC_EVIDENCE"
"M10A2","runs/M10A2/20260809_014500_build_attempt_12/LiNRR_M10A2_RuntimeInputs.java","archive/M10A2/20260809_014500_build_attempt_12/LiNRR_M10A2_RuntimeInputs.java","671","BF48E6B226D403350A57FC53DD4D76FBCE05ED64756EDDE180591B68272F24F6","GIT","RUN_TEXT_OR_SMALL_BINARY_EVIDENCE"
"M10A2","runs/M10A2/20260809_014500_build_attempt_12/M10A2.log","archive/M10A2/20260809_014500_build_attempt_12/M10A2.log","73122","5482FD35CC2FD90DC7E22070A862BFEFDA115026941D791BF399E6C2D759A62A","GIT","FULL_COMSOL_BATCH_LOG"
"M10A2","runs/M10A2/20260809_014500_build_attempt_12/M10A2_checkpoint_porous.mph","archive/M10A2/20260809_014500_build_attempt_12/M10A2_checkpoint_porous.mph","391165082","8FF4F8C43EF5A117512DEAFE3A84A99FD61E03691BB5B18BE4AAFFD540037124","GIT_LFS","FAILED_OR_INTERMEDIATE_COMSOL_RUN_EVIDENCE"
"M10A2","runs/M10A2/20260809_014500_build_attempt_12/main_compile.txt","archive/M10A2/20260809_014500_build_attempt_12/main_compile.txt","0","E3B0C44298FC1C149AFBF4C8996FB92427AE41E4649B934CA495991B7852B855","GIT","RUN_TEXT_OR_SMALL_BINARY_EVIDENCE"
"M10A2","runs/M10A2/20260809_014500_build_attempt_12/pid.txt","archive/M10A2/20260809_014500_build_attempt_12/pid.txt","7","C48F4F8CDA83F1BF9AECF990A5E56C93E830BC843D8A2CC0D80BAC488DD16E00","GIT","RUN_TEXT_OR_SMALL_BINARY_EVIDENCE"
"M10A2","runs/M10A2/20260809_014500_build_attempt_12/runtime_compile.txt","archive/M10A2/20260809_014500_build_attempt_12/runtime_compile.txt","0","E3B0C44298FC1C149AFBF4C8996FB92427AE41E4649B934CA495991B7852B855","GIT","RUN_TEXT_OR_SMALL_BINARY_EVIDENCE"
"M10A2","runs/M10A2/20260809_014500_build_attempt_12/stderr.txt","archive/M10A2/20260809_014500_build_attempt_12/stderr.txt","0","E3B0C44298FC1C149AFBF4C8996FB92427AE41E4649B934CA495991B7852B855","GIT","RUN_TEXT_OR_SMALL_BINARY_EVIDENCE"
"M10A2","runs/M10A2/20260809_014500_build_attempt_12/stdout.txt","archive/M10A2/20260809_014500_build_attempt_12/stdout.txt","2441","45F78ABDF98ED82AA2C8DAAF0FE3B40938735E0D7E7B1B051B45FE4DD7D35108","GIT","RUN_TEXT_OR_SMALL_BINARY_EVIDENCE"
"M10A2","runs/M10A2/20260809_014500_build_attempt_19/LiNRR_M10A2_RuntimeInputs.class","","869","67BBC6EFBB54D18D45C9520EC256DE1D9B962317FED120E4548D93885248D108","EXCLUDED","BUILD_OR_SECURITY_CONFIGURATION_NOT_SCIENTIFIC_EVIDENCE"
"M10A2","runs/M10A2/20260809_014500_build_attempt_19/LiNRR_M10A2_RuntimeInputs.java","archive/M10A2/20260809_014500_build_attempt_19/LiNRR_M10A2_RuntimeInputs.java","678","89702E313FA1A6E494F85205F899490E93F542B51FDE6939530F63F82184734A","GIT","RUN_TEXT_OR_SMALL_BINARY_EVIDENCE"
"M10A2","runs/M10A2/20260809_014500_build_attempt_19/M10A2.log","archive/M10A2/20260809_014500_build_attempt_19/M10A2.log","8740","127ACBCAAF8CB8A2377CDAD12DBD07194BDAAF5D6F275C0F2309D7979C28DE70","GIT","FULL_COMSOL_BATCH_LOG"
"M10A2","runs/M10A2/20260809_014500_build_attempt_19/main_compile.txt","archive/M10A2/20260809_014500_build_attempt_19/main_compile.txt","0","E3B0C44298FC1C149AFBF4C8996FB92427AE41E4649B934CA495991B7852B855","GIT","RUN_TEXT_OR_SMALL_BINARY_EVIDENCE"
"M10A2","runs/M10A2/20260809_014500_build_attempt_19/pid.txt","archive/M10A2/20260809_014500_build_attempt_19/pid.txt","6","FC237A297FCF004700E3CBE96D655A6B72B3CB4F0F4C2882EFD885FD1EA420AD","GIT","RUN_TEXT_OR_SMALL_BINARY_EVIDENCE"
"M10A2","runs/M10A2/20260809_014500_build_attempt_19/runtime_compile.txt","archive/M10A2/20260809_014500_build_attempt_19/runtime_compile.txt","0","E3B0C44298FC1C149AFBF4C8996FB92427AE41E4649B934CA495991B7852B855","GIT","RUN_TEXT_OR_SMALL_BINARY_EVIDENCE"
"M10A2","runs/M10A2/20260809_014500_build_attempt_19/stderr.txt","archive/M10A2/20260809_014500_build_attempt_19/stderr.txt","0","E3B0C44298FC1C149AFBF4C8996FB92427AE41E4649B934CA495991B7852B855","GIT","RUN_TEXT_OR_SMALL_BINARY_EVIDENCE"
"M10A2","runs/M10A2/20260809_014500_build_attempt_19/stdout.txt","archive/M10A2/20260809_014500_build_attempt_19/stdout.txt","1469","CAD21A0B4D42768B2232CC9B4500538E11897DF25494BC0493CD4E1913DCAB71","GIT","RUN_TEXT_OR_SMALL_BINARY_EVIDENCE"
"M10A2","runs/M10A2/20260809_014634_ssc_pipe_wetting/LiNRR_M10A2_RuntimeInputs.class","","853","F6D5FB496F98346D523868E338191DA2D084C05A6DECC5B09D9A611BD027EBA0","EXCLUDED","BUILD_OR_SECURITY_CONFIGURATION_NOT_SCIENTIFIC_EVIDENCE"
"M10A2","runs/M10A2/20260809_014634_ssc_pipe_wetting/LiNRR_M10A2_RuntimeInputs.java","archive/M10A2/20260809_014634_ssc_pipe_wetting/LiNRR_M10A2_RuntimeInputs.java","660","E328D71098773A1BC7D953C947BD62F0893C8995B227ECB9D927B4769695C698","GIT","RUN_TEXT_OR_SMALL_BINARY_EVIDENCE"
"M10A2","runs/M10A2/20260809_014634_ssc_pipe_wetting/M10A2.log","archive/M10A2/20260809_014634_ssc_pipe_wetting/M10A2.log","46109","6ACDB05FC3678565D92936A64629984424383A90C3D3D5B370E2F2896873008A","GIT","FULL_COMSOL_BATCH_LOG"
"M10A2","runs/M10A2/20260809_014634_ssc_pipe_wetting/M10A2_checkpoint_real_flows.mph","archive/M10A2/20260809_014634_ssc_pipe_wetting/M10A2_checkpoint_real_flows.mph","70213981","A23037298CEB600698DFFB7E921AD1E41F34E6C0270E3222A83EFA52E779FCE7","GIT_LFS","FAILED_OR_INTERMEDIATE_COMSOL_RUN_EVIDENCE"
"M10A2","runs/M10A2/20260809_014634_ssc_pipe_wetting/M10A2_merged.txt","archive/M10A2/20260809_014634_ssc_pipe_wetting/M10A2_merged.txt","2113","8A94B0E01F3DFADE51553774AD6B0934A49DF98122C268BB27FE762F24CEC268","GIT","RUN_TEXT_OR_SMALL_BINARY_EVIDENCE"
"M10A2","runs/M10A2/20260809_014634_ssc_pipe_wetting/M10A2_stderr.txt","archive/M10A2/20260809_014634_ssc_pipe_wetting/M10A2_stderr.txt","0","E3B0C44298FC1C149AFBF4C8996FB92427AE41E4649B934CA495991B7852B855","GIT","RUN_TEXT_OR_SMALL_BINARY_EVIDENCE"
"M10A2","runs/M10A2/20260809_014634_ssc_pipe_wetting/M10A2_stdout.txt","archive/M10A2/20260809_014634_ssc_pipe_wetting/M10A2_stdout.txt","1508","63F50C7F9359593A935BFEE7891B337182DAC72E6529FDABCD96E2735C5794CC","GIT","RUN_TEXT_OR_SMALL_BINARY_EVIDENCE"
"M10A2","runs/M10A2/20260809_014634_ssc_pipe_wetting/main_compile_merged.txt","archive/M10A2/20260809_014634_ssc_pipe_wetting/main_compile_merged.txt","397","86F13E0269A973858F5350C72A3C58D262E64845A3C2C04EB8C058C6492E0E40","GIT","RUN_TEXT_OR_SMALL_BINARY_EVIDENCE"
"M10A2","runs/M10A2/20260809_014634_ssc_pipe_wetting/main_compile_stderr.txt","archive/M10A2/20260809_014634_ssc_pipe_wetting/main_compile_stderr.txt","0","E3B0C44298FC1C149AFBF4C8996FB92427AE41E4649B934CA495991B7852B855","GIT","RUN_TEXT_OR_SMALL_BINARY_EVIDENCE"
"M10A2","runs/M10A2/20260809_014634_ssc_pipe_wetting/main_compile_stdout.txt","archive/M10A2/20260809_014634_ssc_pipe_wetting/main_compile_stdout.txt","0","E3B0C44298FC1C149AFBF4C8996FB92427AE41E4649B934CA495991B7852B855","GIT","RUN_TEXT_OR_SMALL_BINARY_EVIDENCE"
"M10A2","runs/M10A2/20260809_014634_ssc_pipe_wetting/preexisting_LiNRR_M10A2_ssc_pipe_wetting.mph","archive/M10A2/20260809_014634_ssc_pipe_wetting/preexisting_LiNRR_M10A2_ssc_pipe_wetting.mph","550832673","CD1E603CDDB712125213DA1944B4EF36F33F96581BDB6F6335CEB43F1B3BAE3A","GIT_LFS","FAILED_OR_INTERMEDIATE_COMSOL_RUN_EVIDENCE"
"M10A2","runs/M10A2/20260809_014634_ssc_pipe_wetting/runtime_compile_merged.txt","archive/M10A2/20260809_014634_ssc_pipe_wetting/runtime_compile_merged.txt","429","F389297EA51E3981FAEB4FB618C601A44132F466ABA2AD102300FC0BFAFE2E77","GIT","RUN_TEXT_OR_SMALL_BINARY_EVIDENCE"
"M10A2","runs/M10A2/20260809_014634_ssc_pipe_wetting/runtime_compile_stderr.txt","archive/M10A2/20260809_014634_ssc_pipe_wetting/runtime_compile_stderr.txt","0","E3B0C44298FC1C149AFBF4C8996FB92427AE41E4649B934CA495991B7852B855","GIT","RUN_TEXT_OR_SMALL_BINARY_EVIDENCE"
"M10A2","runs/M10A2/20260809_014634_ssc_pipe_wetting/runtime_compile_stdout.txt","archive/M10A2/20260809_014634_ssc_pipe_wetting/runtime_compile_stdout.txt","0","E3B0C44298FC1C149AFBF4C8996FB92427AE41E4649B934CA495991B7852B855","GIT","RUN_TEXT_OR_SMALL_BINARY_EVIDENCE"
"M10A2","runs/M10A2/20260809_015010_ssc_pipe_wetting/LiNRR_M10A2_RuntimeInputs.class","","853","644FB5B9B9BA0BB792A20F2619952C7BBA62834E87EE38E30E424E92617455DB","EXCLUDED","BUILD_OR_SECURITY_CONFIGURATION_NOT_SCIENTIFIC_EVIDENCE"
"M10A2","runs/M10A2/20260809_015010_ssc_pipe_wetting/LiNRR_M10A2_RuntimeInputs.java","archive/M10A2/20260809_015010_ssc_pipe_wetting/LiNRR_M10A2_RuntimeInputs.java","660","0B9FB996EE766972C828C842AE238A5A45086659AC8BD2AA3BCCCAE6C33F2C40","GIT","RUN_TEXT_OR_SMALL_BINARY_EVIDENCE"
"M10A2","runs/M10A2/20260809_015010_ssc_pipe_wetting/M10A1_vs_M10A2_comparison.csv","archive/M10A2/20260809_015010_ssc_pipe_wetting/M10A1_vs_M10A2_comparison.csv","348","123EFE9B9B179EA550B53FC29225D20557C6D8AA550D7F52ADEF7A348E35760F","GIT","RUN_TEXT_OR_SMALL_BINARY_EVIDENCE"
"M10A2","runs/M10A2/20260809_015010_ssc_pipe_wetting/M10A2.log","archive/M10A2/20260809_015010_ssc_pipe_wetting/M10A2.log","122175","8C93973F8660FAB6736879A7A92AA5CAA43ACEED34F3EB2A646A65DEC6CAE969","GIT","FULL_COMSOL_BATCH_LOG"
"M10A2","runs/M10A2/20260809_015010_ssc_pipe_wetting/M10A2_checkpoint_h2.mph","archive/M10A2/20260809_015010_ssc_pipe_wetting/M10A2_checkpoint_h2.mph","91259118","17AEF0E1970AE1C312821497E9CDDF18A30F6A9F40608014B28D71D0398B6AFF","GIT_LFS","FAILED_OR_INTERMEDIATE_COMSOL_RUN_EVIDENCE"
"M10A2","runs/M10A2/20260809_015010_ssc_pipe_wetting/M10A2_checkpoint_porous.mph","archive/M10A2/20260809_015010_ssc_pipe_wetting/M10A2_checkpoint_porous.mph","391162910","929F912E91D97BAE12E8609EAC31AC1DB90709AECB6816304DB6469AD04D49E3","GIT_LFS","FAILED_OR_INTERMEDIATE_COMSOL_RUN_EVIDENCE"
"M10A2","runs/M10A2/20260809_015010_ssc_pipe_wetting/M10A2_checkpoint_real_flows.mph","archive/M10A2/20260809_015010_ssc_pipe_wetting/M10A2_checkpoint_real_flows.mph","70214726","3A95AF93A82E683F4B8CADED066EE7E8257838943511D19CFEDD158841EB8134","GIT_LFS","FAILED_OR_INTERMEDIATE_COMSOL_RUN_EVIDENCE"
"M10A2","runs/M10A2/20260809_015010_ssc_pipe_wetting/M10A2_checkpoint_transfer.mph","archive/M10A2/20260809_015010_ssc_pipe_wetting/M10A2_checkpoint_transfer.mph","550664828","5D79EE157744D79BB1D1272FD175743468C950535655E0860E48FF5CBCDD75E3","GIT_LFS","FAILED_OR_INTERMEDIATE_COMSOL_RUN_EVIDENCE"
"M10A2","runs/M10A2/20260809_015010_ssc_pipe_wetting/M10A2_checkpoint_wetting.mph","archive/M10A2/20260809_015010_ssc_pipe_wetting/M10A2_checkpoint_wetting.mph","471199886","7B80D9C9F6C3C5AA7A9B118F8B8C4B74813E13EC9902050410FEDF2E013AC71D","GIT_LFS","FAILED_OR_INTERMEDIATE_COMSOL_RUN_EVIDENCE"
"M10A2","runs/M10A2/20260809_015010_ssc_pipe_wetting/M10A2_merged.txt","archive/M10A2/20260809_015010_ssc_pipe_wetting/M10A2_merged.txt","8573","C181A8DD59EC04DBF79E0E3747EA8073EFB7A29122EBC4698FAFD91E88D8D667","GIT","RUN_TEXT_OR_SMALL_BINARY_EVIDENCE"
"M10A2","runs/M10A2/20260809_015010_ssc_pipe_wetting/M10A2_numerical_audit.csv","archive/M10A2/20260809_015010_ssc_pipe_wetting/M10A2_numerical_audit.csv","2420","370AB2CB88B8E3648DF5DEF1C5FAF8D98D5D1F848BF8E2EBB66F6F5297C4837D","GIT","RUN_TEXT_OR_SMALL_BINARY_EVIDENCE"
"M10A2","runs/M10A2/20260809_015010_ssc_pipe_wetting/M10A2_report.md","archive/M10A2/20260809_015010_ssc_pipe_wetting/M10A2_report.md","1216","A2E2B160A3E2A3D96C585F7E153BAFF750C1B19E0B2302C09948017B107407F6","GIT","RUN_TEXT_OR_SMALL_BINARY_EVIDENCE"
"M10A2","runs/M10A2/20260809_015010_ssc_pipe_wetting/M10A2_stderr.txt","archive/M10A2/20260809_015010_ssc_pipe_wetting/M10A2_stderr.txt","0","E3B0C44298FC1C149AFBF4C8996FB92427AE41E4649B934CA495991B7852B855","GIT","RUN_TEXT_OR_SMALL_BINARY_EVIDENCE"
"M10A2","runs/M10A2/20260809_015010_ssc_pipe_wetting/M10A2_stdout.txt","archive/M10A2/20260809_015010_ssc_pipe_wetting/M10A2_stdout.txt","7968","9560913B428540CAE5F6A9DC579CDC19C8D952719423B6DB06E348A579292440","GIT","RUN_TEXT_OR_SMALL_BINARY_EVIDENCE"
"M10A2","runs/M10A2/20260809_015010_ssc_pipe_wetting/main_compile_merged.txt","archive/M10A2/20260809_015010_ssc_pipe_wetting/main_compile_merged.txt","397","BFCC6D6FF32B27D940B8100A9EFF78245C66497C996EB5D87E1FB5D5F2FEC9A6","GIT","RUN_TEXT_OR_SMALL_BINARY_EVIDENCE"
"M10A2","runs/M10A2/20260809_015010_ssc_pipe_wetting/main_compile_stderr.txt","archive/M10A2/20260809_015010_ssc_pipe_wetting/main_compile_stderr.txt","0","E3B0C44298FC1C149AFBF4C8996FB92427AE41E4649B934CA495991B7852B855","GIT","RUN_TEXT_OR_SMALL_BINARY_EVIDENCE"
"M10A2","runs/M10A2/20260809_015010_ssc_pipe_wetting/main_compile_stdout.txt","archive/M10A2/20260809_015010_ssc_pipe_wetting/main_compile_stdout.txt","0","E3B0C44298FC1C149AFBF4C8996FB92427AE41E4649B934CA495991B7852B855","GIT","RUN_TEXT_OR_SMALL_BINARY_EVIDENCE"
"M10A2","runs/M10A2/20260809_015010_ssc_pipe_wetting/runtime_compile_merged.txt","archive/M10A2/20260809_015010_ssc_pipe_wetting/runtime_compile_merged.txt","429","11CA51C0D1EE6A238E8C4525A552E7D0B8F4AC28503C356DE954920AB26E5B91","GIT","RUN_TEXT_OR_SMALL_BINARY_EVIDENCE"
"M10A2","runs/M10A2/20260809_015010_ssc_pipe_wetting/runtime_compile_stderr.txt","archive/M10A2/20260809_015010_ssc_pipe_wetting/runtime_compile_stderr.txt","0","E3B0C44298FC1C149AFBF4C8996FB92427AE41E4649B934CA495991B7852B855","GIT","RUN_TEXT_OR_SMALL_BINARY_EVIDENCE"
"M10A2","runs/M10A2/20260809_015010_ssc_pipe_wetting/runtime_compile_stdout.txt","archive/M10A2/20260809_015010_ssc_pipe_wetting/runtime_compile_stdout.txt","0","E3B0C44298FC1C149AFBF4C8996FB92427AE41E4649B934CA495991B7852B855","GIT","RUN_TEXT_OR_SMALL_BINARY_EVIDENCE"
"M10A2","runs/M10A2/20260809_020000_build_attempt_13/LiNRR_M10A2_RuntimeInputs.class","","867","D08A74B11508E857EDE269FDC95BD4DD1A102393D923FDAAA805CDBCB257CE20","EXCLUDED","BUILD_OR_SECURITY_CONFIGURATION_NOT_SCIENTIFIC_EVIDENCE"
"M10A2","runs/M10A2/20260809_020000_build_attempt_13/LiNRR_M10A2_RuntimeInputs.java","archive/M10A2/20260809_020000_build_attempt_13/LiNRR_M10A2_RuntimeInputs.java","676","B2CC1903CBFB1B6C3913CFD04FB1E4ECA392A08022836543215E83094344D859","GIT","RUN_TEXT_OR_SMALL_BINARY_EVIDENCE"
"M10A2","runs/M10A2/20260809_020000_build_attempt_13/M10A2.log","archive/M10A2/20260809_020000_build_attempt_13/M10A2.log","110184","B1EB46660A707F7D92532CB6615CB62A59DF6358B9D9314DB8315D55AE360BC2","GIT","FULL_COMSOL_BATCH_LOG"
"M10A2","runs/M10A2/20260809_020000_build_attempt_13/main_compile.txt","archive/M10A2/20260809_020000_build_attempt_13/main_compile.txt","0","E3B0C44298FC1C149AFBF4C8996FB92427AE41E4649B934CA495991B7852B855","GIT","RUN_TEXT_OR_SMALL_BINARY_EVIDENCE"
"M10A2","runs/M10A2/20260809_020000_build_attempt_13/pid.txt","archive/M10A2/20260809_020000_build_attempt_13/pid.txt","7","2B6E156743413856F2C0A368B353E2167DF8425BE3768E3F4EDBEF0F4A7B8437","GIT","RUN_TEXT_OR_SMALL_BINARY_EVIDENCE"
"M10A2","runs/M10A2/20260809_020000_build_attempt_13/runtime_compile.txt","archive/M10A2/20260809_020000_build_attempt_13/runtime_compile.txt","0","E3B0C44298FC1C149AFBF4C8996FB92427AE41E4649B934CA495991B7852B855","GIT","RUN_TEXT_OR_SMALL_BINARY_EVIDENCE"
"M10A2","runs/M10A2/20260809_020000_build_attempt_13/stderr.txt","archive/M10A2/20260809_020000_build_attempt_13/stderr.txt","0","E3B0C44298FC1C149AFBF4C8996FB92427AE41E4649B934CA495991B7852B855","GIT","RUN_TEXT_OR_SMALL_BINARY_EVIDENCE"
"M10A2","runs/M10A2/20260809_020000_build_attempt_13/stdout.txt","archive/M10A2/20260809_020000_build_attempt_13/stdout.txt","872","E1339B8A0D20324592B9A751EE67F5700FE255BE9418432C347E91213FB32A16","GIT","RUN_TEXT_OR_SMALL_BINARY_EVIDENCE"
"M10A2","runs/M10A2/20260809_020658_ssc_pipe_wetting/LiNRR_M10A2_RuntimeInputs.class","","853","8C308AF0FA45866C66F211341A3C1F467EA21493A518D741F20A974F5D888DD7","EXCLUDED","BUILD_OR_SECURITY_CONFIGURATION_NOT_SCIENTIFIC_EVIDENCE"
"M10A2","runs/M10A2/20260809_020658_ssc_pipe_wetting/LiNRR_M10A2_RuntimeInputs.java","archive/M10A2/20260809_020658_ssc_pipe_wetting/LiNRR_M10A2_RuntimeInputs.java","660","3A692EDC3D7AA5451542C22C79D4A4447ED6A5D5A4587397FF4E4FB558EB7B93","GIT","RUN_TEXT_OR_SMALL_BINARY_EVIDENCE"
"M10A2","runs/M10A2/20260809_020658_ssc_pipe_wetting/M10A1_vs_M10A2_comparison.csv","archive/M10A2/20260809_020658_ssc_pipe_wetting/M10A1_vs_M10A2_comparison.csv","367","FDCB531A218303085E482F0237D2B260BBBE734C6F2868115678A7D98A705B49","GIT","RUN_TEXT_OR_SMALL_BINARY_EVIDENCE"
"M10A2","runs/M10A2/20260809_020658_ssc_pipe_wetting/M10A2.log","archive/M10A2/20260809_020658_ssc_pipe_wetting/M10A2.log","122267","1C71EA3EEBA8F01AF0A88B9FB6ED13A764906576C86E04C5938769A7CDF65A1A","GIT","FULL_COMSOL_BATCH_LOG"
"M10A2","runs/M10A2/20260809_020658_ssc_pipe_wetting/M10A2_checkpoint_h2.mph","archive/M10A2/20260809_020658_ssc_pipe_wetting/M10A2_checkpoint_h2.mph","91263466","7813BA49EF2C96F3521DC36F6835154020C07F7CA71C1F24F5D71CA6FFEDBB5B","GIT_LFS","FAILED_OR_INTERMEDIATE_COMSOL_RUN_EVIDENCE"
"M10A2","runs/M10A2/20260809_020658_ssc_pipe_wetting/M10A2_checkpoint_porous.mph","archive/M10A2/20260809_020658_ssc_pipe_wetting/M10A2_checkpoint_porous.mph","391180989","245BCFE5A77C1AE27A15417BC153E92A5A19CAA27CF46DFBE0ED49D2EAF99658","GIT_LFS","FAILED_OR_INTERMEDIATE_COMSOL_RUN_EVIDENCE"
"M10A2","runs/M10A2/20260809_020658_ssc_pipe_wetting/M10A2_checkpoint_real_flows.mph","archive/M10A2/20260809_020658_ssc_pipe_wetting/M10A2_checkpoint_real_flows.mph","70217733","B7F718F66F6FFC68DA615181487CAD225782B6E066352A941AFF384AA961C53A","GIT_LFS","FAILED_OR_INTERMEDIATE_COMSOL_RUN_EVIDENCE"
"M10A2","runs/M10A2/20260809_020658_ssc_pipe_wetting/M10A2_checkpoint_transfer.mph","archive/M10A2/20260809_020658_ssc_pipe_wetting/M10A2_checkpoint_transfer.mph","550693400","B4FBDB0EC19410B1A9999EBCFD209476EDE9268D44FE03302BD0E923D3977C03","GIT_LFS","FAILED_OR_INTERMEDIATE_COMSOL_RUN_EVIDENCE"
"M10A2","runs/M10A2/20260809_020658_ssc_pipe_wetting/M10A2_checkpoint_wetting.mph","archive/M10A2/20260809_020658_ssc_pipe_wetting/M10A2_checkpoint_wetting.mph","471222652","49F324C4D74FF338D35B13D139BD20A319238BF125A4A1B416186679173CCC69","GIT_LFS","FAILED_OR_INTERMEDIATE_COMSOL_RUN_EVIDENCE"
"M10A2","runs/M10A2/20260809_020658_ssc_pipe_wetting/M10A2_merged.txt","archive/M10A2/20260809_020658_ssc_pipe_wetting/M10A2_merged.txt","9011","6388BFEA77A877D90A9EE3BD0EE80E268FA9AE484A66BCA2FDA11FCAC7EF0B77","GIT","RUN_TEXT_OR_SMALL_BINARY_EVIDENCE"
"M10A2","runs/M10A2/20260809_020658_ssc_pipe_wetting/M10A2_numerical_audit.csv","archive/M10A2/20260809_020658_ssc_pipe_wetting/M10A2_numerical_audit.csv","2761","BF16C7CC16AE17158D6778E16E55C687ACD504ED8418CFE9CBA8D95C84670207","GIT","RUN_TEXT_OR_SMALL_BINARY_EVIDENCE"
"M10A2","runs/M10A2/20260809_020658_ssc_pipe_wetting/M10A2_report.md","archive/M10A2/20260809_020658_ssc_pipe_wetting/M10A2_report.md","1569","E5F3998AD1444FD1949B3E0BC8AB2CDDD5A09CD12EC188BB874E884219925537","GIT","RUN_TEXT_OR_SMALL_BINARY_EVIDENCE"
"M10A2","runs/M10A2/20260809_020658_ssc_pipe_wetting/M10A2_stderr.txt","archive/M10A2/20260809_020658_ssc_pipe_wetting/M10A2_stderr.txt","0","E3B0C44298FC1C149AFBF4C8996FB92427AE41E4649B934CA495991B7852B855","GIT","RUN_TEXT_OR_SMALL_BINARY_EVIDENCE"
"M10A2","runs/M10A2/20260809_020658_ssc_pipe_wetting/M10A2_stdout.txt","archive/M10A2/20260809_020658_ssc_pipe_wetting/M10A2_stdout.txt","8406","D86FA6179582AEBEA28343884F13541B606798EB4B6763E0443444BBA9098357","GIT","RUN_TEXT_OR_SMALL_BINARY_EVIDENCE"
"M10A2","runs/M10A2/20260809_020658_ssc_pipe_wetting/main_compile_merged.txt","archive/M10A2/20260809_020658_ssc_pipe_wetting/main_compile_merged.txt","397","D3312B857406F82D52E6ABA478E783E0BD79658F2ACD7B7EECADE7D75A5FC254","GIT","RUN_TEXT_OR_SMALL_BINARY_EVIDENCE"
"M10A2","runs/M10A2/20260809_020658_ssc_pipe_wetting/main_compile_stderr.txt","archive/M10A2/20260809_020658_ssc_pipe_wetting/main_compile_stderr.txt","0","E3B0C44298FC1C149AFBF4C8996FB92427AE41E4649B934CA495991B7852B855","GIT","RUN_TEXT_OR_SMALL_BINARY_EVIDENCE"
"M10A2","runs/M10A2/20260809_020658_ssc_pipe_wetting/main_compile_stdout.txt","archive/M10A2/20260809_020658_ssc_pipe_wetting/main_compile_stdout.txt","0","E3B0C44298FC1C149AFBF4C8996FB92427AE41E4649B934CA495991B7852B855","GIT","RUN_TEXT_OR_SMALL_BINARY_EVIDENCE"
"M10A2","runs/M10A2/20260809_020658_ssc_pipe_wetting/preexisting_LiNRR_M10A2_ssc_pipe_wetting.mph","archive/M10A2/20260809_020658_ssc_pipe_wetting/preexisting_LiNRR_M10A2_ssc_pipe_wetting.mph","550827335","61237ECCC417234F6EE30C171BB347C1314281D3A67EC37C064D65C3C2BC6A33","GIT_LFS","FAILED_OR_INTERMEDIATE_COMSOL_RUN_EVIDENCE"
"M10A2","runs/M10A2/20260809_020658_ssc_pipe_wetting/runtime_compile_merged.txt","archive/M10A2/20260809_020658_ssc_pipe_wetting/runtime_compile_merged.txt","429","F30272D62F3AB65C6EB5E21A49EE873E52BA66B658722AD10D6EFB3B57FAE76D","GIT","RUN_TEXT_OR_SMALL_BINARY_EVIDENCE"
"M10A2","runs/M10A2/20260809_020658_ssc_pipe_wetting/runtime_compile_stderr.txt","archive/M10A2/20260809_020658_ssc_pipe_wetting/runtime_compile_stderr.txt","0","E3B0C44298FC1C149AFBF4C8996FB92427AE41E4649B934CA495991B7852B855","GIT","RUN_TEXT_OR_SMALL_BINARY_EVIDENCE"
"M10A2","runs/M10A2/20260809_020658_ssc_pipe_wetting/runtime_compile_stdout.txt","archive/M10A2/20260809_020658_ssc_pipe_wetting/runtime_compile_stdout.txt","0","E3B0C44298FC1C149AFBF4C8996FB92427AE41E4649B934CA495991B7852B855","GIT","RUN_TEXT_OR_SMALL_BINARY_EVIDENCE"
"M10A2","runs/M10A2/20260809_022500_build_attempt_14/LiNRR_M10A2_RuntimeInputs.class","","867","56CDC4C4A509B72D4DE4AF41F6BB80E54EEB56D7E9AB716122C289401FB31087","EXCLUDED","BUILD_OR_SECURITY_CONFIGURATION_NOT_SCIENTIFIC_EVIDENCE"
"M10A2","runs/M10A2/20260809_022500_build_attempt_14/LiNRR_M10A2_RuntimeInputs.java","archive/M10A2/20260809_022500_build_attempt_14/LiNRR_M10A2_RuntimeInputs.java","676","428F370863D0DA3792E13598D1967ED18ACB66B648B4681022BE55D01C5A5CD0","GIT","RUN_TEXT_OR_SMALL_BINARY_EVIDENCE"
"M10A2","runs/M10A2/20260809_022500_build_attempt_14/M10A2.log","archive/M10A2/20260809_022500_build_attempt_14/M10A2.log","72341","85227A522BAB0F3CCA2D9C8ADD416F9131DA55548545397C0C3F64D0A9689F8C","GIT","FULL_COMSOL_BATCH_LOG"
"M10A2","runs/M10A2/20260809_022500_build_attempt_14/main_compile.txt","archive/M10A2/20260809_022500_build_attempt_14/main_compile.txt","0","E3B0C44298FC1C149AFBF4C8996FB92427AE41E4649B934CA495991B7852B855","GIT","RUN_TEXT_OR_SMALL_BINARY_EVIDENCE"
"M10A2","runs/M10A2/20260809_022500_build_attempt_14/pid.txt","archive/M10A2/20260809_022500_build_attempt_14/pid.txt","7","23D3716B8799DBBBEC9C284FD52142048E857930D1C21F050548E8A4DA48BCF4","GIT","RUN_TEXT_OR_SMALL_BINARY_EVIDENCE"
"M10A2","runs/M10A2/20260809_022500_build_attempt_14/runtime_compile.txt","archive/M10A2/20260809_022500_build_attempt_14/runtime_compile.txt","0","E3B0C44298FC1C149AFBF4C8996FB92427AE41E4649B934CA495991B7852B855","GIT","RUN_TEXT_OR_SMALL_BINARY_EVIDENCE"
"M10A2","runs/M10A2/20260809_022500_build_attempt_14/stderr.txt","archive/M10A2/20260809_022500_build_attempt_14/stderr.txt","0","E3B0C44298FC1C149AFBF4C8996FB92427AE41E4649B934CA495991B7852B855","GIT","RUN_TEXT_OR_SMALL_BINARY_EVIDENCE"
"M10A2","runs/M10A2/20260809_022500_build_attempt_14/stdout.txt","archive/M10A2/20260809_022500_build_attempt_14/stdout.txt","990","B9640B8556CB401A317336CED3341568CFB99E284CEAFF485A58E3D932066140","GIT","RUN_TEXT_OR_SMALL_BINARY_EVIDENCE"
"M10A2","runs/M10A2/20260809_023000_build_attempt_15/LiNRR_M10A2_RuntimeInputs.class","","867","1544E64DB962DAF5B3DA8BD6D447EC06C8364D0C05C5EE357C5C355E3D7F0061","EXCLUDED","BUILD_OR_SECURITY_CONFIGURATION_NOT_SCIENTIFIC_EVIDENCE"
"M10A2","runs/M10A2/20260809_023000_build_attempt_15/LiNRR_M10A2_RuntimeInputs.java","archive/M10A2/20260809_023000_build_attempt_15/LiNRR_M10A2_RuntimeInputs.java","676","2DB85199E9D3F45E159DE79D5FBB3556F441AF392D71FF133F5E978845EB9CFA","GIT","RUN_TEXT_OR_SMALL_BINARY_EVIDENCE"
"M10A2","runs/M10A2/20260809_023000_build_attempt_15/M10A2.log","archive/M10A2/20260809_023000_build_attempt_15/M10A2.log","42443","68A76097D996FBF7BF7C58A5B277C959516D021C111E5DD304FC4FD6B7483B43","GIT","FULL_COMSOL_BATCH_LOG"
"M10A2","runs/M10A2/20260809_023000_build_attempt_15/main_compile.txt","archive/M10A2/20260809_023000_build_attempt_15/main_compile.txt","0","E3B0C44298FC1C149AFBF4C8996FB92427AE41E4649B934CA495991B7852B855","GIT","RUN_TEXT_OR_SMALL_BINARY_EVIDENCE"
"M10A2","runs/M10A2/20260809_023000_build_attempt_15/pid.txt","archive/M10A2/20260809_023000_build_attempt_15/pid.txt","7","364C29768C628A66557A521F980DA8EB99821F3FC662265CE0EB855E19F16A22","GIT","RUN_TEXT_OR_SMALL_BINARY_EVIDENCE"
"M10A2","runs/M10A2/20260809_023000_build_attempt_15/runtime_compile.txt","archive/M10A2/20260809_023000_build_attempt_15/runtime_compile.txt","0","E3B0C44298FC1C149AFBF4C8996FB92427AE41E4649B934CA495991B7852B855","GIT","RUN_TEXT_OR_SMALL_BINARY_EVIDENCE"
"M10A2","runs/M10A2/20260809_023000_build_attempt_15/stderr.txt","archive/M10A2/20260809_023000_build_attempt_15/stderr.txt","0","E3B0C44298FC1C149AFBF4C8996FB92427AE41E4649B934CA495991B7852B855","GIT","RUN_TEXT_OR_SMALL_BINARY_EVIDENCE"
"M10A2","runs/M10A2/20260809_023000_build_attempt_15/stdout.txt","archive/M10A2/20260809_023000_build_attempt_15/stdout.txt","1148","3D257110495EB937302AF8083F6D428E02518007ED9E1021E2259135264D2D10","GIT","RUN_TEXT_OR_SMALL_BINARY_EVIDENCE"
"M10A2","runs/M10A2/20260809_033000_build_attempt_16/LiNRR_M10A2_RuntimeInputs.class","","867","84CD56FD2EADDDDF466DE394DE01B4845057125B955CD4E507338FA12008602B","EXCLUDED","BUILD_OR_SECURITY_CONFIGURATION_NOT_SCIENTIFIC_EVIDENCE"
"M10A2","runs/M10A2/20260809_033000_build_attempt_16/LiNRR_M10A2_RuntimeInputs.java","archive/M10A2/20260809_033000_build_attempt_16/LiNRR_M10A2_RuntimeInputs.java","676","0D4C04A2C1D8DD645006796263AA2BB9FD69B0EC850B6B70F2AAA33224293E41","GIT","RUN_TEXT_OR_SMALL_BINARY_EVIDENCE"
"M10A2","runs/M10A2/20260809_033000_build_attempt_16/M10A2.log","archive/M10A2/20260809_033000_build_attempt_16/M10A2.log","42676","66BAEDB5383E430F7B90323F3592B398C6353D4C78C29D8D37DC3F086F06D6F8","GIT","FULL_COMSOL_BATCH_LOG"
"M10A2","runs/M10A2/20260809_033000_build_attempt_16/M10A2_checkpoint_wetting.mph","archive/M10A2/20260809_033000_build_attempt_16/M10A2_checkpoint_wetting.mph","471213257","C2845115BA57C1109F09336C0B69039535A42E680457128D9739CD23CE653697","GIT_LFS","FAILED_OR_INTERMEDIATE_COMSOL_RUN_EVIDENCE"
"M10A2","runs/M10A2/20260809_033000_build_attempt_16/main_compile.txt","archive/M10A2/20260809_033000_build_attempt_16/main_compile.txt","0","E3B0C44298FC1C149AFBF4C8996FB92427AE41E4649B934CA495991B7852B855","GIT","RUN_TEXT_OR_SMALL_BINARY_EVIDENCE"
"M10A2","runs/M10A2/20260809_033000_build_attempt_16/pid.txt","archive/M10A2/20260809_033000_build_attempt_16/pid.txt","7","F6D7B81465281EF375646470037823357F6D51BC45E3DC8BE7B81D58E7F50FDD","GIT","RUN_TEXT_OR_SMALL_BINARY_EVIDENCE"
"M10A2","runs/M10A2/20260809_033000_build_attempt_16/runtime_compile.txt","archive/M10A2/20260809_033000_build_attempt_16/runtime_compile.txt","0","E3B0C44298FC1C149AFBF4C8996FB92427AE41E4649B934CA495991B7852B855","GIT","RUN_TEXT_OR_SMALL_BINARY_EVIDENCE"
"M10A2","runs/M10A2/20260809_033000_build_attempt_16/stderr.txt","archive/M10A2/20260809_033000_build_attempt_16/stderr.txt","0","E3B0C44298FC1C149AFBF4C8996FB92427AE41E4649B934CA495991B7852B855","GIT","RUN_TEXT_OR_SMALL_BINARY_EVIDENCE"
"M10A2","runs/M10A2/20260809_033000_build_attempt_16/stdout.txt","archive/M10A2/20260809_033000_build_attempt_16/stdout.txt","1184","591B44ED286B97F2DFC250E872D1B2AD05AF1A5EABDF8DCE7197B81042823A26","GIT","RUN_TEXT_OR_SMALL_BINARY_EVIDENCE"
"M10A2","runs/M10A2/20260809_034000_build_attempt_17/LiNRR_M10A2_RuntimeInputs.class","","868","E3CD5B397D2FB38C7E894B0131CE33B68731A6EB4014254214DF32DD54445A3C","EXCLUDED","BUILD_OR_SECURITY_CONFIGURATION_NOT_SCIENTIFIC_EVIDENCE"
"M10A2","runs/M10A2/20260809_034000_build_attempt_17/LiNRR_M10A2_RuntimeInputs.java","archive/M10A2/20260809_034000_build_attempt_17/LiNRR_M10A2_RuntimeInputs.java","677","111511EBA19FFC1AE7FB1D8AFA05FFA80BCA6B0E29B46F3A115D8C3060E02D48","GIT","RUN_TEXT_OR_SMALL_BINARY_EVIDENCE"
"M10A2","runs/M10A2/20260809_034000_build_attempt_17/M10A2.log","archive/M10A2/20260809_034000_build_attempt_17/M10A2.log","3954","3DC519407E0F4C21BBB0F8064523223E0E36BED5FB8851F631D02C67EE629BD6","GIT","FULL_COMSOL_BATCH_LOG"
"M10A2","runs/M10A2/20260809_034000_build_attempt_17/main_compile.txt","archive/M10A2/20260809_034000_build_attempt_17/main_compile.txt","0","E3B0C44298FC1C149AFBF4C8996FB92427AE41E4649B934CA495991B7852B855","GIT","RUN_TEXT_OR_SMALL_BINARY_EVIDENCE"
"M10A2","runs/M10A2/20260809_034000_build_attempt_17/pid.txt","archive/M10A2/20260809_034000_build_attempt_17/pid.txt","7","39EDD55C0C0D1E8587FB3BC9724B4D3C76FE92216E05BB07D038AB0C6BE785B8","GIT","RUN_TEXT_OR_SMALL_BINARY_EVIDENCE"
"M10A2","runs/M10A2/20260809_034000_build_attempt_17/runtime_compile.txt","archive/M10A2/20260809_034000_build_attempt_17/runtime_compile.txt","0","E3B0C44298FC1C149AFBF4C8996FB92427AE41E4649B934CA495991B7852B855","GIT","RUN_TEXT_OR_SMALL_BINARY_EVIDENCE"
"M10A2","runs/M10A2/20260809_034000_build_attempt_17/stderr.txt","archive/M10A2/20260809_034000_build_attempt_17/stderr.txt","0","E3B0C44298FC1C149AFBF4C8996FB92427AE41E4649B934CA495991B7852B855","GIT","RUN_TEXT_OR_SMALL_BINARY_EVIDENCE"
"M10A2","runs/M10A2/20260809_034000_build_attempt_17/stdout.txt","archive/M10A2/20260809_034000_build_attempt_17/stdout.txt","650","D044CAB6AC2BCC31D268B9DC89C174F0BF5C1A729AFD7494F0A341D58A757938","GIT","RUN_TEXT_OR_SMALL_BINARY_EVIDENCE"
"M10A2","runs/M10A2/20260809_034500_build_attempt_18/LiNRR_M10A2_RuntimeInputs.class","","868","FEF2DFF725EDDA522FE34D75709159906C87F57D4E3DC8F9036F150A13E039B4","EXCLUDED","BUILD_OR_SECURITY_CONFIGURATION_NOT_SCIENTIFIC_EVIDENCE"
"M10A2","runs/M10A2/20260809_034500_build_attempt_18/LiNRR_M10A2_RuntimeInputs.java","archive/M10A2/20260809_034500_build_attempt_18/LiNRR_M10A2_RuntimeInputs.java","677","DCF22586A94441480A124180E75DF08A7E5B6517712BD7296E1262566DFD451D","GIT","RUN_TEXT_OR_SMALL_BINARY_EVIDENCE"
"M10A2","runs/M10A2/20260809_034500_build_attempt_18/M10A2.log","archive/M10A2/20260809_034500_build_attempt_18/M10A2.log","4168","DED57781067D0B9216AE7FB1F76CB722CEE2B16E70A795CEAF5884765D950BBB","GIT","FULL_COMSOL_BATCH_LOG"
"M10A2","runs/M10A2/20260809_034500_build_attempt_18/M10A2_checkpoint_transfer.mph","archive/M10A2/20260809_034500_build_attempt_18/M10A2_checkpoint_transfer.mph","550684087","A72DA8185E57CF6B531417A43B15180475235D650BFF09202381338C38FDA8F5","GIT_LFS","FAILED_OR_INTERMEDIATE_COMSOL_RUN_EVIDENCE"
"M10A2","runs/M10A2/20260809_034500_build_attempt_18/main_compile.txt","archive/M10A2/20260809_034500_build_attempt_18/main_compile.txt","0","E3B0C44298FC1C149AFBF4C8996FB92427AE41E4649B934CA495991B7852B855","GIT","RUN_TEXT_OR_SMALL_BINARY_EVIDENCE"
"M10A2","runs/M10A2/20260809_034500_build_attempt_18/pid.txt","archive/M10A2/20260809_034500_build_attempt_18/pid.txt","7","655AEE1FA144947709892AAF28A2F6AE429ACD57A55D4947B70635DDF4D036A7","GIT","RUN_TEXT_OR_SMALL_BINARY_EVIDENCE"
"M10A2","runs/M10A2/20260809_034500_build_attempt_18/runtime_compile.txt","archive/M10A2/20260809_034500_build_attempt_18/runtime_compile.txt","0","E3B0C44298FC1C149AFBF4C8996FB92427AE41E4649B934CA495991B7852B855","GIT","RUN_TEXT_OR_SMALL_BINARY_EVIDENCE"
"M10A2","runs/M10A2/20260809_034500_build_attempt_18/stderr.txt","archive/M10A2/20260809_034500_build_attempt_18/stderr.txt","0","E3B0C44298FC1C149AFBF4C8996FB92427AE41E4649B934CA495991B7852B855","GIT","RUN_TEXT_OR_SMALL_BINARY_EVIDENCE"
"M10A2","runs/M10A2/20260809_034500_build_attempt_18/stdout.txt","archive/M10A2/20260809_034500_build_attempt_18/stdout.txt","714","2F5FAFF9110FF346D6313C8AC4FAD0153C76CCC5375ED19F3EB7FC761CE1AEC0","GIT","RUN_TEXT_OR_SMALL_BINARY_EVIDENCE"
"M10A2","runs/M10A2/final_script_pid.txt","archive/M10A2/final_script_pid.txt","7","1C873F50CBE9C73D6EEF31E90BE864AF014359F7A0D48BDF86B8B18FEE7BFDD5","GIT","RUN_TEXT_OR_SMALL_BINARY_EVIDENCE"
"M10A2","runs/M10A2/final_script_stderr.txt","archive/M10A2/final_script_stderr.txt","526","C7F40416A29488250379F36850B30B30395A46EE49BC0E43B25AB6A17C1CC139","GIT","RUN_TEXT_OR_SMALL_BINARY_EVIDENCE"
"M10A2","runs/M10A2/final_script_stdout.txt","archive/M10A2/final_script_stdout.txt","0","E3B0C44298FC1C149AFBF4C8996FB92427AE41E4649B934CA495991B7852B855","GIT","RUN_TEXT_OR_SMALL_BINARY_EVIDENCE"
"M10A2","runs/M10A2/final_script_v2_pid.txt","archive/M10A2/final_script_v2_pid.txt","7","61571C21FABB0BD65BAD5EF5C4BB14C292337A6AF5396A103047ECE8CAAB434A","GIT","RUN_TEXT_OR_SMALL_BINARY_EVIDENCE"
"M10A2","runs/M10A2/final_script_v2_stderr.txt","archive/M10A2/final_script_v2_stderr.txt","0","E3B0C44298FC1C149AFBF4C8996FB92427AE41E4649B934CA495991B7852B855","GIT","RUN_TEXT_OR_SMALL_BINARY_EVIDENCE"
"M10A2","runs/M10A2/final_script_v2_stdout.txt","archive/M10A2/final_script_v2_stdout.txt","466","B6AF7AFC5004123EBF954295D61ED0B6A1FE3D1A8CA64CCD70527466199B1D79","GIT","RUN_TEXT_OR_SMALL_BINARY_EVIDENCE"
"M10A2R","runs/M10A2R/20260813_074317_manual_reconciliation/LiNRR_M10A2R_RuntimeInputs.class","","1498","D8C9F2CBEAE1D2A3BA1848823F1278DF8E836F5A3C2FD3CE2FC20F2022B9DAB6","EXCLUDED","BUILD_OR_SECURITY_CONFIGURATION_NOT_SCIENTIFIC_EVIDENCE"
"M10A2R","runs/M10A2R/20260813_074317_manual_reconciliation/LiNRR_M10A2R_RuntimeInputs.java","archive/M10A2R/20260813_074317_manual_reconciliation/LiNRR_M10A2R_RuntimeInputs.java","1373","531F6237BC635BAFF633408CAA277CDB2483432510EB6FD7C43CCFC5ABB8D701","GIT","RUN_TEXT_OR_SMALL_BINARY_EVIDENCE"
"M10A2R","runs/M10A2R/20260813_074317_manual_reconciliation/M10A2R.log","archive/M10A2R/20260813_074317_manual_reconciliation/M10A2R.log","658","9D93C4F90A8B1443A4848708C6A685559E533CBEFE8DAFC20F90DA38813A5A53","GIT","FULL_COMSOL_BATCH_LOG"
"M10A2R","runs/M10A2R/20260813_074317_manual_reconciliation/M10A2R_merged.txt","archive/M10A2R/20260813_074317_manual_reconciliation/M10A2R_merged.txt","623","AF1E8FC331F8B1790060CF131437928B23CB1F2482543AA5B86205010BF64410","GIT","RUN_TEXT_OR_SMALL_BINARY_EVIDENCE"
"M10A2R","runs/M10A2R/20260813_074317_manual_reconciliation/M10A2R_stderr.txt","archive/M10A2R/20260813_074317_manual_reconciliation/M10A2R_stderr.txt","0","E3B0C44298FC1C149AFBF4C8996FB92427AE41E4649B934CA495991B7852B855","GIT","RUN_TEXT_OR_SMALL_BINARY_EVIDENCE"
"M10A2R","runs/M10A2R/20260813_074317_manual_reconciliation/M10A2R_stdout.txt","archive/M10A2R/20260813_074317_manual_reconciliation/M10A2R_stdout.txt","0","E3B0C44298FC1C149AFBF4C8996FB92427AE41E4649B934CA495991B7852B855","GIT","RUN_TEXT_OR_SMALL_BINARY_EVIDENCE"
"M10A2R","runs/M10A2R/20260813_074317_manual_reconciliation/main_compile_merged.txt","archive/M10A2R/20260813_074317_manual_reconciliation/main_compile_merged.txt","402","33527377E85B3CF1F3A861D3A59D1EB1F0D68E3DB9534DDA480467E2FF794A31","GIT","RUN_TEXT_OR_SMALL_BINARY_EVIDENCE"
"M10A2R","runs/M10A2R/20260813_074317_manual_reconciliation/main_compile_stderr.txt","archive/M10A2R/20260813_074317_manual_reconciliation/main_compile_stderr.txt","0","E3B0C44298FC1C149AFBF4C8996FB92427AE41E4649B934CA495991B7852B855","GIT","RUN_TEXT_OR_SMALL_BINARY_EVIDENCE"
"M10A2R","runs/M10A2R/20260813_074317_manual_reconciliation/main_compile_stdout.txt","archive/M10A2R/20260813_074317_manual_reconciliation/main_compile_stdout.txt","0","E3B0C44298FC1C149AFBF4C8996FB92427AE41E4649B934CA495991B7852B855","GIT","RUN_TEXT_OR_SMALL_BINARY_EVIDENCE"
"M10A2R","runs/M10A2R/20260813_074317_manual_reconciliation/runtime_compile_merged.txt","archive/M10A2R/20260813_074317_manual_reconciliation/runtime_compile_merged.txt","436","03C3110B8F2C8C37E78C2BFF8A91AC7DA89BE67F67BFD43B2BAD79C6C3733292","GIT","RUN_TEXT_OR_SMALL_BINARY_EVIDENCE"
"M10A2R","runs/M10A2R/20260813_074317_manual_reconciliation/runtime_compile_stderr.txt","archive/M10A2R/20260813_074317_manual_reconciliation/runtime_compile_stderr.txt","0","E3B0C44298FC1C149AFBF4C8996FB92427AE41E4649B934CA495991B7852B855","GIT","RUN_TEXT_OR_SMALL_BINARY_EVIDENCE"
"M10A2R","runs/M10A2R/20260813_074317_manual_reconciliation/runtime_compile_stdout.txt","archive/M10A2R/20260813_074317_manual_reconciliation/runtime_compile_stdout.txt","0","E3B0C44298FC1C149AFBF4C8996FB92427AE41E4649B934CA495991B7852B855","GIT","RUN_TEXT_OR_SMALL_BINARY_EVIDENCE"
"M10A2R","runs/M10A2R/20260813_074326_manual_reconciliation/LiNRR_M10A2R_RuntimeInputs.class","","1498","882C0923ED412965C89E96C95AC60A2D3F8D4E3E72639C1CA764A437B28DE329","EXCLUDED","BUILD_OR_SECURITY_CONFIGURATION_NOT_SCIENTIFIC_EVIDENCE"
"M10A2R","runs/M10A2R/20260813_074326_manual_reconciliation/LiNRR_M10A2R_RuntimeInputs.java","archive/M10A2R/20260813_074326_manual_reconciliation/LiNRR_M10A2R_RuntimeInputs.java","1373","C732F690FCA91335BC263FD5E5283DFFD19CF33ADA48773A93CF1E56FC9F3981","GIT","RUN_TEXT_OR_SMALL_BINARY_EVIDENCE"
"M10A2R","runs/M10A2R/20260813_074326_manual_reconciliation/M10A2R.log","archive/M10A2R/20260813_074326_manual_reconciliation/M10A2R.log","658","E94981FE6870009F412C1F0ACDA05B05EBF075A52E391B0DA7E52CA96C02937C","GIT","FULL_COMSOL_BATCH_LOG"
"M10A2R","runs/M10A2R/20260813_074326_manual_reconciliation/M10A2R_merged.txt","archive/M10A2R/20260813_074326_manual_reconciliation/M10A2R_merged.txt","623","7B438A94D773E0F4C24277F148C80AAF9283122CFD1820DA8E9042CC99574E20","GIT","RUN_TEXT_OR_SMALL_BINARY_EVIDENCE"
"M10A2R","runs/M10A2R/20260813_074326_manual_reconciliation/M10A2R_stderr.txt","archive/M10A2R/20260813_074326_manual_reconciliation/M10A2R_stderr.txt","0","E3B0C44298FC1C149AFBF4C8996FB92427AE41E4649B934CA495991B7852B855","GIT","RUN_TEXT_OR_SMALL_BINARY_EVIDENCE"
"M10A2R","runs/M10A2R/20260813_074326_manual_reconciliation/M10A2R_stdout.txt","archive/M10A2R/20260813_074326_manual_reconciliation/M10A2R_stdout.txt","0","E3B0C44298FC1C149AFBF4C8996FB92427AE41E4649B934CA495991B7852B855","GIT","RUN_TEXT_OR_SMALL_BINARY_EVIDENCE"
"M10A2R","runs/M10A2R/20260813_074326_manual_reconciliation/main_compile_merged.txt","archive/M10A2R/20260813_074326_manual_reconciliation/main_compile_merged.txt","402","41D8C77A9F277A225D01209D70FDCB08B4AC836DF003CD47BE25BE02FCD1495E","GIT","RUN_TEXT_OR_SMALL_BINARY_EVIDENCE"
"M10A2R","runs/M10A2R/20260813_074326_manual_reconciliation/main_compile_stderr.txt","archive/M10A2R/20260813_074326_manual_reconciliation/main_compile_stderr.txt","0","E3B0C44298FC1C149AFBF4C8996FB92427AE41E4649B934CA495991B7852B855","GIT","RUN_TEXT_OR_SMALL_BINARY_EVIDENCE"
"M10A2R","runs/M10A2R/20260813_074326_manual_reconciliation/main_compile_stdout.txt","archive/M10A2R/20260813_074326_manual_reconciliation/main_compile_stdout.txt","0","E3B0C44298FC1C149AFBF4C8996FB92427AE41E4649B934CA495991B7852B855","GIT","RUN_TEXT_OR_SMALL_BINARY_EVIDENCE"
"M10A2R","runs/M10A2R/20260813_074326_manual_reconciliation/runtime_compile_merged.txt","archive/M10A2R/20260813_074326_manual_reconciliation/runtime_compile_merged.txt","436","DF516C1D5EF93B87C6DA5CA0CB39A6A67E84AE120CA088D6EB6E75794D704EF3","GIT","RUN_TEXT_OR_SMALL_BINARY_EVIDENCE"
"M10A2R","runs/M10A2R/20260813_074326_manual_reconciliation/runtime_compile_stderr.txt","archive/M10A2R/20260813_074326_manual_reconciliation/runtime_compile_stderr.txt","0","E3B0C44298FC1C149AFBF4C8996FB92427AE41E4649B934CA495991B7852B855","GIT","RUN_TEXT_OR_SMALL_BINARY_EVIDENCE"
"M10A2R","runs/M10A2R/20260813_074326_manual_reconciliation/runtime_compile_stdout.txt","archive/M10A2R/20260813_074326_manual_reconciliation/runtime_compile_stdout.txt","0","E3B0C44298FC1C149AFBF4C8996FB92427AE41E4649B934CA495991B7852B855","GIT","RUN_TEXT_OR_SMALL_BINARY_EVIDENCE"
"M10A2R","runs/M10A2R/20260813_074755_manual_reconciliation/COMSOL_SECURITY_SCOPE.txt","archive/M10A2R/20260813_074755_manual_reconciliation/COMSOL_SECURITY_SCOPE.txt","120","F5B32F151B239489A1653440361DF7964763EA50856693E4FBE3C737F3AB3EBC","GIT","RUN_TEXT_OR_SMALL_BINARY_EVIDENCE"
"M10A2R","runs/M10A2R/20260813_074755_manual_reconciliation/isolated_comsol_preferences/comsol.prefs","","64","80232AE9E6EB43B6B8F712982C6DA69D348D894326D423C944F729A996F1F169","EXCLUDED","BUILD_OR_SECURITY_CONFIGURATION_NOT_SCIENTIFIC_EVIDENCE"
"M10A2R","runs/M10A2R/20260813_074755_manual_reconciliation/isolated_comsol_preferences/logs/batch1.log","","15160","178AD6079691ED71580CEAD8AC5B34B1E849013EC8D90B69307D87261FA036FC","EXCLUDED","BUILD_OR_SECURITY_CONFIGURATION_NOT_SCIENTIFIC_EVIDENCE"
"M10A2R","runs/M10A2R/20260813_074755_manual_reconciliation/isolated_comsol_preferences/logs/batch1_render.log","","449","6F6B64A81143E81CF18E9FC0BEFD138F126399B1FD2CF0AF1AD4B4F078042E7D","EXCLUDED","BUILD_OR_SECURITY_CONFIGURATION_NOT_SCIENTIFIC_EVIDENCE"
"M10A2R","runs/M10A2R/20260813_074755_manual_reconciliation/LiNRR_M10A2R_RuntimeInputs.class","","1498","A1B1EA760BC68C3067C74EC97D5B16BD4B3D6FD43F345832810E20D03DDB72DE","EXCLUDED","BUILD_OR_SECURITY_CONFIGURATION_NOT_SCIENTIFIC_EVIDENCE"
"M10A2R","runs/M10A2R/20260813_074755_manual_reconciliation/LiNRR_M10A2R_RuntimeInputs.java","archive/M10A2R/20260813_074755_manual_reconciliation/LiNRR_M10A2R_RuntimeInputs.java","1373","480A9614D9A6534404B41DBDE023FFFDD8FD04778926B3D08AD6E1972BF5B6BE","GIT","RUN_TEXT_OR_SMALL_BINARY_EVIDENCE"
"M10A2R","runs/M10A2R/20260813_074755_manual_reconciliation/M10A2R.log","archive/M10A2R/20260813_074755_manual_reconciliation/M10A2R.log","658","5AB4A6C71A8CBD812984C05C6AA98CE765D7FF0489E6F32203BCE46828E3C849","GIT","FULL_COMSOL_BATCH_LOG"
"M10A2R","runs/M10A2R/20260813_074755_manual_reconciliation/M10A2R_merged.txt","archive/M10A2R/20260813_074755_manual_reconciliation/M10A2R_merged.txt","749","FAB159051580FB50245D5DCFAF1BA3A44261D9A8292BDED54DA77210982F508A","GIT","RUN_TEXT_OR_SMALL_BINARY_EVIDENCE"
"M10A2R","runs/M10A2R/20260813_074755_manual_reconciliation/M10A2R_stderr.txt","archive/M10A2R/20260813_074755_manual_reconciliation/M10A2R_stderr.txt","0","E3B0C44298FC1C149AFBF4C8996FB92427AE41E4649B934CA495991B7852B855","GIT","RUN_TEXT_OR_SMALL_BINARY_EVIDENCE"
"M10A2R","runs/M10A2R/20260813_074755_manual_reconciliation/M10A2R_stdout.txt","archive/M10A2R/20260813_074755_manual_reconciliation/M10A2R_stdout.txt","0","E3B0C44298FC1C149AFBF4C8996FB92427AE41E4649B934CA495991B7852B855","GIT","RUN_TEXT_OR_SMALL_BINARY_EVIDENCE"
"M10A2R","runs/M10A2R/20260813_074755_manual_reconciliation/main_compile_merged.txt","archive/M10A2R/20260813_074755_manual_reconciliation/main_compile_merged.txt","402","BD930C5B7B6BAF12C197DB5081AF9202DC1C7A38173220EC9283488D319D5A2C","GIT","RUN_TEXT_OR_SMALL_BINARY_EVIDENCE"
"M10A2R","runs/M10A2R/20260813_074755_manual_reconciliation/main_compile_stderr.txt","archive/M10A2R/20260813_074755_manual_reconciliation/main_compile_stderr.txt","0","E3B0C44298FC1C149AFBF4C8996FB92427AE41E4649B934CA495991B7852B855","GIT","RUN_TEXT_OR_SMALL_BINARY_EVIDENCE"
"M10A2R","runs/M10A2R/20260813_074755_manual_reconciliation/main_compile_stdout.txt","archive/M10A2R/20260813_074755_manual_reconciliation/main_compile_stdout.txt","0","E3B0C44298FC1C149AFBF4C8996FB92427AE41E4649B934CA495991B7852B855","GIT","RUN_TEXT_OR_SMALL_BINARY_EVIDENCE"
"M10A2R","runs/M10A2R/20260813_074755_manual_reconciliation/runtime_compile_merged.txt","archive/M10A2R/20260813_074755_manual_reconciliation/runtime_compile_merged.txt","436","07652956791E480A93D67706E66254D04E61E612F00CF7D095D8EE8E70D4ED56","GIT","RUN_TEXT_OR_SMALL_BINARY_EVIDENCE"
"M10A2R","runs/M10A2R/20260813_074755_manual_reconciliation/runtime_compile_stderr.txt","archive/M10A2R/20260813_074755_manual_reconciliation/runtime_compile_stderr.txt","0","E3B0C44298FC1C149AFBF4C8996FB92427AE41E4649B934CA495991B7852B855","GIT","RUN_TEXT_OR_SMALL_BINARY_EVIDENCE"
"M10A2R","runs/M10A2R/20260813_074755_manual_reconciliation/runtime_compile_stdout.txt","archive/M10A2R/20260813_074755_manual_reconciliation/runtime_compile_stdout.txt","0","E3B0C44298FC1C149AFBF4C8996FB92427AE41E4649B934CA495991B7852B855","GIT","RUN_TEXT_OR_SMALL_BINARY_EVIDENCE"
"M10A2R","runs/M10A2R/20260813_074849_manual_reconciliation/COMSOL_SECURITY_SCOPE.txt","archive/M10A2R/20260813_074849_manual_reconciliation/COMSOL_SECURITY_SCOPE.txt","120","F5B32F151B239489A1653440361DF7964763EA50856693E4FBE3C737F3AB3EBC","GIT","RUN_TEXT_OR_SMALL_BINARY_EVIDENCE"
"M10A2R","runs/M10A2R/20260813_074849_manual_reconciliation/isolated_comsol_preferences/comsol.prefs","","64","80232AE9E6EB43B6B8F712982C6DA69D348D894326D423C944F729A996F1F169","EXCLUDED","BUILD_OR_SECURITY_CONFIGURATION_NOT_SCIENTIFIC_EVIDENCE"
"M10A2R","runs/M10A2R/20260813_074849_manual_reconciliation/isolated_comsol_preferences/comsolserver.prefs","","64","80232AE9E6EB43B6B8F712982C6DA69D348D894326D423C944F729A996F1F169","EXCLUDED","BUILD_OR_SECURITY_CONFIGURATION_NOT_SCIENTIFIC_EVIDENCE"
"M10A2R","runs/M10A2R/20260813_074849_manual_reconciliation/isolated_comsol_preferences/logs/batch1.log","","15307","2F89E8BCC99D8A05D8C26E7422E9B4AC4E65D01370845161C38B2F611FE5A808","EXCLUDED","BUILD_OR_SECURITY_CONFIGURATION_NOT_SCIENTIFIC_EVIDENCE"
"M10A2R","runs/M10A2R/20260813_074849_manual_reconciliation/isolated_comsol_preferences/logs/batch1_render.log","","449","F37DE66BBFA40C14C170748E3D65AC56ED9AE24D08B983EECF66DC0A9AE373F8","EXCLUDED","BUILD_OR_SECURITY_CONFIGURATION_NOT_SCIENTIFIC_EVIDENCE"
"M10A2R","runs/M10A2R/20260813_074849_manual_reconciliation/LiNRR_M10A2R_RuntimeInputs.class","","1498","E83D63CCF96FD45DB4EA50DC500464DC52E485BFB75D21BF4E4190ED41CDC8A7","EXCLUDED","BUILD_OR_SECURITY_CONFIGURATION_NOT_SCIENTIFIC_EVIDENCE"
"M10A2R","runs/M10A2R/20260813_074849_manual_reconciliation/LiNRR_M10A2R_RuntimeInputs.java","archive/M10A2R/20260813_074849_manual_reconciliation/LiNRR_M10A2R_RuntimeInputs.java","1373","11731AAF5266936A6AAC3E1434BD35FD1127EBC45068954A283F5E3196C284EF","GIT","RUN_TEXT_OR_SMALL_BINARY_EVIDENCE"
"M10A2R","runs/M10A2R/20260813_074849_manual_reconciliation/M10A2R.log","archive/M10A2R/20260813_074849_manual_reconciliation/M10A2R.log","658","89A85CDBF92687E954D3F5A1EAA0882E4389CE4AFA091CDD12B4729CBEA34DEE","GIT","FULL_COMSOL_BATCH_LOG"
"M10A2R","runs/M10A2R/20260813_074849_manual_reconciliation/M10A2R_merged.txt","archive/M10A2R/20260813_074849_manual_reconciliation/M10A2R_merged.txt","749","10D91A1F119EC1CAB162539DCB286BC01FB45900F42FD37EF67ABBC3CE0293EA","GIT","RUN_TEXT_OR_SMALL_BINARY_EVIDENCE"
"M10A2R","runs/M10A2R/20260813_074849_manual_reconciliation/M10A2R_stderr.txt","archive/M10A2R/20260813_074849_manual_reconciliation/M10A2R_stderr.txt","0","E3B0C44298FC1C149AFBF4C8996FB92427AE41E4649B934CA495991B7852B855","GIT","RUN_TEXT_OR_SMALL_BINARY_EVIDENCE"
"M10A2R","runs/M10A2R/20260813_074849_manual_reconciliation/M10A2R_stdout.txt","archive/M10A2R/20260813_074849_manual_reconciliation/M10A2R_stdout.txt","0","E3B0C44298FC1C149AFBF4C8996FB92427AE41E4649B934CA495991B7852B855","GIT","RUN_TEXT_OR_SMALL_BINARY_EVIDENCE"
"M10A2R","runs/M10A2R/20260813_074849_manual_reconciliation/main_compile_merged.txt","archive/M10A2R/20260813_074849_manual_reconciliation/main_compile_merged.txt","402","A079689BAD4A7DA51C2AEB0410F47CD3CF776BD4D43DFA47A83F963941FFC2A9","GIT","RUN_TEXT_OR_SMALL_BINARY_EVIDENCE"
"M10A2R","runs/M10A2R/20260813_074849_manual_reconciliation/main_compile_stderr.txt","archive/M10A2R/20260813_074849_manual_reconciliation/main_compile_stderr.txt","0","E3B0C44298FC1C149AFBF4C8996FB92427AE41E4649B934CA495991B7852B855","GIT","RUN_TEXT_OR_SMALL_BINARY_EVIDENCE"
"M10A2R","runs/M10A2R/20260813_074849_manual_reconciliation/main_compile_stdout.txt","archive/M10A2R/20260813_074849_manual_reconciliation/main_compile_stdout.txt","0","E3B0C44298FC1C149AFBF4C8996FB92427AE41E4649B934CA495991B7852B855","GIT","RUN_TEXT_OR_SMALL_BINARY_EVIDENCE"
"M10A2R","runs/M10A2R/20260813_074849_manual_reconciliation/runtime_compile_merged.txt","archive/M10A2R/20260813_074849_manual_reconciliation/runtime_compile_merged.txt","436","DE4C6F738D3F1CAC4991835D73EA3F4C2CEF720E66F00B4FF7566ECC9C4A6AE0","GIT","RUN_TEXT_OR_SMALL_BINARY_EVIDENCE"
"M10A2R","runs/M10A2R/20260813_074849_manual_reconciliation/runtime_compile_stderr.txt","archive/M10A2R/20260813_074849_manual_reconciliation/runtime_compile_stderr.txt","0","E3B0C44298FC1C149AFBF4C8996FB92427AE41E4649B934CA495991B7852B855","GIT","RUN_TEXT_OR_SMALL_BINARY_EVIDENCE"
"M10A2R","runs/M10A2R/20260813_074849_manual_reconciliation/runtime_compile_stdout.txt","archive/M10A2R/20260813_074849_manual_reconciliation/runtime_compile_stdout.txt","0","E3B0C44298FC1C149AFBF4C8996FB92427AE41E4649B934CA495991B7852B855","GIT","RUN_TEXT_OR_SMALL_BINARY_EVIDENCE"
"M10A2R","runs/M10A2R/20260813_074932_manual_reconciliation/COMSOL_SECURITY_SCOPE.txt","archive/M10A2R/20260813_074932_manual_reconciliation/COMSOL_SECURITY_SCOPE.txt","121","AC6D7E05D65612D34A465E451279237D236C086E72625BAA411D682630B25D12","GIT","RUN_TEXT_OR_SMALL_BINARY_EVIDENCE"
"M10A2R","runs/M10A2R/20260813_074932_manual_reconciliation/isolated_comsol_preferences/comsol.prefs","","20009","39FFF426C88280EAF1E12B2658CA048B06508E21B502A7D23C226BEE9EBD8A0F","EXCLUDED","BUILD_OR_SECURITY_CONFIGURATION_NOT_SCIENTIFIC_EVIDENCE"
"M10A2R","runs/M10A2R/20260813_074932_manual_reconciliation/isolated_comsol_preferences/comsol.recoveries","","0","E3B0C44298FC1C149AFBF4C8996FB92427AE41E4649B934CA495991B7852B855","EXCLUDED","BUILD_OR_SECURITY_CONFIGURATION_NOT_SCIENTIFIC_EVIDENCE"
"M10A2R","runs/M10A2R/20260813_074932_manual_reconciliation/isolated_comsol_preferences/comsolserver.prefs","","20314","780CE8F7C1C1183B85DA501FB4966A321C39D86C7EE64563BAB04333E416F124","EXCLUDED","BUILD_OR_SECURITY_CONFIGURATION_NOT_SCIENTIFIC_EVIDENCE"
"M10A2R","runs/M10A2R/20260813_074932_manual_reconciliation/isolated_comsol_preferences/logs/batch1.log","","18544","C11E8F59875E102B0013DB8A58DB3A569E78C92CA82770D29885265F5B49C3F0","EXCLUDED","BUILD_OR_SECURITY_CONFIGURATION_NOT_SCIENTIFIC_EVIDENCE"
"M10A2R","runs/M10A2R/20260813_074932_manual_reconciliation/isolated_comsol_preferences/logs/batch1_render.log","","449","99F18B890017E92308ECA37D8CEC83745D72901492A6ED2812C475C33F9A0E35","EXCLUDED","BUILD_OR_SECURITY_CONFIGURATION_NOT_SCIENTIFIC_EVIDENCE"
"M10A2R","runs/M10A2R/20260813_074932_manual_reconciliation/isolated_comsol_preferences/materials/User_Defined_Library.mph","","17016","3A8029392A7AEA5BAFA832459FFFE769EDFDE484CAABE8477A3AFD4AFC36B09D","EXCLUDED","BUILD_OR_SECURITY_CONFIGURATION_NOT_SCIENTIFIC_EVIDENCE"
"M10A2R","runs/M10A2R/20260813_074932_manual_reconciliation/LiNRR_M10A2R_RuntimeInputs.class","","1498","D874E1D6562B78D39F6AA9FC0F8523C783D316742E037D3EA72D622333288BEA","EXCLUDED","BUILD_OR_SECURITY_CONFIGURATION_NOT_SCIENTIFIC_EVIDENCE"
"M10A2R","runs/M10A2R/20260813_074932_manual_reconciliation/LiNRR_M10A2R_RuntimeInputs.java","archive/M10A2R/20260813_074932_manual_reconciliation/LiNRR_M10A2R_RuntimeInputs.java","1373","A79727F0199A5E6A1FF732406B1FA9B13925FB0026195A4C39DA03EDCF9808A5","GIT","RUN_TEXT_OR_SMALL_BINARY_EVIDENCE"
"M10A2R","runs/M10A2R/20260813_074932_manual_reconciliation/M10A2R.log","archive/M10A2R/20260813_074932_manual_reconciliation/M10A2R.log","14002","9172C905D967DB6B1E162AA35936E0D694D18901D17F1C5D7B9A2AEE14A5AF42","GIT","FULL_COMSOL_BATCH_LOG"
"M10A2R","runs/M10A2R/20260813_074932_manual_reconciliation/M10A2R_merged.txt","archive/M10A2R/20260813_074932_manual_reconciliation/M10A2R_merged.txt","799","6B11EE7154E881555E9695368E049531CCB6F8A5B5F79E8ECC7959E44026C48F","GIT","RUN_TEXT_OR_SMALL_BINARY_EVIDENCE"
"M10A2R","runs/M10A2R/20260813_074932_manual_reconciliation/M10A2R_stderr.txt","archive/M10A2R/20260813_074932_manual_reconciliation/M10A2R_stderr.txt","0","E3B0C44298FC1C149AFBF4C8996FB92427AE41E4649B934CA495991B7852B855","GIT","RUN_TEXT_OR_SMALL_BINARY_EVIDENCE"
"M10A2R","runs/M10A2R/20260813_074932_manual_reconciliation/M10A2R_stdout.txt","archive/M10A2R/20260813_074932_manual_reconciliation/M10A2R_stdout.txt","50","6EA2326F9309D1B1799EEB17324792BE3C555772F193543969AEC523556C5FA1","GIT","RUN_TEXT_OR_SMALL_BINARY_EVIDENCE"
"M10A2R","runs/M10A2R/20260813_074932_manual_reconciliation/main_compile_merged.txt","archive/M10A2R/20260813_074932_manual_reconciliation/main_compile_merged.txt","402","8A9DE9759E11714629A092DAB6B6853994453D7588CAF4DAEB90F8F0E7319613","GIT","RUN_TEXT_OR_SMALL_BINARY_EVIDENCE"
"M10A2R","runs/M10A2R/20260813_074932_manual_reconciliation/main_compile_stderr.txt","archive/M10A2R/20260813_074932_manual_reconciliation/main_compile_stderr.txt","0","E3B0C44298FC1C149AFBF4C8996FB92427AE41E4649B934CA495991B7852B855","GIT","RUN_TEXT_OR_SMALL_BINARY_EVIDENCE"
"M10A2R","runs/M10A2R/20260813_074932_manual_reconciliation/main_compile_stdout.txt","archive/M10A2R/20260813_074932_manual_reconciliation/main_compile_stdout.txt","0","E3B0C44298FC1C149AFBF4C8996FB92427AE41E4649B934CA495991B7852B855","GIT","RUN_TEXT_OR_SMALL_BINARY_EVIDENCE"
"M10A2R","runs/M10A2R/20260813_074932_manual_reconciliation/runtime_compile_merged.txt","archive/M10A2R/20260813_074932_manual_reconciliation/runtime_compile_merged.txt","436","5419C3FDDAB9C54CDD2108FD452945905A12EB71D5AAA15F918EC3350185AC5A","GIT","RUN_TEXT_OR_SMALL_BINARY_EVIDENCE"
"M10A2R","runs/M10A2R/20260813_074932_manual_reconciliation/runtime_compile_stderr.txt","archive/M10A2R/20260813_074932_manual_reconciliation/runtime_compile_stderr.txt","0","E3B0C44298FC1C149AFBF4C8996FB92427AE41E4649B934CA495991B7852B855","GIT","RUN_TEXT_OR_SMALL_BINARY_EVIDENCE"
"M10A2R","runs/M10A2R/20260813_074932_manual_reconciliation/runtime_compile_stdout.txt","archive/M10A2R/20260813_074932_manual_reconciliation/runtime_compile_stdout.txt","0","E3B0C44298FC1C149AFBF4C8996FB92427AE41E4649B934CA495991B7852B855","GIT","RUN_TEXT_OR_SMALL_BINARY_EVIDENCE"
"M10A2R","runs/M10A2R/20260813_075055_manual_reconciliation/COMSOL_SECURITY_SCOPE.txt","archive/M10A2R/20260813_075055_manual_reconciliation/COMSOL_SECURITY_SCOPE.txt","121","AC6D7E05D65612D34A465E451279237D236C086E72625BAA411D682630B25D12","GIT","RUN_TEXT_OR_SMALL_BINARY_EVIDENCE"
"M10A2R","runs/M10A2R/20260813_075055_manual_reconciliation/isolated_comsol_preferences/comsol.prefs","","20009","E57AB8E212F269714019027994EBD4360B32062DA6EFF96ADA33EC2BEF66A109","EXCLUDED","BUILD_OR_SECURITY_CONFIGURATION_NOT_SCIENTIFIC_EVIDENCE"
"M10A2R","runs/M10A2R/20260813_075055_manual_reconciliation/isolated_comsol_preferences/comsol.recoveries","","0","E3B0C44298FC1C149AFBF4C8996FB92427AE41E4649B934CA495991B7852B855","EXCLUDED","BUILD_OR_SECURITY_CONFIGURATION_NOT_SCIENTIFIC_EVIDENCE"
"M10A2R","runs/M10A2R/20260813_075055_manual_reconciliation/isolated_comsol_preferences/comsolserver.prefs","","20314","AA221B8271DB83B30301DCF28FE3D25C3940C1A4F4479FB8AE7E1F562D69CF77","EXCLUDED","BUILD_OR_SECURITY_CONFIGURATION_NOT_SCIENTIFIC_EVIDENCE"
"M10A2R","runs/M10A2R/20260813_075055_manual_reconciliation/isolated_comsol_preferences/logs/batch1.log","","18323","C3CB067476B68888A50EE12B7EFFDC9559B6E3D8100DE05D0ECAFA80A80181CB","EXCLUDED","BUILD_OR_SECURITY_CONFIGURATION_NOT_SCIENTIFIC_EVIDENCE"
"M10A2R","runs/M10A2R/20260813_075055_manual_reconciliation/isolated_comsol_preferences/logs/batch1_render.log","","449","E2244A722D115DA25400E87B4D688EDC5754F5F1E8EBB57C4BB64D6074A91724","EXCLUDED","BUILD_OR_SECURITY_CONFIGURATION_NOT_SCIENTIFIC_EVIDENCE"
"M10A2R","runs/M10A2R/20260813_075055_manual_reconciliation/isolated_comsol_preferences/materials/User_Defined_Library.mph","","17016","467B5EB6FE0E8121B4CBE7079650369CF83E788ED34E5F77AB3C004B1FED9B38","EXCLUDED","BUILD_OR_SECURITY_CONFIGURATION_NOT_SCIENTIFIC_EVIDENCE"
"M10A2R","runs/M10A2R/20260813_075055_manual_reconciliation/LiNRR_M10A2R_RuntimeInputs.class","","1498","8E4D212BEA9BAC440CD26B952B21DA8C23CCFE4C4DB34DF3E399042430DDFD4F","EXCLUDED","BUILD_OR_SECURITY_CONFIGURATION_NOT_SCIENTIFIC_EVIDENCE"
"M10A2R","runs/M10A2R/20260813_075055_manual_reconciliation/LiNRR_M10A2R_RuntimeInputs.java","archive/M10A2R/20260813_075055_manual_reconciliation/LiNRR_M10A2R_RuntimeInputs.java","1373","FF52A2C6AB285CD2C74FE686AA876FD355055D980337F41E1EE99687172412D1","GIT","RUN_TEXT_OR_SMALL_BINARY_EVIDENCE"
"M10A2R","runs/M10A2R/20260813_075055_manual_reconciliation/M10A2R.log","archive/M10A2R/20260813_075055_manual_reconciliation/M10A2R.log","17558","C6809524D81E8305EA00D1201338EE10660267EEA2B1A93723A65327EB155DE4","GIT","FULL_COMSOL_BATCH_LOG"
"M10A2R","runs/M10A2R/20260813_075055_manual_reconciliation/M10A2R_merged.txt","archive/M10A2R/20260813_075055_manual_reconciliation/M10A2R_merged.txt","979","84C777E37C04C77F9BFF68DE67B309CF53B6F27C23DB4BE9627487C76DBEF533","GIT","RUN_TEXT_OR_SMALL_BINARY_EVIDENCE"
"M10A2R","runs/M10A2R/20260813_075055_manual_reconciliation/M10A2R_stderr.txt","archive/M10A2R/20260813_075055_manual_reconciliation/M10A2R_stderr.txt","0","E3B0C44298FC1C149AFBF4C8996FB92427AE41E4649B934CA495991B7852B855","GIT","RUN_TEXT_OR_SMALL_BINARY_EVIDENCE"
"M10A2R","runs/M10A2R/20260813_075055_manual_reconciliation/M10A2R_stdout.txt","archive/M10A2R/20260813_075055_manual_reconciliation/M10A2R_stdout.txt","230","A3F63C76B93E0265980FE476D2FE504C8B6C432CEE8CF944E400AFF9C9670B1A","GIT","RUN_TEXT_OR_SMALL_BINARY_EVIDENCE"
"M10A2R","runs/M10A2R/20260813_075055_manual_reconciliation/main_compile_merged.txt","archive/M10A2R/20260813_075055_manual_reconciliation/main_compile_merged.txt","402","2545F9C73B9DE3040E90985D841C498E836FB457E57D98DD993C0F01D06D6664","GIT","RUN_TEXT_OR_SMALL_BINARY_EVIDENCE"
"M10A2R","runs/M10A2R/20260813_075055_manual_reconciliation/main_compile_stderr.txt","archive/M10A2R/20260813_075055_manual_reconciliation/main_compile_stderr.txt","0","E3B0C44298FC1C149AFBF4C8996FB92427AE41E4649B934CA495991B7852B855","GIT","RUN_TEXT_OR_SMALL_BINARY_EVIDENCE"
"M10A2R","runs/M10A2R/20260813_075055_manual_reconciliation/main_compile_stdout.txt","archive/M10A2R/20260813_075055_manual_reconciliation/main_compile_stdout.txt","0","E3B0C44298FC1C149AFBF4C8996FB92427AE41E4649B934CA495991B7852B855","GIT","RUN_TEXT_OR_SMALL_BINARY_EVIDENCE"
"M10A2R","runs/M10A2R/20260813_075055_manual_reconciliation/runtime_compile_merged.txt","archive/M10A2R/20260813_075055_manual_reconciliation/runtime_compile_merged.txt","436","10E9F4AC4665FD15A4AAA98F747E02140B9B70B8BFA8BA79129BD617102FA116","GIT","RUN_TEXT_OR_SMALL_BINARY_EVIDENCE"
"M10A2R","runs/M10A2R/20260813_075055_manual_reconciliation/runtime_compile_stderr.txt","archive/M10A2R/20260813_075055_manual_reconciliation/runtime_compile_stderr.txt","0","E3B0C44298FC1C149AFBF4C8996FB92427AE41E4649B934CA495991B7852B855","GIT","RUN_TEXT_OR_SMALL_BINARY_EVIDENCE"
"M10A2R","runs/M10A2R/20260813_075055_manual_reconciliation/runtime_compile_stdout.txt","archive/M10A2R/20260813_075055_manual_reconciliation/runtime_compile_stdout.txt","0","E3B0C44298FC1C149AFBF4C8996FB92427AE41E4649B934CA495991B7852B855","GIT","RUN_TEXT_OR_SMALL_BINARY_EVIDENCE"
"M10A2R","runs/M10A2R/20260813_075213_manual_reconciliation/COMSOL_SECURITY_SCOPE.txt","archive/M10A2R/20260813_075213_manual_reconciliation/COMSOL_SECURITY_SCOPE.txt","121","AC6D7E05D65612D34A465E451279237D236C086E72625BAA411D682630B25D12","GIT","RUN_TEXT_OR_SMALL_BINARY_EVIDENCE"
"M10A2R","runs/M10A2R/20260813_075213_manual_reconciliation/isolated_comsol_preferences/comsol.prefs","","20009","41160800BC7B0B9FBA0E9A09DDA21DF54B6D90108D864D369593FCDFAFA2B13B","EXCLUDED","BUILD_OR_SECURITY_CONFIGURATION_NOT_SCIENTIFIC_EVIDENCE"
"M10A2R","runs/M10A2R/20260813_075213_manual_reconciliation/isolated_comsol_preferences/comsol.recoveries","","0","E3B0C44298FC1C149AFBF4C8996FB92427AE41E4649B934CA495991B7852B855","EXCLUDED","BUILD_OR_SECURITY_CONFIGURATION_NOT_SCIENTIFIC_EVIDENCE"
"M10A2R","runs/M10A2R/20260813_075213_manual_reconciliation/isolated_comsol_preferences/comsolserver.prefs","","20314","BC07A5D77BC211AE5BEA0E1B47EC75174844973DC9FAB816ABBFB6874E51EAB8","EXCLUDED","BUILD_OR_SECURITY_CONFIGURATION_NOT_SCIENTIFIC_EVIDENCE"
"M10A2R","runs/M10A2R/20260813_075213_manual_reconciliation/isolated_comsol_preferences/logs/batch1.log","","18323","E5FA628AEA26B4D9A9864F7B18FA37D27EC4468B7EEB142E373FA21863B9D171","EXCLUDED","BUILD_OR_SECURITY_CONFIGURATION_NOT_SCIENTIFIC_EVIDENCE"
"M10A2R","runs/M10A2R/20260813_075213_manual_reconciliation/isolated_comsol_preferences/logs/batch1_render.log","","449","87BD0FCB99732D9C14E23B4B5EB14A33FCD4782342FF0894C895EE341AAB70E3","EXCLUDED","BUILD_OR_SECURITY_CONFIGURATION_NOT_SCIENTIFIC_EVIDENCE"
"M10A2R","runs/M10A2R/20260813_075213_manual_reconciliation/isolated_comsol_preferences/materials/User_Defined_Library.mph","","17016","7E6DCF1F64E91861AFCD9A867548985CB5830921BB4D2F904515CF8CE78774F6","EXCLUDED","BUILD_OR_SECURITY_CONFIGURATION_NOT_SCIENTIFIC_EVIDENCE"
"M10A2R","runs/M10A2R/20260813_075213_manual_reconciliation/LiNRR_M10A2R_RuntimeInputs.class","","1498","22D5AE0FDAAC8F2F89DD9C3E4682EC7E77173DA9DFC0269CBFC1FF13738F73E1","EXCLUDED","BUILD_OR_SECURITY_CONFIGURATION_NOT_SCIENTIFIC_EVIDENCE"
"M10A2R","runs/M10A2R/20260813_075213_manual_reconciliation/LiNRR_M10A2R_RuntimeInputs.java","archive/M10A2R/20260813_075213_manual_reconciliation/LiNRR_M10A2R_RuntimeInputs.java","1373","55AABB9DD0B5E377830F01AFF69D85FE5C66E199FB0DAE1A3C9E4F8CB99D179E","GIT","RUN_TEXT_OR_SMALL_BINARY_EVIDENCE"
"M10A2R","runs/M10A2R/20260813_075213_manual_reconciliation/M10A2R.log","archive/M10A2R/20260813_075213_manual_reconciliation/M10A2R.log","17399","46F2A22B68DC39D11EFB1E777EF6E480F95F59AC9751A20A323F1DEFC26E3322","GIT","FULL_COMSOL_BATCH_LOG"
"M10A2R","runs/M10A2R/20260813_075213_manual_reconciliation/M10A2R_merged.txt","archive/M10A2R/20260813_075213_manual_reconciliation/M10A2R_merged.txt","979","AB7580DA37C8A4573C401B93AA0AE51B3BECB57A723F5797E4BB2B4208633942","GIT","RUN_TEXT_OR_SMALL_BINARY_EVIDENCE"
"M10A2R","runs/M10A2R/20260813_075213_manual_reconciliation/M10A2R_stderr.txt","archive/M10A2R/20260813_075213_manual_reconciliation/M10A2R_stderr.txt","0","E3B0C44298FC1C149AFBF4C8996FB92427AE41E4649B934CA495991B7852B855","GIT","RUN_TEXT_OR_SMALL_BINARY_EVIDENCE"
"M10A2R","runs/M10A2R/20260813_075213_manual_reconciliation/M10A2R_stdout.txt","archive/M10A2R/20260813_075213_manual_reconciliation/M10A2R_stdout.txt","230","A3F63C76B93E0265980FE476D2FE504C8B6C432CEE8CF944E400AFF9C9670B1A","GIT","RUN_TEXT_OR_SMALL_BINARY_EVIDENCE"
"M10A2R","runs/M10A2R/20260813_075213_manual_reconciliation/main_compile_merged.txt","archive/M10A2R/20260813_075213_manual_reconciliation/main_compile_merged.txt","402","0799309F5744F8475613C53D567281157F1B85C5A5C908AFDD85FF6D9D2B99D7","GIT","RUN_TEXT_OR_SMALL_BINARY_EVIDENCE"
"M10A2R","runs/M10A2R/20260813_075213_manual_reconciliation/main_compile_stderr.txt","archive/M10A2R/20260813_075213_manual_reconciliation/main_compile_stderr.txt","0","E3B0C44298FC1C149AFBF4C8996FB92427AE41E4649B934CA495991B7852B855","GIT","RUN_TEXT_OR_SMALL_BINARY_EVIDENCE"
"M10A2R","runs/M10A2R/20260813_075213_manual_reconciliation/main_compile_stdout.txt","archive/M10A2R/20260813_075213_manual_reconciliation/main_compile_stdout.txt","0","E3B0C44298FC1C149AFBF4C8996FB92427AE41E4649B934CA495991B7852B855","GIT","RUN_TEXT_OR_SMALL_BINARY_EVIDENCE"
"M10A2R","runs/M10A2R/20260813_075213_manual_reconciliation/runtime_compile_merged.txt","archive/M10A2R/20260813_075213_manual_reconciliation/runtime_compile_merged.txt","436","FC7A07CA7B43EF9671B676774A64B182FDF8DCB9103B63ACE8FAA8E9F4D3EE86","GIT","RUN_TEXT_OR_SMALL_BINARY_EVIDENCE"
"M10A2R","runs/M10A2R/20260813_075213_manual_reconciliation/runtime_compile_stderr.txt","archive/M10A2R/20260813_075213_manual_reconciliation/runtime_compile_stderr.txt","0","E3B0C44298FC1C149AFBF4C8996FB92427AE41E4649B934CA495991B7852B855","GIT","RUN_TEXT_OR_SMALL_BINARY_EVIDENCE"
"M10A2R","runs/M10A2R/20260813_075213_manual_reconciliation/runtime_compile_stdout.txt","archive/M10A2R/20260813_075213_manual_reconciliation/runtime_compile_stdout.txt","0","E3B0C44298FC1C149AFBF4C8996FB92427AE41E4649B934CA495991B7852B855","GIT","RUN_TEXT_OR_SMALL_BINARY_EVIDENCE"
"M10A2R","runs/M10A2R/20260813_075403_manual_reconciliation/COMSOL_SECURITY_SCOPE.txt","archive/M10A2R/20260813_075403_manual_reconciliation/COMSOL_SECURITY_SCOPE.txt","121","AC6D7E05D65612D34A465E451279237D236C086E72625BAA411D682630B25D12","GIT","RUN_TEXT_OR_SMALL_BINARY_EVIDENCE"
"M10A2R","runs/M10A2R/20260813_075403_manual_reconciliation/isolated_comsol_preferences/comsol.prefs","","20009","9A7A9327BD905F18475836DED9510B39E7D03000464A036225D16F9A241B3964","EXCLUDED","BUILD_OR_SECURITY_CONFIGURATION_NOT_SCIENTIFIC_EVIDENCE"
"M10A2R","runs/M10A2R/20260813_075403_manual_reconciliation/isolated_comsol_preferences/comsol.recoveries","","0","E3B0C44298FC1C149AFBF4C8996FB92427AE41E4649B934CA495991B7852B855","EXCLUDED","BUILD_OR_SECURITY_CONFIGURATION_NOT_SCIENTIFIC_EVIDENCE"
"M10A2R","runs/M10A2R/20260813_075403_manual_reconciliation/isolated_comsol_preferences/comsolserver.prefs","","20314","2CCA9FE49628816BA2C54D54B40EE1472348262C905989F3688DAFF210ED06D4","EXCLUDED","BUILD_OR_SECURITY_CONFIGURATION_NOT_SCIENTIFIC_EVIDENCE"
"M10A2R","runs/M10A2R/20260813_075403_manual_reconciliation/isolated_comsol_preferences/logs/batch1.log","","18365","196EA0475AB9A02B78368D5DAA7FE248C92475A5589AE5E416EA82A57E5DE4E4","EXCLUDED","BUILD_OR_SECURITY_CONFIGURATION_NOT_SCIENTIFIC_EVIDENCE"
"M10A2R","runs/M10A2R/20260813_075403_manual_reconciliation/isolated_comsol_preferences/logs/batch1_render.log","","449","991BAEF670D9EB5F1DB4FC66E122F2D7FFE004BD6E49F359FC71526410291206","EXCLUDED","BUILD_OR_SECURITY_CONFIGURATION_NOT_SCIENTIFIC_EVIDENCE"
"M10A2R","runs/M10A2R/20260813_075403_manual_reconciliation/isolated_comsol_preferences/materials/User_Defined_Library.mph","","17016","BAB684B1491D91D28F9F73D39DAD150C6BEFFF815B60ADF7C49252579686CFBE","EXCLUDED","BUILD_OR_SECURITY_CONFIGURATION_NOT_SCIENTIFIC_EVIDENCE"
"M10A2R","runs/M10A2R/20260813_075403_manual_reconciliation/LiNRR_M10A2R_RuntimeInputs.class","","1498","D2C0A729813C265B39666E53528D584FE1C25682E0BAE4ED1A07CFE0195865C0","EXCLUDED","BUILD_OR_SECURITY_CONFIGURATION_NOT_SCIENTIFIC_EVIDENCE"
"M10A2R","runs/M10A2R/20260813_075403_manual_reconciliation/LiNRR_M10A2R_RuntimeInputs.java","archive/M10A2R/20260813_075403_manual_reconciliation/LiNRR_M10A2R_RuntimeInputs.java","1373","DABFD3409757478E3840AB7711AF92AEF2D9C4FFC55E99FDD0EA0CFADE35402D","GIT","RUN_TEXT_OR_SMALL_BINARY_EVIDENCE"
"M10A2R","runs/M10A2R/20260813_075403_manual_reconciliation/M10A2R.log","archive/M10A2R/20260813_075403_manual_reconciliation/M10A2R.log","18005","D7B2C00C3CDF3583F8FE3DA4E6E4B06B02233B60601F9D14F28D128A35165E53","GIT","FULL_COMSOL_BATCH_LOG"
"M10A2R","runs/M10A2R/20260813_075403_manual_reconciliation/M10A2R_merged.txt","archive/M10A2R/20260813_075403_manual_reconciliation/M10A2R_merged.txt","979","AC1524F0566FB372B23C434CA2EFC2061A58384198FE884EB31B8F90D3E1E0F2","GIT","RUN_TEXT_OR_SMALL_BINARY_EVIDENCE"
"M10A2R","runs/M10A2R/20260813_075403_manual_reconciliation/M10A2R_stderr.txt","archive/M10A2R/20260813_075403_manual_reconciliation/M10A2R_stderr.txt","0","E3B0C44298FC1C149AFBF4C8996FB92427AE41E4649B934CA495991B7852B855","GIT","RUN_TEXT_OR_SMALL_BINARY_EVIDENCE"
"M10A2R","runs/M10A2R/20260813_075403_manual_reconciliation/M10A2R_stdout.txt","archive/M10A2R/20260813_075403_manual_reconciliation/M10A2R_stdout.txt","230","A3F63C76B93E0265980FE476D2FE504C8B6C432CEE8CF944E400AFF9C9670B1A","GIT","RUN_TEXT_OR_SMALL_BINARY_EVIDENCE"
"M10A2R","runs/M10A2R/20260813_075403_manual_reconciliation/main_compile_merged.txt","archive/M10A2R/20260813_075403_manual_reconciliation/main_compile_merged.txt","402","F1A5A773EEC31D32AFF863B472AA07728480077AD8DFB382596CDBA6533CE9C1","GIT","RUN_TEXT_OR_SMALL_BINARY_EVIDENCE"
"M10A2R","runs/M10A2R/20260813_075403_manual_reconciliation/main_compile_stderr.txt","archive/M10A2R/20260813_075403_manual_reconciliation/main_compile_stderr.txt","0","E3B0C44298FC1C149AFBF4C8996FB92427AE41E4649B934CA495991B7852B855","GIT","RUN_TEXT_OR_SMALL_BINARY_EVIDENCE"
"M10A2R","runs/M10A2R/20260813_075403_manual_reconciliation/main_compile_stdout.txt","archive/M10A2R/20260813_075403_manual_reconciliation/main_compile_stdout.txt","0","E3B0C44298FC1C149AFBF4C8996FB92427AE41E4649B934CA495991B7852B855","GIT","RUN_TEXT_OR_SMALL_BINARY_EVIDENCE"
"M10A2R","runs/M10A2R/20260813_075403_manual_reconciliation/runtime_compile_merged.txt","archive/M10A2R/20260813_075403_manual_reconciliation/runtime_compile_merged.txt","436","E30E13A5CA58B02B59E63A01B45153602B0614F977319919ACDA458C77C32D63","GIT","RUN_TEXT_OR_SMALL_BINARY_EVIDENCE"
"M10A2R","runs/M10A2R/20260813_075403_manual_reconciliation/runtime_compile_stderr.txt","archive/M10A2R/20260813_075403_manual_reconciliation/runtime_compile_stderr.txt","0","E3B0C44298FC1C149AFBF4C8996FB92427AE41E4649B934CA495991B7852B855","GIT","RUN_TEXT_OR_SMALL_BINARY_EVIDENCE"
"M10A2R","runs/M10A2R/20260813_075403_manual_reconciliation/runtime_compile_stdout.txt","archive/M10A2R/20260813_075403_manual_reconciliation/runtime_compile_stdout.txt","0","E3B0C44298FC1C149AFBF4C8996FB92427AE41E4649B934CA495991B7852B855","GIT","RUN_TEXT_OR_SMALL_BINARY_EVIDENCE"
"M10A2R","runs/M10A2R/20260813_075603_manual_reconciliation/COMSOL_SECURITY_SCOPE.txt","archive/M10A2R/20260813_075603_manual_reconciliation/COMSOL_SECURITY_SCOPE.txt","121","AC6D7E05D65612D34A465E451279237D236C086E72625BAA411D682630B25D12","GIT","RUN_TEXT_OR_SMALL_BINARY_EVIDENCE"
"M10A2R","runs/M10A2R/20260813_075603_manual_reconciliation/isolated_comsol_preferences/comsol.prefs","","20009","169F2412673EF468F562048FA297E552579BEC7236C9D31F31DE41353052043F","EXCLUDED","BUILD_OR_SECURITY_CONFIGURATION_NOT_SCIENTIFIC_EVIDENCE"
"M10A2R","runs/M10A2R/20260813_075603_manual_reconciliation/isolated_comsol_preferences/comsol.recoveries","","0","E3B0C44298FC1C149AFBF4C8996FB92427AE41E4649B934CA495991B7852B855","EXCLUDED","BUILD_OR_SECURITY_CONFIGURATION_NOT_SCIENTIFIC_EVIDENCE"
"M10A2R","runs/M10A2R/20260813_075603_manual_reconciliation/isolated_comsol_preferences/comsolserver.prefs","","20314","B3C5654513955C258DF8D8DF9C2E86FCA7D25865B0B480576D89541A008B4832","EXCLUDED","BUILD_OR_SECURITY_CONFIGURATION_NOT_SCIENTIFIC_EVIDENCE"
"M10A2R","runs/M10A2R/20260813_075603_manual_reconciliation/isolated_comsol_preferences/logs/batch1.log","","18323","0BD1C0918AEF4EC5FB9A046F845F1DFD64851815662FBC96CEC7C3B6AB1567B0","EXCLUDED","BUILD_OR_SECURITY_CONFIGURATION_NOT_SCIENTIFIC_EVIDENCE"
"M10A2R","runs/M10A2R/20260813_075603_manual_reconciliation/isolated_comsol_preferences/logs/batch1_render.log","","449","FCEC5E233755A6A0788E3FD722E8D3097378AB18ACC5850D0ADCAFCCD46242CD","EXCLUDED","BUILD_OR_SECURITY_CONFIGURATION_NOT_SCIENTIFIC_EVIDENCE"
"M10A2R","runs/M10A2R/20260813_075603_manual_reconciliation/isolated_comsol_preferences/materials/User_Defined_Library.mph","","17016","6218A58F368DCE61213E80FCF2A2E09ADA7F10CF473E8E58433EF7EA4D51FF1C","EXCLUDED","BUILD_OR_SECURITY_CONFIGURATION_NOT_SCIENTIFIC_EVIDENCE"
"M10A2R","runs/M10A2R/20260813_075603_manual_reconciliation/LiNRR_M10A2R_RuntimeInputs.class","","1498","9B06B84B994CB216F60630D618F3C01E987871A832A6FDBBA6ABA337ABB2C9D9","EXCLUDED","BUILD_OR_SECURITY_CONFIGURATION_NOT_SCIENTIFIC_EVIDENCE"
"M10A2R","runs/M10A2R/20260813_075603_manual_reconciliation/LiNRR_M10A2R_RuntimeInputs.java","archive/M10A2R/20260813_075603_manual_reconciliation/LiNRR_M10A2R_RuntimeInputs.java","1373","9ABFE70997BDBCD6864BB4A9FCB617D7E033EA1C099944EDD0945BF9A444C47E","GIT","RUN_TEXT_OR_SMALL_BINARY_EVIDENCE"
"M10A2R","runs/M10A2R/20260813_075603_manual_reconciliation/M10A2R.log","archive/M10A2R/20260813_075603_manual_reconciliation/M10A2R.log","17976","C4421294F84AA55F16B2D1AD3DE57CB82456898504B67B214878E5A035E2B43C","GIT","FULL_COMSOL_BATCH_LOG"
"M10A2R","runs/M10A2R/20260813_075603_manual_reconciliation/M10A2R_merged.txt","archive/M10A2R/20260813_075603_manual_reconciliation/M10A2R_merged.txt","979","27600F0C430C583709E56676EEEDB33B6DEB9D8B0C59E32FD0FB78DC59F4EA12","GIT","RUN_TEXT_OR_SMALL_BINARY_EVIDENCE"
"M10A2R","runs/M10A2R/20260813_075603_manual_reconciliation/M10A2R_stderr.txt","archive/M10A2R/20260813_075603_manual_reconciliation/M10A2R_stderr.txt","0","E3B0C44298FC1C149AFBF4C8996FB92427AE41E4649B934CA495991B7852B855","GIT","RUN_TEXT_OR_SMALL_BINARY_EVIDENCE"
"M10A2R","runs/M10A2R/20260813_075603_manual_reconciliation/M10A2R_stdout.txt","archive/M10A2R/20260813_075603_manual_reconciliation/M10A2R_stdout.txt","230","A3F63C76B93E0265980FE476D2FE504C8B6C432CEE8CF944E400AFF9C9670B1A","GIT","RUN_TEXT_OR_SMALL_BINARY_EVIDENCE"
"M10A2R","runs/M10A2R/20260813_075603_manual_reconciliation/main_compile_merged.txt","archive/M10A2R/20260813_075603_manual_reconciliation/main_compile_merged.txt","402","372D557EA1A0DAA0D71B7032C59941D7D35C31B4F3CC31191AD108118144D1C4","GIT","RUN_TEXT_OR_SMALL_BINARY_EVIDENCE"
"M10A2R","runs/M10A2R/20260813_075603_manual_reconciliation/main_compile_stderr.txt","archive/M10A2R/20260813_075603_manual_reconciliation/main_compile_stderr.txt","0","E3B0C44298FC1C149AFBF4C8996FB92427AE41E4649B934CA495991B7852B855","GIT","RUN_TEXT_OR_SMALL_BINARY_EVIDENCE"
"M10A2R","runs/M10A2R/20260813_075603_manual_reconciliation/main_compile_stdout.txt","archive/M10A2R/20260813_075603_manual_reconciliation/main_compile_stdout.txt","0","E3B0C44298FC1C149AFBF4C8996FB92427AE41E4649B934CA495991B7852B855","GIT","RUN_TEXT_OR_SMALL_BINARY_EVIDENCE"
"M10A2R","runs/M10A2R/20260813_075603_manual_reconciliation/runtime_compile_merged.txt","archive/M10A2R/20260813_075603_manual_reconciliation/runtime_compile_merged.txt","436","DCFD2D9E0053B80F3DC0D96A6830C10DB9FE4287F3B9A6B4B031BA59DAF06BA3","GIT","RUN_TEXT_OR_SMALL_BINARY_EVIDENCE"
"M10A2R","runs/M10A2R/20260813_075603_manual_reconciliation/runtime_compile_stderr.txt","archive/M10A2R/20260813_075603_manual_reconciliation/runtime_compile_stderr.txt","0","E3B0C44298FC1C149AFBF4C8996FB92427AE41E4649B934CA495991B7852B855","GIT","RUN_TEXT_OR_SMALL_BINARY_EVIDENCE"
"M10A2R","runs/M10A2R/20260813_075603_manual_reconciliation/runtime_compile_stdout.txt","archive/M10A2R/20260813_075603_manual_reconciliation/runtime_compile_stdout.txt","0","E3B0C44298FC1C149AFBF4C8996FB92427AE41E4649B934CA495991B7852B855","GIT","RUN_TEXT_OR_SMALL_BINARY_EVIDENCE"
"M10A2R","runs/M10A2R/20260813_075722_manual_reconciliation/COMSOL_SECURITY_SCOPE.txt","archive/M10A2R/20260813_075722_manual_reconciliation/COMSOL_SECURITY_SCOPE.txt","121","AC6D7E05D65612D34A465E451279237D236C086E72625BAA411D682630B25D12","GIT","RUN_TEXT_OR_SMALL_BINARY_EVIDENCE"
"M10A2R","runs/M10A2R/20260813_075722_manual_reconciliation/isolated_comsol_preferences/comsol.prefs","","20009","1FCE97F058A2F37838B9FC5FAC83B65B4A3F95159AB0AC1BEB8CE0ECA50A4C06","EXCLUDED","BUILD_OR_SECURITY_CONFIGURATION_NOT_SCIENTIFIC_EVIDENCE"
"M10A2R","runs/M10A2R/20260813_075722_manual_reconciliation/isolated_comsol_preferences/comsol.recoveries","","0","E3B0C44298FC1C149AFBF4C8996FB92427AE41E4649B934CA495991B7852B855","EXCLUDED","BUILD_OR_SECURITY_CONFIGURATION_NOT_SCIENTIFIC_EVIDENCE"
"M10A2R","runs/M10A2R/20260813_075722_manual_reconciliation/isolated_comsol_preferences/comsolserver.prefs","","20314","60FE393496A1B07880EAE4CCFF7C2C29C3FE70DCDC6057962C26EF4053093385","EXCLUDED","BUILD_OR_SECURITY_CONFIGURATION_NOT_SCIENTIFIC_EVIDENCE"
"M10A2R","runs/M10A2R/20260813_075722_manual_reconciliation/isolated_comsol_preferences/logs/batch1.log","","18321","5C5371C97330C0C8A3D8CFDB28866BB28DB0CB9981E17B3EC65DD8C4BB04D6E4","EXCLUDED","BUILD_OR_SECURITY_CONFIGURATION_NOT_SCIENTIFIC_EVIDENCE"
"M10A2R","runs/M10A2R/20260813_075722_manual_reconciliation/isolated_comsol_preferences/logs/batch1_render.log","","449","8C1EE3B7EE271563CAEC8D6539E37A9F998AF5188A244F64E46862AA7E1402EE","EXCLUDED","BUILD_OR_SECURITY_CONFIGURATION_NOT_SCIENTIFIC_EVIDENCE"
"M10A2R","runs/M10A2R/20260813_075722_manual_reconciliation/isolated_comsol_preferences/materials/User_Defined_Library.mph","","17016","A2C54FDFE8A370BAFEE1E98DC58D5B59D52FC2131D365200132B2CCD82C10A2C","EXCLUDED","BUILD_OR_SECURITY_CONFIGURATION_NOT_SCIENTIFIC_EVIDENCE"
"M10A2R","runs/M10A2R/20260813_075722_manual_reconciliation/LiNRR_M10A2R_RuntimeInputs.class","","1498","B9B67B82AFABB199DB64E770336E080D0128688FD61018F7BF43E1A44A2658DD","EXCLUDED","BUILD_OR_SECURITY_CONFIGURATION_NOT_SCIENTIFIC_EVIDENCE"
"M10A2R","runs/M10A2R/20260813_075722_manual_reconciliation/LiNRR_M10A2R_RuntimeInputs.java","archive/M10A2R/20260813_075722_manual_reconciliation/LiNRR_M10A2R_RuntimeInputs.java","1373","41AA3C3698B4E67B6E916EAD0EB93AD96F613715BE5E6A5B7468DF701314474D","GIT","RUN_TEXT_OR_SMALL_BINARY_EVIDENCE"
"M10A2R","runs/M10A2R/20260813_075722_manual_reconciliation/M10A2R.log","archive/M10A2R/20260813_075722_manual_reconciliation/M10A2R.log","17481","DE89D70A92A10B377577535175064A53ADA75DA02AA05617C986F5F8A04CB131","GIT","FULL_COMSOL_BATCH_LOG"
"M10A2R","runs/M10A2R/20260813_075722_manual_reconciliation/M10A2R_merged.txt","archive/M10A2R/20260813_075722_manual_reconciliation/M10A2R_merged.txt","979","D0356E4970C72D6FC7A122A264A48DED93E0F44544AC803C8387AFFBDAC4D9A8","GIT","RUN_TEXT_OR_SMALL_BINARY_EVIDENCE"
"M10A2R","runs/M10A2R/20260813_075722_manual_reconciliation/M10A2R_stderr.txt","archive/M10A2R/20260813_075722_manual_reconciliation/M10A2R_stderr.txt","0","E3B0C44298FC1C149AFBF4C8996FB92427AE41E4649B934CA495991B7852B855","GIT","RUN_TEXT_OR_SMALL_BINARY_EVIDENCE"
"M10A2R","runs/M10A2R/20260813_075722_manual_reconciliation/M10A2R_stdout.txt","archive/M10A2R/20260813_075722_manual_reconciliation/M10A2R_stdout.txt","230","A3F63C76B93E0265980FE476D2FE504C8B6C432CEE8CF944E400AFF9C9670B1A","GIT","RUN_TEXT_OR_SMALL_BINARY_EVIDENCE"
"M10A2R","runs/M10A2R/20260813_075722_manual_reconciliation/main_compile_merged.txt","archive/M10A2R/20260813_075722_manual_reconciliation/main_compile_merged.txt","402","57CDCB050702F544E7A4D9CE0B7B6F5C0C1CD7710B46B43EBE86943957965BE0","GIT","RUN_TEXT_OR_SMALL_BINARY_EVIDENCE"
"M10A2R","runs/M10A2R/20260813_075722_manual_reconciliation/main_compile_stderr.txt","archive/M10A2R/20260813_075722_manual_reconciliation/main_compile_stderr.txt","0","E3B0C44298FC1C149AFBF4C8996FB92427AE41E4649B934CA495991B7852B855","GIT","RUN_TEXT_OR_SMALL_BINARY_EVIDENCE"
"M10A2R","runs/M10A2R/20260813_075722_manual_reconciliation/main_compile_stdout.txt","archive/M10A2R/20260813_075722_manual_reconciliation/main_compile_stdout.txt","0","E3B0C44298FC1C149AFBF4C8996FB92427AE41E4649B934CA495991B7852B855","GIT","RUN_TEXT_OR_SMALL_BINARY_EVIDENCE"
"M10A2R","runs/M10A2R/20260813_075722_manual_reconciliation/runtime_compile_merged.txt","archive/M10A2R/20260813_075722_manual_reconciliation/runtime_compile_merged.txt","436","38FCF5F8213EA4F303D270F914671A32A68BC270963B9A47D990CB69191AD6C6","GIT","RUN_TEXT_OR_SMALL_BINARY_EVIDENCE"
"M10A2R","runs/M10A2R/20260813_075722_manual_reconciliation/runtime_compile_stderr.txt","archive/M10A2R/20260813_075722_manual_reconciliation/runtime_compile_stderr.txt","0","E3B0C44298FC1C149AFBF4C8996FB92427AE41E4649B934CA495991B7852B855","GIT","RUN_TEXT_OR_SMALL_BINARY_EVIDENCE"
"M10A2R","runs/M10A2R/20260813_075722_manual_reconciliation/runtime_compile_stdout.txt","archive/M10A2R/20260813_075722_manual_reconciliation/runtime_compile_stdout.txt","0","E3B0C44298FC1C149AFBF4C8996FB92427AE41E4649B934CA495991B7852B855","GIT","RUN_TEXT_OR_SMALL_BINARY_EVIDENCE"
"M10A2R","runs/M10A2R/20260813_075938_manual_reconciliation/COMSOL_SECURITY_SCOPE.txt","archive/M10A2R/20260813_075938_manual_reconciliation/COMSOL_SECURITY_SCOPE.txt","121","AC6D7E05D65612D34A465E451279237D236C086E72625BAA411D682630B25D12","GIT","RUN_TEXT_OR_SMALL_BINARY_EVIDENCE"
"M10A2R","runs/M10A2R/20260813_075938_manual_reconciliation/isolated_comsol_preferences/comsol.prefs","","20009","85A72F9B773A67873C5202F27D3C20DD33E98104F7C4426BBD456703B557CD37","EXCLUDED","BUILD_OR_SECURITY_CONFIGURATION_NOT_SCIENTIFIC_EVIDENCE"
"M10A2R","runs/M10A2R/20260813_075938_manual_reconciliation/isolated_comsol_preferences/comsol.recoveries","","0","E3B0C44298FC1C149AFBF4C8996FB92427AE41E4649B934CA495991B7852B855","EXCLUDED","BUILD_OR_SECURITY_CONFIGURATION_NOT_SCIENTIFIC_EVIDENCE"
"M10A2R","runs/M10A2R/20260813_075938_manual_reconciliation/isolated_comsol_preferences/comsolserver.prefs","","20314","C66BBE6C0938291D70D524C1A73F630AC486DDF4B82EE512BCF6A7876CA027FC","EXCLUDED","BUILD_OR_SECURITY_CONFIGURATION_NOT_SCIENTIFIC_EVIDENCE"
"M10A2R","runs/M10A2R/20260813_075938_manual_reconciliation/isolated_comsol_preferences/logs/batch1.log","","18323","B08F18D79CAEA1B6CED99070FAF3C92BF115C66E5AC71E612943C03DEF7E63F1","EXCLUDED","BUILD_OR_SECURITY_CONFIGURATION_NOT_SCIENTIFIC_EVIDENCE"
"M10A2R","runs/M10A2R/20260813_075938_manual_reconciliation/isolated_comsol_preferences/logs/batch1_render.log","","449","1E72D78CCA8F9D909D4C99C3D0818975576C00AF1281FA043892A3D5C3F8FEFF","EXCLUDED","BUILD_OR_SECURITY_CONFIGURATION_NOT_SCIENTIFIC_EVIDENCE"
"M10A2R","runs/M10A2R/20260813_075938_manual_reconciliation/isolated_comsol_preferences/materials/User_Defined_Library.mph","","17016","A095047749379FE4B151FC3BB9C8AD3489A08C1C5B1BE9606355C8D190BC9E40","EXCLUDED","BUILD_OR_SECURITY_CONFIGURATION_NOT_SCIENTIFIC_EVIDENCE"
"M10A2R","runs/M10A2R/20260813_075938_manual_reconciliation/LiNRR_M10A2R_RuntimeInputs.class","","1498","DECB02618F51D62735B9C6735144525CCEF9EB30091B3C3D1F72D9C490F50CC4","EXCLUDED","BUILD_OR_SECURITY_CONFIGURATION_NOT_SCIENTIFIC_EVIDENCE"
"M10A2R","runs/M10A2R/20260813_075938_manual_reconciliation/LiNRR_M10A2R_RuntimeInputs.java","archive/M10A2R/20260813_075938_manual_reconciliation/LiNRR_M10A2R_RuntimeInputs.java","1373","E15FED6AB1DECB1053EE2A0C4440DB46D8FBDE79B503EB9B1F15C81B294C73BF","GIT","RUN_TEXT_OR_SMALL_BINARY_EVIDENCE"
"M10A2R","runs/M10A2R/20260813_075938_manual_reconciliation/M10A2R.log","archive/M10A2R/20260813_075938_manual_reconciliation/M10A2R.log","18306","B7D8130FEFE4D223E94FE6A33F8001686496C6A65AB7A0E33175D590BA393074","GIT","FULL_COMSOL_BATCH_LOG"
"M10A2R","runs/M10A2R/20260813_075938_manual_reconciliation/M10A2R_merged.txt","archive/M10A2R/20260813_075938_manual_reconciliation/M10A2R_merged.txt","979","46B26F9C0CEAA8C82249917D271B54D0026F146B7515619E263A6F8584A47D00","GIT","RUN_TEXT_OR_SMALL_BINARY_EVIDENCE"
"M10A2R","runs/M10A2R/20260813_075938_manual_reconciliation/M10A2R_stderr.txt","archive/M10A2R/20260813_075938_manual_reconciliation/M10A2R_stderr.txt","0","E3B0C44298FC1C149AFBF4C8996FB92427AE41E4649B934CA495991B7852B855","GIT","RUN_TEXT_OR_SMALL_BINARY_EVIDENCE"
"M10A2R","runs/M10A2R/20260813_075938_manual_reconciliation/M10A2R_stdout.txt","archive/M10A2R/20260813_075938_manual_reconciliation/M10A2R_stdout.txt","230","A3F63C76B93E0265980FE476D2FE504C8B6C432CEE8CF944E400AFF9C9670B1A","GIT","RUN_TEXT_OR_SMALL_BINARY_EVIDENCE"
"M10A2R","runs/M10A2R/20260813_075938_manual_reconciliation/main_compile_merged.txt","archive/M10A2R/20260813_075938_manual_reconciliation/main_compile_merged.txt","402","88CA23E03E1463F9197AA3639C55D70E3DC154F323512023B16FF9810D26909F","GIT","RUN_TEXT_OR_SMALL_BINARY_EVIDENCE"
"M10A2R","runs/M10A2R/20260813_075938_manual_reconciliation/main_compile_stderr.txt","archive/M10A2R/20260813_075938_manual_reconciliation/main_compile_stderr.txt","0","E3B0C44298FC1C149AFBF4C8996FB92427AE41E4649B934CA495991B7852B855","GIT","RUN_TEXT_OR_SMALL_BINARY_EVIDENCE"
"M10A2R","runs/M10A2R/20260813_075938_manual_reconciliation/main_compile_stdout.txt","archive/M10A2R/20260813_075938_manual_reconciliation/main_compile_stdout.txt","0","E3B0C44298FC1C149AFBF4C8996FB92427AE41E4649B934CA495991B7852B855","GIT","RUN_TEXT_OR_SMALL_BINARY_EVIDENCE"
"M10A2R","runs/M10A2R/20260813_075938_manual_reconciliation/runtime_compile_merged.txt","archive/M10A2R/20260813_075938_manual_reconciliation/runtime_compile_merged.txt","436","375BECDB0D240BA44F3732BFD8942693096A5A5C73B2019065C6A372EE4441D2","GIT","RUN_TEXT_OR_SMALL_BINARY_EVIDENCE"
"M10A2R","runs/M10A2R/20260813_075938_manual_reconciliation/runtime_compile_stderr.txt","archive/M10A2R/20260813_075938_manual_reconciliation/runtime_compile_stderr.txt","0","E3B0C44298FC1C149AFBF4C8996FB92427AE41E4649B934CA495991B7852B855","GIT","RUN_TEXT_OR_SMALL_BINARY_EVIDENCE"
"M10A2R","runs/M10A2R/20260813_075938_manual_reconciliation/runtime_compile_stdout.txt","archive/M10A2R/20260813_075938_manual_reconciliation/runtime_compile_stdout.txt","0","E3B0C44298FC1C149AFBF4C8996FB92427AE41E4649B934CA495991B7852B855","GIT","RUN_TEXT_OR_SMALL_BINARY_EVIDENCE"
"M10A2R","runs/M10A2R/20260813_080123_manual_reconciliation/COMSOL_SECURITY_SCOPE.txt","archive/M10A2R/20260813_080123_manual_reconciliation/COMSOL_SECURITY_SCOPE.txt","121","AC6D7E05D65612D34A465E451279237D236C086E72625BAA411D682630B25D12","GIT","RUN_TEXT_OR_SMALL_BINARY_EVIDENCE"
"M10A2R","runs/M10A2R/20260813_080123_manual_reconciliation/isolated_comsol_preferences/comsol.prefs","","20009","C4810AD61B56D6897DFEFD770C336D29D44CB81DF8E5D63F277385F3199E06E3","EXCLUDED","BUILD_OR_SECURITY_CONFIGURATION_NOT_SCIENTIFIC_EVIDENCE"
"M10A2R","runs/M10A2R/20260813_080123_manual_reconciliation/isolated_comsol_preferences/comsol.recoveries","","0","E3B0C44298FC1C149AFBF4C8996FB92427AE41E4649B934CA495991B7852B855","EXCLUDED","BUILD_OR_SECURITY_CONFIGURATION_NOT_SCIENTIFIC_EVIDENCE"
"M10A2R","runs/M10A2R/20260813_080123_manual_reconciliation/isolated_comsol_preferences/comsolserver.prefs","","20314","109FB8BB0D5FD8F676C8A12920BED78FB4426ABE71B6375280C85A8260255F10","EXCLUDED","BUILD_OR_SECURITY_CONFIGURATION_NOT_SCIENTIFIC_EVIDENCE"
"M10A2R","runs/M10A2R/20260813_080123_manual_reconciliation/isolated_comsol_preferences/logs/batch1.log","","18323","58A9D9D400AAFFA2C0ED51F83752EFFE840F00CBD51CB5A06202A5233EBDA4D4","EXCLUDED","BUILD_OR_SECURITY_CONFIGURATION_NOT_SCIENTIFIC_EVIDENCE"
"M10A2R","runs/M10A2R/20260813_080123_manual_reconciliation/isolated_comsol_preferences/logs/batch1_render.log","","449","68AE1F0A0A8CF1B5BA9E05C5118B1E7F01D8FA6116AD6BCC4997EBAD8F712D8E","EXCLUDED","BUILD_OR_SECURITY_CONFIGURATION_NOT_SCIENTIFIC_EVIDENCE"
"M10A2R","runs/M10A2R/20260813_080123_manual_reconciliation/isolated_comsol_preferences/materials/User_Defined_Library.mph","","17016","170B07EFCBBB8B53720148BF860A59B58F7A66D186832B5E0777EBFA2A66AFCD","EXCLUDED","BUILD_OR_SECURITY_CONFIGURATION_NOT_SCIENTIFIC_EVIDENCE"
"M10A2R","runs/M10A2R/20260813_080123_manual_reconciliation/LiNRR_M10A2R_RuntimeInputs.class","","1498","59CF2EF9126497179E6503B5BDD12A4A62C170F75B06E5A82CA6CEEFD91EA7A0","EXCLUDED","BUILD_OR_SECURITY_CONFIGURATION_NOT_SCIENTIFIC_EVIDENCE"
"M10A2R","runs/M10A2R/20260813_080123_manual_reconciliation/LiNRR_M10A2R_RuntimeInputs.java","archive/M10A2R/20260813_080123_manual_reconciliation/LiNRR_M10A2R_RuntimeInputs.java","1373","42C847490AF1F81F0A4B53C89B25BE8A65D2810C087FFC087145380BBA5109FB","GIT","RUN_TEXT_OR_SMALL_BINARY_EVIDENCE"
"M10A2R","runs/M10A2R/20260813_080123_manual_reconciliation/M10A2R.log","archive/M10A2R/20260813_080123_manual_reconciliation/M10A2R.log","18742","493433F268733EEA52082052F9B9528CC4C045F85D1204F53A0BC219821F05E4","GIT","FULL_COMSOL_BATCH_LOG"
"M10A2R","runs/M10A2R/20260813_080123_manual_reconciliation/M10A2R_merged.txt","archive/M10A2R/20260813_080123_manual_reconciliation/M10A2R_merged.txt","979","8F7BD432AB9ED745588CF3279F4E69901B4CD4E1A06DA11A48053DE2DE1FDBE1","GIT","RUN_TEXT_OR_SMALL_BINARY_EVIDENCE"
"M10A2R","runs/M10A2R/20260813_080123_manual_reconciliation/M10A2R_stderr.txt","archive/M10A2R/20260813_080123_manual_reconciliation/M10A2R_stderr.txt","0","E3B0C44298FC1C149AFBF4C8996FB92427AE41E4649B934CA495991B7852B855","GIT","RUN_TEXT_OR_SMALL_BINARY_EVIDENCE"
"M10A2R","runs/M10A2R/20260813_080123_manual_reconciliation/M10A2R_stdout.txt","archive/M10A2R/20260813_080123_manual_reconciliation/M10A2R_stdout.txt","230","A3F63C76B93E0265980FE476D2FE504C8B6C432CEE8CF944E400AFF9C9670B1A","GIT","RUN_TEXT_OR_SMALL_BINARY_EVIDENCE"
"M10A2R","runs/M10A2R/20260813_080123_manual_reconciliation/main_compile_merged.txt","archive/M10A2R/20260813_080123_manual_reconciliation/main_compile_merged.txt","402","EFD7818721B397B8F64CAF3CFA0C5961E69A6C42665518FA9B8FF6CED2F7C077","GIT","RUN_TEXT_OR_SMALL_BINARY_EVIDENCE"
"M10A2R","runs/M10A2R/20260813_080123_manual_reconciliation/main_compile_stderr.txt","archive/M10A2R/20260813_080123_manual_reconciliation/main_compile_stderr.txt","0","E3B0C44298FC1C149AFBF4C8996FB92427AE41E4649B934CA495991B7852B855","GIT","RUN_TEXT_OR_SMALL_BINARY_EVIDENCE"
"M10A2R","runs/M10A2R/20260813_080123_manual_reconciliation/main_compile_stdout.txt","archive/M10A2R/20260813_080123_manual_reconciliation/main_compile_stdout.txt","0","E3B0C44298FC1C149AFBF4C8996FB92427AE41E4649B934CA495991B7852B855","GIT","RUN_TEXT_OR_SMALL_BINARY_EVIDENCE"
"M10A2R","runs/M10A2R/20260813_080123_manual_reconciliation/runtime_compile_merged.txt","archive/M10A2R/20260813_080123_manual_reconciliation/runtime_compile_merged.txt","436","1CB3F723614658DE4AEAACF8317526DD7180B637FF278DE709D29C1084020CFD","GIT","RUN_TEXT_OR_SMALL_BINARY_EVIDENCE"
"M10A2R","runs/M10A2R/20260813_080123_manual_reconciliation/runtime_compile_stderr.txt","archive/M10A2R/20260813_080123_manual_reconciliation/runtime_compile_stderr.txt","0","E3B0C44298FC1C149AFBF4C8996FB92427AE41E4649B934CA495991B7852B855","GIT","RUN_TEXT_OR_SMALL_BINARY_EVIDENCE"
"M10A2R","runs/M10A2R/20260813_080123_manual_reconciliation/runtime_compile_stdout.txt","archive/M10A2R/20260813_080123_manual_reconciliation/runtime_compile_stdout.txt","0","E3B0C44298FC1C149AFBF4C8996FB92427AE41E4649B934CA495991B7852B855","GIT","RUN_TEXT_OR_SMALL_BINARY_EVIDENCE"
"M10A2R","runs/M10A2R/20260813_080254_manual_reconciliation/COMSOL_SECURITY_SCOPE.txt","archive/M10A2R/20260813_080254_manual_reconciliation/COMSOL_SECURITY_SCOPE.txt","121","AC6D7E05D65612D34A465E451279237D236C086E72625BAA411D682630B25D12","GIT","RUN_TEXT_OR_SMALL_BINARY_EVIDENCE"
"M10A2R","runs/M10A2R/20260813_080254_manual_reconciliation/isolated_comsol_preferences/comsol.prefs","","20009","575490E26D0A440D5BA71085EBA51BB92BC5A1535860CC491034AAAE0B3B3D49","EXCLUDED","BUILD_OR_SECURITY_CONFIGURATION_NOT_SCIENTIFIC_EVIDENCE"
"M10A2R","runs/M10A2R/20260813_080254_manual_reconciliation/isolated_comsol_preferences/comsol.recoveries","","0","E3B0C44298FC1C149AFBF4C8996FB92427AE41E4649B934CA495991B7852B855","EXCLUDED","BUILD_OR_SECURITY_CONFIGURATION_NOT_SCIENTIFIC_EVIDENCE"
"M10A2R","runs/M10A2R/20260813_080254_manual_reconciliation/isolated_comsol_preferences/comsolserver.prefs","","20314","1A04CB946F11CE74DDF5AEBA7C88C2F269D91AE40C99B7AFC2D6BC4247E28C5C","EXCLUDED","BUILD_OR_SECURITY_CONFIGURATION_NOT_SCIENTIFIC_EVIDENCE"
"M10A2R","runs/M10A2R/20260813_080254_manual_reconciliation/isolated_comsol_preferences/logs/batch1.log","","19017","2993C08EFAED18E1D8A7B32728E2F46B39502CA0582193CF49E3A6FFF386498C","EXCLUDED","BUILD_OR_SECURITY_CONFIGURATION_NOT_SCIENTIFIC_EVIDENCE"
"M10A2R","runs/M10A2R/20260813_080254_manual_reconciliation/isolated_comsol_preferences/logs/batch1_render.log","","449","9DD2290318D5746EB29CBDB0BB3C98302C2F4E9F0D29ABBFB6482247EF896919","EXCLUDED","BUILD_OR_SECURITY_CONFIGURATION_NOT_SCIENTIFIC_EVIDENCE"
"M10A2R","runs/M10A2R/20260813_080254_manual_reconciliation/isolated_comsol_preferences/materials/User_Defined_Library.mph","","17016","37B5537274D5D45600CCD11CEE4C5963C8897E8EB950D3D96741DA7E16BFC4A3","EXCLUDED","BUILD_OR_SECURITY_CONFIGURATION_NOT_SCIENTIFIC_EVIDENCE"
"M10A2R","runs/M10A2R/20260813_080254_manual_reconciliation/LiNRR_M10A2R_RuntimeInputs.class","","1498","2916BD9FBC35704BDF238E68AF8B3FA1A9AC066AF6C73530E9CA1DFCDDB9A83D","EXCLUDED","BUILD_OR_SECURITY_CONFIGURATION_NOT_SCIENTIFIC_EVIDENCE"
"M10A2R","runs/M10A2R/20260813_080254_manual_reconciliation/LiNRR_M10A2R_RuntimeInputs.java","archive/M10A2R/20260813_080254_manual_reconciliation/LiNRR_M10A2R_RuntimeInputs.java","1373","71D441F0E698DBB44A060AC07DEAD7F40CC4FFC828A7204CA00ADFA431B2585C","GIT","RUN_TEXT_OR_SMALL_BINARY_EVIDENCE"
"M10A2R","runs/M10A2R/20260813_080254_manual_reconciliation/M10A2R.log","archive/M10A2R/20260813_080254_manual_reconciliation/M10A2R.log","18650","6BCC3A6A5CEF5E280C60BE6B38655446DAF1222D6A9E90376004AE7A28C639C1","GIT","FULL_COMSOL_BATCH_LOG"
"M10A2R","runs/M10A2R/20260813_080254_manual_reconciliation/M10A2R_merged.txt","archive/M10A2R/20260813_080254_manual_reconciliation/M10A2R_merged.txt","979","1D112311FAA67F01DC97FD32E7251A550491E2505818AB1864C2D4AEC8B26358","GIT","RUN_TEXT_OR_SMALL_BINARY_EVIDENCE"
"M10A2R","runs/M10A2R/20260813_080254_manual_reconciliation/M10A2R_stderr.txt","archive/M10A2R/20260813_080254_manual_reconciliation/M10A2R_stderr.txt","0","E3B0C44298FC1C149AFBF4C8996FB92427AE41E4649B934CA495991B7852B855","GIT","RUN_TEXT_OR_SMALL_BINARY_EVIDENCE"
"M10A2R","runs/M10A2R/20260813_080254_manual_reconciliation/M10A2R_stdout.txt","archive/M10A2R/20260813_080254_manual_reconciliation/M10A2R_stdout.txt","230","A3F63C76B93E0265980FE476D2FE504C8B6C432CEE8CF944E400AFF9C9670B1A","GIT","RUN_TEXT_OR_SMALL_BINARY_EVIDENCE"
"M10A2R","runs/M10A2R/20260813_080254_manual_reconciliation/main_compile_merged.txt","archive/M10A2R/20260813_080254_manual_reconciliation/main_compile_merged.txt","402","DFF27BB17D0994CD71F2E1B9E88EFFD5A3A622F5C551429A26849B322622C3C6","GIT","RUN_TEXT_OR_SMALL_BINARY_EVIDENCE"
"M10A2R","runs/M10A2R/20260813_080254_manual_reconciliation/main_compile_stderr.txt","archive/M10A2R/20260813_080254_manual_reconciliation/main_compile_stderr.txt","0","E3B0C44298FC1C149AFBF4C8996FB92427AE41E4649B934CA495991B7852B855","GIT","RUN_TEXT_OR_SMALL_BINARY_EVIDENCE"
"M10A2R","runs/M10A2R/20260813_080254_manual_reconciliation/main_compile_stdout.txt","archive/M10A2R/20260813_080254_manual_reconciliation/main_compile_stdout.txt","0","E3B0C44298FC1C149AFBF4C8996FB92427AE41E4649B934CA495991B7852B855","GIT","RUN_TEXT_OR_SMALL_BINARY_EVIDENCE"
"M10A2R","runs/M10A2R/20260813_080254_manual_reconciliation/runtime_compile_merged.txt","archive/M10A2R/20260813_080254_manual_reconciliation/runtime_compile_merged.txt","436","8D5D498EF669A68002459FE7B79BE191C9B15EDC7C71259EC2FA2376AC52F819","GIT","RUN_TEXT_OR_SMALL_BINARY_EVIDENCE"
"M10A2R","runs/M10A2R/20260813_080254_manual_reconciliation/runtime_compile_stderr.txt","archive/M10A2R/20260813_080254_manual_reconciliation/runtime_compile_stderr.txt","0","E3B0C44298FC1C149AFBF4C8996FB92427AE41E4649B934CA495991B7852B855","GIT","RUN_TEXT_OR_SMALL_BINARY_EVIDENCE"
"M10A2R","runs/M10A2R/20260813_080254_manual_reconciliation/runtime_compile_stdout.txt","archive/M10A2R/20260813_080254_manual_reconciliation/runtime_compile_stdout.txt","0","E3B0C44298FC1C149AFBF4C8996FB92427AE41E4649B934CA495991B7852B855","GIT","RUN_TEXT_OR_SMALL_BINARY_EVIDENCE"
"M10A2R","runs/M10A2R/20260813_080425_manual_reconciliation/COMSOL_SECURITY_SCOPE.txt","archive/M10A2R/20260813_080425_manual_reconciliation/COMSOL_SECURITY_SCOPE.txt","121","AC6D7E05D65612D34A465E451279237D236C086E72625BAA411D682630B25D12","GIT","RUN_TEXT_OR_SMALL_BINARY_EVIDENCE"
"M10A2R","runs/M10A2R/20260813_080425_manual_reconciliation/isolated_comsol_preferences/comsol.prefs","","22239","1ED9239F3C0A4A37B5B31D493D30D12A40D83A42438595448B32C4D2116752AA","EXCLUDED","BUILD_OR_SECURITY_CONFIGURATION_NOT_SCIENTIFIC_EVIDENCE"
"M10A2R","runs/M10A2R/20260813_080425_manual_reconciliation/isolated_comsol_preferences/comsol.recoveries","","0","E3B0C44298FC1C149AFBF4C8996FB92427AE41E4649B934CA495991B7852B855","EXCLUDED","BUILD_OR_SECURITY_CONFIGURATION_NOT_SCIENTIFIC_EVIDENCE"
"M10A2R","runs/M10A2R/20260813_080425_manual_reconciliation/isolated_comsol_preferences/comsolserver.prefs","","20314","8624EAA9130ACAADF05B931E5006D1EF7873F8ABAB83846C5CCF4E89A9E39276","EXCLUDED","BUILD_OR_SECURITY_CONFIGURATION_NOT_SCIENTIFIC_EVIDENCE"
"M10A2R","runs/M10A2R/20260813_080425_manual_reconciliation/isolated_comsol_preferences/icons/3dx_pivot.png","","928","EAD040FE0F15FE597F4D7C71A2AFDF4314FB736943FDB8AA7214C1ED6C3E1510","EXCLUDED","BUILD_OR_SECURITY_CONFIGURATION_NOT_SCIENTIFIC_EVIDENCE"
"M10A2R","runs/M10A2R/20260813_080425_manual_reconciliation/isolated_comsol_preferences/icons/3dx_pivot_locked.png","","956","AB3A514B767A71E7DD0A39133C4D45D2D1D3BA286E8A8F2693A052489442C1D7","EXCLUDED","BUILD_OR_SECURITY_CONFIGURATION_NOT_SCIENTIFIC_EVIDENCE"
"M10A2R","runs/M10A2R/20260813_080425_manual_reconciliation/isolated_comsol_preferences/icons/3dx_pivot_manual.png","","977","43CB7980C4BF107B89E3E0549BA00FCC8D9B3AC5EFB63904C43154F016C16671","EXCLUDED","BUILD_OR_SECURITY_CONFIGURATION_NOT_SCIENTIFIC_EVIDENCE"
"M10A2R","runs/M10A2R/20260813_080425_manual_reconciliation/isolated_comsol_preferences/icons/logo_small_2d.png","","1600","DE2C537004F6C8B228BC3F1E86A496D9D506D08D9C2A9BDAB914EE483A49F31F","EXCLUDED","BUILD_OR_SECURITY_CONFIGURATION_NOT_SCIENTIFIC_EVIDENCE"
"M10A2R","runs/M10A2R/20260813_080425_manual_reconciliation/isolated_comsol_preferences/icons/logo_small_3d.png","","1600","DE2C537004F6C8B228BC3F1E86A496D9D506D08D9C2A9BDAB914EE483A49F31F","EXCLUDED","BUILD_OR_SECURITY_CONFIGURATION_NOT_SCIENTIFIC_EVIDENCE"
"M10A2R","runs/M10A2R/20260813_080425_manual_reconciliation/isolated_comsol_preferences/icons/work_plane_gizmo_24.png","","3834","A5C33284BAC84A7323D42A39352BFE035F5B716EBB830F7B8BBA428C3F8D244A","EXCLUDED","BUILD_OR_SECURITY_CONFIGURATION_NOT_SCIENTIFIC_EVIDENCE"
"M10A2R","runs/M10A2R/20260813_080425_manual_reconciliation/isolated_comsol_preferences/logs/batch1.log","","14376","B1A9F886558BFEE0C4A0E78C83B3C955B4B4A2D990AF1B8F23AD542AB7BE31BD","EXCLUDED","BUILD_OR_SECURITY_CONFIGURATION_NOT_SCIENTIFIC_EVIDENCE"
"M10A2R","runs/M10A2R/20260813_080425_manual_reconciliation/isolated_comsol_preferences/logs/batch1_render.log","","868265","3F0D691034534E477BB90BD86A68D5E67AE33113402A4D481D25787CB4B1AD96","EXCLUDED","BUILD_OR_SECURITY_CONFIGURATION_NOT_SCIENTIFIC_EVIDENCE"
"M10A2R","runs/M10A2R/20260813_080425_manual_reconciliation/isolated_comsol_preferences/materials/User_Defined_Library.mph","","17016","5A67F3E81C2C516B34A43139A7D8BA4108A71B5DB691358DC5A9419E952964AD","EXCLUDED","BUILD_OR_SECURITY_CONFIGURATION_NOT_SCIENTIFIC_EVIDENCE"
"M10A2R","runs/M10A2R/20260813_080425_manual_reconciliation/LiNRR_M10A2R_RuntimeInputs.class","","1498","FD198B52D8244A035868449BD035283F774614E07F35E38CF27A0228A815A5FF","EXCLUDED","BUILD_OR_SECURITY_CONFIGURATION_NOT_SCIENTIFIC_EVIDENCE"
"M10A2R","runs/M10A2R/20260813_080425_manual_reconciliation/LiNRR_M10A2R_RuntimeInputs.java","archive/M10A2R/20260813_080425_manual_reconciliation/LiNRR_M10A2R_RuntimeInputs.java","1373","058CD7A224B80EF85BCD14CECF7FE42C61CBA8C5BEF0172586BCA6997C584476","GIT","RUN_TEXT_OR_SMALL_BINARY_EVIDENCE"
"M10A2R","runs/M10A2R/20260813_080425_manual_reconciliation/M10A2R.log","archive/M10A2R/20260813_080425_manual_reconciliation/M10A2R.log","31746","E3485505FE70FF1C9A909452E3C9DB259CBE4ACB9901C657E76BB796FB81C85B","GIT","FULL_COMSOL_BATCH_LOG"
"M10A2R","runs/M10A2R/20260813_080425_manual_reconciliation/M10A2R_merged.txt","archive/M10A2R/20260813_080425_manual_reconciliation/M10A2R_merged.txt","1237","50DF190A8359B19E04E1F432C8FA1A77D087FF85CE84E90D6A63D90E49CBE104","GIT","RUN_TEXT_OR_SMALL_BINARY_EVIDENCE"
"M10A2R","runs/M10A2R/20260813_080425_manual_reconciliation/M10A2R_stderr.txt","archive/M10A2R/20260813_080425_manual_reconciliation/M10A2R_stderr.txt","0","E3B0C44298FC1C149AFBF4C8996FB92427AE41E4649B934CA495991B7852B855","GIT","RUN_TEXT_OR_SMALL_BINARY_EVIDENCE"
"M10A2R","runs/M10A2R/20260813_080425_manual_reconciliation/M10A2R_stdout.txt","archive/M10A2R/20260813_080425_manual_reconciliation/M10A2R_stdout.txt","488","86FD2A2C7992C54B8E43EEBD5B22C3C7F2C1F0E29315F3DFF1C82F4A6212B2F4","GIT","RUN_TEXT_OR_SMALL_BINARY_EVIDENCE"
"M10A2R","runs/M10A2R/20260813_080425_manual_reconciliation/main_compile_merged.txt","archive/M10A2R/20260813_080425_manual_reconciliation/main_compile_merged.txt","402","9CF35F31241BA337CB905EC2FD365DEDBAA44D5CEC5774934AAF57077D77F229","GIT","RUN_TEXT_OR_SMALL_BINARY_EVIDENCE"
"M10A2R","runs/M10A2R/20260813_080425_manual_reconciliation/main_compile_stderr.txt","archive/M10A2R/20260813_080425_manual_reconciliation/main_compile_stderr.txt","0","E3B0C44298FC1C149AFBF4C8996FB92427AE41E4649B934CA495991B7852B855","GIT","RUN_TEXT_OR_SMALL_BINARY_EVIDENCE"
"M10A2R","runs/M10A2R/20260813_080425_manual_reconciliation/main_compile_stdout.txt","archive/M10A2R/20260813_080425_manual_reconciliation/main_compile_stdout.txt","0","E3B0C44298FC1C149AFBF4C8996FB92427AE41E4649B934CA495991B7852B855","GIT","RUN_TEXT_OR_SMALL_BINARY_EVIDENCE"
"M10A2R","runs/M10A2R/20260813_080425_manual_reconciliation/runtime_compile_merged.txt","archive/M10A2R/20260813_080425_manual_reconciliation/runtime_compile_merged.txt","436","E040E85BD1BBCEFAB6154D81FC545932D66711DD2085BBA8EC314FD9BD9B1ADB","GIT","RUN_TEXT_OR_SMALL_BINARY_EVIDENCE"
"M10A2R","runs/M10A2R/20260813_080425_manual_reconciliation/runtime_compile_stderr.txt","archive/M10A2R/20260813_080425_manual_reconciliation/runtime_compile_stderr.txt","0","E3B0C44298FC1C149AFBF4C8996FB92427AE41E4649B934CA495991B7852B855","GIT","RUN_TEXT_OR_SMALL_BINARY_EVIDENCE"
"M10A2R","runs/M10A2R/20260813_080425_manual_reconciliation/runtime_compile_stdout.txt","archive/M10A2R/20260813_080425_manual_reconciliation/runtime_compile_stdout.txt","0","E3B0C44298FC1C149AFBF4C8996FB92427AE41E4649B934CA495991B7852B855","GIT","RUN_TEXT_OR_SMALL_BINARY_EVIDENCE"
"M10A2R","runs/M10A2R/20260813_080837_manual_reconciliation/COMSOL_SECURITY_SCOPE.txt","archive/M10A2R/20260813_080837_manual_reconciliation/COMSOL_SECURITY_SCOPE.txt","121","AC6D7E05D65612D34A465E451279237D236C086E72625BAA411D682630B25D12","GIT","RUN_TEXT_OR_SMALL_BINARY_EVIDENCE"
"M10A2R","runs/M10A2R/20260813_080837_manual_reconciliation/isolated_comsol_preferences/comsol.prefs","","20009","42AE4C17094FAAFDB55E1F4277026F198F2C59DAB875AB24BECC984ECF518B4E","EXCLUDED","BUILD_OR_SECURITY_CONFIGURATION_NOT_SCIENTIFIC_EVIDENCE"
"M10A2R","runs/M10A2R/20260813_080837_manual_reconciliation/isolated_comsol_preferences/comsol.recoveries","","0","E3B0C44298FC1C149AFBF4C8996FB92427AE41E4649B934CA495991B7852B855","EXCLUDED","BUILD_OR_SECURITY_CONFIGURATION_NOT_SCIENTIFIC_EVIDENCE"
"M10A2R","runs/M10A2R/20260813_080837_manual_reconciliation/isolated_comsol_preferences/comsolserver.prefs","","20314","C22E21EECCBB037AB6D06CE250479FE2049B7EBDA205F2C183E955CD232AFCD0","EXCLUDED","BUILD_OR_SECURITY_CONFIGURATION_NOT_SCIENTIFIC_EVIDENCE"
"M10A2R","runs/M10A2R/20260813_080837_manual_reconciliation/isolated_comsol_preferences/logs/batch1.log","","17497","548C58BB9269BB4EC1E2E30524786E62B9E3419435084DC764A679AEF9FEB85F","EXCLUDED","BUILD_OR_SECURITY_CONFIGURATION_NOT_SCIENTIFIC_EVIDENCE"
"M10A2R","runs/M10A2R/20260813_080837_manual_reconciliation/isolated_comsol_preferences/logs/batch1_render.log","","449","DE3699F3B08A4C39C3F6A8532CE9E57F76D4F96E1040660BA47C6323CBC7F0A7","EXCLUDED","BUILD_OR_SECURITY_CONFIGURATION_NOT_SCIENTIFIC_EVIDENCE"
"M10A2R","runs/M10A2R/20260813_080837_manual_reconciliation/isolated_comsol_preferences/materials/User_Defined_Library.mph","","17016","24F2945DA256CA87246D080BDA7E0D3DDCACE059AD18559040EB589E9EA4A524","EXCLUDED","BUILD_OR_SECURITY_CONFIGURATION_NOT_SCIENTIFIC_EVIDENCE"
"M10A2R","runs/M10A2R/20260813_080837_manual_reconciliation/LiNRR_M10A2R_RuntimeInputs.class","","1498","95BDE0445F04EA65E2F5BB66A8DA7CCA053398920BAA804784C2BCA2BEB15E55","EXCLUDED","BUILD_OR_SECURITY_CONFIGURATION_NOT_SCIENTIFIC_EVIDENCE"
"M10A2R","runs/M10A2R/20260813_080837_manual_reconciliation/LiNRR_M10A2R_RuntimeInputs.java","archive/M10A2R/20260813_080837_manual_reconciliation/LiNRR_M10A2R_RuntimeInputs.java","1373","B29A62F862C8BBF043FEDE7BA572A67018A8D120AF0800A35AF55A993146EDDE","GIT","RUN_TEXT_OR_SMALL_BINARY_EVIDENCE"
"M10A2R","runs/M10A2R/20260813_080837_manual_reconciliation/M10A2R.log","archive/M10A2R/20260813_080837_manual_reconciliation/M10A2R.log","14016","C31B10EA35E55A1E3186D567A147A1D1B41C91F7F543F1BD83C966A4EACCFA9E","GIT","FULL_COMSOL_BATCH_LOG"
"M10A2R","runs/M10A2R/20260813_080837_manual_reconciliation/M10A2R_merged.txt","archive/M10A2R/20260813_080837_manual_reconciliation/M10A2R_merged.txt","1024","EFAC749CA6669EA271728831B196B46F732FC84D13AD5F9BEEA188AF1DFE8F05","GIT","RUN_TEXT_OR_SMALL_BINARY_EVIDENCE"
"M10A2R","runs/M10A2R/20260813_080837_manual_reconciliation/M10A2R_stderr.txt","archive/M10A2R/20260813_080837_manual_reconciliation/M10A2R_stderr.txt","0","E3B0C44298FC1C149AFBF4C8996FB92427AE41E4649B934CA495991B7852B855","GIT","RUN_TEXT_OR_SMALL_BINARY_EVIDENCE"
"M10A2R","runs/M10A2R/20260813_080837_manual_reconciliation/M10A2R_stdout.txt","archive/M10A2R/20260813_080837_manual_reconciliation/M10A2R_stdout.txt","275","FA4F68082C15136DA97A4DDBFC0C897791E1C6E233A1901E20403E5B9F40F020","GIT","RUN_TEXT_OR_SMALL_BINARY_EVIDENCE"
"M10A2R","runs/M10A2R/20260813_080837_manual_reconciliation/main_compile_merged.txt","archive/M10A2R/20260813_080837_manual_reconciliation/main_compile_merged.txt","402","2B1646A102077D2CD40363338108B89AF2C4A95B2DC9EF52D55D807CCFE624A5","GIT","RUN_TEXT_OR_SMALL_BINARY_EVIDENCE"
"M10A2R","runs/M10A2R/20260813_080837_manual_reconciliation/main_compile_stderr.txt","archive/M10A2R/20260813_080837_manual_reconciliation/main_compile_stderr.txt","0","E3B0C44298FC1C149AFBF4C8996FB92427AE41E4649B934CA495991B7852B855","GIT","RUN_TEXT_OR_SMALL_BINARY_EVIDENCE"
"M10A2R","runs/M10A2R/20260813_080837_manual_reconciliation/main_compile_stdout.txt","archive/M10A2R/20260813_080837_manual_reconciliation/main_compile_stdout.txt","0","E3B0C44298FC1C149AFBF4C8996FB92427AE41E4649B934CA495991B7852B855","GIT","RUN_TEXT_OR_SMALL_BINARY_EVIDENCE"
"M10A2R","runs/M10A2R/20260813_080837_manual_reconciliation/preexisting_LiNRR_M10A2R_manual_reconciled.mph","archive/M10A2R/20260813_080837_manual_reconciliation/preexisting_LiNRR_M10A2R_manual_reconciled.mph","559686513","D4ECA39C4C78450FBAC8E9DE23728BCA46746E8BECCCA867FFAD93DD46052C31","GIT_LFS","FAILED_OR_INTERMEDIATE_COMSOL_RUN_EVIDENCE"
"M10A2R","runs/M10A2R/20260813_080837_manual_reconciliation/runtime_compile_merged.txt","archive/M10A2R/20260813_080837_manual_reconciliation/runtime_compile_merged.txt","436","B36F3CE52B56222BAC40FF001AB4FD2A44D8D45671C4BF5A6D25698CF51E2348","GIT","RUN_TEXT_OR_SMALL_BINARY_EVIDENCE"
"M10A2R","runs/M10A2R/20260813_080837_manual_reconciliation/runtime_compile_stderr.txt","archive/M10A2R/20260813_080837_manual_reconciliation/runtime_compile_stderr.txt","0","E3B0C44298FC1C149AFBF4C8996FB92427AE41E4649B934CA495991B7852B855","GIT","RUN_TEXT_OR_SMALL_BINARY_EVIDENCE"
"M10A2R","runs/M10A2R/20260813_080837_manual_reconciliation/runtime_compile_stdout.txt","archive/M10A2R/20260813_080837_manual_reconciliation/runtime_compile_stdout.txt","0","E3B0C44298FC1C149AFBF4C8996FB92427AE41E4649B934CA495991B7852B855","GIT","RUN_TEXT_OR_SMALL_BINARY_EVIDENCE"
"M10A2R","runs/M10A2R/20260813_081026_manual_reconciliation/COMSOL_SECURITY_SCOPE.txt","archive/M10A2R/20260813_081026_manual_reconciliation/COMSOL_SECURITY_SCOPE.txt","121","AC6D7E05D65612D34A465E451279237D236C086E72625BAA411D682630B25D12","GIT","RUN_TEXT_OR_SMALL_BINARY_EVIDENCE"
"M10A2R","runs/M10A2R/20260813_081026_manual_reconciliation/isolated_comsol_preferences/comsol.prefs","","20009","C7C08EE7CC3541FA56ABF832AB30BA550127ED3FEAA72A38DA0F52FBD95913CD","EXCLUDED","BUILD_OR_SECURITY_CONFIGURATION_NOT_SCIENTIFIC_EVIDENCE"
"M10A2R","runs/M10A2R/20260813_081026_manual_reconciliation/isolated_comsol_preferences/comsol.recoveries","","0","E3B0C44298FC1C149AFBF4C8996FB92427AE41E4649B934CA495991B7852B855","EXCLUDED","BUILD_OR_SECURITY_CONFIGURATION_NOT_SCIENTIFIC_EVIDENCE"
"M10A2R","runs/M10A2R/20260813_081026_manual_reconciliation/isolated_comsol_preferences/comsolserver.prefs","","20314","91640E27E6C4A36AE1225218FB29F2A7803B069320224D39E483946C81B67B8B","EXCLUDED","BUILD_OR_SECURITY_CONFIGURATION_NOT_SCIENTIFIC_EVIDENCE"
"M10A2R","runs/M10A2R/20260813_081026_manual_reconciliation/isolated_comsol_preferences/logs/batch1.log","","18365","599C6EA66E78084E145E9250B9E117F2920D688ED492FAF72EECDB94BA3324AC","EXCLUDED","BUILD_OR_SECURITY_CONFIGURATION_NOT_SCIENTIFIC_EVIDENCE"
"M10A2R","runs/M10A2R/20260813_081026_manual_reconciliation/isolated_comsol_preferences/logs/batch1_render.log","","449","AE86D9EF4A6C5A0B1BC3DBC16980C1C00902E7AED891B57B57F6AAE7717E7F64","EXCLUDED","BUILD_OR_SECURITY_CONFIGURATION_NOT_SCIENTIFIC_EVIDENCE"
"M10A2R","runs/M10A2R/20260813_081026_manual_reconciliation/isolated_comsol_preferences/materials/User_Defined_Library.mph","","17016","BF15F500483B6D14EFC89D0FF3E1F118A3530CB0036F21B81232F0A7323A1986","EXCLUDED","BUILD_OR_SECURITY_CONFIGURATION_NOT_SCIENTIFIC_EVIDENCE"
"M10A2R","runs/M10A2R/20260813_081026_manual_reconciliation/LiNRR_M10A2R_RuntimeInputs.class","","1498","633740A9FFC31E0063895A3618A9486103AB44DB599D69F439640F94CB6A1995","EXCLUDED","BUILD_OR_SECURITY_CONFIGURATION_NOT_SCIENTIFIC_EVIDENCE"
"M10A2R","runs/M10A2R/20260813_081026_manual_reconciliation/LiNRR_M10A2R_RuntimeInputs.java","archive/M10A2R/20260813_081026_manual_reconciliation/LiNRR_M10A2R_RuntimeInputs.java","1373","674A77150FE4CA2B1D1742AF7B1A35C0B9A2A654DE9E5F44029F1BE43030E7BE","GIT","RUN_TEXT_OR_SMALL_BINARY_EVIDENCE"
"M10A2R","runs/M10A2R/20260813_081026_manual_reconciliation/M10A2R.log","archive/M10A2R/20260813_081026_manual_reconciliation/M10A2R.log","18418","0AA5E6598F7403EF106517FA5121214345A33ACCB3BCF17ADC47D988026EEF02","GIT","FULL_COMSOL_BATCH_LOG"
"M10A2R","runs/M10A2R/20260813_081026_manual_reconciliation/M10A2R_merged.txt","archive/M10A2R/20260813_081026_manual_reconciliation/M10A2R_merged.txt","1884","3F1FF677BB064958FAC171CC4BCFD4EAFD57A4E5CEE600D536994DDF945F767F","GIT","RUN_TEXT_OR_SMALL_BINARY_EVIDENCE"
"M10A2R","runs/M10A2R/20260813_081026_manual_reconciliation/M10A2R_stderr.txt","archive/M10A2R/20260813_081026_manual_reconciliation/M10A2R_stderr.txt","0","E3B0C44298FC1C149AFBF4C8996FB92427AE41E4649B934CA495991B7852B855","GIT","RUN_TEXT_OR_SMALL_BINARY_EVIDENCE"
"M10A2R","runs/M10A2R/20260813_081026_manual_reconciliation/M10A2R_stdout.txt","archive/M10A2R/20260813_081026_manual_reconciliation/M10A2R_stdout.txt","1135","45B0C9905B9FFB67D0D14162B42551B8B9728F9D94FC1BC80E27583056DF2EC8","GIT","RUN_TEXT_OR_SMALL_BINARY_EVIDENCE"
"M10A2R","runs/M10A2R/20260813_081026_manual_reconciliation/main_compile_merged.txt","archive/M10A2R/20260813_081026_manual_reconciliation/main_compile_merged.txt","402","AEEA0A6AF212C644CECEA15B87E6273FF13F9A86FCDA745D84C17B4C7BDF1B8B","GIT","RUN_TEXT_OR_SMALL_BINARY_EVIDENCE"
"M10A2R","runs/M10A2R/20260813_081026_manual_reconciliation/main_compile_stderr.txt","archive/M10A2R/20260813_081026_manual_reconciliation/main_compile_stderr.txt","0","E3B0C44298FC1C149AFBF4C8996FB92427AE41E4649B934CA495991B7852B855","GIT","RUN_TEXT_OR_SMALL_BINARY_EVIDENCE"
"M10A2R","runs/M10A2R/20260813_081026_manual_reconciliation/main_compile_stdout.txt","archive/M10A2R/20260813_081026_manual_reconciliation/main_compile_stdout.txt","0","E3B0C44298FC1C149AFBF4C8996FB92427AE41E4649B934CA495991B7852B855","GIT","RUN_TEXT_OR_SMALL_BINARY_EVIDENCE"
"M10A2R","runs/M10A2R/20260813_081026_manual_reconciliation/runtime_compile_merged.txt","archive/M10A2R/20260813_081026_manual_reconciliation/runtime_compile_merged.txt","436","8981D612F037C91B2FFF8FAF000F3BC068727CB3E59D1A971CA7904CC2154F55","GIT","RUN_TEXT_OR_SMALL_BINARY_EVIDENCE"
"M10A2R","runs/M10A2R/20260813_081026_manual_reconciliation/runtime_compile_stderr.txt","archive/M10A2R/20260813_081026_manual_reconciliation/runtime_compile_stderr.txt","0","E3B0C44298FC1C149AFBF4C8996FB92427AE41E4649B934CA495991B7852B855","GIT","RUN_TEXT_OR_SMALL_BINARY_EVIDENCE"
"M10A2R","runs/M10A2R/20260813_081026_manual_reconciliation/runtime_compile_stdout.txt","archive/M10A2R/20260813_081026_manual_reconciliation/runtime_compile_stdout.txt","0","E3B0C44298FC1C149AFBF4C8996FB92427AE41E4649B934CA495991B7852B855","GIT","RUN_TEXT_OR_SMALL_BINARY_EVIDENCE"
"M10A2R","runs/M10A2R/20260813_081203_manual_reconciliation/COMSOL_SECURITY_SCOPE.txt","archive/M10A2R/20260813_081203_manual_reconciliation/COMSOL_SECURITY_SCOPE.txt","121","AC6D7E05D65612D34A465E451279237D236C086E72625BAA411D682630B25D12","GIT","RUN_TEXT_OR_SMALL_BINARY_EVIDENCE"
"M10A2R","runs/M10A2R/20260813_081203_manual_reconciliation/isolated_comsol_preferences/comsol.prefs","","22239","D18D4E9D7DFA5FD53EA4CFDFC375FCE0D951C1C6E50D9049AC48E5DBF4B93AFC","EXCLUDED","BUILD_OR_SECURITY_CONFIGURATION_NOT_SCIENTIFIC_EVIDENCE"
"M10A2R","runs/M10A2R/20260813_081203_manual_reconciliation/isolated_comsol_preferences/comsol.recoveries","","0","E3B0C44298FC1C149AFBF4C8996FB92427AE41E4649B934CA495991B7852B855","EXCLUDED","BUILD_OR_SECURITY_CONFIGURATION_NOT_SCIENTIFIC_EVIDENCE"
"M10A2R","runs/M10A2R/20260813_081203_manual_reconciliation/isolated_comsol_preferences/comsolserver.prefs","","20314","AD4D5740C841BEDACC7A0FA69A8698939D537B8879F8EF698A907E463E1F8D43","EXCLUDED","BUILD_OR_SECURITY_CONFIGURATION_NOT_SCIENTIFIC_EVIDENCE"
"M10A2R","runs/M10A2R/20260813_081203_manual_reconciliation/isolated_comsol_preferences/icons/3dx_pivot.png","","928","EAD040FE0F15FE597F4D7C71A2AFDF4314FB736943FDB8AA7214C1ED6C3E1510","EXCLUDED","BUILD_OR_SECURITY_CONFIGURATION_NOT_SCIENTIFIC_EVIDENCE"
"M10A2R","runs/M10A2R/20260813_081203_manual_reconciliation/isolated_comsol_preferences/icons/3dx_pivot_locked.png","","956","AB3A514B767A71E7DD0A39133C4D45D2D1D3BA286E8A8F2693A052489442C1D7","EXCLUDED","BUILD_OR_SECURITY_CONFIGURATION_NOT_SCIENTIFIC_EVIDENCE"
"M10A2R","runs/M10A2R/20260813_081203_manual_reconciliation/isolated_comsol_preferences/icons/3dx_pivot_manual.png","","977","43CB7980C4BF107B89E3E0549BA00FCC8D9B3AC5EFB63904C43154F016C16671","EXCLUDED","BUILD_OR_SECURITY_CONFIGURATION_NOT_SCIENTIFIC_EVIDENCE"
"M10A2R","runs/M10A2R/20260813_081203_manual_reconciliation/isolated_comsol_preferences/icons/logo_small_2d.png","","1600","DE2C537004F6C8B228BC3F1E86A496D9D506D08D9C2A9BDAB914EE483A49F31F","EXCLUDED","BUILD_OR_SECURITY_CONFIGURATION_NOT_SCIENTIFIC_EVIDENCE"
"M10A2R","runs/M10A2R/20260813_081203_manual_reconciliation/isolated_comsol_preferences/icons/logo_small_3d.png","","1600","DE2C537004F6C8B228BC3F1E86A496D9D506D08D9C2A9BDAB914EE483A49F31F","EXCLUDED","BUILD_OR_SECURITY_CONFIGURATION_NOT_SCIENTIFIC_EVIDENCE"
"M10A2R","runs/M10A2R/20260813_081203_manual_reconciliation/isolated_comsol_preferences/icons/work_plane_gizmo_24.png","","3834","A5C33284BAC84A7323D42A39352BFE035F5B716EBB830F7B8BBA428C3F8D244A","EXCLUDED","BUILD_OR_SECURITY_CONFIGURATION_NOT_SCIENTIFIC_EVIDENCE"
"M10A2R","runs/M10A2R/20260813_081203_manual_reconciliation/isolated_comsol_preferences/logs/batch1.log","","14375","53F69434073DCA2158AEC8E5A797B8161606D7685BC71C753B0FF7021383D394","EXCLUDED","BUILD_OR_SECURITY_CONFIGURATION_NOT_SCIENTIFIC_EVIDENCE"
"M10A2R","runs/M10A2R/20260813_081203_manual_reconciliation/isolated_comsol_preferences/logs/batch1_render.log","","868265","8AA87BC6BB3720970C9A48EEC26A8ED15ACC7B186A446F3A3851AE9E760D02A9","EXCLUDED","BUILD_OR_SECURITY_CONFIGURATION_NOT_SCIENTIFIC_EVIDENCE"
"M10A2R","runs/M10A2R/20260813_081203_manual_reconciliation/isolated_comsol_preferences/materials/User_Defined_Library.mph","","17016","B5D3CD9EDA3B5D01E429600BDDE81622CEAFBD985FCDAAD21B8C3491CAA4F21B","EXCLUDED","BUILD_OR_SECURITY_CONFIGURATION_NOT_SCIENTIFIC_EVIDENCE"
"M10A2R","runs/M10A2R/20260813_081203_manual_reconciliation/LiNRR_M10A2R_RuntimeInputs.class","","1498","03439D7EFAA097DB78B520818E5B07F326CE7E9CA22ECBA7D8E2518CFEDF815E","EXCLUDED","BUILD_OR_SECURITY_CONFIGURATION_NOT_SCIENTIFIC_EVIDENCE"
"M10A2R","runs/M10A2R/20260813_081203_manual_reconciliation/LiNRR_M10A2R_RuntimeInputs.java","archive/M10A2R/20260813_081203_manual_reconciliation/LiNRR_M10A2R_RuntimeInputs.java","1373","3B71B5C01F097F5DFB1115A9C79F27ED683947B7D94EF900D3F31EFDED2A36A3","GIT","RUN_TEXT_OR_SMALL_BINARY_EVIDENCE"
"M10A2R","runs/M10A2R/20260813_081203_manual_reconciliation/M10A2R.log","archive/M10A2R/20260813_081203_manual_reconciliation/M10A2R.log","33482","23059FACAF75F7D21F5AF53985EFE3363AA9D1EEE6CD5BC61E0AD3653508AED6","GIT","FULL_COMSOL_BATCH_LOG"
"M10A2R","runs/M10A2R/20260813_081203_manual_reconciliation/M10A2R_merged.txt","archive/M10A2R/20260813_081203_manual_reconciliation/M10A2R_merged.txt","2143","0000EC9B07979EC75F9EDDD7A30E4F56DB68F1D2AB253C7159B3D9BB58EBBB98","GIT","RUN_TEXT_OR_SMALL_BINARY_EVIDENCE"
"M10A2R","runs/M10A2R/20260813_081203_manual_reconciliation/M10A2R_stderr.txt","archive/M10A2R/20260813_081203_manual_reconciliation/M10A2R_stderr.txt","0","E3B0C44298FC1C149AFBF4C8996FB92427AE41E4649B934CA495991B7852B855","GIT","RUN_TEXT_OR_SMALL_BINARY_EVIDENCE"
"M10A2R","runs/M10A2R/20260813_081203_manual_reconciliation/M10A2R_stdout.txt","archive/M10A2R/20260813_081203_manual_reconciliation/M10A2R_stdout.txt","1394","71FEFA8BA77540E748721DA5EFDF3F8E3B919656249068A0124A2C208B93A74E","GIT","RUN_TEXT_OR_SMALL_BINARY_EVIDENCE"
"M10A2R","runs/M10A2R/20260813_081203_manual_reconciliation/main_compile_merged.txt","archive/M10A2R/20260813_081203_manual_reconciliation/main_compile_merged.txt","402","03B409B4B14B0D55F9454DADCF00CB1F40244096A3714E7F8C3AB5D0575C3D67","GIT","RUN_TEXT_OR_SMALL_BINARY_EVIDENCE"
"M10A2R","runs/M10A2R/20260813_081203_manual_reconciliation/main_compile_stderr.txt","archive/M10A2R/20260813_081203_manual_reconciliation/main_compile_stderr.txt","0","E3B0C44298FC1C149AFBF4C8996FB92427AE41E4649B934CA495991B7852B855","GIT","RUN_TEXT_OR_SMALL_BINARY_EVIDENCE"
"M10A2R","runs/M10A2R/20260813_081203_manual_reconciliation/main_compile_stdout.txt","archive/M10A2R/20260813_081203_manual_reconciliation/main_compile_stdout.txt","0","E3B0C44298FC1C149AFBF4C8996FB92427AE41E4649B934CA495991B7852B855","GIT","RUN_TEXT_OR_SMALL_BINARY_EVIDENCE"
"M10A2R","runs/M10A2R/20260813_081203_manual_reconciliation/runtime_compile_merged.txt","archive/M10A2R/20260813_081203_manual_reconciliation/runtime_compile_merged.txt","436","9901C31D7EE44B4B59E2A1DB87B10155240230EACDD3C8BEF79BA5349A7E3A69","GIT","RUN_TEXT_OR_SMALL_BINARY_EVIDENCE"
"M10A2R","runs/M10A2R/20260813_081203_manual_reconciliation/runtime_compile_stderr.txt","archive/M10A2R/20260813_081203_manual_reconciliation/runtime_compile_stderr.txt","0","E3B0C44298FC1C149AFBF4C8996FB92427AE41E4649B934CA495991B7852B855","GIT","RUN_TEXT_OR_SMALL_BINARY_EVIDENCE"
"M10A2R","runs/M10A2R/20260813_081203_manual_reconciliation/runtime_compile_stdout.txt","archive/M10A2R/20260813_081203_manual_reconciliation/runtime_compile_stdout.txt","0","E3B0C44298FC1C149AFBF4C8996FB92427AE41E4649B934CA495991B7852B855","GIT","RUN_TEXT_OR_SMALL_BINARY_EVIDENCE"
"M10A2R","runs/M10A2R/20260813_081508_manual_reconciliation/COMSOL_SECURITY_SCOPE.txt","archive/M10A2R/20260813_081508_manual_reconciliation/COMSOL_SECURITY_SCOPE.txt","121","AC6D7E05D65612D34A465E451279237D236C086E72625BAA411D682630B25D12","GIT","RUN_TEXT_OR_SMALL_BINARY_EVIDENCE"
"M10A2R","runs/M10A2R/20260813_081508_manual_reconciliation/isolated_comsol_preferences/comsol.prefs","","22239","014074A625C37F2D9D685F17F139B92DA1ABA79000C0F59E98368E7698298066","EXCLUDED","BUILD_OR_SECURITY_CONFIGURATION_NOT_SCIENTIFIC_EVIDENCE"
"M10A2R","runs/M10A2R/20260813_081508_manual_reconciliation/isolated_comsol_preferences/comsol.recoveries","","0","E3B0C44298FC1C149AFBF4C8996FB92427AE41E4649B934CA495991B7852B855","EXCLUDED","BUILD_OR_SECURITY_CONFIGURATION_NOT_SCIENTIFIC_EVIDENCE"
"M10A2R","runs/M10A2R/20260813_081508_manual_reconciliation/isolated_comsol_preferences/comsolserver.prefs","","20314","1FA9D8FFF9836C176EF833BD1BF2655279D3B8A651D5031C6DD35531C44A3CE9","EXCLUDED","BUILD_OR_SECURITY_CONFIGURATION_NOT_SCIENTIFIC_EVIDENCE"
"M10A2R","runs/M10A2R/20260813_081508_manual_reconciliation/isolated_comsol_preferences/icons/3dx_pivot.png","","928","EAD040FE0F15FE597F4D7C71A2AFDF4314FB736943FDB8AA7214C1ED6C3E1510","EXCLUDED","BUILD_OR_SECURITY_CONFIGURATION_NOT_SCIENTIFIC_EVIDENCE"
"M10A2R","runs/M10A2R/20260813_081508_manual_reconciliation/isolated_comsol_preferences/icons/3dx_pivot_locked.png","","956","AB3A514B767A71E7DD0A39133C4D45D2D1D3BA286E8A8F2693A052489442C1D7","EXCLUDED","BUILD_OR_SECURITY_CONFIGURATION_NOT_SCIENTIFIC_EVIDENCE"
"M10A2R","runs/M10A2R/20260813_081508_manual_reconciliation/isolated_comsol_preferences/icons/3dx_pivot_manual.png","","977","43CB7980C4BF107B89E3E0549BA00FCC8D9B3AC5EFB63904C43154F016C16671","EXCLUDED","BUILD_OR_SECURITY_CONFIGURATION_NOT_SCIENTIFIC_EVIDENCE"
"M10A2R","runs/M10A2R/20260813_081508_manual_reconciliation/isolated_comsol_preferences/icons/logo_small_2d.png","","1600","DE2C537004F6C8B228BC3F1E86A496D9D506D08D9C2A9BDAB914EE483A49F31F","EXCLUDED","BUILD_OR_SECURITY_CONFIGURATION_NOT_SCIENTIFIC_EVIDENCE"
"M10A2R","runs/M10A2R/20260813_081508_manual_reconciliation/isolated_comsol_preferences/icons/logo_small_3d.png","","1600","DE2C537004F6C8B228BC3F1E86A496D9D506D08D9C2A9BDAB914EE483A49F31F","EXCLUDED","BUILD_OR_SECURITY_CONFIGURATION_NOT_SCIENTIFIC_EVIDENCE"
"M10A2R","runs/M10A2R/20260813_081508_manual_reconciliation/isolated_comsol_preferences/icons/work_plane_gizmo_24.png","","3834","A5C33284BAC84A7323D42A39352BFE035F5B716EBB830F7B8BBA428C3F8D244A","EXCLUDED","BUILD_OR_SECURITY_CONFIGURATION_NOT_SCIENTIFIC_EVIDENCE"
"M10A2R","runs/M10A2R/20260813_081508_manual_reconciliation/isolated_comsol_preferences/logs/batch1.log","","14379","94B915B89C66282F852C179FF0022B908772FB397177783E8DCD799A8E5251A2","EXCLUDED","BUILD_OR_SECURITY_CONFIGURATION_NOT_SCIENTIFIC_EVIDENCE"
"M10A2R","runs/M10A2R/20260813_081508_manual_reconciliation/isolated_comsol_preferences/logs/batch1_render.log","","868265","99F6959D6473985038624ECE9FA663AD4A4FFB6FF798C2DC8FB5E6750264840A","EXCLUDED","BUILD_OR_SECURITY_CONFIGURATION_NOT_SCIENTIFIC_EVIDENCE"
"M10A2R","runs/M10A2R/20260813_081508_manual_reconciliation/isolated_comsol_preferences/materials/User_Defined_Library.mph","","17016","076C8E1D458C00A67CD5E556A9C6A3F15C7D474E9798E0F36C83CB49E68A4220","EXCLUDED","BUILD_OR_SECURITY_CONFIGURATION_NOT_SCIENTIFIC_EVIDENCE"
"M10A2R","runs/M10A2R/20260813_081508_manual_reconciliation/LiNRR_M10A2R_RuntimeInputs.class","","1498","FB392D220EF61FF59156972A26D10C07A741E65BDED92F8632DF2AD5F63E1E5A","EXCLUDED","BUILD_OR_SECURITY_CONFIGURATION_NOT_SCIENTIFIC_EVIDENCE"
"M10A2R","runs/M10A2R/20260813_081508_manual_reconciliation/LiNRR_M10A2R_RuntimeInputs.java","archive/M10A2R/20260813_081508_manual_reconciliation/LiNRR_M10A2R_RuntimeInputs.java","1373","EDBFC7ADCAA8BDC8C4160003705703220F32E83BFF71342A7AAB969E492A0FB7","GIT","RUN_TEXT_OR_SMALL_BINARY_EVIDENCE"
"M10A2R","runs/M10A2R/20260813_081508_manual_reconciliation/M10A2R.log","archive/M10A2R/20260813_081508_manual_reconciliation/M10A2R.log","31504","532F4B6A207246ACC61292B6D89D292D55576E3545AD1C3D24999AEB48FC55F9","GIT","FULL_COMSOL_BATCH_LOG"
"M10A2R","runs/M10A2R/20260813_081508_manual_reconciliation/M10A2R_merged.txt","archive/M10A2R/20260813_081508_manual_reconciliation/M10A2R_merged.txt","2143","4A236A65122D1173AB77D7017B57C6339DC2E66DFA7C38314A6255B5C569B98A","GIT","RUN_TEXT_OR_SMALL_BINARY_EVIDENCE"
"M10A2R","runs/M10A2R/20260813_081508_manual_reconciliation/M10A2R_stderr.txt","archive/M10A2R/20260813_081508_manual_reconciliation/M10A2R_stderr.txt","0","E3B0C44298FC1C149AFBF4C8996FB92427AE41E4649B934CA495991B7852B855","GIT","RUN_TEXT_OR_SMALL_BINARY_EVIDENCE"
"M10A2R","runs/M10A2R/20260813_081508_manual_reconciliation/M10A2R_stdout.txt","archive/M10A2R/20260813_081508_manual_reconciliation/M10A2R_stdout.txt","1394","71FEFA8BA77540E748721DA5EFDF3F8E3B919656249068A0124A2C208B93A74E","GIT","RUN_TEXT_OR_SMALL_BINARY_EVIDENCE"
"M10A2R","runs/M10A2R/20260813_081508_manual_reconciliation/main_compile_merged.txt","archive/M10A2R/20260813_081508_manual_reconciliation/main_compile_merged.txt","402","B67F2D5197F1B3F40DB35B2D7C2245F6D0A59C7AAE740D70085EC24FAA02E0E3","GIT","RUN_TEXT_OR_SMALL_BINARY_EVIDENCE"
"M10A2R","runs/M10A2R/20260813_081508_manual_reconciliation/main_compile_stderr.txt","archive/M10A2R/20260813_081508_manual_reconciliation/main_compile_stderr.txt","0","E3B0C44298FC1C149AFBF4C8996FB92427AE41E4649B934CA495991B7852B855","GIT","RUN_TEXT_OR_SMALL_BINARY_EVIDENCE"
"M10A2R","runs/M10A2R/20260813_081508_manual_reconciliation/main_compile_stdout.txt","archive/M10A2R/20260813_081508_manual_reconciliation/main_compile_stdout.txt","0","E3B0C44298FC1C149AFBF4C8996FB92427AE41E4649B934CA495991B7852B855","GIT","RUN_TEXT_OR_SMALL_BINARY_EVIDENCE"
"M10A2R","runs/M10A2R/20260813_081508_manual_reconciliation/preexisting_LiNRR_M10A2R_manual_reconciled.mph","archive/M10A2R/20260813_081508_manual_reconciliation/preexisting_LiNRR_M10A2R_manual_reconciled.mph","559688566","B05C30F565DD0B4308C6685103DFC80DF6ABF6E4108582795CB338A14EDF4AE5","GIT_LFS","FAILED_OR_INTERMEDIATE_COMSOL_RUN_EVIDENCE"
"M10A2R","runs/M10A2R/20260813_081508_manual_reconciliation/runtime_compile_merged.txt","archive/M10A2R/20260813_081508_manual_reconciliation/runtime_compile_merged.txt","436","AC2F5BB8455DE4638A3A64B9F222A56D9B9174BC49D5A3B4EC6404A341CB6492","GIT","RUN_TEXT_OR_SMALL_BINARY_EVIDENCE"
"M10A2R","runs/M10A2R/20260813_081508_manual_reconciliation/runtime_compile_stderr.txt","archive/M10A2R/20260813_081508_manual_reconciliation/runtime_compile_stderr.txt","0","E3B0C44298FC1C149AFBF4C8996FB92427AE41E4649B934CA495991B7852B855","GIT","RUN_TEXT_OR_SMALL_BINARY_EVIDENCE"
"M10A2R","runs/M10A2R/20260813_081508_manual_reconciliation/runtime_compile_stdout.txt","archive/M10A2R/20260813_081508_manual_reconciliation/runtime_compile_stdout.txt","0","E3B0C44298FC1C149AFBF4C8996FB92427AE41E4649B934CA495991B7852B855","GIT","RUN_TEXT_OR_SMALL_BINARY_EVIDENCE"
"M10A2R","runs/M10A2R/20260813_view_api_probe/probe.log","archive/M10A2R/20260813_view_api_probe/probe.log","374","F991D681FD8572AC91BBEA9CFBD6E8F5B8481DFF809BF14D2EBDC9F79AF6971A","GIT","FULL_COMSOL_BATCH_LOG"
"M10A2R","runs/M10A2R/20260813_view_api_probe/probe_image.log","archive/M10A2R/20260813_view_api_probe/probe_image.log","374","DBECB31E3A6583EDDAB66DC90731DCA55AFBCFCF7CD97FFBCC4A23F374F7A7FB","GIT","FULL_COMSOL_BATCH_LOG"
"M10A2R","runs/M10A2R/preferences_probe.log","archive/M10A2R/preferences_probe.log","487","E717FF4CFC6B3BEC33D5BA941E3B04E3BD1EF4EC66DE06C795AE29EF57EA1A2A","GIT","FULL_COMSOL_BATCH_LOG"
"M10A2R","runs/M10A2R/preferences_probe2.log","archive/M10A2R/preferences_probe2.log","487","6589B53EAE344B78238A9392C801AD87F06E60DA3C3AC5A60A80AF63B410E9DD","GIT","FULL_COMSOL_BATCH_LOG"
