*******************************************
***COMSOL 6.4.0.293 progress output file***
*******************************************
Sun Aug 09 01:20:18 CST 2026
COMSOL Multiphysics 6.4 (开发版本: 293) 在批处理模式下启动
正在运行: F:\LiNRR_COMSOL\worktrees\LiNRR_M10A2\src\java\LiNRR_M10A2_SSC_Pipe_Wetting.class
---------- 当前进度: 100 % - 正在分析几何
Memory: 967/971 995/1004
---------- 当前进度: 100 % - 正在更新选择
Memory: 965/983 1003/1033
           当前进度:   0 % - 矩形
Memory: 974/983 1009/1033
           当前进度:   9 % - 形成联合体
Memory: 903/983 942/1033
----       当前进度:  42 % - 解析域和空区域
Memory: 904/983 942/1033
---------- 当前进度: 100 % - 正在更新选择
---------- 当前进度: 100 % - 正在创建可视化网格
Memory: 944/983 975/1033
           当前进度:   0 % - 映射
Memory: 990/1045 1026/1101
顶点单元数：4
边界单元数：172
最小单元质量：1
---------- 当前进度: 100 % - 正在定型网格
Memory: 991/1045 1026/1101
           当前进度:   3 % - 生成方程
Memory: 1018/1045 1049/1101
<---- 研究 4/解 10 (sol10) 中的“编译方程: 瞬态” -------------------------------------------
开始于 2026年8月9日 01:21:09。
几何形函数: 线性拉格朗日单元
几何形函数: 线性拉格朗日单元
几何形函数: 线性拉格朗日单元
几何形函数: 二次拉格朗日单元
几何形函数: 二次拉格朗日单元
几何形函数: 二次拉格朗日单元
几何形函数: 二次拉格朗日单元
几何形函数: 线性拉格朗日单元
在 AMD64 Family 25 Model 80 Stepping 0, AuthenticAMD 上运行。
在以下位置使用 1 个插槽： Pokemon 上（共 8 个内核）。
可用内存：15.77 GB。
           当前进度:   4 % - 编译方程: 瞬态
Memory: 1245/1335 1283/1375
           当前进度:   5 % - 编译方程: 瞬态
Memory: 1258/1335 1295/1375
           当前进度:   3 % - 正在创建可视化网格
Memory: 1373/1376 1408/1413
           当前进度:   5 % - 正在创建可视化网格
Memory: 1372/1376 1407/1413
时间：11。
物理内存: 1.38 GB
虚拟内存: 1.41 GB
结束时间：2026年8月9日 01:21:20。
----- 研究 4/解 10 (sol10) 中的“编译方程: 瞬态” ------------------------------------------>
<---- 研究 4/解 10 (sol10) 中的“因变量 1” ----------------------------------------------
开始于 2026年8月9日 01:21:20。
           当前进度:   5 % - 因变量 1
Memory: 1374/1376 1406/1413
求解时间：0 s。
物理内存: 1.37 GB
虚拟内存: 1.41 GB
结束时间：2026年8月9日 01:21:20。
----- 研究 4/解 10 (sol10) 中的“因变量 1” --------------------------------------------->
<---- 研究 4/解 10 (sol10) 中的“瞬态求解器 1” --------------------------------------------
开始于 2026年8月9日 01:21:20。
瞬态求解器 (BDF)
           当前进度:   7 % - 瞬态求解器 1
Memory: 1381/1382 1408/1413
求解的自由度数：2660（加上 480 个内部自由度）。
找到非对称矩阵。
缩放因变量：
压力 (comp_ssc_wetting.pWet): 0.31
体积分数 (comp_ssc_wetting.s2): 1
Step        Time    Stepsize      Res  Jac  Sol Order Tfail NLfail   LinErr   LinRes
           当前进度:   7 % - 正在组装残差
Memory: 1400/1400 1440/1440
   0           0           - out    2    3    2                  0  2.1e-13  1.7e-15
   1    5.01e-06       5e-06        3    4    3     1     0      0  1.5e-13  1.8e-15
   2   1.001e-05       5e-06        4    5    4     1     0      0  1.3e-13  1.9e-15
   3   2.001e-05       1e-05        5    6    5     2     0      0  2.6e-13  1.9e-15
   4   4.001e-05       2e-05        6    7    6     1     0      0  2.5e-13  1.7e-15
   5   8.001e-05       4e-05        7    8    7     1     0      0  1.8e-13  1.8e-15
   -      0.0001           - out
   6  0.00016001       8e-05        8    9    8     1     0      0  2.9e-13  1.9e-15
   -      0.0002           - out
   -      0.0003           - out
   7  0.00032001     0.00016        9   10    9     1     0      0  2.3e-13  1.8e-15
   -      0.0004           - out
   -      0.0005           - out
   -      0.0006           - out
   8  0.00064001     0.00032       10   11   10     1     0      0  2.4e-13  1.4e-15
   -      0.0007           - out
   -      0.0008           - out
--         当前进度:  28 % - 正在组装残差
Memory: 1409/1409 1488/1488
   -      0.0009           - out
   -       0.001           - out
   -      0.0011           - out
   9     0.00114      0.0005       11   12   11     1     0      0  1.8e-13  1.8e-15
   -      0.0012           - out
   -      0.0013           - out
   -      0.0014           - out
   -      0.0015           - out
   -      0.0016           - out
  10     0.00164      0.0005       12   13   12     1     0      0    2e-13  1.8e-15
   -      0.0017           - out
   -      0.0018           - out
   -      0.0019           - out
   -       0.002           - out
   -      0.0021           - out
  11     0.00214      0.0005       13   14   13     1     0      0  1.7e-13  1.9e-15
   -      0.0022           - out
   -      0.0023           - out
   -      0.0024           - out
   -      0.0025           - out
   -      0.0026           - out
  12     0.00264      0.0005       14   15   14     1     0      0    2e-13  1.8e-15
   -      0.0027           - out
   -      0.0028           - out
   -      0.0029           - out
   -       0.003           - out
   -      0.0031           - out
  13     0.00314      0.0005       15   16   15     1     0      0  1.8e-13  1.8e-15
   -      0.0032           - out
   -      0.0033           - out
   -      0.0034           - out
   -      0.0035           - out
   -      0.0036           - out
  14     0.00364      0.0005       16   17   16     1     0      0  1.6e-13  2.1e-15
   -      0.0037           - out
   -      0.0038           - out
   -      0.0039           - out
   -       0.004           - out
   -      0.0041           - out
  15     0.00414      0.0005       17   18   17     1     0      0  1.9e-13  1.9e-15
   -      0.0042           - out
   -      0.0043           - out
   -      0.0044           - out
   -      0.0045           - out
   -      0.0046           - out
  16     0.00464      0.0005       18   19   18     2     0      0  1.8e-13  1.7e-15
   -      0.0047           - out
   -      0.0048           - out
   -      0.0049           - out
   -       0.005           - out
  17     0.00514      0.0005       19   20   19     2     0      0  2.1e-13  1.6e-15
时间步进已完成。
---------- 当前进度: 100 % - 
Memory: 1309/1410 1387/1489
求解时间：3 s。
物理内存: 1.41 GB
虚拟内存: 1.49 GB
结束时间：2026年8月9日 01:21:23。
----- 研究 4/解 10 (sol10) 中的“瞬态求解器 1” ------------------------------------------->
           当前进度:   3 % - 生成方程
Memory: 1360/1410 1439/1489
<---- 研究 4/解 10 (sol10) 中的“编译方程: 瞬态” -------------------------------------------
开始于 2026年8月9日 01:21:31。
几何形函数: 线性拉格朗日单元
几何形函数: 线性拉格朗日单元
几何形函数: 线性拉格朗日单元
几何形函数: 二次拉格朗日单元
几何形函数: 二次拉格朗日单元
几何形函数: 二次拉格朗日单元
几何形函数: 二次拉格朗日单元
几何形函数: 线性拉格朗日单元
在 AMD64 Family 25 Model 80 Stepping 0, AuthenticAMD 上运行。
在以下位置使用 1 个插槽： Pokemon 上（共 8 个内核）。
可用内存：15.77 GB。
           当前进度:   4 % - 编译方程: 瞬态
Memory: 2006/2006 2086/2093
           当前进度:   5 % - 编译方程: 瞬态
Memory: 2020/2020 2086/2093
           当前进度:   5 % - 正在创建可视化网格
Memory: 2029/2031 2088/2093
时间：9。
物理内存: 2.03 GB
虚拟内存: 2.09 GB
结束时间：2026年8月9日 01:21:40。
----- 研究 4/解 10 (sol10) 中的“编译方程: 瞬态” ------------------------------------------>
<---- 研究 4/解 10 (sol10) 中的“因变量 1” ----------------------------------------------
开始于 2026年8月9日 01:21:40。
           当前进度:   5 % - 因变量 1
求解时间：0 s。
物理内存: 2.03 GB
虚拟内存: 2.09 GB
结束时间：2026年8月9日 01:21:40。
----- 研究 4/解 10 (sol10) 中的“因变量 1” --------------------------------------------->
<---- 研究 4/解 10 (sol10) 中的“瞬态求解器 1” --------------------------------------------
开始于 2026年8月9日 01:21:40。
瞬态求解器 (BDF)
求解的自由度数：2660（加上 480 个内部自由度）。
找到非对称矩阵。
缩放因变量：
压力 (comp_ssc_wetting.pWet): 0.31
体积分数 (comp_ssc_wetting.s2): 1
Step        Time    Stepsize      Res  Jac  Sol Order Tfail NLfail   LinErr   LinRes
   0           0           - out    8    9    8                  0  1.8e-13    6e-16
           当前进度:   7 % - 
Memory: 1984/2035 2042/2127
   1    5.01e-06       5e-06        9   10    9     1     0      0  8.8e-14    7e-15
   2   1.001e-05       5e-06       10   11   10     1     0      0    1e-13  5.2e-15
   3   2.001e-05       1e-05       11   12   11     2     0      0  7.2e-14  3.5e-15
   4   4.001e-05       2e-05       12   13   12     1     0      0  5.8e-14  3.4e-15
   5   8.001e-05       4e-05       13   14   13     1     0      0    8e-14  3.7e-15
   -      0.0001           - out
   6  0.00016001       8e-05       14   15   14     1     0      0  9.7e-14  2.6e-15
   -      0.0002           - out
   -      0.0003           - out
   7  0.00032001     0.00016       15   16   15     1     0      0  8.1e-14  2.7e-15
   -      0.0004           - out
   -      0.0005           - out
   -      0.0006           - out
   8  0.00064001     0.00032       16   17   16     1     0      0    1e-13  1.2e-15
   -      0.0007           - out
   -      0.0008           - out
   -      0.0009           - out
--         当前进度:  28 % - 
Memory: 1982/2035 2039/2127
   -       0.001           - out
   -      0.0011           - out
   9     0.00114      0.0005       17   18   17     1     0      0  1.1e-13    4e-15
   -      0.0012           - out
   -      0.0013           - out
   -      0.0014           - out
   -      0.0015           - out
   -      0.0016           - out
  10     0.00164      0.0005       18   19   18     1     0      0    8e-14  3.5e-15
   -      0.0017           - out
   -      0.0018           - out
   -      0.0019           - out
   -       0.002           - out
   -      0.0021           - out
  11     0.00214      0.0005       19   20   19     1     0      0  6.3e-14  8.9e-16
   -      0.0022           - out
   -      0.0023           - out
   -      0.0024           - out
   -      0.0025           - out
   -      0.0026           - out
  12     0.00264      0.0005       20   21   20     2     0      0  7.4e-14  2.9e-15
   -      0.0027           - out
   -      0.0028           - out
   -      0.0029           - out
   -       0.003           - out
   -      0.0031           - out
  13     0.00314      0.0005       21   22   21     2     0      0  7.2e-14  8.9e-15
   -      0.0032           - out
   -      0.0033           - out
   -      0.0034           - out
   -      0.0035           - out
   -      0.0036           - out
  14     0.00364      0.0005       22   23   22     2     0      0  8.6e-14  2.3e-15
   -      0.0037           - out
   -      0.0038           - out
   -      0.0039           - out
   -       0.004           - out
   -      0.0041           - out
  15     0.00414      0.0005       23   24   23     2     0      0  9.5e-14  1.8e-15
   -      0.0042           - out
   -      0.0043           - out
   -      0.0044           - out
   -      0.0045           - out
   -      0.0046           - out
  16     0.00464      0.0005       24   25   24     2     0      0  6.2e-14    2e-15
   -      0.0047           - out
   -      0.0048           - out
   -      0.0049           - out
   -       0.005           - out
  17     0.00514      0.0005       25   26   25     2     0      0  7.7e-14  1.1e-15
时间步进已完成。
---------- 当前进度: 100 % - 
Memory: 1980/2035 2037/2127
求解时间：2 s。
物理内存: 2.02 GB
虚拟内存: 2.09 GB
结束时间：2026年8月9日 01:21:42。
----- 研究 4/解 10 (sol10) 中的“瞬态求解器 1” ------------------------------------------->
           当前进度:   3 % - 生成方程
Memory: 1888/2035 1940/2127
<---- 研究 4/解 10 (sol10) 中的“编译方程: 瞬态” -------------------------------------------
开始于 2026年8月9日 01:21:49。
几何形函数: 线性拉格朗日单元
几何形函数: 线性拉格朗日单元
几何形函数: 线性拉格朗日单元
几何形函数: 二次拉格朗日单元
几何形函数: 二次拉格朗日单元
几何形函数: 二次拉格朗日单元
几何形函数: 二次拉格朗日单元
几何形函数: 线性拉格朗日单元
在 AMD64 Family 25 Model 80 Stepping 0, AuthenticAMD 上运行。
在以下位置使用 1 个插槽： Pokemon 上（共 8 个内核）。
可用内存：15.77 GB。
           当前进度:   4 % - 编译方程: 瞬态
Memory: 1939/2035 1983/2127
           当前进度:   5 % - 编译方程: 瞬态
Memory: 1945/2035 1979/2127
           当前进度:   5 % - 正在创建可视化网格
Memory: 1946/2035 1980/2127
时间：8。
物理内存: 1.97 GB
虚拟内存: 2.01 GB
结束时间：2026年8月9日 01:21:57。
----- 研究 4/解 10 (sol10) 中的“编译方程: 瞬态” ------------------------------------------>
<---- 研究 4/解 10 (sol10) 中的“因变量 1” ----------------------------------------------
开始于 2026年8月9日 01:21:57。
           当前进度:   5 % - 因变量 1
Memory: 1973/2035 2009/2127
求解时间：0 s。
物理内存: 1.97 GB
虚拟内存: 2.01 GB
结束时间：2026年8月9日 01:21:57。
----- 研究 4/解 10 (sol10) 中的“因变量 1” --------------------------------------------->
<---- 研究 4/解 10 (sol10) 中的“瞬态求解器 1” --------------------------------------------
开始于 2026年8月9日 01:21:57。
瞬态求解器 (BDF)
求解的自由度数：2660（加上 480 个内部自由度）。
找到非对称矩阵。
缩放因变量：
压力 (comp_ssc_wetting.pWet): 0.31
体积分数 (comp_ssc_wetting.s2): 1
Step        Time    Stepsize      Res  Jac  Sol Order Tfail NLfail   LinErr   LinRes
           当前进度:   7 % - 组装矩阵
Memory: 1980/2035 2013/2127
   0           0           - out    8    9    8                  0  2.3e-13  8.4e-16
   1    5.01e-06       5e-06        9   10    9     1     0      0  1.7e-13  8.5e-15
   2   1.001e-05       5e-06       10   11   10     1     0      0  1.1e-13  4.9e-15
   3   2.001e-05       1e-05       11   12   11     2     0      0  7.6e-14  3.5e-15
   4   4.001e-05       2e-05       12   13   12     1     0      0  9.4e-14  3.6e-15
   5   8.001e-05       4e-05       13   14   13     1     0      0  7.9e-14  3.8e-15
   -      0.0001           - out
   6  0.00016001       8e-05       14   15   14     1     0      0  8.9e-14  2.7e-15
-          当前进度:  10 % - 矩阵分解
   -      0.0002           - out
   -      0.0003           - out
   7  0.00032001     0.00016       15   16   15     1     0      0  1.1e-13  2.7e-15
   -      0.0004           - out
   -      0.0005           - out
   -      0.0006           - out
   8  0.00064001     0.00032       16   17   16     1     0      0  7.3e-14  1.3e-15
   -      0.0007           - out
   -      0.0008           - out
   -      0.0009           - out
   -       0.001           - out
   -      0.0011           - out
   9     0.00114      0.0005       17   18   17     1     0      0  6.2e-14  3.5e-15
   -      0.0012           - out
   -      0.0013           - out
   -      0.0014           - out
   -      0.0015           - out
   -      0.0016           - out
  10     0.00164      0.0005       18   19   18     1     0      0  7.4e-14    3e-15
   -      0.0017           - out
   -      0.0018           - out
   -      0.0019           - out
   -       0.002           - out
   -      0.0021           - out
  11     0.00214      0.0005       19   20   19     1     0      0  5.5e-14  1.3e-15
   -      0.0022           - out
   -      0.0023           - out
   -      0.0024           - out
   -      0.0025           - out
   -      0.0026           - out
  12     0.00264      0.0005       20   21   20     2     0      0  8.8e-14  2.4e-15
   -      0.0027           - out
   -      0.0028           - out
   -      0.0029           - out
   -       0.003           - out
   -      0.0031           - out
  13     0.00314      0.0005       21   22   21     2     0      0  8.9e-14  6.4e-15
   -      0.0032           - out
   -      0.0033           - out
   -      0.0034           - out
   -      0.0035           - out
   -      0.0036           - out
  14     0.00364      0.0005       22   23   22     2     0      0    1e-13  2.1e-15
   -      0.0037           - out
   -      0.0038           - out
   -      0.0039           - out
   -       0.004           - out
--------   当前进度:  84 % - 正在组装残差
   -      0.0041           - out
  15     0.00414      0.0005       23   24   23     2     0      0  1.4e-13  2.2e-15
   -      0.0042           - out
   -      0.0043           - out
   -      0.0044           - out
   -      0.0045           - out
   -      0.0046           - out
  16     0.00464      0.0005       24   25   24     2     0      0  1.2e-13  1.9e-15
   -      0.0047           - out
   -      0.0048           - out
   -      0.0049           - out
   -       0.005           - out
  17     0.00514      0.0005       25   26   25     2     0      0  1.9e-13  1.3e-15
时间步进已完成。
---------- 当前进度: 100 % - 
Memory: 1979/2035 2011/2127
求解时间：2 s。
物理内存: 1.98 GB
虚拟内存: 2.01 GB
结束时间：2026年8月9日 01:21:59。
----- 研究 4/解 10 (sol10) 中的“瞬态求解器 1” ------------------------------------------->
           当前进度:   3 % - 生成方程
Memory: 1871/2035 1898/2127
<---- 研究 4/解 10 (sol10) 中的“编译方程: 瞬态” -------------------------------------------
开始于 2026年8月9日 01:22:06。
几何形函数: 线性拉格朗日单元
几何形函数: 线性拉格朗日单元
几何形函数: 线性拉格朗日单元
几何形函数: 二次拉格朗日单元
几何形函数: 二次拉格朗日单元
几何形函数: 二次拉格朗日单元
几何形函数: 二次拉格朗日单元
几何形函数: 线性拉格朗日单元
在 AMD64 Family 25 Model 80 Stepping 0, AuthenticAMD 上运行。
在以下位置使用 1 个插槽： Pokemon 上（共 8 个内核）。
可用内存：15.77 GB。
           当前进度:   4 % - 编译方程: 瞬态
Memory: 1954/2035 2002/2127
           当前进度:   5 % - 编译方程: 瞬态
Memory: 1957/2035 2004/2127
           当前进度:   5 % - 正在创建可视化网格
Memory: 1958/2035 2005/2127
时间：8。
物理内存: 1.96 GB
虚拟内存: 2.01 GB
结束时间：2026年8月9日 01:22:13。
----- 研究 4/解 10 (sol10) 中的“编译方程: 瞬态” ------------------------------------------>
<---- 研究 4/解 10 (sol10) 中的“因变量 1” ----------------------------------------------
开始于 2026年8月9日 01:22:13。
           当前进度:   5 % - 因变量 1
Memory: 1956/2035 2002/2127
求解时间：0 s。
物理内存: 1.96 GB
虚拟内存: 2.01 GB
结束时间：2026年8月9日 01:22:14。
----- 研究 4/解 10 (sol10) 中的“因变量 1” --------------------------------------------->
<---- 研究 4/解 10 (sol10) 中的“瞬态求解器 1” --------------------------------------------
开始于 2026年8月9日 01:22:14。
瞬态求解器 (BDF)
求解的自由度数：2660（加上 480 个内部自由度）。
找到非对称矩阵。
缩放因变量：
压力 (comp_ssc_wetting.pWet): 0.31
体积分数 (comp_ssc_wetting.s2): 1
Step        Time    Stepsize      Res  Jac  Sol Order Tfail NLfail   LinErr   LinRes
           当前进度:   7 % - 正在组装残差
Memory: 1959/2035 2005/2127
   0           0           - out    8    9    8                  0  1.4e-13  9.2e-16
   1    5.01e-06       5e-06        9   10    9     1     0      0  1.9e-13  8.7e-15
   2   1.001e-05       5e-06       10   11   10     1     0      0  9.4e-14  5.2e-15
   3   2.001e-05       1e-05       11   12   11     2     0      0  9.1e-14  3.8e-15
           当前进度:   7 % - 矩阵分解
Memory: 1963/2035 2010/2127
   4   4.001e-05       2e-05       12   13   12     2     0      0  8.1e-14  8.6e-15
   5   8.001e-05       4e-05       13   14   13     1     0      0  7.2e-14  7.1e-15
   -      0.0001           - out
   6  0.00016001       8e-05       14   15   14     1     0      0  7.3e-14  2.9e-15
   -      0.0002           - out
   -      0.0003           - out
   7  0.00032001     0.00016       15   16   15     1     0      0  7.8e-14  5.2e-15
   -      0.0004           - out
   -      0.0005           - out
   -      0.0006           - out
   8  0.00064001     0.00032       16   17   16     1     0      0  8.3e-14    5e-15
   -      0.0007           - out
   -      0.0008           - out
   -      0.0009           - out
   -       0.001           - out
   -      0.0011           - out
   9     0.00114      0.0005       17   18   17     1     0      0  8.5e-14  3.2e-15
   -      0.0012           - out
   -      0.0013           - out
   -      0.0014           - out
   -      0.0015           - out
   -      0.0016           - out
  10     0.00164      0.0005       18   19   18     1     0      0    8e-14  4.1e-15
   -      0.0017           - out
   -      0.0018           - out
   -      0.0019           - out
   -       0.002           - out
   -      0.0021           - out
  11     0.00214      0.0005       19   20   19     1     0      0  4.7e-14  1.5e-15
   -      0.0022           - out
   -      0.0023           - out
   -      0.0024           - out
-----      当前进度:  56 % - 正在组装残差
Memory: 1960/2035 2005/2127
   -      0.0025           - out
   -      0.0026           - out
  12     0.00264      0.0005       20   21   20     2     0      0  6.4e-14  3.3e-15
   -      0.0027           - out
   -      0.0028           - out
   -      0.0029           - out
   -       0.003           - out
   -      0.0031           - out
  13     0.00314      0.0005       21   22   21     2     0      0  2.5e-13  3.4e-15
   -      0.0032           - out
   -      0.0033           - out
   -      0.0034           - out
   -      0.0035           - out
   -      0.0036           - out
  14     0.00364      0.0005       22   23   22     2     0      0    1e-13  3.1e-15
   -      0.0037           - out
   -      0.0038           - out
   -      0.0039           - out
   -       0.004           - out
   -      0.0041           - out
  15     0.00414      0.0005       23   24   23     2     0      0  2.1e-13  2.4e-15
   -      0.0042           - out
   -      0.0043           - out
   -      0.0044           - out
   -      0.0045           - out
   -      0.0046           - out
  16     0.00464      0.0005       24   25   24     2     0      0  1.1e-13  2.1e-15
   -      0.0047           - out
   -      0.0048           - out
   -      0.0049           - out
   -       0.005           - out
  17     0.00514      0.0005       25   26   25     2     0      0  1.2e-13  1.7e-15
时间步进已完成。
---------- 当前进度: 100 % - 
Memory: 1958/2035 2003/2127
求解时间：2 s。
物理内存: 1.96 GB
虚拟内存: 2.01 GB
结束时间：2026年8月9日 01:22:16。
----- 研究 4/解 10 (sol10) 中的“瞬态求解器 1” ------------------------------------------->
           当前进度:   3 % - 生成方程
Memory: 1862/2035 1902/2127
<---- 研究 4/解 10 (sol10) 中的“编译方程: 瞬态” -------------------------------------------
开始于 2026年8月9日 01:22:23。
几何形函数: 线性拉格朗日单元
几何形函数: 线性拉格朗日单元
几何形函数: 线性拉格朗日单元
几何形函数: 二次拉格朗日单元
几何形函数: 二次拉格朗日单元
几何形函数: 二次拉格朗日单元
几何形函数: 二次拉格朗日单元
几何形函数: 线性拉格朗日单元
在 AMD64 Family 25 Model 80 Stepping 0, AuthenticAMD 上运行。
在以下位置使用 1 个插槽： Pokemon 上（共 8 个内核）。
可用内存：15.77 GB。
           当前进度:   4 % - 编译方程: 瞬态
Memory: 2004/2035 2051/2127
           当前进度:   5 % - 编译方程: 瞬态
Memory: 2013/2035 2059/2127
           当前进度:   5 % - 正在创建可视化网格
Memory: 2016/2035 2060/2127
时间：8。
物理内存: 2.02 GB
虚拟内存: 2.06 GB
结束时间：2026年8月9日 01:22:31。
----- 研究 4/解 10 (sol10) 中的“编译方程: 瞬态” ------------------------------------------>
<---- 研究 4/解 10 (sol10) 中的“因变量 1” ----------------------------------------------
开始于 2026年8月9日 01:22:31。
           当前进度:   5 % - 因变量 1
Memory: 2008/2035 2052/2127
求解时间：0 s。
物理内存: 2.02 GB
虚拟内存: 2.06 GB
结束时间：2026年8月9日 01:22:31。
----- 研究 4/解 10 (sol10) 中的“因变量 1” --------------------------------------------->
<---- 研究 4/解 10 (sol10) 中的“瞬态求解器 1” --------------------------------------------
开始于 2026年8月9日 01:22:31。
瞬态求解器 (BDF)
求解的自由度数：2660（加上 480 个内部自由度）。
找到非对称矩阵。
缩放因变量：
压力 (comp_ssc_wetting.pWet): 0.31
体积分数 (comp_ssc_wetting.s2): 1
Step        Time    Stepsize      Res  Jac  Sol Order Tfail NLfail   LinErr   LinRes
           当前进度:   7 % - 矩阵分解
Memory: 2010/2035 2054/2127
   0           0           - out   11   12   11                  0  1.5e-13  6.1e-16
   1  6.0563e-08  5.0563e-08       12   13   12     1     0      0    2e-13  5.3e-16
   2  1.1113e-07  5.0563e-08       13   14   13     1     0      0  1.5e-13  5.2e-16
   3  2.1225e-07  1.0113e-07       15   16   15     2     0      0  2.7e-13  1.2e-14
           当前进度:   7 % - 
   4  2.8111e-07   6.886e-08       24   25   24     2     1      0  1.7e-13  2.3e-14
   5  3.2326e-07  4.2146e-08       29   30   29     2     2      0  1.3e-13  9.1e-15
   6   3.654e-07  4.2146e-08       31   32   31     2     2      0  3.7e-14  4.6e-16
   7  4.0755e-07  4.2146e-08       33   34   33     2     2      0  1.6e-13  2.7e-15
   8   4.497e-07  4.2146e-08       35   36   35     2     2      0  2.8e-13  4.5e-15
   9   5.014e-07  5.1701e-08       41   42   41     2     3      0  1.5e-13  1.1e-14
  10   5.531e-07  5.1701e-08       42   43   42     2     3      0  1.7e-13  3.7e-16
  11   6.565e-07   1.034e-07       47   48   47     2     3      0  2.9e-13  1.3e-14
           当前进度:   7 % - 正在组装残差
  12   7.307e-07  7.4204e-08       51   52   51     1     4      0    3e-13    3e-15
  13  7.9749e-07  6.6783e-08       53   54   53     1     4      0  2.6e-13  1.2e-14
  14  9.3105e-07  1.3357e-07       55   56   55     1     4      0  2.1e-13    1e-14
  15  1.0646e-06  1.3357e-07       57   58   57     1     4      0  2.8e-13  4.2e-15
  16  1.3318e-06  2.6713e-07       61   62   61     1     4      0  1.5e-13  2.1e-15
  17  1.5989e-06  2.6713e-07       63   64   63     1     4      0  1.8e-13  4.6e-15
  18   1.866e-06  2.6713e-07       65   66   65     1     4      0  1.8e-13  3.5e-15
  19  2.4003e-06  5.3427e-07       67   68   67     1     4      0  8.9e-14  7.1e-15
  20  2.9346e-06  5.3427e-07       69   70   69     1     4      0  2.1e-13  3.8e-15
           当前进度:   7 % - 矩阵分解
Memory: 2010/2035 2053/2127
  21  3.4688e-06  5.3427e-07       71   72   71     1     4      0  1.4e-13  3.8e-15
  22  3.9497e-06  4.8084e-07       73   74   73     1     4      0  1.1e-13  6.1e-15
  23  4.2263e-06  2.7662e-07       79   80   79     1     5      0  1.5e-13  1.5e-14
  24  4.5029e-06  2.7662e-07       84   85   84     1     5      0  2.4e-13  1.5e-14
  25  4.7255e-06  2.2256e-07       86   87   86     1     5      0  1.8e-13  2.8e-15
           当前进度:   7 % - 正在组装残差
Memory: 2010/2035 2054/2127
  26   4.948e-06  2.2256e-07       90   91   90     1     5      0  1.9e-13  4.1e-15
  27  5.1706e-06  2.2256e-07       92   93   92     1     5      0  1.9e-13  1.3e-15
  28  5.6157e-06  4.4511e-07       94   95   94     1     5      0  1.4e-13  3.6e-15
  29  6.0608e-06  4.4511e-07       96   97   96     1     5      0  1.6e-13  7.1e-15
  30  6.5059e-06  4.4511e-07       98   99   98     1     5      0    2e-13  9.8e-15
  31   6.951e-06  4.4511e-07      100  101  100     1     5      0    1e-13  1.1e-14
  32  7.3961e-06  4.4511e-07      102  103  102     1     5      0  7.8e-14  4.3e-15
  33  8.2863e-06  8.9022e-07      104  105  104     1     5      0  1.3e-13  5.4e-15
           当前进度:   7 % - 矩阵分解
Memory: 2009/2035 2053/2127
  34  9.0511e-06  7.6481e-07      106  107  106     1     5      0  1.7e-13  1.1e-14
  35   9.816e-06  7.6481e-07      108  109  108     1     5      0  2.3e-13  7.7e-15
  36  1.0581e-05  7.6481e-07      110  111  110     1     5      0  1.1e-13  1.4e-15
  37   1.211e-05  1.5296e-06      112  113  112     1     5      0  2.2e-13  1.3e-15
  38   1.364e-05  1.5296e-06      114  115  114     1     5      0  1.3e-13  2.5e-15
           当前进度:   7 % - 
Memory: 2010/2035 2054/2127
  39   1.517e-05  1.5296e-06      116  117  116     1     5      0  1.3e-13  1.4e-14
  40  1.6426e-05  1.2563e-06      118  119  118     1     5      0  2.2e-13  1.5e-14
  41  1.7523e-05  1.0971e-06      122  123  122     1     5      0  2.4e-13  4.9e-15
  42  1.8467e-05  9.4378e-07      124  125  124     1     5      0  1.7e-13  4.6e-16
  43  1.9411e-05  9.4378e-07      126  127  126     1     5      0  1.9e-13  4.4e-15
  44  2.0354e-05  9.4378e-07      128  129  128     1     5      0  1.1e-13  6.9e-16
  45   2.151e-05  1.1552e-06      132  133  132     1     6      0  1.1e-13  1.5e-14
  46  2.2549e-05  1.0397e-06      134  135  134     1     6      0  1.8e-13  6.9e-15
  47  2.4629e-05  2.0794e-06      136  137  136     1     6      0    2e-13  1.1e-14
  48  2.6413e-05   1.784e-06      138  139  138     1     6      0  1.4e-13    2e-15
  49  2.8197e-05   1.784e-06      140  141  140     1     6      0    8e-14  4.9e-16
  50  2.9981e-05   1.784e-06      142  143  142     1     6      0    2e-13  8.1e-15
  51  3.1586e-05  1.6056e-06      146  147  146     1     6      0  1.1e-13  7.5e-15
           当前进度:   7 % - 矩阵分解
Memory: 2009/2035 2053/2127
  52  3.2769e-05  1.1828e-06      148  149  148     1     6      0  1.2e-13    4e-15
  53  3.3952e-05  1.1828e-06      150  151  150     1     6      0  1.6e-13  3.9e-15
  54  3.5135e-05  1.1828e-06      152  153  152     1     6      0  1.8e-13  2.1e-15
  55  3.6317e-05  1.1828e-06      154  155  154     1     6      0  1.1e-13  1.5e-15
  56    3.75e-05  1.1828e-06      156  157  156     1     6      0  1.7e-13  1.2e-14
  57  3.8683e-05  1.1828e-06      158  159  158     1     6      0    1e-13  1.2e-14
  58  3.9866e-05  1.1828e-06      160  161  160     1     6      0  1.4e-13  2.8e-15
  59  4.1049e-05  1.1828e-06      162  163  162     1     6      0  1.6e-13  6.3e-16
  60  4.3414e-05  2.3656e-06      164  165  164     1     6      0    2e-13  6.4e-16
  61   4.578e-05  2.3656e-06      166  167  166     1     6      0  1.2e-13  5.6e-15
  62  4.7066e-05  1.2862e-06      174  175  174     1     7      0  1.4e-13  1.3e-14
           当前进度:   8 % - 组装矩阵
Memory: 2011/2035 2054/2127
  63  4.8352e-05  1.2862e-06      176  177  176     1     7      0  2.4e-13  3.7e-15
  64  4.9639e-05  1.2862e-06      178  179  178     1     7      0  1.5e-13  2.1e-15
  65  5.2211e-05  2.5724e-06      180  181  180     2     7      0  1.3e-13  4.5e-15
  66  5.4311e-05  2.1003e-06      182  183  182     2     7      0  1.5e-13  1.7e-15
  67  5.6412e-05  2.1003e-06      184  185  184     2     7      0  1.5e-13  6.2e-15
           当前进度:   8 % - 矩阵分解
Memory: 2009/2035 2053/2127
  68  5.8512e-05  2.1003e-06      186  187  186     2     7      0  2.1e-13  4.9e-15
  69  6.0612e-05  2.1003e-06      188  189  188     2     7      0  1.7e-13  1.3e-14
  70  6.2712e-05  2.1003e-06      190  191  190     2     7      0  2.4e-13  6.9e-15
           当前进度:   8 % - 组装矩阵
Memory: 2011/2035 2054/2127
  71  6.4055e-05   1.343e-06      198  199  198     1     8      0  1.3e-13  3.8e-15
  72  6.5264e-05  1.2087e-06      200  201  200     1     8      0  1.5e-13  2.2e-15
  73  6.6473e-05  1.2087e-06      202  203  202     1     8      0  2.8e-13  8.7e-16
  74  6.7682e-05  1.2087e-06      204  205  204     1     8      0  1.3e-13  2.9e-15
  75   6.889e-05  1.2087e-06      206  207  206     1     8      0  1.5e-13  1.6e-15
  76  7.1308e-05  2.4174e-06      208  209  208     1     8      0  1.8e-13  4.3e-15
  77  7.3483e-05  2.1757e-06      210  211  210     1     8      0  1.7e-13    1e-14
           当前进度:   8 % - 矩阵分解
Memory: 2010/2035 2054/2127
  78  7.5659e-05  2.1757e-06      212  213  212     1     8      0  1.4e-13  1.2e-15
  79  7.7835e-05  2.1757e-06      214  215  214     1     8      0  1.7e-13  6.5e-15
  80  7.9793e-05  1.9581e-06      216  217  216     1     8      0  1.9e-13  7.1e-15
  81  8.1751e-05  1.9581e-06      220  221  220     1     8      0  1.7e-13  3.1e-15
  82  8.3207e-05  1.4562e-06      222  223  222     1     8      0  2.8e-13  1.1e-15
           当前进度:   8 % - 组装矩阵
Memory: 2011/2035 2054/2127
  83  8.4663e-05  1.4562e-06      224  225  224     1     8      0  1.7e-12  4.1e-16
  84  8.6119e-05  1.4562e-06      226  227  226     1     8      0  2.4e-13  2.5e-15
  85  8.7575e-05  1.4562e-06      228  229  228     1     8      0  1.8e-13  1.9e-15
  86  8.9032e-05  1.4562e-06      230  231  230     1     8      0  1.9e-13  9.6e-15
  87  9.0488e-05  1.4562e-06      232  233  232     1     8      0  2.6e-13  1.3e-15
  88    9.34e-05  2.9123e-06      234  235  234     1     8      0  2.6e-13  4.3e-16
  89  9.6312e-05  2.9123e-06      236  237  236     1     8      0    2e-13  2.3e-15
           当前进度:   9 % - 矩阵分解
Memory: 2009/2035 2053/2127
  90  9.7809e-05  1.4966e-06      244  245  244     1     9      0  1.8e-13  2.9e-15
  91  9.9306e-05  1.4966e-06      246  247  246     1     9      0  1.8e-13  2.3e-15
   -      0.0001           - out
  92   0.0001008  1.4966e-06      248  249  248     1     9      0  3.4e-13    5e-16
  93  0.00010296  2.1563e-06      255  256  255     1    10      0  2.4e-13  9.4e-16
  94  0.00010511  2.1563e-06      257  258  257     1    10      0  1.8e-13  2.8e-15
           当前进度:   9 % - 组装矩阵
Memory: 2011/2035 2054/2127
  95  0.00010727  2.1563e-06      259  260  259     1    10      0  1.9e-13    9e-15
  96  0.00010943  2.1563e-06      261  262  261     1    10      0  1.9e-13  1.2e-15
  97  0.00011158  2.1563e-06      263  264  263     1    10      0  1.8e-13    3e-15
  98  0.00011374  2.1563e-06      265  266  265     1    10      0  2.1e-13  2.3e-15
  99   0.0001159  2.1563e-06      269  270  269     1    10      0  1.4e-13  2.3e-15
           当前进度:   9 % - 正在组装残差
 100  0.00011743  1.5345e-06      271  272  271     1    10      0  2.3e-13  1.7e-15
 101  0.00011897  1.5345e-06      273  274  273     1    10      0  3.4e-13  5.3e-16
 102   0.0001205  1.5345e-06      275  276  275     1    10      0  1.9e-13  1.6e-15
 103  0.00012203  1.5345e-06      277  278  277     1    10      0  1.7e-13  3.3e-15
 104  0.00012436  2.3299e-06      281  282  281     1    11      0  1.4e-13    1e-14
           当前进度:   9 % - 矩阵分解
Memory: 2009/2035 2053/2127
 105  0.00012669  2.3299e-06      283  284  283     1    11      0  1.1e-13  1.6e-15
 106  0.00012902  2.3299e-06      285  286  285     1    11      0  1.7e-13  3.5e-15
 107  0.00013135  2.3299e-06      287  288  287     1    11      0  1.7e-13    4e-15
 108  0.00013281  1.4568e-06      295  296  295     1    12      0  1.6e-13  3.4e-15
 109  0.00013427  1.4568e-06      297  298  297     1    12      0  1.8e-13  8.9e-16
 110  0.00013572  1.4568e-06      299  300  299     1    12      0  3.2e-13  6.5e-16
 111  0.00013864  2.9135e-06      301  302  301     2    12      0  4.4e-13  1.1e-15
 112  0.00014155  2.9135e-06      303  304  303     1    12      0  2.8e-13  9.5e-16
 113  0.00014446  2.9135e-06      305  306  305     1    12      0  1.9e-13  5.5e-15
           当前进度:   9 % - 
Memory: 2011/2035 2054/2127
 114  0.00014738  2.9135e-06      307  308  307     1    12      0  2.4e-13    6e-15
 115  0.00014997  2.5961e-06      309  310  309     1    12      0  1.7e-13  4.2e-15
 116  0.00015153  1.5563e-06      317  318  317     1    13      0  1.9e-13    3e-15
-          当前进度:  10 % - 矩阵分解
Memory: 2009/2035 2052/2127
 117  0.00015309  1.5563e-06      319  320  319     1    13      0  2.3e-13  1.9e-15
 118  0.00015464  1.5563e-06      321  322  321     1    13      0  2.6e-13  1.3e-15
 119  0.00015686  2.2189e-06      327  328  327     1    14      0  1.7e-13  3.3e-15
 120  0.00015908  2.2189e-06      329  330  329     1    14      0  1.5e-13  3.9e-15
-          当前进度:  10 % - 正在组装残差
Memory: 2011/2035 2054/2127
 121   0.0001613  2.2189e-06      331  332  331     1    14      0  3.2e-13    3e-15
 122  0.00016352  2.2189e-06      333  334  333     1    14      0  2.4e-13  8.1e-16
 123  0.00016574  2.2189e-06      335  336  335     1    14      0  1.3e-13  5.3e-15
 124  0.00016773   1.997e-06      337  338  337     1    14      0  1.4e-13  6.2e-15
 125  0.00016973   1.997e-06      341  342  341     1    14      0  2.6e-13  2.5e-15
 126  0.00017133  1.5943e-06      343  344  343     1    14      0  2.2e-12    5e-16
 127  0.00017292  1.5943e-06      345  346  345     1    14      0    3e-13  9.2e-16
-          当前进度:  10 % - 
Memory: 2010/2035 2054/2127
 128  0.00017452  1.5943e-06      347  348  347     1    14      0  2.4e-13  1.5e-15
 129  0.00017611  1.5943e-06      349  350  349     1    14      0  3.2e-13  1.7e-15
 130   0.0001793  3.1887e-06      351  352  351     1    14      0  1.9e-13  8.2e-15
 131  0.00018201  2.7129e-06      353  354  353     1    14      0  2.6e-13  1.2e-15
 132  0.00018472  2.7129e-06      355  356  355     1    14      0  1.7e-13  4.4e-15
 133  0.00018637  1.6449e-06      361  362  361     1    15      0  2.4e-13  6.8e-15
 134  0.00018801  1.6449e-06      363  364  363     1    15      0  2.4e-13  4.2e-15
 135  0.00018966  1.6449e-06      365  366  365     1    15      0  2.2e-13    1e-15
 136   0.0001913  1.6449e-06      367  368  367     1    15      0  1.7e-13  1.6e-15
 137  0.00019295  1.6449e-06      369  370  369     1    15      0  1.9e-13  1.5e-15
-          当前进度:  10 % - 矩阵分解
Memory: 2009/2035 2053/2127
 138  0.00019459  1.6449e-06      371  372  371     1    15      0  2.3e-13  1.7e-15
 139  0.00019624  1.6449e-06      373  374  373     1    15      0  1.3e-13  6.4e-15
 140  0.00019788  1.6449e-06      375  376  375     1    15      0  2.7e-13  9.2e-16
   -      0.0002           - out
 141  0.00020117  3.2897e-06      377  378  377     1    15      0  2.6e-13  4.5e-16
 142  0.00020446  3.2897e-06      379  380  379     1    15      0  2.1e-13  4.7e-16
-          当前进度:  11 % - 正在组装残差
Memory: 2010/2035 2054/2127
 143  0.00020616  1.7015e-06      385  386  385     1    16      0  1.2e-13  5.6e-15
 144  0.00020787  1.7015e-06      387  388  387     1    16      0  2.4e-13  2.5e-15
 145  0.00020957  1.7015e-06      389  390  389     1    16      0  3.2e-13  7.8e-16
 146  0.00021127  1.7015e-06      391  392  391     1    16      0  3.3e-13  7.3e-16
 147  0.00021297  1.7015e-06      393  394  393     1    16      0  2.3e-13  3.8e-15
 148  0.00021467  1.7015e-06      395  396  395     1    16      0  2.2e-13  6.2e-15
 149  0.00021637  1.7015e-06      397  398  397     1    16      0  2.9e-13  1.8e-15
 150  0.00021807  1.7015e-06      399  400  399     1    16      0  6.4e-13  3.4e-16
-          当前进度:  11 % - 矩阵分解
 151  0.00022148  3.4029e-06      401  402  401     1    16      0  2.1e-13  3.7e-15
 152  0.00022433  2.8499e-06      405  406  405     1    16      0  1.8e-13  2.1e-15
 153  0.00022645  2.1209e-06      407  408  407     1    16      0  2.8e-13  1.9e-15
 154  0.00022857  2.1209e-06      409  410  409     1    16      0  1.1e-12  4.1e-16
 155  0.00023069  2.1209e-06      411  412  411     1    16      0  2.9e-13  1.2e-15
-          当前进度:  11 % - 正在组装残差
 156  0.00023281  2.1209e-06      413  414  413     1    16      0  3.1e-13  1.5e-15
 157  0.00023493  2.1209e-06      415  416  415     1    16      0  1.1e-13  5.4e-15
 158  0.00023705  2.1209e-06      417  418  417     1    16      0  3.3e-13  9.9e-16
 159  0.00023917  2.1209e-06      419  420  419     1    16      0  2.9e-13  1.2e-15
 160  0.00024129  2.1209e-06      421  422  421     1    16      0    2e-13  3.7e-15
 161  0.00024341  2.1209e-06      425  426  425     1    16      0  1.6e-13  5.7e-15
 162  0.00024516  1.7428e-06      427  428  427     1    16      0  2.7e-13  2.2e-15
-          当前进度:  11 % - 矩阵分解
Memory: 2009/2035 2052/2127
 163   0.0002469  1.7428e-06      429  430  429     1    16      0  5.4e-13  7.2e-16
 164  0.00024864  1.7428e-06      431  432  431     1    16      0  2.8e-13  1.5e-15
 165  0.00025039  1.7428e-06      433  434  433     1    16      0  2.5e-13  2.6e-15
 166  0.00025213  1.7428e-06      435  436  435     1    16      0  2.4e-13  4.2e-15
 167  0.00025561  3.4856e-06      437  438  437     1    16      0  2.4e-13  3.8e-15
 168  0.00025875   3.137e-06      439  440  439     1    16      0  3.3e-13  8.6e-16
 169  0.00026189   3.137e-06      441  442  441     1    16      0  1.9e-13  8.8e-16
 170  0.00026365  1.7575e-06      447  448  447     1    17      0  2.4e-13  5.2e-15
 171   0.0002654  1.7575e-06      449  450  449     1    17      0  1.8e-13  2.4e-15
-          当前进度:  12 % - 矩阵分解
Memory: 2009/2035 2053/2127
 172  0.00026716  1.7575e-06      451  452  451     1    17      0  3.3e-13  6.2e-16
 173  0.00026892  1.7575e-06      453  454  453     1    17      0  5.3e-13  5.9e-16
 174  0.00027068  1.7575e-06      455  456  455     1    17      0  1.7e-13  3.3e-15
 175  0.00027243  1.7575e-06      457  458  457     1    17      0  2.7e-13  5.8e-15
 176  0.00027419  1.7575e-06      459  460  459     1    17      0  3.4e-13  1.6e-15
 177  0.00027595  1.7575e-06      461  462  461     1    17      0  1.3e-12  4.3e-16
 178  0.00027946   3.515e-06      463  464  463     1    17      0  3.4e-13  3.2e-15
 179  0.00028249  3.0231e-06      467  468  467     1    17      0  2.7e-13  2.2e-15
 180  0.00028473  2.2427e-06      469  470  469     1    17      0  3.7e-13  1.9e-15
 181  0.00028697  2.2427e-06      471  472  471     1    17      0  1.1e-12  3.7e-16
 182  0.00028921  2.2427e-06      473  474  473     1    17      0  1.9e-13  1.5e-15
 183  0.00029146  2.2427e-06      475  476  475     1    17      0  3.6e-13  1.3e-15
 184   0.0002937  2.2427e-06      477  478  477     1    17      0  3.6e-13  4.7e-15
 185  0.00029594  2.2427e-06      479  480  479     1    17      0  3.5e-13  8.7e-16
 186  0.00029819  2.2427e-06      481  482  481     1    17      0  2.1e-13    4e-16
   -      0.0003           - out
 187  0.00030043  2.2427e-06      483  484  483     1    17      0  1.6e-13    9e-16
 188   0.0003021   1.673e-06      489  490  489     1    18      0  2.8e-13    6e-15
 189  0.00030377   1.673e-06      491  492  491     1    18      0  3.1e-13  2.8e-15
 190  0.00030545   1.673e-06      493  494  493     1    18      0  8.1e-13  5.2e-16
 191  0.00030712   1.673e-06      495  496  495     1    18      0  2.7e-13  1.7e-15
 192  0.00030879   1.673e-06      497  498  497     1    18      0  3.7e-13  5.2e-16
 193  0.00031214  3.3461e-06      500  501  500     1    18      0  2.3e-13  2.4e-15
 194  0.00031515  3.0115e-06      502  503  502     1    18      0  2.5e-13  3.6e-15
-          当前进度:  13 % - 
Memory: 2010/2035 2054/2127
 195  0.00031816  3.0115e-06      504  505  504     1    18      0  4.9e-13  5.9e-16
 196  0.00032117  3.0115e-06      506  507  506     1    18      0  3.7e-13    2e-15
 197  0.00032419  3.0115e-06      509  510  509     2    18      0  2.1e-13  8.7e-15
 198  0.00032675  2.5661e-06      511  512  511     2    18      0  2.2e-13  3.4e-15
 199  0.00032932  2.5661e-06      513  514  513     2    18      0  3.7e-13  4.7e-15
-          当前进度:  13 % - 矩阵分解
 200  0.00033188  2.5661e-06      515  516  515     2    18      0  2.7e-13  1.6e-15
 201  0.00033445  2.5661e-06      517  518  517     2    18      0  2.8e-13  5.4e-15
 202  0.00033702  2.5661e-06      519  520  519     2    18      0  4.5e-13  4.5e-15
 203  0.00033958  2.5661e-06      521  522  521     2    18      0  2.9e-13  9.7e-15
 204  0.00034215  2.5661e-06      523  524  523     2    18      0    3e-13  6.8e-15
 205  0.00034375   1.605e-06      528  529  528     1    19      0    2e-13  4.3e-15
 206  0.00034536   1.605e-06      530  531  530     1    19      0  8.1e-13  7.1e-16
 207  0.00034696   1.605e-06      532  533  532     1    19      0  3.3e-13  2.2e-15
 208  0.00034857   1.605e-06      534  535  534     1    19      0    4e-13  2.6e-15
 209  0.00035017   1.605e-06      536  537  536     1    19      0  4.2e-13  1.5e-15
 210  0.00035338  3.2101e-06      538  539  538     1    19      0  3.1e-13  4.3e-15
-          当前进度:  13 % - 正在组装残差
 211  0.00035659  3.2101e-06      540  541  540     1    19      0  2.2e-13  3.3e-15
 212   0.0003598  3.2101e-06      542  543  542     1    19      0  2.4e-13    3e-15
 213  0.00036301  3.2101e-06      544  545  544     1    19      0  3.2e-13  2.1e-15
-          当前进度:  14 % - 矩阵分解
Memory: 2009/2035 2053/2127
 214  0.00036486  1.8439e-06      550  551  550     1    20      0  3.6e-13    5e-15
 215   0.0003667  1.8439e-06      552  553  552     1    20      0  3.9e-13  2.3e-15
 216  0.00036855  1.8439e-06      554  555  554     1    20      0  1.1e-12    5e-16
 217  0.00037039  1.8439e-06      556  557  556     1    20      0  4.6e-13  1.1e-15
 218  0.00037223  1.8439e-06      558  559  558     1    20      0  3.5e-13  1.9e-15
 219  0.00037408  1.8439e-06      560  561  560     1    20      0  3.9e-13  5.2e-15
 220  0.00037592  1.8439e-06      562  563  562     1    20      0  5.1e-13  8.7e-16
 221  0.00037961  3.6879e-06      564  565  564     1    20      0  7.6e-13  5.7e-16
 222   0.0003833  3.6879e-06      566  567  566     1    20      0  5.2e-13  5.3e-16
-          当前进度:  14 % - 组装矩阵
Memory: 2010/2035 2054/2127
 223  0.00038523  1.9327e-06      571  572  571     1    21      0  2.3e-13    5e-15
 224  0.00038716  1.9327e-06      573  574  573     1    21      0  3.8e-13    2e-15
 225  0.00038909  1.9327e-06      575  576  575     1    21      0  4.3e-13  7.3e-16
 226  0.00039103  1.9327e-06      577  578  577     1    21      0  1.8e-12  3.7e-16
 227  0.00039296  1.9327e-06      579  580  579     1    21      0    3e-13  2.4e-15
 228  0.00039489  1.9327e-06      581  582  581     1    21      0  3.4e-13  6.4e-15
 229  0.00039683  1.9327e-06      583  584  583     1    21      0  6.3e-13  9.9e-16
 230  0.00039876  1.9327e-06      585  586  585     1    21      0  8.6e-13  3.5e-16
   -      0.0004           - out
 231  0.00040262  3.8653e-06      587  588  587     1    21      0  2.6e-13  2.9e-15
 232  0.00040471  2.0818e-06      593  594  593     1    22      0  4.7e-13  5.2e-15
-          当前进度:  14 % - 
 233  0.00040679  2.0818e-06      595  596  595     1    22      0    3e-13  3.4e-15
 234  0.00040866  1.8736e-06      597  598  597     1    22      0  7.1e-13  5.8e-16
 235  0.00041053  1.8736e-06      599  600  599     1    22      0    4e-13  1.8e-15
 236  0.00041241  1.8736e-06      601  602  601     1    22      0  7.7e-13  6.2e-16
 237  0.00041616  3.7472e-06      605  606  605     1    22      0  5.1e-13    3e-15
 238  0.00041922  3.0691e-06      607  608  607     1    22      0  5.1e-13  2.2e-15
-          当前进度:  15 % - 矩阵分解
Memory: 2010/2035 2053/2127
 239  0.00042229  3.0691e-06      609  610  609     1    22      0  3.8e-13  5.3e-16
 240  0.00042536  3.0691e-06      611  612  611     1    22      0  4.1e-13  3.1e-15
 241  0.00042724  1.8822e-06      617  618  617     1    23      0  3.8e-13  6.7e-15
 242  0.00042913  1.8822e-06      619  620  619     1    23      0  4.3e-13  3.5e-15
 243  0.00043101  1.8822e-06      621  622  621     1    23      0  6.7e-13  9.2e-16
 244  0.00043289  1.8822e-06      623  624  623     1    23      0  5.7e-13  1.4e-15
 245  0.00043477  1.8822e-06      625  626  625     1    23      0  3.9e-13  2.9e-15
 246  0.00043666  1.8822e-06      627  628  627     1    23      0  5.1e-13  5.1e-15
 247  0.00043854  1.8822e-06      629  630  629     1    23      0  4.3e-13  1.7e-15
 248  0.00044042  1.8822e-06      631  632  631     1    23      0  6.5e-13  4.6e-16
 249  0.00044418  3.7643e-06      633  634  633     1    23      0  3.9e-13  2.4e-15
-          当前进度:  15 % - 组装矩阵
Memory: 2010/2035 2054/2127
 250  0.00044757  3.3879e-06      637  638  637     1    23      0  1.1e-12    1e-15
 251   0.0004506  3.0317e-06      639  640  639     1    23      0  3.9e-13  2.3e-15
 252  0.00045307  2.4653e-06      641  642  641     1    23      0  4.4e-13  9.2e-16
 253  0.00045553  2.4653e-06      643  644  643     1    23      0  6.1e-13  8.4e-16
 254    0.000458  2.4653e-06      645  646  645     1    23      0  1.8e-13  1.2e-15
-          当前进度:  15 % - 正在组装残差
 255  0.00046046  2.4653e-06      647  648  647     1    23      0  2.9e-13    6e-15
 256  0.00046293  2.4653e-06      649  650  649     1    23      0  5.5e-13  1.2e-15
 257   0.0004654  2.4653e-06      651  652  651     1    23      0  4.1e-13  8.6e-16
 258  0.00046786  2.4653e-06      653  654  653     1    23      0  6.4e-13  9.8e-16
 259  0.00046973  1.8677e-06      658  659  658     1    24      0  4.3e-13  7.2e-15
 260   0.0004716  1.8677e-06      660  661  660     1    24      0  5.9e-13  2.5e-15
-          当前进度:  16 % - 正在组装残差
 261  0.00047346  1.8677e-06      662  663  662     1    24      0  7.7e-13  1.1e-15
 262  0.00047533  1.8677e-06      664  665  664     1    24      0    4e-13  2.2e-15
 263   0.0004772  1.8677e-06      666  667  666     2    24      0    6e-13  3.6e-15
 264  0.00047907  1.8677e-06      668  669  668     2    24      0  4.5e-13  2.9e-15
 265  0.00048093  1.8677e-06      670  671  670     2    24      0  4.3e-13  2.8e-15
 266   0.0004828  1.8677e-06      672  673  672     2    24      0  4.1e-13    5e-15
 267  0.00048467  1.8677e-06      674  675  674     2    24      0  3.2e-13  2.1e-15
-          当前进度:  16 % - 矩阵分解
Memory: 2009/2035 2053/2127
 268  0.00048841  3.7354e-06      676  677  676     2    24      0  4.9e-13  7.9e-16
 269  0.00049214  3.7354e-06      678  679  678     2    24      0  3.4e-13  4.6e-15
 270    0.000494  1.8627e-06      685  686  685     1    25      0    4e-13  8.5e-15
 271  0.00049587  1.8627e-06      687  688  687     1    25      0    6e-13  1.3e-15
-          当前进度:  16 % - 正在组装残差
Memory: 2010/2035 2054/2127
 272  0.00049773  1.8627e-06      689  690  689     1    25      0  4.5e-13  1.4e-15
 273  0.00049959  1.8627e-06      691  692  691     1    25      0  7.2e-13  6.8e-16
   -      0.0005           - out
 274  0.00050332  3.7253e-06      693  694  693     1    25      0  4.6e-13  1.8e-15
 275  0.00050704  3.7253e-06      695  696  695     1    25      0  4.9e-13  3.6e-15
 276  0.00051077  3.7253e-06      697  698  697     1    25      0  3.3e-13  3.3e-15
 277  0.00051412  3.3528e-06      699  700  699     1    25      0  4.2e-13    3e-15
-          当前进度:  16 % - 求解线性方程组
 278  0.00051714  3.0175e-06      703  704  703     1    25      0  4.3e-13    2e-15
 279  0.00051934  2.2027e-06      705  706  705     1    25      0  2.5e-12  4.7e-16
 280  0.00052154  2.2027e-06      707  708  707     1    25      0  5.1e-13  1.8e-15
 281  0.00052375  2.2027e-06      709  710  709     1    25      0  4.8e-13  2.2e-15
 282  0.00052595  2.2027e-06      711  712  711     1    25      0  5.1e-13  8.9e-15
 283  0.00052815  2.2027e-06      713  714  713     1    25      0  5.7e-13  1.2e-15
 284  0.00053035  2.2027e-06      715  716  715     1    25      0  4.4e-13  6.6e-16
 285  0.00053476  4.4053e-06      717  718  717     1    25      0  4.4e-13  1.7e-15
-          当前进度:  17 % - 矩阵分解
Memory: 2009/2035 2053/2127
 286  0.00053692  2.1578e-06      722  723  722     1    26      0  3.7e-13  6.2e-15
 287  0.00053907  2.1578e-06      724  725  724     1    26      0  3.6e-13  2.6e-15
 288  0.00054123  2.1578e-06      726  727  726     1    26      0  6.4e-13  1.2e-15
 289  0.00054339  2.1578e-06      728  729  728     1    26      0  6.3e-13  2.3e-15
 290  0.00054555  2.1578e-06      730  731  730     2    26      0  5.2e-13  1.2e-15
-          当前进度:  17 % - 正在组装残差
Memory: 2010/2035 2054/2127
 291  0.00054771  2.1578e-06      732  733  732     2    26      0  3.6e-13  1.2e-14
 292  0.00054986  2.1578e-06      734  735  734     2    26      0  4.3e-13  3.5e-15
 293  0.00055202  2.1578e-06      736  737  736     2    26      0  2.3e-13  4.3e-15
 294  0.00055418  2.1578e-06      738  739  738     2    26      0  6.5e-13  1.2e-15
 295  0.00055849  4.3156e-06      740  741  740     2    26      0  6.6e-13    6e-16
 296  0.00056137  2.8721e-06      745  746  745     2    27      0  3.3e-13  8.6e-15
-          当前进度:  17 % - 矩阵分解
Memory: 2009/2035 2052/2127
 297  0.00056424  2.8721e-06      747  748  747     2    27      0  3.5e-13  2.6e-15
 298  0.00056711  2.8721e-06      749  750  749     2    27      0  5.6e-13  6.4e-15
 299  0.00056998  2.8721e-06      751  752  751     2    27      0  6.9e-13  2.2e-15
 300  0.00057286  2.8721e-06      753  754  753     2    27      0  4.6e-13    1e-14
 301  0.00057544  2.5849e-06      755  756  755     2    27      0  7.6e-13  7.3e-15
 302  0.00057803  2.5849e-06      757  758  757     2    27      0  6.3e-13  1.2e-14
 303  0.00058061  2.5849e-06      759  760  759     2    27      0  3.2e-13    5e-15
-          当前进度:  18 % - 约束处理
Memory: 2010/2035 2054/2127
 304  0.00058251  1.9009e-06      764  765  764     1    28      0  6.5e-13  7.9e-15
 305  0.00058441  1.9009e-06      766  767  766     1    28      0  6.4e-13  2.8e-15
 306  0.00058631  1.9009e-06      768  769  768     1    28      0  5.9e-13  1.6e-15
 307  0.00058821  1.9009e-06      770  771  770     1    28      0  3.7e-13  3.1e-15
 308  0.00059011  1.9009e-06      772  773  772     2    28      0  7.4e-13    4e-15
 309  0.00059202  1.9009e-06      774  775  774     2    28      0  6.8e-13  3.5e-15
 310  0.00059392  1.9009e-06      776  777  776     2    28      0    5e-13  3.6e-15
-          当前进度:  18 % - 
 311  0.00059582  1.9009e-06      778  779  778     2    28      0  7.4e-13  6.5e-15
 312  0.00059772  1.9009e-06      780  781  780     2    28      0  6.2e-13  3.4e-15
 313  0.00059962  1.9009e-06      782  783  782     2    28      0  4.7e-13  2.6e-15
   -      0.0006           - out
 314  0.00060342  3.8017e-06      784  785  784     2    28      0  6.3e-13  3.3e-15
 315  0.00060591  2.4927e-06      790  791  790     2    29      0  7.5e-13  9.4e-15
 316  0.00060841  2.4927e-06      792  793  792     2    29      0  5.4e-13    2e-15
 317   0.0006109  2.4927e-06      794  795  794     2    29      0  6.5e-13  7.8e-15
 318  0.00061339  2.4927e-06      796  797  796     2    29      0  3.2e-12  3.6e-16
 319  0.00061588  2.4927e-06      798  799  798     2    29      0  4.8e-13  2.8e-15
 320  0.00061838  2.4927e-06      800  801  800     2    29      0  7.2e-13  1.1e-14
 321  0.00062087  2.4927e-06      802  803  802     2    29      0  6.3e-13  7.7e-15
 322  0.00062336  2.4927e-06      804  805  804     1    29      0  4.8e-13  7.3e-16
 323  0.00062585  2.4927e-06      806  807  806     1    29      0    6e-13  7.7e-15
 324  0.00062835  2.4927e-06      808  809  808     1    29      0  6.8e-13  8.6e-15
 325  0.00063059  2.2435e-06      810  811  810     1    29      0  8.1e-13  5.3e-15
 326  0.00063261  2.0191e-06      812  813  812     1    29      0  4.4e-12  4.9e-16
 327  0.00063463  2.0191e-06      814  815  814     1    29      0  4.4e-13  2.8e-15
 328  0.00063665  2.0191e-06      816  817  816     1    29      0  5.2e-13  2.6e-15
 329  0.00063867  2.0191e-06      818  819  818     1    29      0  5.7e-13  2.6e-15
 330  0.00064069  2.0191e-06      820  821  820     1    29      0  3.7e-13  8.7e-15
 331  0.00064271  2.0191e-06      822  823  822     1    29      0  7.5e-13  1.9e-15
-          当前进度:  19 % - 矩阵分解
Memory: 2009/2035 2053/2127
 332  0.00064674  4.0382e-06      824  825  824     1    29      0  4.7e-13  6.6e-16
 333  0.00065078  4.0382e-06      826  827  826     1    29      0  5.7e-13  3.8e-15
 334  0.00065295   2.165e-06      832  833  832     1    30      0  4.2e-13  7.6e-15
 335  0.00065511   2.165e-06      834  835  834     1    30      0  6.8e-13  4.2e-15
 336  0.00065728   2.165e-06      836  837  836     1    30      0  1.1e-12  5.9e-16
-          当前进度:  19 % - 正在组装残差
Memory: 2011/2035 2054/2127
 337  0.00065944   2.165e-06      838  839  838     1    30      0  7.1e-13  1.8e-15
 338  0.00066161   2.165e-06      840  841  840     1    30      0  7.4e-13    4e-15
 339  0.00066377   2.165e-06      842  843  842     1    30      0  5.7e-13  9.1e-15
 340  0.00066594   2.165e-06      844  845  844     1    30      0  6.5e-13  3.2e-15
 341   0.0006681   2.165e-06      846  847  846     1    30      0  3.7e-13  3.5e-16
 342  0.00067243  4.3299e-06      848  849  848     1    30      0  8.3e-13  3.4e-15
 343  0.00067611  3.6831e-06      852  853  852     1    30      0  6.4e-13  2.3e-15
-          当前进度:  19 % - 矩阵分解
Memory: 2009/2035 2053/2127
 344  0.00067913  3.0185e-06      854  855  854     1    30      0  4.6e-13  3.1e-15
 345  0.00068185  2.7166e-06      856  857  856     1    30      0  9.1e-13  1.1e-15
 346  0.00068457  2.7166e-06      858  859  858     1    30      0  5.8e-13  1.2e-15
 347  0.00068728  2.7166e-06      860  861  860     1    30      0  3.2e-13    8e-16
 348  0.00069272  5.4333e-06      862  863  862     1    30      0  5.4e-13  5.7e-15
 349  0.00069658  3.8598e-06      864  865  864     1    30      0  3.9e-13  4.2e-15
   -      0.0007           - out
 350  0.00070044  3.8598e-06      868  869  868     1    30      0  5.6e-13  5.6e-15
--         当前进度:  20 % - 组装矩阵
Memory: 2011/2035 2054/2127
 351  0.00070324  2.8043e-06      870  871  870     1    30      0  5.7e-13    3e-15
 352  0.00070604  2.8043e-06      872  873  872     1    30      0  7.3e-13  7.5e-16
 353  0.00070885  2.8043e-06      874  875  874     1    30      0  7.8e-13  2.3e-15
 354  0.00071165  2.8043e-06      876  877  876     1    30      0  9.5e-13  1.4e-15
 355  0.00071446  2.8043e-06      878  879  878     1    30      0  5.4e-13  6.1e-15
 356  0.00071726  2.8043e-06      880  881  880     1    30      0  7.5e-13  1.3e-15
 357  0.00072007  2.8043e-06      882  883  882     1    30      0  1.1e-12  4.4e-15
 358  0.00072287  2.8043e-06      884  885  884     1    30      0    6e-13  5.4e-15
--         当前进度:  20 % - 矩阵分解
Memory: 2010/2035 2054/2127
 359  0.00072567  2.8043e-06      887  888  887     1    30      0  4.5e-13  9.2e-15
 360  0.00072788  2.2099e-06      889  890  889     1    30      0  8.1e-13  8.2e-16
 361  0.00073009  2.2099e-06      891  892  891     1    30      0  7.9e-13    2e-15
 362   0.0007323  2.2099e-06      893  894  893     1    30      0  4.6e-13  2.3e-15
 363  0.00073672  4.4197e-06      895  896  895     2    30      0  6.9e-13  7.1e-15
 364  0.00074114  4.4197e-06      897  898  897     1    30      0    7e-13  6.1e-15
--         当前进度:  21 % - 矩阵分解
Memory: 2009/2035 2053/2127
 365  0.00074512  3.9778e-06      899  900  899     1    30      0    1e-12  5.9e-15
 366   0.0007487    3.58e-06      903  904  903     1    30      0    8e-13    1e-14
 367  0.00075178  3.0823e-06      907  908  907     1    30      0  5.7e-13  2.8e-15
 368  0.00075445  2.6633e-06      909  910  909     1    30      0  8.1e-13  9.1e-16
 369  0.00075711  2.6633e-06      911  912  911     1    30      0  8.5e-13  1.4e-15
 370  0.00075977  2.6633e-06      913  914  913     1    30      0  6.4e-13  1.9e-15
 371  0.00076244  2.6633e-06      915  916  915     1    30      0  9.5e-13  9.3e-15
 372   0.0007651  2.6633e-06      917  918  917     1    30      0  6.1e-13  1.7e-15
 373  0.00076776  2.6633e-06      919  920  919     1    30      0  6.9e-13  9.1e-16
 374  0.00077043  2.6633e-06      921  922  921     1    30      0  4.4e-13    7e-15
 375  0.00077309  2.6633e-06      924  925  924     1    30      0  8.3e-13  1.5e-14
 376  0.00077519  2.1015e-06      926  927  926     1    30      0  7.3e-13  3.1e-15
 377  0.00077729  2.1015e-06      928  929  928     1    30      0  4.6e-12  4.9e-16
 378   0.0007794  2.1015e-06      930  931  930     1    30      0  7.7e-13    3e-15
 379   0.0007815  2.1015e-06      932  933  932     1    30      0  1.2e-12  2.8e-15
 380  0.00078524  3.7417e-06      938  939  938     1    31      0  6.3e-13  1.7e-15
--         当前进度:  21 % - 
Memory: 2011/2035 2054/2127
 381  0.00078898  3.7417e-06      940  941  940     1    31      0  7.4e-13  6.5e-15
 382  0.00079272  3.7417e-06      942  943  942     1    31      0  7.2e-13  8.7e-16
 383  0.00079646  3.7417e-06      944  945  944     1    31      0  7.9e-13    7e-15
--         当前进度:  22 % - 矩阵分解
 384  0.00079856  2.0984e-06      950  951  950     1    32      0  5.4e-13    1e-14
   -      0.0008           - out
 385  0.00080066  2.0984e-06      954  955  954     1    32      0  6.7e-13  4.9e-15
 386  0.00080255  1.8886e-06      956  957  956     1    32      0    8e-13  6.3e-16
 387  0.00080444  1.8886e-06      958  959  958     1    32      0  7.6e-13  9.3e-16
 388  0.00080633  1.8886e-06      960  961  960     1    32      0  8.1e-13  1.3e-15
 389   0.0008101  3.7772e-06      962  963  962     1    32      0  4.6e-13  1.4e-15
 390  0.00081388  3.7772e-06      964  965  964     1    32      0  7.7e-13  6.7e-15
 391  0.00081766  3.7772e-06      966  967  966     1    32      0  6.3e-13    9e-16
 392  0.00082143  3.7772e-06      968  969  968     1    32      0    5e-13  5.6e-15
 393  0.00082354  2.1002e-06      976  977  976     1    33      0  9.7e-13  1.1e-14
 394  0.00082564  2.1002e-06      978  979  978     1    33      0  4.6e-13  4.9e-15
 395  0.00082774  2.1002e-06      980  981  980     1    33      0  6.3e-13  2.6e-15
 396  0.00083194  4.2005e-06      982  983  982     2    33      0  8.1e-13  4.9e-15
 397   0.0008355  3.5639e-06      984  985  984     2    33      0  6.8e-13  3.8e-15
 398  0.00083906  3.5639e-06      986  987  986     2    33      0  1.1e-12  6.9e-15
 399  0.00084263  3.5639e-06      988  989  988     2    33      0  7.4e-13  8.1e-15
 400  0.00084619  3.5639e-06      990  991  990     2    33      0    1e-12  1.7e-14
 401   0.0008494  3.2075e-06      994  995  994     2    33      0    9e-13  6.1e-15
 402  0.00085206  2.6561e-06      996  997  996     2    33      0  9.6e-13  4.2e-16
 403  0.00085471  2.6561e-06      998  999  998     2    33      0  8.3e-13  7.8e-15
--         当前进度:  23 % - 正在组装残差
Memory: 2010/2035 2054/2127
 404  0.00085737  2.6561e-06     1000 1001 1000     2    33      0  7.7e-13  3.4e-15
 405  0.00086002  2.6561e-06     1002 1003 1002     2    33      0  9.5e-13  1.5e-15
 406  0.00086268  2.6561e-06     1004 1005 1004     2    33      0  1.3e-12  1.6e-14
 407  0.00086507  2.3905e-06     1006 1007 1006     2    33      0    1e-12  9.9e-15
 408  0.00086746  2.3905e-06     1008 1009 1008     2    33      0  1.2e-12  8.6e-15
 409  0.00086985  2.3905e-06     1010 1011 1010     2    33      0  1.1e-12  1.1e-14
 410  0.00087224  2.3905e-06     1012 1013 1012     2    33      0  7.6e-13  1.2e-14
--         当前进度:  23 % - 矩阵分解
Memory: 2003/2035 2052/2127
 411  0.00087415  1.9113e-06     1020 1021 1020     1    34      0  9.5e-13  9.2e-15
 412  0.00087587  1.7201e-06     1022 1023 1022     1    34      0  1.1e-12  2.2e-15
 413  0.00087759  1.7201e-06     1024 1025 1024     1    34      0  1.1e-12  5.8e-16
 414  0.00087931  1.7201e-06     1026 1027 1026     1    34      0  8.3e-13  4.2e-15
 415  0.00088103  1.7201e-06     1028 1029 1028     1    34      0  1.1e-12  5.4e-15
 416  0.00088447  3.4403e-06     1030 1031 1030     2    34      0    8e-13  3.1e-15
 417  0.00088791  3.4403e-06     1032 1033 1032     1    34      0  7.4e-13  5.6e-15
 418  0.00089135  3.4403e-06     1034 1035 1034     1    34      0  1.2e-12  4.8e-15
--         当前进度:  23 % - 组装矩阵
Memory: 1988/2035 2054/2127
 419  0.00089479  3.4403e-06     1036 1037 1036     1    34      0  9.2e-13  9.2e-16
 420  0.00089823  3.4403e-06     1038 1039 1038     1    34      0  7.1e-13  1.3e-14
   -      0.0009           - out
 421  0.00090108  2.8428e-06     1042 1043 1042     1    34      0    1e-12  1.1e-14
--         当前进度:  24 % - 矩阵分解
Memory: 1986/2035 2052/2127
 422  0.00090323  2.1504e-06     1046 1047 1046     1    34      0  1.1e-12  5.8e-15
 423  0.00090538  2.1504e-06     1048 1049 1048     1    34      0    1e-12    2e-15
 424  0.00090753  2.1504e-06     1050 1051 1050     1    34      0  8.4e-13  5.8e-16
 425  0.00091183  4.3008e-06     1052 1053 1052     2    34      0  8.7e-13  1.6e-15
 426   0.0009157  3.8707e-06     1054 1055 1054     1    34      0  6.1e-13  6.5e-15
 427  0.00091957  3.8707e-06     1056 1057 1056     1    34      0  6.1e-13  1.8e-15
 428  0.00092344  3.8707e-06     1058 1059 1058     1    34      0    1e-12  8.9e-15
 429  0.00092663  3.1932e-06     1062 1063 1062     1    34      0  9.5e-13  2.7e-15
 430  0.00092894  2.3098e-06     1064 1065 1064     1    34      0  8.7e-13  4.5e-15
 431  0.00093125  2.3098e-06     1066 1067 1066     1    34      0  8.8e-13  1.9e-15
 432  0.00093356  2.3098e-06     1068 1069 1068     1    34      0  7.5e-13  1.8e-15
 433  0.00093587  2.3098e-06     1070 1071 1070     1    34      0  8.8e-13  5.5e-15
 434  0.00093818  2.3098e-06     1072 1073 1072     1    34      0  5.1e-13  1.6e-14
 435  0.00094049  2.3098e-06     1074 1075 1074     1    34      0    1e-12  5.2e-15
 436   0.0009428  2.3098e-06     1076 1077 1076     1    34      0  5.1e-13  7.2e-16
 437  0.00094742  4.6196e-06     1078 1079 1078     1    34      0  8.6e-13  5.1e-15
 438  0.00095114  3.7127e-06     1082 1083 1082     1    34      0  8.8e-13  1.5e-15
 439  0.00095448  3.3415e-06     1085 1086 1085     1    34      0  8.1e-13  8.6e-15
 440  0.00095715  2.6725e-06     1087 1088 1087     1    34      0  1.1e-12    6e-16
 441  0.00095982  2.6725e-06     1089 1090 1089     1    34      0  9.8e-13  1.5e-15
 442  0.00096249  2.6725e-06     1091 1092 1091     1    34      0  1.4e-12  6.6e-15
--         当前进度:  25 % - 矩阵分解
Memory: 1913/2035 2055/2127
 443  0.00096517  2.6725e-06     1093 1094 1093     1    34      0  1.1e-12  1.7e-14
 444  0.00096784  2.6725e-06     1095 1096 1095     1    34      0  1.9e-12  3.7e-15
 445  0.00097051  2.6725e-06     1097 1098 1097     1    34      0  7.8e-13  7.5e-16
 446  0.00097586  5.3449e-06     1099 1100 1099     1    34      0  8.6e-13  3.4e-15
 447  0.00097821  2.3486e-06     1107 1108 1107     1    35      0    1e-12  1.2e-15
 448  0.00098055  2.3486e-06     1109 1110 1109     1    35      0  7.9e-13  3.1e-15
 449   0.0009829  2.3486e-06     1111 1112 1111     1    35      0  1.4e-12  3.3e-16
 450   0.0009876  4.6972e-06     1113 1114 1113     2    35      0  1.1e-12  9.3e-16
 451  0.00099183  4.2275e-06     1117 1118 1117     2    35      0  1.2e-12  1.2e-14
 452  0.00099605  4.2275e-06     1119 1120 1119     1    35      0  1.4e-12  5.6e-15
   -       0.001           - out
 453   0.0010003  4.2275e-06     1121 1122 1121     1    35      0  1.2e-12    6e-15
 454   0.0010041  3.8048e-06     1125 1126 1125     1    35      0  8.7e-13    8e-15
 455   0.0010064  2.2887e-06     1133 1134 1133     1    36      0  1.2e-12  5.6e-15
 456   0.0010087  2.2887e-06     1135 1136 1135     1    36      0  8.2e-13  2.8e-15
 457    0.001011  2.2887e-06     1137 1138 1137     1    36      0  7.1e-13  8.3e-16
--         当前进度:  26 % - 矩阵分解
Memory: 1782/2035 2053/2127
 458   0.0010142  3.2277e-06     1143 1144 1143     2    37      0  8.5e-13  1.4e-15
 459   0.0010174  3.2277e-06     1145 1146 1145     2    37      0  7.9e-13  3.7e-15
 460   0.0010206  3.2277e-06     1147 1148 1147     2    37      0  1.5e-12  7.9e-15
 461   0.0010239  3.2277e-06     1149 1150 1149     2    37      0  1.2e-12  9.9e-15
 462   0.0010271  3.2277e-06     1151 1152 1151     1    37      0  9.3e-13  7.2e-15
 463   0.0010297  2.5799e-06     1153 1154 1153     1    37      0  7.7e-13  7.1e-15
 464   0.0010323  2.5799e-06     1157 1158 1157     1    37      0  9.8e-13  4.6e-15
 465   0.0010342  1.9416e-06     1159 1160 1159     1    37      0  1.2e-12  2.3e-15
 466   0.0010361  1.9416e-06     1161 1162 1161     1    37      0  1.7e-12  5.7e-16
 467   0.0010381  1.9416e-06     1163 1164 1163     1    37      0  1.5e-12  3.7e-15
 468     0.00104  1.9416e-06     1165 1166 1165     2    37      0  1.5e-12  4.6e-15
--         当前进度:  26 % - 正在组装残差
Memory: 1595/2035 2055/2127
 469   0.0010434  3.3993e-06     1171 1172 1171     1    38      0  1.2e-12  3.8e-15
 470   0.0010468  3.3993e-06     1173 1174 1173     1    38      0    1e-12    1e-14
 471   0.0010502  3.3993e-06     1175 1176 1175     1    38      0  1.4e-12  1.3e-15
 472   0.0010536  3.3993e-06     1177 1178 1177     1    38      0    1e-12  7.1e-15
 473   0.0010567  3.0593e-06     1179 1180 1179     1    38      0  1.9e-12    2e-15
--         当前进度:  26 % - 矩阵分解
Memory: 1480/2035 2055/2127
 474   0.0010588  2.0835e-06     1187 1188 1187     1    39      0  1.4e-12  3.2e-15
 475   0.0010606  1.8752e-06     1189 1190 1189     1    39      0  1.2e-12  4.2e-15
 476   0.0010625  1.8752e-06     1191 1192 1191     1    39      0  9.4e-13  2.7e-15
 477   0.0010644  1.8752e-06     1193 1194 1193     1    39      0    1e-12  2.4e-15
 478   0.0010663  1.8752e-06     1195 1196 1195     1    39      0  1.2e-12  3.5e-15
 479     0.00107  3.7503e-06     1197 1198 1197     2    39      0  1.4e-12  7.6e-15
 480   0.0010738  3.7503e-06     1199 1200 1199     1    39      0  1.6e-12    1e-14
--         当前进度:  27 % - 组装矩阵
Memory: 1440/2035 2055/2127
 481   0.0010771  3.3753e-06     1201 1202 1201     1    39      0  1.7e-12    2e-15
 482   0.0010805  3.3753e-06     1203 1204 1203     1    39      0  1.1e-12    5e-15
 483   0.0010835  3.0378e-06     1205 1206 1205     1    39      0  1.3e-12  7.2e-16
 484   0.0010857  2.1041e-06     1213 1214 1213     1    40      0  1.8e-12  1.8e-14
 485   0.0010875  1.8936e-06     1215 1216 1215     1    40      0    1e-12  4.3e-15
 486   0.0010894  1.8936e-06     1217 1218 1217     1    40      0  1.5e-12  2.1e-15
 487   0.0010913  1.8936e-06     1219 1220 1219     1    40      0  9.3e-13  2.6e-15
 488   0.0010932  1.8936e-06     1221 1222 1221     1    40      0  8.9e-13  4.2e-15
--         当前进度:  27 % - 正在组装残差
Memory: 1353/2035 2055/2127
 489    0.001097  3.7873e-06     1223 1224 1223     2    40      0  1.4e-12  7.6e-15
   -      0.0011           - out
 490   0.0011008  3.7873e-06     1225 1226 1225     1    40      0  1.5e-12  1.2e-14
 491   0.0011046  3.7873e-06     1227 1228 1227     1    40      0  1.1e-12  1.8e-15
 492   0.0011084  3.7873e-06     1229 1230 1229     1    40      0    1e-12  1.3e-14
--         当前进度:  27 % - 矩阵分解
Memory: 1293/2035 2053/2127
 493   0.0011113  2.9082e-06     1232 1233 1232     1    40      0  1.4e-12  1.3e-14
 494   0.0011142  2.9082e-06     1236 1237 1236     1    40      0  1.3e-12  5.4e-15
 495   0.0011164  2.2478e-06     1238 1239 1238     1    40      0  1.3e-12  2.8e-15
 496   0.0011187  2.2478e-06     1240 1241 1240     1    40      0  1.7e-12  4.6e-16
--         当前进度:  28 % - 
Memory: 1236/2035 2055/2127
 497   0.0011209  2.2478e-06     1242 1243 1242     1    40      0  1.5e-12  2.7e-15
 498   0.0011232  2.2478e-06     1247 1248 1247     2    40      0  1.1e-12  1.6e-14
 499   0.0011254  2.2478e-06     1249 1250 1249     2    40      0  1.7e-12  2.2e-14
 500   0.0011277  2.2478e-06     1251 1252 1251     1    40      0  1.4e-12  4.7e-15
 501   0.0011299  2.2478e-06     1253 1254 1253     1    40      0  1.4e-12  1.4e-15
 502   0.0011344  4.4956e-06     1255 1256 1255     1    40      0  1.2e-12  1.7e-15
--         当前进度:  28 % - 求解线性方程组
 503   0.0011385   4.046e-06     1257 1258 1257     1    40      0    1e-12  2.4e-15
 504   0.0011406  2.1705e-06     1265 1266 1265     1    41      0  1.3e-12  5.6e-15
 505   0.0011426  1.9534e-06     1267 1268 1267     1    41      0  1.2e-12  1.1e-15
--         当前进度:  28 % - 正在组装残差
Memory: 1199/2035 2055/2127
 506   0.0011445  1.9534e-06     1269 1270 1269     1    41      0  1.7e-12  1.5e-15
 507   0.0011465  1.9534e-06     1271 1272 1271     1    41      0  1.7e-12  4.9e-15
 508   0.0011504  3.9068e-06     1273 1274 1273     2    41      0  1.3e-12  2.1e-15
 509   0.0011543  3.9068e-06     1275 1276 1275     1    41      0  2.7e-12  4.7e-15
--         当前进度:  28 % - 组装矩阵
Memory: 1134/2035 2055/2127
 510   0.0011582  3.9068e-06     1277 1278 1277     1    41      0  1.3e-12  6.9e-15
 511   0.0011621  3.9068e-06     1279 1280 1279     1    41      0  6.1e-13    4e-16
 512    0.001166  3.9068e-06     1281 1282 1281     1    41      0  1.6e-12    1e-14
--         当前进度:  28 % - 正在组装残差
Memory: 1095/2035 2055/2127
 513   0.0011679  1.8748e-06     1289 1290 1289     1    42      0  1.2e-12  4.1e-15
 514   0.0011698  1.8748e-06     1293 1294 1293     1    42      0  1.6e-12  7.6e-15
 515   0.0011717  1.8748e-06     1295 1296 1295     1    42      0  1.8e-12  2.6e-15
 516   0.0011735  1.8748e-06     1297 1298 1297     1    42      0  2.1e-12  7.1e-16
--         当前进度:  29 % - 矩阵分解
Memory: 1087/2035 2051/2127
 517   0.0011773  3.7495e-06     1299 1300 1299     2    42      0  9.7e-13  2.8e-15
 518    0.001181  3.7495e-06     1301 1302 1301     1    42      0  2.2e-12  2.3e-15
 519   0.0011848  3.7495e-06     1303 1304 1303     1    42      0  1.7e-12  1.1e-14
 520   0.0011885  3.7495e-06     1305 1306 1305     1    42      0  1.3e-12  1.1e-15
 521   0.0011923  3.7495e-06     1307 1308 1307     1    42      0  1.7e-12  1.4e-14
 522    0.001195  2.7276e-06     1311 1312 1311     1    42      0  4.8e-13  1.2e-15
--         当前进度:  29 % - 组装矩阵
Memory: 1079/2035 2055/2127
 523   0.0011971  2.1328e-06     1315 1316 1315     1    42      0  9.9e-13    8e-15
 524   0.0011993  2.1328e-06     1317 1318 1317     1    42      0  1.3e-12  2.9e-15
   -      0.0012           - out
 525   0.0012014  2.1328e-06     1319 1320 1319     1    42      0    2e-12  8.3e-16
 526   0.0012057  4.2656e-06     1321 1322 1321     2    42      0  1.1e-12  3.6e-15
 527   0.0012099  4.2656e-06     1325 1326 1325     2    42      0  1.6e-12    4e-15
 528   0.0012142  4.2656e-06     1327 1328 1327     1    42      0    1e-12  6.7e-15
 529   0.0012185  4.2656e-06     1329 1330 1329     1    42      0  8.7e-13  8.3e-15
 530    0.001222  3.5589e-06     1333 1334 1333     1    42      0  1.3e-12  3.1e-14
---        当前进度:  30 % - 矩阵分解
Memory: 985/2035 2051/2127
 531   0.0012243  2.2358e-06     1341 1342 1341     1    43      0  1.2e-12  7.2e-15
 532   0.0012265  2.2358e-06     1343 1344 1343     1    43      0  1.7e-12  3.8e-15
 533   0.0012287  2.2358e-06     1345 1346 1345     1    43      0  1.2e-12  7.9e-16
 534   0.0012332  4.4716e-06     1347 1348 1347     2    43      0  2.2e-12  4.3e-16
---        当前进度:  30 % - 组装矩阵
Memory: 980/2035 2055/2127
 535   0.0012372  4.0244e-06     1351 1352 1351     2    43      0  1.7e-12  5.3e-15
 536   0.0012413  4.0244e-06     1353 1354 1353     1    43      0  1.7e-12  8.7e-15
 537   0.0012453  4.0244e-06     1355 1356 1355     1    43      0  1.3e-12  2.4e-15
 538   0.0012493  4.0244e-06     1357 1358 1357     1    43      0  1.5e-12  1.1e-14
---        当前进度:  30 % - 矩阵分解
Memory: 978/2035 2053/2127
 539   0.0012512   1.865e-06     1365 1366 1365     1    44      0  1.5e-12  1.1e-14
 540    0.001253   1.865e-06     1369 1370 1369     1    44      0  1.8e-12  7.8e-15
 541   0.0012549   1.865e-06     1371 1372 1371     1    44      0  1.7e-12  2.6e-15
 542   0.0012568   1.865e-06     1373 1374 1373     1    44      0  2.1e-12  5.8e-16
 543   0.0012605    3.73e-06     1375 1376 1375     2    44      0  2.8e-12  2.8e-15
 544   0.0012642    3.73e-06     1379 1380 1379     2    44      0  1.4e-12  6.1e-15
 545    0.001268    3.73e-06     1381 1382 1381     1    44      0  2.4e-12  8.1e-15
 546   0.0012717    3.73e-06     1383 1384 1383     1    44      0  1.6e-12  2.5e-15
---        当前进度:  30 % - 正在组装残差
Memory: 980/2035 2055/2127
 547   0.0012754    3.73e-06     1385 1386 1385     1    44      0    2e-12  1.3e-14
 548   0.0012782  2.8125e-06     1389 1390 1389     1    44      0  1.6e-12  2.4e-15
 549    0.001281  2.8125e-06     1393 1394 1393     1    44      0  2.6e-12  7.2e-15
---        当前进度:  31 % - 矩阵分解
Memory: 978/2035 2053/2127
 550   0.0012831  2.0123e-06     1395 1396 1395     1    44      0  2.7e-12  5.3e-15
 551   0.0012851  2.0123e-06     1397 1398 1397     1    44      0  1.5e-12  2.6e-15
 552   0.0012871  2.0123e-06     1399 1400 1399     1    44      0  1.8e-12  2.3e-15
 553   0.0012891  2.0123e-06     1401 1402 1401     1    44      0  1.5e-12  4.8e-15
 554   0.0012931  4.0247e-06     1405 1406 1405     2    44      0  1.8e-12  4.9e-15
 555   0.0012971  4.0247e-06     1407 1408 1407     1    44      0  1.8e-12  7.4e-15
---        当前进度:  31 % - 求解线性方程组
Memory: 948/2035 2055/2127
   -      0.0013           - out
 556   0.0013012  4.0247e-06     1409 1410 1409     1    44      0  1.3e-12  1.9e-15
 557   0.0013037  2.4927e-06     1413 1414 1413     1    45      0  1.3e-12  1.5e-14
 558   0.0013059  2.2434e-06     1415 1416 1415     1    45      0  1.6e-12  7.2e-15
 559   0.0013081  2.2434e-06     1419 1420 1419     1    45      0  1.9e-12  2.5e-14
 560   0.0013098  1.6404e-06     1423 1424 1423     1    45      0  1.1e-12  7.4e-15
---        当前进度:  31 % - 矩阵分解
 561   0.0013114  1.6404e-06     1425 1426 1425     1    45      0  2.1e-12  1.9e-15
 562   0.0013131  1.6404e-06     1427 1428 1427     1    45      0  1.2e-12  1.3e-15
 563   0.0013163  3.2808e-06     1429 1430 1429     2    45      0  1.5e-12  5.4e-15
 564   0.0013196  3.2808e-06     1431 1432 1431     2    45      0  7.7e-13  1.9e-15
---        当前进度:  31 % - 组装矩阵
 565   0.0013229  3.2808e-06     1433 1434 1433     2    45      0  2.6e-12  1.2e-14
 566   0.0013262  3.2808e-06     1435 1436 1435     2    45      0  1.4e-12  8.2e-15
 567   0.0013295  3.2808e-06     1437 1438 1437     2    45      0  1.7e-12  1.3e-14
 568   0.0013327  3.2808e-06     1439 1440 1439     2    45      0  1.6e-12  2.1e-14
---        当前进度:  32 % - 矩阵分解
Memory: 946/2035 2053/2127
 569    0.001336  3.2808e-06     1441 1442 1441     2    45      0  1.6e-12  1.9e-14
 570   0.0013378  1.7273e-06     1449 1450 1449     1    46      0    2e-12  3.4e-14
 571   0.0013393  1.5546e-06     1451 1452 1451     1    46      0  1.4e-12  3.2e-15
 572   0.0013409  1.5546e-06     1453 1454 1453     1    46      0  1.2e-12  2.7e-15
 573   0.0013424  1.5546e-06     1455 1456 1455     1    46      0  1.7e-12  3.3e-15
 574    0.001344  1.5546e-06     1457 1458 1457     1    46      0  1.2e-12  6.2e-15
---        当前进度:  32 % - 
Memory: 948/2035 2055/2127
 575   0.0013471  3.1092e-06     1459 1460 1459     2    46      0  1.6e-12  1.6e-14
 576   0.0013502  3.1092e-06     1461 1462 1461     1    46      0  1.4e-12  2.5e-15
 577   0.0013533  3.1092e-06     1463 1464 1463     1    46      0  2.4e-12  1.4e-14
 578   0.0013564  3.1092e-06     1465 1466 1465     1    46      0  3.3e-12  1.5e-15
 579   0.0013595  3.1092e-06     1467 1468 1467     1    46      0  1.6e-12  9.4e-16
 580   0.0013626  3.1092e-06     1469 1470 1469     1    46      0  2.4e-12  2.1e-14
 581   0.0013649  2.2768e-06     1473 1474 1473     1    46      0  6.6e-13  8.1e-16
 582   0.0013668  1.9195e-06     1477 1478 1477     1    46      0  1.2e-12  1.1e-14
---        当前进度:  32 % - 求解线性方程组
 583   0.0013687  1.9195e-06     1479 1480 1479     1    46      0  2.7e-12  5.1e-15
 584   0.0013707  1.9195e-06     1481 1482 1481     1    46      0  2.1e-12  2.4e-15
 585   0.0013745   3.839e-06     1483 1484 1483     2    46      0  2.4e-12  1.7e-15
 586    0.001378  3.4551e-06     1485 1486 1485     2    46      0    2e-12  7.7e-15
 587   0.0013804  2.3999e-06     1490 1491 1490     2    47      0  1.6e-12  2.8e-14
---        当前进度:  32 % - 矩阵分解
Memory: 947/2035 2053/2127
 588   0.0013828  2.3999e-06     1492 1493 1492     2    47      0  2.3e-12  5.4e-15
 589   0.0013871  4.3198e-06     1496 1497 1496     1    48      0  2.4e-12  2.7e-15
---        当前进度:  33 % - 矩阵分解
 590   0.0013897  2.6489e-06     1500 1501 1500     1    49      0  2.5e-12  1.6e-14
 591   0.0013921   2.384e-06     1502 1503 1502     1    49      0  1.7e-12  1.5e-14
 592   0.0013945   2.384e-06     1506 1507 1506     1    49      0  1.8e-12  1.3e-14
 593   0.0013962  1.7474e-06     1508 1509 1508     1    49      0  2.1e-12    3e-15
 594    0.001398  1.7474e-06     1510 1511 1510     1    49      0  2.3e-12  9.5e-16
 595   0.0013997  1.7474e-06     1512 1513 1512     1    49      0  2.5e-12  6.9e-15
---        当前进度:  33 % - 
Memory: 948/2035 2055/2127
   -      0.0014           - out
 596   0.0014015  1.7474e-06     1515 1516 1515     1    49      0  1.7e-12  1.8e-14
 597   0.0014046  3.1453e-06     1520 1521 1520     1    50      0  1.8e-12  7.8e-16
 598   0.0014078  3.1453e-06     1522 1523 1522     1    50      0  1.2e-12  2.8e-15
---        当前进度:  33 % - 矩阵分解
Memory: 948/2035 2054/2127
 599   0.0014109  3.1453e-06     1524 1525 1524     1    50      0  2.3e-12  1.3e-14
 600   0.0014141  3.1453e-06     1526 1527 1526     1    50      0  2.4e-12  1.5e-15
 601   0.0014172  3.1453e-06     1528 1529 1528     1    50      0  1.4e-12  6.1e-16
 602   0.0014204  3.1453e-06     1530 1531 1530     1    50      0  2.8e-12  2.3e-14
 603   0.0014226  2.2736e-06     1532 1533 1532     1    50      0  2.3e-12  1.7e-14
---        当前进度:  33 % - 
Memory: 948/2035 2055/2127
 604   0.0014249  2.2736e-06     1536 1537 1536     1    50      0  1.8e-12    1e-14
 605   0.0014266   1.665e-06     1538 1539 1538     1    50      0  1.5e-12  4.9e-15
 606   0.0014282   1.665e-06     1540 1541 1540     1    50      0  2.1e-12  3.4e-15
 607   0.0014299   1.665e-06     1542 1543 1542     1    50      0  3.5e-12  2.8e-15
 608   0.0014316   1.665e-06     1544 1545 1544     1    50      0  3.1e-12  5.5e-15
 609   0.0014349  3.3299e-06     1546 1547 1546     2    50      0  2.3e-12  5.8e-15
 610   0.0014382  3.3299e-06     1548 1549 1548     1    50      0  1.9e-12  3.7e-15
 611   0.0014416  3.3299e-06     1550 1551 1550     1    50      0  3.1e-12  9.3e-15
---        当前进度:  34 % - 组装稀疏模式
 612   0.0014449  3.3299e-06     1552 1553 1552     1    50      0  2.8e-12  6.7e-16
 613   0.0014482  3.3299e-06     1554 1555 1554     1    50      0    2e-12    7e-15
 614   0.0014512  2.9969e-06     1556 1557 1556     1    50      0  1.9e-12  6.3e-15
 615   0.0014528  1.5906e-06     1564 1565 1564     1    51      0  2.7e-12  9.8e-15
---        当前进度:  34 % - 组装矩阵
 616   0.0014544  1.5906e-06     1569 1570 1569     1    51      0  1.8e-12  9.5e-15
 617    0.001456  1.5906e-06     1571 1572 1571     1    51      0  1.6e-12  4.5e-15
 618   0.0014576  1.5906e-06     1573 1574 1573     1    51      0  1.8e-12  1.9e-15
 619   0.0014608  3.1811e-06     1575 1576 1575     2    51      0  1.9e-12  7.4e-16
---        当前进度:  34 % - 矩阵分解
Memory: 945/2035 2051/2127
 620   0.0014639  3.1811e-06     1577 1578 1577     2    51      0  1.7e-12    4e-15
 621   0.0014671  3.1811e-06     1579 1580 1579     2    51      0  2.7e-12    2e-15
 622   0.0014693  2.1695e-06     1584 1585 1584     2    52      0  1.5e-12    3e-14
 623   0.0014715  2.1695e-06     1586 1587 1586     2    52      0  2.2e-12  2.1e-14
 624   0.0014736  2.1695e-06     1588 1589 1588     1    52      0  1.6e-12  1.7e-15
---        当前进度:  34 % - 组装矩阵
Memory: 949/2035 2055/2127
 625   0.0014762   2.579e-06     1592 1593 1592     1    53      0  1.2e-12    5e-15
 626   0.0014814   5.158e-06     1594 1595 1594     1    53      0  2.1e-12  5.4e-16
---        当前进度:  34 % - 矩阵分解
Memory: 948/2035 2055/2127
 627   0.0014835  2.1516e-06     1602 1603 1602     1    54      0  1.5e-12  6.2e-15
 628   0.0014854  1.9364e-06     1604 1605 1604     1    54      0  1.9e-12  1.4e-15
 629   0.0014874  1.9364e-06     1606 1607 1606     1    54      0  2.1e-12  2.8e-15
---        当前进度:  34 % - 求解线性方程组
Memory: 949/2035 2055/2127
 630   0.0014893  1.9364e-06     1608 1609 1608     1    54      0  2.8e-12  7.3e-15
 631   0.0014932  3.8728e-06     1611 1612 1611     2    54      0  1.9e-12    2e-14
 632   0.0014971  3.8728e-06     1613 1614 1613     1    54      0  2.1e-12  1.6e-15
   -      0.0015           - out
 633   0.0015009  3.8728e-06     1615 1616 1615     1    54      0  3.4e-12  1.2e-14
---        当前进度:  35 % - 矩阵分解
Memory: 947/2035 2053/2127
 634   0.0015048  3.8728e-06     1617 1618 1617     1    54      0  1.6e-12    1e-15
 635   0.0015071  2.2653e-06     1621 1622 1621     1    55      0  2.6e-12  6.9e-15
---        当前进度:  35 % - 
Memory: 949/2035 2055/2127
 636   0.0015093  2.2653e-06     1623 1624 1623     1    55      0  2.6e-12    7e-15
 637   0.0015116  2.2653e-06     1625 1626 1625     1    55      0  2.6e-12  2.3e-14
 638   0.0015133  1.7229e-06     1629 1630 1629     1    55      0  1.6e-12  9.3e-15
 639   0.0015149  1.5506e-06     1631 1632 1631     1    55      0    2e-12  1.2e-15
 640   0.0015164  1.5506e-06     1633 1634 1633     1    55      0  2.7e-12  6.9e-16
 641    0.001518  1.5506e-06     1635 1636 1635     1    55      0    2e-12  5.4e-15
 642   0.0015211  3.1013e-06     1638 1639 1638     2    55      0  2.3e-12  2.2e-14
---        当前进度:  35 % - 正在组装残差
 643   0.0015242  3.1013e-06     1640 1641 1640     1    55      0  1.6e-12  2.8e-15
 644   0.0015273  3.1013e-06     1642 1643 1642     1    55      0  2.9e-12  9.4e-15
 645   0.0015304  3.1013e-06     1644 1645 1644     1    55      0    3e-12  4.1e-15
---        当前进度:  35 % - 矩阵分解
Memory: 946/2035 2051/2127
 646   0.0015335  3.1013e-06     1646 1647 1646     1    55      0  1.5e-12    4e-16
 647   0.0015366  3.1013e-06     1648 1649 1648     1    55      0  1.8e-12    5e-16
 648   0.0015397  3.1013e-06     1650 1651 1650     2    55      0  3.2e-12  2.2e-14
---        当前进度:  35 % - 组装矩阵
Memory: 949/2035 2055/2127
 649   0.0015416  1.8688e-06     1658 1659 1658     2    56      0    2e-12    1e-14
 650   0.0015434  1.8688e-06     1660 1661 1660     2    56      0  3.3e-12  4.3e-15
 651   0.0015453  1.8688e-06     1662 1663 1662     2    56      0  2.4e-12  1.3e-15
 652   0.0015472  1.8688e-06     1664 1665 1664     2    56      0  2.6e-12  2.3e-14
---        当前进度:  36 % - 矩阵分解
 653    0.001549  1.8688e-06     1666 1667 1666     2    56      0  2.2e-12    8e-16
 654   0.0015509  1.8688e-06     1668 1669 1668     2    56      0  2.1e-12  1.2e-14
 655   0.0015528  1.8688e-06     1670 1671 1670     2    56      0  2.7e-12  1.1e-14
 656   0.0015546  1.8688e-06     1672 1673 1672     2    56      0  1.7e-12  4.4e-15
 657   0.0015565  1.8688e-06     1674 1675 1674     2    56      0  2.5e-12  8.2e-15
 658   0.0015584  1.8688e-06     1678 1679 1678     2    56      0  3.3e-12  6.2e-15
 659   0.0015602  1.8688e-06     1680 1681 1680     1    56      0    2e-12  1.6e-15
 660    0.001564  3.7376e-06     1682 1683 1682     1    56      0  1.9e-12  4.5e-15
 661   0.0015663  2.3063e-06     1686 1687 1686     1    57      0  2.1e-12  3.7e-15
 662   0.0015686  2.3063e-06     1688 1689 1688     1    57      0  1.5e-12  2.3e-14
 663   0.0015706  2.0409e-06     1692 1693 1692     1    57      0  2.5e-12  4.2e-15
---        当前进度:  36 % - 正在组装残差
 664   0.0015721  1.4791e-06     1696 1697 1696     1    57      0  2.7e-12  1.1e-14
 665   0.0015736  1.4791e-06     1698 1699 1698     1    57      0  2.8e-12  4.2e-15
 666   0.0015766  2.9583e-06     1700 1701 1700     1    57      0  2.8e-12  9.9e-16
 667   0.0015792  2.6625e-06     1702 1703 1702     1    57      0  1.7e-12  6.5e-15
---        当前进度:  36 % - 矩阵分解
Memory: 948/2035 2053/2127
 668   0.0015819  2.6625e-06     1704 1705 1704     1    57      0  3.3e-12  6.5e-15
 669   0.0015845  2.6625e-06     1706 1707 1706     1    57      0  3.3e-12  8.7e-15
 670   0.0015872  2.6625e-06     1708 1709 1708     1    57      0  2.9e-12  2.8e-14
 671   0.0015896  2.3962e-06     1710 1711 1710     1    57      0  2.5e-12    2e-15
 672   0.0015944  4.7924e-06     1712 1713 1712     1    57      0  1.9e-12  2.8e-15
 673   0.0015971   2.674e-06     1716 1717 1716     1    58      0  2.1e-12  1.5e-14
---        当前进度:  37 % - 
Memory: 949/2035 2055/2127
 674   0.0015995  2.4066e-06     1718 1719 1718     1    58      0  1.6e-12  9.7e-15
   -      0.0016           - out
 675   0.0016009  1.4458e-06     1726 1727 1726     1    59      0  2.6e-12  2.7e-14
 676   0.0016022  1.3012e-06     1730 1731 1730     1    59      0  3.1e-12  8.7e-15
 677   0.0016048  2.6024e-06     1732 1733 1732     1    59      0  1.5e-12  2.1e-15
 678   0.0016074  2.6024e-06     1734 1735 1734     1    59      0  2.3e-12  2.8e-15
---        当前进度:  37 % - 矩阵分解
Memory: 948/2035 2054/2127
 679     0.00161  2.6024e-06     1736 1737 1736     1    59      0  3.2e-12  7.3e-15
 680   0.0016126  2.6024e-06     1739 1740 1739     2    59      0  3.1e-12  1.7e-14
 681   0.0016152  2.6024e-06     1741 1742 1741     2    59      0  2.8e-12  2.6e-14
 682   0.0016178  2.6024e-06     1743 1744 1743     2    59      0    3e-12  4.4e-14
 683   0.0016201  2.2436e-06     1745 1746 1745     2    59      0  2.6e-12  1.5e-14
 684   0.0016223  2.2436e-06     1747 1748 1747     2    59      0  1.3e-12    2e-14
 685   0.0016268  4.4872e-06     1749 1750 1749     1    59      0  2.6e-12  3.5e-15
---        当前进度:  37 % - 正在组装残差
Memory: 949/2035 2055/2127
 686   0.0016301  3.2499e-06     1754 1755 1754     1    59      0  3.3e-12  1.6e-14
 687   0.0016321  1.9889e-06     1762 1763 1762     1    60      0  2.2e-12    1e-14
 688    0.001634  1.9889e-06     1764 1765 1764     1    60      0    3e-12  4.1e-15
 689    0.001636  1.9889e-06     1766 1767 1766     1    60      0  2.6e-12  1.4e-15
---        当前进度:  37 % - 矩阵分解
Memory: 948/2035 2055/2127
 690     0.00164  3.9777e-06     1768 1769 1768     2    60      0  3.8e-12  9.5e-15
 691   0.0016436  3.5799e-06     1770 1771 1770     2    60      0  1.9e-12  1.2e-14
 692   0.0016472  3.5799e-06     1772 1773 1772     2    60      0  2.7e-12  7.6e-15
 693   0.0016495  2.2945e-06     1777 1778 1777     2    61      0  2.3e-12  4.1e-14
 694   0.0016518  2.2945e-06     1779 1780 1779     2    61      0  3.3e-12  7.2e-15
 695    0.001654  2.2945e-06     1781 1782 1781     2    61      0  2.3e-12  1.9e-14
 696   0.0016563  2.2395e-06     1785 1786 1785     1    62      0  3.9e-12  5.6e-15
 697   0.0016585  2.2395e-06     1787 1788 1787     1    62      0  2.9e-12  2.8e-14
---        当前进度:  38 % - 组装矩阵
Memory: 949/2035 2055/2127
 698   0.0016602  1.7065e-06     1789 1790 1789     1    62      0  1.4e-12  3.3e-14
 699   0.0016618  1.5358e-06     1793 1794 1793     1    62      0  2.9e-12  3.6e-14
 700   0.0016632  1.3823e-06     1795 1796 1795     1    62      0  3.8e-12  2.5e-15
 701   0.0016645  1.3823e-06     1797 1798 1797     1    62      0  2.2e-12  5.5e-16
 702   0.0016673  2.7645e-06     1799 1800 1799     1    62      0  3.5e-12  7.4e-15
 703   0.0016698  2.4881e-06     1803 1804 1803     1    62      0  4.6e-12  1.6e-14
 704   0.0016723  2.4881e-06     1805 1806 1805     1    62      0  3.7e-12  9.2e-15
 705   0.0016748  2.4881e-06     1807 1808 1807     1    62      0  2.1e-12  8.2e-16
 706   0.0016773  2.4881e-06     1809 1810 1809     1    62      0  2.2e-12  1.1e-14
 707   0.0016797  2.4881e-06     1811 1812 1811     1    62      0  2.9e-12  1.4e-14
 708   0.0016822  2.4881e-06     1813 1814 1813     1    62      0  3.4e-12  1.4e-15
 709   0.0016872  4.9761e-06     1815 1816 1815     1    62      0  1.6e-12  3.1e-15
 710   0.0016903  3.0573e-06     1819 1820 1819     1    63      0  1.6e-12  2.4e-14
 711   0.0016926  2.2976e-06     1822 1823 1822     1    63      0  4.6e-12    3e-14
 712   0.0016942    1.69e-06     1826 1827 1826     1    63      0  2.5e-12  1.1e-14
 713   0.0016959    1.69e-06     1828 1829 1828     1    63      0  4.2e-12  4.1e-15
 714   0.0016976    1.69e-06     1830 1831 1830     1    63      0  1.8e-12  7.8e-16
---        当前进度:  38 % - 正在组装残差
   -      0.0017           - out
 715    0.001701  3.3801e-06     1832 1833 1832     2    63      0    3e-12    5e-15
 716   0.0017044  3.3801e-06     1834 1835 1834     2    63      0  4.7e-12  1.1e-14
 717   0.0017078  3.3801e-06     1836 1837 1836     2    63      0    3e-12  4.1e-15
 718   0.0017099  2.1677e-06     1841 1842 1841     2    64      0  2.9e-12  4.1e-14
 719   0.0017121  2.1677e-06     1843 1844 1843     2    64      0  2.7e-12  1.7e-14
 720   0.0017143  2.1677e-06     1845 1846 1845     1    64      0  4.8e-12  1.7e-15
 721   0.0017164  2.1677e-06     1847 1848 1847     1    64      0  3.8e-12  5.4e-15
---        当前进度:  39 % - 组装矩阵
 722   0.0017188  2.3521e-06     1851 1852 1851     1    65      0  4.4e-12    2e-14
 723   0.0017207  1.9393e-06     1853 1854 1853     1    65      0  3.6e-12  1.3e-14
 724   0.0017227  1.9393e-06     1857 1858 1857     1    65      0  2.3e-12  3.2e-14
 725   0.0017241  1.4422e-06     1861 1862 1861     1    65      0  1.6e-12  7.4e-15
 726    0.001727  2.8843e-06     1863 1864 1863     1    65      0  3.5e-12  8.8e-16
 727   0.0017296  2.5959e-06     1865 1866 1865     1    65      0  3.9e-12  7.4e-15
 728   0.0017322  2.5959e-06     1868 1869 1868     1    65      0  4.4e-12  2.2e-14
---        当前进度:  39 % - 求解线性方程组
 729   0.0017348  2.5959e-06     1870 1871 1870     1    65      0  3.5e-12  4.3e-15
 730   0.0017374  2.5959e-06     1872 1873 1872     1    65      0  3.5e-12  9.4e-15
 731     0.00174  2.5959e-06     1874 1875 1874     1    65      0  2.6e-12  3.6e-14
 732   0.0017423  2.3363e-06     1876 1877 1876     1    65      0  2.7e-12  1.5e-15
 733    0.001747  4.6726e-06     1878 1879 1878     1    65      0  3.3e-12  3.1e-15
 734   0.0017495  2.4715e-06     1882 1883 1882     1    66      0  1.6e-12  6.2e-15
 735   0.0017519  2.4715e-06     1884 1885 1884     1    66      0  3.1e-12  1.4e-14
---        当前进度:  39 % - 
 736   0.0017533   1.359e-06     1892 1893 1892     1    67      0  2.9e-12  1.6e-14
 737   0.0017546   1.359e-06     1896 1897 1896     1    67      0  2.7e-12  1.7e-14
 738    0.001756   1.359e-06     1898 1899 1898     1    67      0  2.4e-12  4.1e-15
 739   0.0017574   1.359e-06     1900 1901 1900     1    67      0  3.5e-12  3.6e-15
----       当前进度:  40 % - 矩阵分解
 740   0.0017601  2.7179e-06     1902 1903 1902     1    67      0  3.9e-12  4.6e-15
 741   0.0017625  2.4461e-06     1905 1906 1905     1    67      0  4.3e-12    2e-14
 742    0.001765  2.4461e-06     1907 1908 1907     1    67      0  3.6e-12  5.5e-15
 743   0.0017674  2.4461e-06     1909 1910 1909     1    67      0  4.5e-12    8e-15
 744   0.0017699  2.4461e-06     1911 1912 1911     1    67      0  2.7e-12  2.4e-14
 745   0.0017723  2.4461e-06     1913 1914 1913     1    67      0  1.9e-12  4.9e-15
 746   0.0017748  2.4461e-06     1915 1916 1915     1    67      0  2.4e-12  2.5e-15
 747   0.0017797  4.8922e-06     1917 1918 1917     1    67      0  4.8e-12  4.3e-15
 748   0.0017827   3.072e-06     1921 1922 1921     1    68      0    3e-12  2.5e-14
----       当前进度:  40 % - 组装矩阵
 749   0.0017842  1.4557e-06     1927 1928 1927     1    69      0  1.9e-12  3.4e-14
 750   0.0017856  1.4557e-06     1931 1932 1931     1    69      0  4.9e-12  1.8e-14
 751   0.0017869  1.3101e-06     1933 1934 1933     1    69      0  2.3e-12  4.7e-15
 752   0.0017883  1.3101e-06     1935 1936 1935     1    69      0  2.3e-12  3.4e-15
 753   0.0017909  2.6203e-06     1937 1938 1937     1    69      0  2.9e-12  4.6e-15
 754   0.0017932  2.3583e-06     1940 1941 1940     1    69      0  3.1e-12    2e-14
----       当前进度:  40 % - 矩阵分解
 755   0.0017956  2.3583e-06     1942 1943 1942     1    69      0  4.8e-12    7e-15
   -      0.0018           - out
 756   0.0018003  4.7165e-06     1944 1945 1944     1    69      0    1e-12  7.8e-16
 757    0.001805  4.7165e-06     1946 1947 1946     1    69      0  2.1e-12  1.2e-14
 758   0.0018093  4.2449e-06     1948 1949 1948     1    69      0  3.4e-12  1.9e-15
 759   0.0018115   2.238e-06     1952 1953 1952     1    70      0  2.3e-12  5.8e-15
 760   0.0018137   2.238e-06     1954 1955 1954     1    70      0  3.3e-12  3.6e-14
 761   0.0018155  1.7168e-06     1956 1957 1956     1    70      0  2.8e-12  2.8e-14
 762    0.001817  1.5452e-06     1960 1961 1960     1    70      0  2.1e-12  9.9e-15
----       当前进度:  41 % - 正在组装残差
 763   0.0018183  1.3197e-06     1962 1963 1962     1    70      0    3e-12  6.9e-15
 764    0.001821  2.6394e-06     1964 1965 1964     1    70      0  2.2e-12  5.4e-15
 765   0.0018236  2.6394e-06     1966 1967 1966     1    70      0    5e-12  2.4e-15
 766   0.0018262  2.6394e-06     1968 1969 1968     1    70      0    4e-12  6.3e-15
 767   0.0018289  2.6394e-06     1970 1971 1970     2    70      0  4.4e-12  8.7e-15
 768   0.0018318  2.8686e-06     1976 1977 1976     1    71      0  3.3e-12  6.2e-15
 769   0.0018346  2.8686e-06     1978 1979 1978     1    71      0  4.8e-12  1.5e-14
 770   0.0018375  2.8686e-06     1980 1981 1980     1    71      0  1.8e-12  6.6e-16
 771   0.0018405   2.981e-06     1984 1985 1984     1    72      0  5.4e-12  1.8e-15
 772   0.0018435   2.981e-06     1986 1987 1986     1    72      0  5.1e-12  2.4e-14
 773   0.0018456  2.1729e-06     1988 1989 1988     1    72      0  3.3e-12  1.9e-14
 774    0.001847  1.3693e-06     1996 1997 1996     1    73      0  2.4e-12  3.3e-14
 775   0.0018482  1.2323e-06     1998 1999 1998     1    73      0  3.2e-12  6.5e-15
 776   0.0018507  2.4647e-06     2000 2001 2000     1    73      0  2.7e-12    5e-15
----       当前进度:  41 % - 
 777   0.0018532  2.4647e-06     2002 2003 2002     1    73      0  2.8e-12    4e-15
 778   0.0018556  2.4647e-06     2005 2006 2005     1    73      0  4.1e-12    2e-14
 779   0.0018581  2.4647e-06     2008 2009 2008     2    73      0  2.9e-12  2.8e-14
 780    0.001863  4.9294e-06     2010 2011 2010     1    73      0  8.1e-13    6e-16
 781   0.0018679  4.9294e-06     2012 2013 2012     1    73      0  4.9e-12  1.1e-14
 782   0.0018724  4.4364e-06     2014 2015 2014     1    73      0  2.6e-12  1.2e-15
 783   0.0018747  2.2839e-06     2018 2019 2018     1    74      0  3.9e-12    1e-14
 784   0.0018769  2.2839e-06     2020 2021 2020     1    74      0  2.4e-12  1.5e-14
----       当前进度:  42 % - 组装矩阵
 785   0.0018782  1.2933e-06     2026 2027 2026     1    75      0  2.5e-12  4.2e-14
 786   0.0018795  1.2933e-06     2030 2031 2030     1    75      0    6e-12  2.5e-14
 787   0.0018807  1.1639e-06     2032 2033 2032     1    75      0  4.8e-12  5.2e-15
 788    0.001883  2.3279e-06     2035 2036 2035     1    75      0  6.7e-12  1.2e-14
 789   0.0018854  2.3279e-06     2037 2038 2037     1    75      0    3e-12    4e-15
 790   0.0018877  2.3279e-06     2039 2040 2039     1    75      0  4.1e-12  6.6e-15
----       当前进度:  42 % - 求解线性方程组
 791     0.00189  2.3279e-06     2042 2043 2042     2    75      0  3.3e-12  1.9e-14
 792   0.0018947  4.6558e-06     2044 2045 2044     2    75      0  2.8e-12  2.6e-14
 793   0.0018993  4.6558e-06     2048 2049 2048     1    75      0  3.9e-12  2.3e-15
   -      0.0019           - out
 794   0.0019028  3.5207e-06     2050 2051 2050     1    75      0  4.5e-12  4.2e-15
 795   0.0019064  3.5207e-06     2052 2053 2052     1    75      0  3.3e-12  1.8e-14
 796   0.0019089  2.5439e-06     2054 2055 2054     1    75      0  3.9e-12  4.8e-15
----       当前进度:  42 % - 正在组装残差
 797   0.0019106   1.659e-06     2062 2063 2062     1    76      0    3e-12    3e-14
 798    0.001912  1.3896e-06     2066 2067 2066     1    76      0    4e-12  9.9e-15
 799   0.0019147  2.7791e-06     2068 2069 2068     1    76      0  3.5e-12  2.8e-15
 800   0.0019172  2.5012e-06     2070 2071 2070     1    76      0  3.6e-12    3e-15
 801   0.0019197  2.5012e-06     2072 2073 2072     1    76      0  4.4e-12  9.8e-15
 802   0.0019222  2.5012e-06     2074 2075 2074     1    76      0  3.5e-12  2.9e-15
 803   0.0019253  3.0419e-06     2079 2080 2079     1    77      0  3.7e-12  2.4e-14
 804   0.0019276  2.2781e-06     2081 2082 2081     1    77      0  3.8e-12  5.6e-15
----       当前进度:  43 % - 求解线性方程组
 805   0.0019298  2.2781e-06     2083 2084 2083     1    77      0  3.8e-12  1.2e-14
 806   0.0019321  2.2781e-06     2086 2087 2086     1    77      0  3.8e-12  3.5e-15
 807   0.0019367  4.5562e-06     2088 2089 2088     1    77      0  3.7e-12  9.9e-15
 808   0.0019399  3.2727e-06     2090 2091 2090     1    77      0  4.7e-12  8.8e-15
 809   0.0019415  1.5186e-06     2097 2098 2097     1    78      0  4.9e-12    3e-14
 810   0.0019427  1.1946e-06     2099 2100 2099     1    78      0  4.6e-12  1.7e-14
 811   0.0019437  1.0751e-06     2102 2103 2102     1    78      0  3.7e-12  7.7e-15
 812   0.0019448  1.0751e-06     2105 2106 2105     1    78      0  4.5e-12  3.5e-14
----       当前进度:  43 % - 正在组装残差
 813    0.001947  2.1502e-06     2107 2108 2107     1    78      0  4.1e-12  1.3e-15
 814   0.0019489  1.9352e-06     2109 2110 2109     1    78      0  3.5e-12  8.3e-15
 815   0.0019508  1.9352e-06     2111 2112 2111     1    78      0  2.2e-12  1.4e-14
 816   0.0019528  1.9352e-06     2113 2114 2113     1    78      0  5.1e-12  1.2e-14
 817   0.0019547  1.9352e-06     2115 2116 2115     1    78      0  3.9e-12  2.2e-15
 818   0.0019586  3.8704e-06     2117 2118 2117     1    78      0  3.6e-12  1.1e-14
 819   0.0019621  3.4833e-06     2119 2120 2119     1    78      0  2.5e-12  1.7e-14
 820   0.0019655  3.4833e-06     2121 2122 2121     1    78      0  3.8e-12  2.1e-14
 821    0.001969  3.4833e-06     2123 2124 2123     1    78      0  2.8e-12    1e-15
 822   0.0019725  3.4833e-06     2125 2126 2125     1    78      0    4e-12  4.6e-15
 823    0.001976  3.4833e-06     2127 2128 2127     1    78      0  4.2e-12  3.2e-15
----       当前进度:  44 % - 组装矩阵
 824    0.001983  6.9666e-06     2129 2130 2129     2    78      0  2.6e-12  1.6e-15
 825   0.0019899  6.9666e-06     2131 2132 2131     2    78      0  4.7e-12  7.2e-16
 826   0.0019969  6.9666e-06     2133 2134 2133     2    78      0  2.6e-12  3.3e-16
   -       0.002           - out
 827   0.0020039  6.9666e-06     2135 2136 2135     2    78      0    4e-12    2e-16
 828   0.0020178  1.3933e-05     2137 2138 2137     2    78      0  4.9e-12  3.2e-16
 829   0.0020317  1.3933e-05     2139 2140 2139     2    78      0  5.2e-12  2.4e-16
 830   0.0020596  2.7867e-05     2141 2142 2141     2    78      0  9.2e-12  3.8e-16
 831   0.0020875  2.7867e-05     2143 2144 2143     2    78      0  1.2e-11  9.1e-16
   -      0.0021           - out
 832   0.0021153  2.7867e-05     2145 2146 2145     2    78      0    1e-11  3.2e-15
 833   0.0021432  2.7867e-05     2147 2148 2147     2    78      0  1.3e-11  1.9e-14
 834   0.0021711  2.7867e-05     2149 2150 2149     2    78      0  1.3e-11  9.6e-14
----       当前进度:  47 % - 组装矩阵
Memory: 950/2035 2055/2127
 835   0.0021989  2.7867e-05     2151 2152 2151     2    78      0  1.9e-11  2.8e-13
   -      0.0022           - out
 836   0.0022268  2.7867e-05     2153 2154 2153     2    78      0  1.5e-11  4.1e-13
 837   0.0022547  2.7867e-05     2155 2156 2155     2    78      0  2.8e-11  3.1e-13
 838   0.0022825  2.7867e-05     2157 2158 2157     2    78      0  5.2e-11  2.3e-14
   -      0.0023           - out
 839   0.0023383  5.5733e-05     2165 2166 2165     2    78      0  1.7e-11  4.1e-12
-----      当前进度:  50 % - 组装矩阵
 840   0.0023522  1.3933e-05     2181 2182 2181     2    78      1  1.8e-09  1.4e-10
-----      当前进度:  51 % - 矩阵分解
-----      当前进度:  51 % - 组装矩阵
 841   0.0023522  3.7971e-08     2235 2236 2235     2    79      5  1.3e-11  1.2e-14
 842   0.0023523  7.5943e-08     2237 2238 2237     2    79      5  2.9e-11  6.4e-16
-----      当前进度:  51 % - 矩阵分解
 843   0.0023524  1.0499e-07     2246 2247 2246     1    80      5    1e-10  9.4e-13
-----      当前进度:  51 % - 组装矩阵
Memory: 951/2035 2055/2127
 844   0.0023524  1.9468e-08     2258 2259 2258     1    80      6  2.7e-11  2.6e-14
 845   0.0023524  1.9468e-08     2260 2261 2260     1    80      6  1.6e-11  4.3e-15
 846   0.0023524  4.8669e-09     2272 2273 2272     1    80      7  1.6e-11  3.5e-15
-----      当前进度:  51 % - 
Memory: 952/2035 2055/2127
 847   0.0023525   6.152e-09     2278 2279 2278     1    81      7  2.1e-11  6.9e-15
 848   0.0023525   6.152e-09     2282 2283 2282     1    81      7  2.4e-11  1.7e-14
 849   0.0023525  3.3522e-10     2305 2306 2305     1    81      9  3.2e-11  2.8e-14
 850   0.0023525  4.0226e-10     2320 2321 2320     1    81     10  3.1e-11  4.2e-14
-----      当前进度:  51 % - 矩阵分解
Memory: 953/2035 2055/2127
 851   0.0023525  4.0226e-10     2326 2327 2326     1    81     10  1.1e-11  1.7e-12
 852   0.0023525  3.2393e-10     2332 2333 2332     1    81     10  1.4e-11  3.3e-13
-----      当前进度:  51 % - 组装矩阵
-----      当前进度:  51 % - 矩阵分解
-----      当前进度:  51 % - 
 852   0.0023525  3.2393e-10 out 2436 2437 2436     1    81     20  2.6e-11  3.9e-11
---------- 当前进度: 100 % - 
Memory: 954/2035 2051/2127
求解时间：49 s。
物理内存: 2.01 GB
虚拟内存: 2.06 GB
结束时间：2026年8月9日 01:23:20。
----- 研究 4/解 10 (sol10) 中的“瞬态求解器 1” ------------------------------------------->

/***************/
/*****错误********/
/***************/
运行 Java 类时出错。
以下特征遇到问题：
 - 特征: 瞬态求解器 1 (sol10/t1)
非线性求解器不收敛。
达到最大牛顿迭代次数。
时间：0.0023524614893854876。
最后一个时步不收敛。
以下特征遇到问题：
 - 类: LiNRR_M10A2_SSC_Pipe_Wetting
总时间: 182 s.
