ISO-10303-21;
HEADER;
FILE_DESCRIPTION (( 'STEP AP203' ),
    '1' );
FILE_NAME ('block_currentCollector_flowField_v03.2.1_20210525_STEP-AP203.STEP',
    '2023-09-28T11:10:23',
    ( '' ),
    ( '' ),
    'SwSTEP 2.0',
    'SolidWorks 2022',
    '' );
FILE_SCHEMA (( 'CONFIG_CONTROL_DESIGN' ));
ENDSEC;

DATA;
#1 = AXIS2_PLACEMENT_3D ( 'NONE', #429, #745, #1315 ) ;
#2 = CARTESIAN_POINT ( 'NONE',  ( 76.74999999999998579, 21.50000000000000000, -37.50000000000000000 ) ) ;
#3 = CC_DESIGN_DATE_AND_TIME_ASSIGNMENT ( #3085, #4058, ( #2552 ) ) ;
#4 = DIRECTION ( 'NONE',  ( 0.000000000000000000, 0.000000000000000000, -1.000000000000000000 ) ) ;
#5 = LOCAL_TIME ( 13, 10, 23.00000000000000000, #4125 ) ;
#6 = ORIENTED_EDGE ( 'NONE', *, *, #2746, .T. ) ;
#7 = ORIENTED_EDGE ( 'NONE', *, *, #1074, .T. ) ;
#8 = CIRCLE ( 'NONE', #3626, 3.950000000000001954 ) ;
#9 = ORIENTED_EDGE ( 'NONE', *, *, #2828, .F. ) ;
#10 = DIRECTION ( 'NONE',  ( -1.000000000000000000, 0.000000000000000000, 0.000000000000000000 ) ) ;
#11 = AXIS2_PLACEMENT_3D ( 'NONE', #679, #4483, #1102 ) ;
#12 = ORIENTED_EDGE ( 'NONE', *, *, #3728, .F. ) ;
#13 = DIRECTION ( 'NONE',  ( -0.000000000000000000, 1.000000000000000000, -0.000000000000000000 ) ) ;
#14 = EDGE_CURVE ( 'NONE', #4120, #1278, #1209, .T. ) ;
#15 = ADVANCED_FACE ( 'NONE', ( #3698 ), #1619, .F. ) ;
#16 = CARTESIAN_POINT ( 'NONE',  ( 31.24999999999998579, 21.50000000000000000, -29.25000000000000000 ) ) ;
#17 = AXIS2_PLACEMENT_3D ( 'NONE', #1918, #1631, #184 ) ;
#18 = CARTESIAN_POINT ( 'NONE',  ( 53.20625000000003979, 9.500000000000000000, -63.00000000000000000 ) ) ;
#19 = DIRECTION ( 'NONE',  ( 1.000000000000000000, 0.000000000000000000, 0.000000000000000000 ) ) ;
#20 = AXIS2_PLACEMENT_3D ( 'NONE', #971, #3327, #2655 ) ;
#21 = CARTESIAN_POINT ( 'NONE',  ( 21.49999999999998579, 23.00000000000000000, -24.49999999999999645 ) ) ;
#22 = AXIS2_PLACEMENT_3D ( 'NONE', #1174, #2258, #3581 ) ;
#23 = ADVANCED_BREP_SHAPE_REPRESENTATION ( 'block_currentCollector_flowField_v03.2.1_20210525_STEP-AP203', ( #794, #80 ), #3116 ) ;
#24 = VECTOR ( 'NONE', #3811, 1000.000000000000000 ) ;
#25 = VERTEX_POINT ( 'NONE', #559 ) ;
#26 = DIRECTION ( 'NONE',  ( -0.000000000000000000, -1.000000000000000000, 0.000000000000000000 ) ) ;
#27 = EDGE_CURVE ( 'NONE', #4154, #3241, #1496, .T. ) ;
#28 = AXIS2_PLACEMENT_3D ( 'NONE', #430, #3234, #132 ) ;
#29 = DIRECTION ( 'NONE',  ( 1.000000000000000000, -0.000000000000000000, -1.284980352575412699E-16 ) ) ;
#30 = DIRECTION ( 'NONE',  ( -0.000000000000000000, 1.000000000000000000, -0.000000000000000000 ) ) ;
#31 = ORIENTED_EDGE ( 'NONE', *, *, #2080, .T. ) ;
#32 = ORIENTED_EDGE ( 'NONE', *, *, #3271, .T. ) ;
#33 = AXIS2_PLACEMENT_3D ( 'NONE', #196, #921, #3658 ) ;
#34 = DIRECTION ( 'NONE',  ( 0.000000000000000000, 1.000000000000000000, 0.000000000000000000 ) ) ;
#35 = ORIENTED_EDGE ( 'NONE', *, *, #2195, .F. ) ;
#36 = CARTESIAN_POINT ( 'NONE',  ( 5.000000000000036415, 19.00000000000000000, -108.0000000000000000 ) ) ;
#37 = VERTEX_POINT ( 'NONE', #1948 ) ;
#38 = CYLINDRICAL_SURFACE ( 'NONE', #2841, 2.250000000000001776 ) ;
#39 = DIRECTION ( 'NONE',  ( 0.000000000000000000, 0.000000000000000000, 1.000000000000000000 ) ) ;
#40 = LINE ( 'NONE', #2410, #1085 ) ;
#41 = CARTESIAN_POINT ( 'NONE',  ( 78.00000000000000000, 8.890000000000000568, -81.17499999999999716 ) ) ;
#42 = EDGE_CURVE ( 'NONE', #3702, #901, #3235, .T. ) ;
#43 = CARTESIAN_POINT ( 'NONE',  ( 24.49999999999998224, 23.00000000000000000, -21.50000000000000000 ) ) ;
#44 = DIRECTION ( 'NONE',  ( -1.000000000000000000, -0.000000000000000000, -0.000000000000000000 ) ) ;
#45 = ORIENTED_EDGE ( 'NONE', *, *, #2837, .F. ) ;
#46 = CARTESIAN_POINT ( 'NONE',  ( 76.74999999999998579, 21.50000000000000000, -65.25000000000000000 ) ) ;
#47 = EDGE_CURVE ( 'NONE', #1811, #2309, #3807, .T. ) ;
#48 = FACE_BOUND ( 'NONE', #4343, .T. ) ;
#49 = DIRECTION ( 'NONE',  ( -0.000000000000000000, 1.000000000000000000, -0.000000000000000000 ) ) ;
#50 = ORIENTED_EDGE ( 'NONE', *, *, #1157, .F. ) ;
#51 = ORIENTED_EDGE ( 'NONE', *, *, #1233, .F. ) ;
#52 = LINE ( 'NONE', #3179, #3030 ) ;
#53 = AXIS2_PLACEMENT_3D ( 'NONE', #3967, #193, #4337 ) ;
#54 = DIRECTION ( 'NONE',  ( -0.000000000000000000, 1.000000000000000000, -0.000000000000000000 ) ) ;
#55 = ORIENTED_EDGE ( 'NONE', *, *, #14, .T. ) ;
#56 = DIRECTION ( 'NONE',  ( -0.000000000000000000, 1.000000000000000000, -0.000000000000000000 ) ) ;
#57 = EDGE_CURVE ( 'NONE', #3244, #4458, #2318, .T. ) ;
#58 = ORIENTED_EDGE ( 'NONE', *, *, #4135, .T. ) ;
#59 = CARTESIAN_POINT ( 'NONE',  ( 78.00000000000000000, 0.000000000000000000, -78.00000000000000000 ) ) ;
#60 = DIRECTION ( 'NONE',  ( 1.000000000000000000, 0.000000000000000000, -1.284980352575412699E-16 ) ) ;
#61 = FACE_OUTER_BOUND ( 'NONE', #2006, .T. ) ;
#62 = CARTESIAN_POINT ( 'NONE',  ( 83.49999999999997158, 23.00000000000000000, -21.50000000000000000 ) ) ;
#63 = AXIS2_PLACEMENT_3D ( 'NONE', #1716, #3122, #3578 ) ;
#64 = CARTESIAN_POINT ( 'NONE',  ( 76.75000000000000000, 21.50000000000000000, -43.50000000000000000 ) ) ;
#65 = LINE ( 'NONE', #1760, #4183 ) ;
#66 = ORIENTED_EDGE ( 'NONE', *, *, #1217, .F. ) ;
#67 = DIRECTION ( 'NONE',  ( -0.000000000000000000, -1.000000000000000000, -0.000000000000000000 ) ) ;
#68 = DIRECTION ( 'NONE',  ( -0.000000000000000000, -1.000000000000000000, -0.000000000000000000 ) ) ;
#69 = EDGE_CURVE ( 'NONE', #2703, #1091, #2035, .T. ) ;
#70 = CYLINDRICAL_SURFACE ( 'NONE', #3200, 3.174999999999993605 ) ;
#71 = CARTESIAN_POINT ( 'NONE',  ( 76.75000000000000000, 23.00000000000000000, -67.50000000000000000 ) ) ;
#72 = EDGE_LOOP ( 'NONE', ( #860, #229 ) ) ;
#73 = DIRECTION ( 'NONE',  ( -0.000000000000000000, 0.000000000000000000, 1.000000000000000000 ) ) ;
#74 = DIRECTION ( 'NONE',  ( 0.000000000000000000, 0.000000000000000000, -1.000000000000000000 ) ) ;
#75 = VECTOR ( 'NONE', #792, 1000.000000000000000 ) ;
#76 = VERTEX_POINT ( 'NONE', #4085 ) ;
#77 = CARTESIAN_POINT ( 'NONE',  ( 31.24999999999998579, 21.50000000000000000, -38.25000000000000000 ) ) ;
#78 = ORIENTED_EDGE ( 'NONE', *, *, #1911, .T. ) ;
#79 = CARTESIAN_POINT ( 'NONE',  ( 31.24999999999998579, 21.50000000000000000, -65.25000000000000000 ) ) ;
#80 = AXIS2_PLACEMENT_3D ( 'NONE', #537, #1208, #2900 ) ;
#81 = EDGE_CURVE ( 'NONE', #76, #1903, #4061, .T. ) ;
#82 = LINE ( 'NONE', #405, #1019 ) ;
#83 = ORIENTED_EDGE ( 'NONE', *, *, #1037, .F. ) ;
#84 = AXIS2_PLACEMENT_3D ( 'NONE', #1608, #226, #4027 ) ;
#85 = CARTESIAN_POINT ( 'NONE',  ( 49.78360000000002827, 9.500000000000000000, -107.0000000000000000 ) ) ;
#86 = DIRECTION ( 'NONE',  ( 0.000000000000000000, 0.000000000000000000, 1.000000000000000000 ) ) ;
#87 = DIRECTION ( 'NONE',  ( 0.000000000000000000, 0.000000000000000000, 1.000000000000000000 ) ) ;
#88 = VECTOR ( 'NONE', #4047, 1000.000000000000000 ) ;
#89 = ORIENTED_EDGE ( 'NONE', *, *, #513, .T. ) ;
#90 = DIRECTION ( 'NONE',  ( -0.000000000000000000, 1.000000000000000000, -0.000000000000000000 ) ) ;
#91 = FACE_OUTER_BOUND ( 'NONE', #1231, .T. ) ;
#92 = DIRECTION ( 'NONE',  ( -1.000000000000000000, 0.000000000000000000, -0.000000000000000000 ) ) ;
#93 = AXIS2_PLACEMENT_3D ( 'NONE', #4344, #1581, #2612 ) ;
#94 = AXIS2_PLACEMENT_3D ( 'NONE', #867, #1828, #2526 ) ;
#95 = CARTESIAN_POINT ( 'NONE',  ( 53.20625000000003979, 9.500000000000000000, -108.0000000000000000 ) ) ;
#96 = EDGE_CURVE ( 'NONE', #2896, #4032, #2145, .T. ) ;
#97 = ORIENTED_EDGE ( 'NONE', *, *, #4221, .T. ) ;
#98 = CIRCLE ( 'NONE', #1110, 3.950000000000001954 ) ;
#99 = CARTESIAN_POINT ( 'NONE',  ( 19.00000000000000000, 9.500000000000005329, -53.99999999999997868 ) ) ;
#100 = DIRECTION ( 'NONE',  ( -1.000000000000000000, -0.000000000000000000, -0.000000000000000000 ) ) ;
#101 = ORIENTED_EDGE ( 'NONE', *, *, #551, .F. ) ;
#102 = CIRCLE ( 'NONE', #179, 3.950000000000001954 ) ;
#103 = DIRECTION ( 'NONE',  ( -0.000000000000000000, -1.000000000000000000, -0.000000000000000000 ) ) ;
#104 = EDGE_CURVE ( 'NONE', #1641, #3232, #2897, .T. ) ;
#105 = VERTEX_POINT ( 'NONE', #2485 ) ;
#106 = VECTOR ( 'NONE', #3066, 1000.000000000000000 ) ;
#107 = CARTESIAN_POINT ( 'NONE',  ( 78.00000000000000000, 23.00000000000000000, -78.00000000000000000 ) ) ;
#108 = CARTESIAN_POINT ( 'NONE',  ( 89.00000000000002842, -1.331803394072744145E-15, -100.2749999999999915 ) ) ;
#109 = ORIENTED_EDGE ( 'NONE', *, *, #486, .T. ) ;
#110 = VECTOR ( 'NONE', #49, 1000.000000000000000 ) ;
#111 = CARTESIAN_POINT ( 'NONE',  ( 24.49999999999998224, 19.00000000000000000, -21.50000000000000000 ) ) ;
#112 = DIRECTION ( 'NONE',  ( 0.000000000000000000, 0.000000000000000000, -1.000000000000000000 ) ) ;
#113 = ORIENTED_EDGE ( 'NONE', *, *, #577, .F. ) ;
#114 = FACE_OUTER_BOUND ( 'NONE', #1613, .T. ) ;
#115 = EDGE_CURVE ( 'NONE', #1664, #1367, #3484, .T. ) ;
#116 = CARTESIAN_POINT ( 'NONE',  ( 76.74999999999998579, 23.00000000000000000, -37.50000000000000000 ) ) ;
#117 = FACE_OUTER_BOUND ( 'NONE', #2607, .T. ) ;
#118 = VERTEX_POINT ( 'NONE', #2717 ) ;
#119 = PLANE ( 'NONE',  #3467 ) ;
#120 = EDGE_CURVE ( 'NONE', #221, #3727, #1024, .T. ) ;
#121 = CARTESIAN_POINT ( 'NONE',  ( 78.00000000000000000, 21.50000000000000000, -77.25000000000000000 ) ) ;
#122 = ADVANCED_FACE ( 'NONE', ( #3065 ), #3700, .F. ) ;
#123 = ORIENTED_EDGE ( 'NONE', *, *, #1780, .F. ) ;
#124 = DIRECTION ( 'NONE',  ( 0.000000000000000000, 1.000000000000000000, 0.000000000000000000 ) ) ;
#125 = ORIENTED_EDGE ( 'NONE', *, *, #2495, .F. ) ;
#126 = DIRECTION ( 'NONE',  ( 1.000000000000000000, 0.000000000000000000, 0.000000000000000000 ) ) ;
#127 = AXIS2_PLACEMENT_3D ( 'NONE', #1617, #2598, #2558 ) ;
#128 = EDGE_CURVE ( 'NONE', #3009, #526, #3873, .T. ) ;
#129 = CARTESIAN_POINT ( 'NONE',  ( 76.74999999999998579, 21.50000000000000000, -37.50000000000000000 ) ) ;
#130 = ORIENTED_EDGE ( 'NONE', *, *, #3760, .T. ) ;
#131 = LINE ( 'NONE', #3596, #4366 ) ;
#132 = DIRECTION ( 'NONE',  ( 0.000000000000000000, 0.000000000000000000, -1.000000000000000000 ) ) ;
#133 = EDGE_LOOP ( 'NONE', ( #3837, #3610, #2977, #1384 ) ) ;
#134 = FACE_OUTER_BOUND ( 'NONE', #1616, .T. ) ;
#135 = CARTESIAN_POINT ( 'NONE',  ( 34.95000000000000284, 19.00000000000000000, -98.45000000000695195 ) ) ;
#136 = EDGE_CURVE ( 'NONE', #2064, #3706, #3270, .T. ) ;
#137 = CIRCLE ( 'NONE', #2082, 3.174999999999997158 ) ;
#138 = ORIENTED_EDGE ( 'NONE', *, *, #3723, .F. ) ;
#139 = CARTESIAN_POINT ( 'NONE',  ( 76.74999999999998579, 23.00000000000000000, -61.50000000000000000 ) ) ;
#140 = EDGE_LOOP ( 'NONE', ( #2643, #387, #3399, #3805 ) ) ;
#141 = CARTESIAN_POINT ( 'NONE',  ( 21.49999999999998579, 19.00000000000000000, -24.49999999999999645 ) ) ;
#142 = DIRECTION ( 'NONE',  ( 0.000000000000000000, 0.000000000000000000, 1.000000000000000000 ) ) ;
#143 = VERTEX_POINT ( 'NONE', #4471 ) ;
#144 = DIRECTION ( 'NONE',  ( 0.000000000000000000, 0.000000000000000000, -1.000000000000000000 ) ) ;
#145 = ORIENTED_EDGE ( 'NONE', *, *, #2183, .T. ) ;
#146 = CARTESIAN_POINT ( 'NONE',  ( 31.24999999999998579, 21.50000000000000000, -65.25000000000000000 ) ) ;
#147 = ORIENTED_EDGE ( 'NONE', *, *, #136, .T. ) ;
#148 = AXIS2_PLACEMENT_3D ( 'NONE', #760, #74, #4194 ) ;
#149 = CARTESIAN_POINT ( 'NONE',  ( 31.24999999999998579, 23.00000000000000000, -74.25000000000000000 ) ) ;
#150 = VERTEX_POINT ( 'NONE', #666 ) ;
#151 = DIRECTION ( 'NONE',  ( -0.000000000000000000, -1.000000000000000000, -0.000000000000000000 ) ) ;
#152 = VERTEX_POINT ( 'NONE', #3785 ) ;
#153 = APPROVAL ( #1971, 'UNSPECIFIED' ) ;
#154 = EDGE_CURVE ( 'NONE', #1173, #3269, #3429, .T. ) ;
#155 = VECTOR ( 'NONE', #3884, 1000.000000000000000 ) ;
#156 = DIRECTION ( 'NONE',  ( 1.000000000000000000, 0.000000000000000000, 0.000000000000000000 ) ) ;
#157 = DIRECTION ( 'NONE',  ( 0.000000000000000000, 0.000000000000000000, -1.000000000000000000 ) ) ;
#158 = EDGE_LOOP ( 'NONE', ( #242, #1623, #4020, #1934 ) ) ;
#159 = DIRECTION ( 'NONE',  ( -0.000000000000000000, -1.000000000000000000, -0.000000000000000000 ) ) ;
#160 = AXIS2_PLACEMENT_3D ( 'NONE', #1003, #304, #2011 ) ;
#161 = ADVANCED_FACE ( 'NONE', ( #91 ), #3448, .F. ) ;
#162 = DIRECTION ( 'NONE',  ( 0.000000000000000000, 0.000000000000000000, -1.000000000000000000 ) ) ;
#163 = ORIENTED_EDGE ( 'NONE', *, *, #535, .T. ) ;
#164 = AXIS2_PLACEMENT_3D ( 'NONE', #718, #3753, #316 ) ;
#165 = DIRECTION ( 'NONE',  ( -0.000000000000000000, 0.000000000000000000, 1.000000000000000000 ) ) ;
#166 = ORIENTED_EDGE ( 'NONE', *, *, #3781, .T. ) ;
#167 = EDGE_CURVE ( 'NONE', #3912, #668, #3743, .T. ) ;
#168 = CIRCLE ( 'NONE', #3564, 3.174999999999997158 ) ;
#169 = VECTOR ( 'NONE', #159, 1000.000000000000000 ) ;
#170 = FACE_OUTER_BOUND ( 'NONE', #1527, .T. ) ;
#171 = DIRECTION ( 'NONE',  ( 0.000000000000000000, 0.000000000000000000, 1.000000000000000000 ) ) ;
#172 = ORIENTED_EDGE ( 'NONE', *, *, #3681, .F. ) ;
#173 = AXIS2_PLACEMENT_3D ( 'NONE', #354, #3501, #1728 ) ;
#174 = CARTESIAN_POINT ( 'NONE',  ( 78.00000000000000000, 8.890000000000000568, -78.00000000000000000 ) ) ;
#175 = VECTOR ( 'NONE', #1751, 1000.000000000000000 ) ;
#176 = ORIENTED_EDGE ( 'NONE', *, *, #1042, .T. ) ;
#177 = CARTESIAN_POINT ( 'NONE',  ( 31.24999999999998579, 21.50000000000000000, -35.25000000000000000 ) ) ;
#178 = ORIENTED_EDGE ( 'NONE', *, *, #3117, .F. ) ;
#179 = AXIS2_PLACEMENT_3D ( 'NONE', #3915, #4331, #162 ) ;
#180 = EDGE_LOOP ( 'NONE', ( #3659, #4037, #3158, #1533 ) ) ;
#181 = CARTESIAN_POINT ( 'NONE',  ( 73.05000000000001137, 0.000000000000000000, -12.72499999999999609 ) ) ;
#182 = VERTEX_POINT ( 'NONE', #4126 ) ;
#183 = CARTESIAN_POINT ( 'NONE',  ( 0.000000000000000000, 21.50000000000000000, 0.000000000000000000 ) ) ;
#184 = DIRECTION ( 'NONE',  ( 0.000000000000000000, 0.000000000000000000, 1.000000000000000000 ) ) ;
#185 = AXIS2_PLACEMENT_3D ( 'NONE', #915, #191, #531 ) ;
#186 = EDGE_CURVE ( 'NONE', #2705, #2515, #1886, .T. ) ;
#187 = DIRECTION ( 'NONE',  ( -1.000000000000000000, 0.000000000000000000, -0.000000000000000000 ) ) ;
#188 = CARTESIAN_POINT ( 'NONE',  ( 31.24999999999998579, 21.50000000000000000, -50.25000000000000000 ) ) ;
#189 = EDGE_CURVE ( 'NONE', #3635, #3702, #2737, .T. ) ;
#190 = ORIENTED_EDGE ( 'NONE', *, *, #722, .T. ) ;
#191 = DIRECTION ( 'NONE',  ( 0.000000000000000000, 1.000000000000000000, -0.000000000000000000 ) ) ;
#192 = VERTEX_POINT ( 'NONE', #434 ) ;
#193 = DIRECTION ( 'NONE',  ( -0.000000000000000000, -1.000000000000000000, -0.000000000000000000 ) ) ;
#194 = CARTESIAN_POINT ( 'NONE',  ( 89.00000000000002842, 19.00000000000000000, -100.2749999999999915 ) ) ;
#195 = ORIENTED_EDGE ( 'NONE', *, *, #2345, .T. ) ;
#196 = CARTESIAN_POINT ( 'NONE',  ( 21.49999999999998579, 23.00000000000000000, -24.49999999999999645 ) ) ;
#197 = ORIENTED_EDGE ( 'NONE', *, *, #917, .F. ) ;
#198 = ORIENTED_EDGE ( 'NONE', *, *, #2345, .F. ) ;
#199 = EDGE_CURVE ( 'NONE', #3672, #3520, #4425, .T. ) ;
#200 = ORIENTED_EDGE ( 'NONE', *, *, #2852, .F. ) ;
#201 = DIRECTION ( 'NONE',  ( 0.000000000000000000, 0.000000000000000000, 1.000000000000000000 ) ) ;
#202 = ORIENTED_EDGE ( 'NONE', *, *, #2332, .F. ) ;
#203 = PLANE ( 'NONE',  #3134 ) ;
#204 = CARTESIAN_POINT ( 'NONE',  ( 89.00000000000002842, 9.500000000000005329, -50.04999999999999005 ) ) ;
#205 = VECTOR ( 'NONE', #918, 1000.000000000000000 ) ;
#206 = CARTESIAN_POINT ( 'NONE',  ( 76.74999999999998579, 21.50000000000000000, -68.25000000000000000 ) ) ;
#207 = CARTESIAN_POINT ( 'NONE',  ( 76.74999999999998579, 21.50000000000000000, -72.75000000000001421 ) ) ;
#208 = ORIENTED_EDGE ( 'NONE', *, *, #3303, .T. ) ;
#209 = LINE ( 'NONE', #2596, #3510 ) ;
#210 = AXIS2_PLACEMENT_3D ( 'NONE', #1198, #2889, #112 ) ;
#211 = EDGE_CURVE ( 'NONE', #4092, #3683, #3052, .T. ) ;
#212 = ORIENTED_EDGE ( 'NONE', *, *, #2009, .F. ) ;
#213 = EDGE_CURVE ( 'NONE', #1965, #1508, #2504, .T. ) ;
#214 = DIRECTION ( 'NONE',  ( -1.000000000000000000, 0.000000000000000000, 0.000000000000000000 ) ) ;
#215 = VERTEX_POINT ( 'NONE', #3558 ) ;
#216 = CARTESIAN_POINT ( 'NONE',  ( 30.00000000000000000, -2.488482295867306383E-17, -26.82500000000000284 ) ) ;
#217 = VERTEX_POINT ( 'NONE', #2165 ) ;
#218 = ORIENTED_EDGE ( 'NONE', *, *, #1157, .T. ) ;
#219 = ORIENTED_EDGE ( 'NONE', *, *, #1470, .F. ) ;
#220 = CARTESIAN_POINT ( 'NONE',  ( 76.74999999999998579, 21.50000000000000000, -30.75000000000000000 ) ) ;
#221 = VERTEX_POINT ( 'NONE', #457 ) ;
#222 = CARTESIAN_POINT ( 'NONE',  ( 31.24999999999998579, 21.50000000000000000, -38.25000000000000000 ) ) ;
#223 = ADVANCED_FACE ( 'NONE', ( #4139 ), #1417, .F. ) ;
#224 = AXIS2_PLACEMENT_3D ( 'NONE', #1466, #1129, #86 ) ;
#225 = DIRECTION ( 'NONE',  ( -0.000000000000000000, 1.000000000000000000, -0.000000000000000000 ) ) ;
#226 = DIRECTION ( 'NONE',  ( -0.000000000000000000, 1.000000000000000000, -0.000000000000000000 ) ) ;
#227 = CARTESIAN_POINT ( 'NONE',  ( 54.00000000000002842, 9.500000000000000000, -63.00000000000000000 ) ) ;
#228 = AXIS2_PLACEMENT_3D ( 'NONE', #448, #1166, #3953 ) ;
#229 = ORIENTED_EDGE ( 'NONE', *, *, #535, .F. ) ;
#230 = CARTESIAN_POINT ( 'NONE',  ( 24.49999999999998224, 23.00000000000000000, -86.50000000000000000 ) ) ;
#231 = AXIS2_PLACEMENT_3D ( 'NONE', #3357, #290, #1962 ) ;
#232 = DIRECTION ( 'NONE',  ( -0.000000000000000000, 1.000000000000000000, -0.000000000000000000 ) ) ;
#233 = ORIENTED_EDGE ( 'NONE', *, *, #3671, .T. ) ;
#234 = CARTESIAN_POINT ( 'NONE',  ( 89.00000000000002842, 9.500000000000005329, -53.99999999999999289 ) ) ;
#235 = AXIS2_PLACEMENT_3D ( 'NONE', #755, #1064, #3518 ) ;
#236 = CARTESIAN_POINT ( 'NONE',  ( 9.550000000000004263, 19.00000000000000000, -76.22499999999999432 ) ) ;
#237 = ADVANCED_FACE ( 'NONE', ( #61 ), #678, .F. ) ;
#238 = VERTEX_POINT ( 'NONE', #1351 ) ;
#239 = DIRECTION ( 'NONE',  ( 0.000000000000000000, 0.000000000000000000, 1.000000000000000000 ) ) ;
#240 = CIRCLE ( 'NONE', #3850, 3.174999999999997158 ) ;
#241 = VECTOR ( 'NONE', #1784, 1000.000000000000000 ) ;
#242 = ORIENTED_EDGE ( 'NONE', *, *, #3916, .T. ) ;
#243 = ORIENTED_EDGE ( 'NONE', *, *, #2436, .T. ) ;
#244 = AXIS2_PLACEMENT_3D ( 'NONE', #806, #2176, #1793 ) ;
#245 = ADVANCED_FACE ( 'NONE', ( #2387 ), #1035, .F. ) ;
#246 = ORIENTED_EDGE ( 'NONE', *, *, #4223, .T. ) ;
#247 = LINE ( 'NONE', #1301, #4286 ) ;
#248 = EDGE_LOOP ( 'NONE', ( #488, #3346, #3217, #2312 ) ) ;
#249 = CARTESIAN_POINT ( 'NONE',  ( 31.24999999999998579, 21.50000000000000000, -47.25000000000000000 ) ) ;
#250 = AXIS2_PLACEMENT_3D ( 'NONE', #1105, #1510, #522 ) ;
#251 = PLANE ( 'NONE',  #3126 ) ;
#252 = CARTESIAN_POINT ( 'NONE',  ( 76.74999999999998579, 21.50000000000000000, -42.74999999999999289 ) ) ;
#253 = DIRECTION ( 'NONE',  ( 0.000000000000000000, 0.000000000000000000, 1.000000000000000000 ) ) ;
#254 = AXIS2_PLACEMENT_3D ( 'NONE', #1517, #3201, #3825 ) ;
#255 = EDGE_LOOP ( 'NONE', ( #876, #1746, #2613, #2633 ) ) ;
#256 = CARTESIAN_POINT ( 'NONE',  ( 31.24999999999998579, 23.00000000000000000, -35.25000000000000000 ) ) ;
#257 = EDGE_CURVE ( 'NONE', #4341, #2275, #2728, .T. ) ;
#258 = CARTESIAN_POINT ( 'NONE',  ( 78.00000000000000000, -2.488482295867306383E-17, -81.17499999999999716 ) ) ;
#259 = DIRECTION ( 'NONE',  ( 0.000000000000000000, -1.000000000000000000, 0.000000000000000000 ) ) ;
#260 = CALENDAR_DATE ( 2023, 28, 9 ) ;
#261 = EDGE_LOOP ( 'NONE', ( #197, #1402, #3810, #3978 ) ) ;
#262 = CARTESIAN_POINT ( 'NONE',  ( 76.74999999999998579, 23.00000000000000000, -51.75000000000000711 ) ) ;
#263 = ORIENTED_EDGE ( 'NONE', *, *, #4221, .F. ) ;
#264 = EDGE_CURVE ( 'NONE', #4040, #2998, #1732, .T. ) ;
#265 = VERTEX_POINT ( 'NONE', #3441 ) ;
#266 = EDGE_LOOP ( 'NONE', ( #2763, #1683 ) ) ;
#267 = DIRECTION ( 'NONE',  ( 0.000000000000000000, 0.000000000000000000, -1.000000000000000000 ) ) ;
#268 = EDGE_LOOP ( 'NONE', ( #426, #1140, #739, #145 ) ) ;
#269 = PLANE ( 'NONE',  #1325 ) ;
#270 = EDGE_CURVE ( 'NONE', #2277, #3269, #1014, .T. ) ;
#271 = DIRECTION ( 'NONE',  ( 1.000000000000000000, 0.000000000000000000, 0.000000000000000000 ) ) ;
#272 = CARTESIAN_POINT ( 'NONE',  ( 31.24999999999998579, 21.50000000000000000, -50.25000000000000000 ) ) ;
#273 = CARTESIAN_POINT ( 'NONE',  ( 31.24999999999998579, 21.50000000000000000, -57.75000000000000000 ) ) ;
#274 = CIRCLE ( 'NONE', #2792, 0.7500000000000006661 ) ;
#275 = VERTEX_POINT ( 'NONE', #1757 ) ;
#276 = CARTESIAN_POINT ( 'NONE',  ( 73.04999999999999716, 19.00000000000000000, -98.45000000000695195 ) ) ;
#277 = DIRECTION ( 'NONE',  ( 0.000000000000000000, 0.000000000000000000, -1.000000000000000000 ) ) ;
#278 = EDGE_CURVE ( 'NONE', #443, #105, #40, .T. ) ;
#279 = LINE ( 'NONE', #4189, #2431 ) ;
#280 = COORDINATED_UNIVERSAL_TIME_OFFSET ( 1, 0, .AHEAD. ) ;
#281 = DIRECTION ( 'NONE',  ( -0.000000000000000000, -1.000000000000000000, -0.000000000000000000 ) ) ;
#282 = DIRECTION ( 'NONE',  ( 0.000000000000000000, 0.000000000000000000, 1.000000000000000000 ) ) ;
#283 = ORIENTED_EDGE ( 'NONE', *, *, #1807, .T. ) ;
#284 = ORIENTED_EDGE ( 'NONE', *, *, #4188, .F. ) ;
#285 = ORIENTED_EDGE ( 'NONE', *, *, #1369, .F. ) ;
#286 = DIRECTION ( 'NONE',  ( 0.000000000000000000, 1.000000000000000000, -0.000000000000000000 ) ) ;
#287 = ORIENTED_EDGE ( 'NONE', *, *, #1426, .T. ) ;
#288 = LINE ( 'NONE', #947, #1621 ) ;
#289 = CARTESIAN_POINT ( 'NONE',  ( 83.49999999999997158, 23.00000000000000000, -21.50000000000000000 ) ) ;
#290 = DIRECTION ( 'NONE',  ( -0.000000000000000000, 1.000000000000000000, -0.000000000000000000 ) ) ;
#291 = EDGE_CURVE ( 'NONE', #3757, #2277, #3796, .T. ) ;
#292 = EDGE_CURVE ( 'NONE', #2787, #3452, #3119, .T. ) ;
#293 = CARTESIAN_POINT ( 'NONE',  ( 31.24999999999998934, 21.50000000000000000, -58.50000000000000000 ) ) ;
#294 = VERTEX_POINT ( 'NONE', #2022 ) ;
#295 = VECTOR ( 'NONE', #2117, 1000.000000000000000 ) ;
#296 = CARTESIAN_POINT ( 'NONE',  ( 9.550000000000004263, 19.00000000000000000, -73.04999999999999716 ) ) ;
#297 = ADVANCED_FACE ( 'NONE', ( #1714 ), #2748, .F. ) ;
#298 = FACE_BOUND ( 'NONE', #825, .T. ) ;
#299 = CC_DESIGN_SECURITY_CLASSIFICATION ( #2385, ( #2601 ) ) ;
#300 = AXIS2_PLACEMENT_3D ( 'NONE', #3187, #3231, #474 ) ;
#301 = CARTESIAN_POINT ( 'NONE',  ( 31.24999999999998579, 23.00000000000000000, -60.75000000000000711 ) ) ;
#302 = VECTOR ( 'NONE', #2051, 1000.000000000000000 ) ;
#303 = APPROVAL_STATUS ( 'not_yet_approved' ) ;
#304 = DIRECTION ( 'NONE',  ( -0.000000000000000000, 1.000000000000000000, -0.000000000000000000 ) ) ;
#305 = CARTESIAN_POINT ( 'NONE',  ( 31.24999999999998579, 23.00000000000000000, -48.75000000000000000 ) ) ;
#306 = EDGE_CURVE ( 'NONE', #2443, #2163, #3754, .T. ) ;
#307 = ORIENTED_EDGE ( 'NONE', *, *, #2746, .F. ) ;
#308 = ORIENTED_EDGE ( 'NONE', *, *, #3062, .T. ) ;
#309 = VERTEX_POINT ( 'NONE', #3817 ) ;
#310 = DIRECTION ( 'NONE',  ( 1.000000000000000000, 0.000000000000000000, 0.000000000000000000 ) ) ;
#311 = EDGE_CURVE ( 'NONE', #3881, #450, #4161, .T. ) ;
#312 = EDGE_LOOP ( 'NONE', ( #778, #4443, #2810, #3222 ) ) ;
#313 = DIRECTION ( 'NONE',  ( 0.000000000000000000, 0.000000000000000000, 1.000000000000000000 ) ) ;
#314 = AXIS2_PLACEMENT_3D ( 'NONE', #2091, #3146, #4182 ) ;
#315 = CIRCLE ( 'NONE', #894, 3.950000000000001954 ) ;
#316 = DIRECTION ( 'NONE',  ( 0.000000000000000000, 0.000000000000000000, -1.000000000000000000 ) ) ;
#317 = CARTESIAN_POINT ( 'NONE',  ( 31.24999999999998579, 23.00000000000000000, -66.75000000000000000 ) ) ;
#318 = DIRECTION ( 'NONE',  ( -0.000000000000000000, 1.000000000000000000, -0.000000000000000000 ) ) ;
#319 = CIRCLE ( 'NONE', #389, 0.7500000000000006661 ) ;
#320 = LINE ( 'NONE', #1420, #2437 ) ;
#321 = EDGE_CURVE ( 'NONE', #3973, #1028, #727, .T. ) ;
#322 = CIRCLE ( 'NONE', #3639, 0.7500000000000006661 ) ;
#323 = ORIENTED_EDGE ( 'NONE', *, *, #2250, .F. ) ;
#324 = FACE_BOUND ( 'NONE', #3622, .T. ) ;
#325 = FACE_BOUND ( 'NONE', #2934, .T. ) ;
#326 = AXIS2_PLACEMENT_3D ( 'NONE', #1004, #3804, #348 ) ;
#327 = LINE ( 'NONE', #2330, #4102 ) ;
#328 = VECTOR ( 'NONE', #4207, 1000.000000000000000 ) ;
#329 = APPROVAL_STATUS ( 'not_yet_approved' ) ;
#330 = DIRECTION ( 'NONE',  ( -0.000000000000000000, 1.000000000000000000, -0.000000000000000000 ) ) ;
#331 = CARTESIAN_POINT ( 'NONE',  ( 103.0000000000000000, 19.00000000000000000, 2.602085213965210642E-15 ) ) ;
#332 = ORIENTED_EDGE ( 'NONE', *, *, #3970, .T. ) ;
#333 = ORIENTED_EDGE ( 'NONE', *, *, #2079, .T. ) ;
#334 = ORIENTED_EDGE ( 'NONE', *, *, #1722, .T. ) ;
#335 = CARTESIAN_POINT ( 'NONE',  ( 19.00000000000000000, 9.500000000000005329, -50.04999999999997584 ) ) ;
#336 = ORIENTED_EDGE ( 'NONE', *, *, #3858, .T. ) ;
#337 = FACE_OUTER_BOUND ( 'NONE', #3800, .T. ) ;
#338 = EDGE_CURVE ( 'NONE', #2014, #182, #4462, .T. ) ;
#339 = FACE_OUTER_BOUND ( 'NONE', #1121, .T. ) ;
#340 = CARTESIAN_POINT ( 'NONE',  ( 76.74999999999998579, 21.50000000000000000, -66.75000000000000000 ) ) ;
#341 = CARTESIAN_POINT ( 'NONE',  ( 103.0000000000000000, 0.000000000000000000, 2.602085213965210642E-15 ) ) ;
#342 = FACE_OUTER_BOUND ( 'NONE', #2622, .T. ) ;
#343 = CC_DESIGN_PERSON_AND_ORGANIZATION_ASSIGNMENT ( #665, #2060, ( #2552 ) ) ;
#344 = VERTEX_POINT ( 'NONE', #719 ) ;
#345 = DIRECTION ( 'NONE',  ( -0.000000000000000000, 1.000000000000000000, -0.000000000000000000 ) ) ;
#346 = VECTOR ( 'NONE', #1184, 1000.000000000000000 ) ;
#347 = LINE ( 'NONE', #2059, #4329 ) ;
#348 = DIRECTION ( 'NONE',  ( 0.000000000000000000, 0.000000000000000000, 1.000000000000000000 ) ) ;
#349 = EDGE_CURVE ( 'NONE', #3247, #1047, #879, .T. ) ;
#350 = EDGE_CURVE ( 'NONE', #4407, #3237, #381, .T. ) ;
#351 = ORIENTED_EDGE ( 'NONE', *, *, #1738, .F. ) ;
#352 = ORIENTED_EDGE ( 'NONE', *, *, #984, .F. ) ;
#353 = ORIENTED_EDGE ( 'NONE', *, *, #1959, .T. ) ;
#354 = CARTESIAN_POINT ( 'NONE',  ( 76.74999999999998579, 23.00000000000000000, -67.50000000000000000 ) ) ;
#355 = EDGE_LOOP ( 'NONE', ( #758, #2380 ) ) ;
#356 = DIRECTION ( 'NONE',  ( 0.000000000000000000, 0.000000000000000000, -1.000000000000000000 ) ) ;
#357 = AXIS2_PLACEMENT_3D ( 'NONE', #4172, #2444, #3136 ) ;
#358 = PLANE ( 'NONE',  #2032 ) ;
#359 = CARTESIAN_POINT ( 'NONE',  ( 31.24999999999998579, 21.50000000000000000, -62.25000000000000000 ) ) ;
#360 = CARTESIAN_POINT ( 'NONE',  ( 76.74999999999998579, 21.50000000000000000, -57.75000000000000000 ) ) ;
#361 = ADVANCED_FACE ( 'NONE', ( #1778 ), #3078, .F. ) ;
#362 = DIRECTION ( 'NONE',  ( 0.000000000000000000, 0.000000000000000000, 1.000000000000000000 ) ) ;
#363 = ORIENTED_EDGE ( 'NONE', *, *, #2057, .F. ) ;
#364 = CARTESIAN_POINT ( 'NONE',  ( 76.75000000000000000, 23.00000000000000000, -73.50000000000001421 ) ) ;
#365 = CIRCLE ( 'NONE', #2020, 2.250000000000001776 ) ;
#366 = CYLINDRICAL_SURFACE ( 'NONE', #3489, 3.950000000000001954 ) ;
#367 = CARTESIAN_POINT ( 'NONE',  ( 31.24999999999998579, 23.00000000000000000, -65.25000000000000000 ) ) ;
#368 = EDGE_LOOP ( 'NONE', ( #2083, #411, #3726, #3361, #1067, #606, #4111, #511, #55, #401, #208, #3866, #942, #946, #2347, #2927, #922, #78, #1052, #817, #1095, #4230, #1525, #530, #2548, #2912, #3628, #2230, #2954, #3335, #1123, #4131, #609, #834, #2856, #506, #2392, #2355, #1635, #4353, #3032, #1460, #2271, #3580, #1489, #4090, #2529, #471, #4064, #3563, #3047, #353, #3612, #333, #4290, #4357, #1753, #3619, #3535, #3189, #4152, #2597, #1161, #147, #1066, #2220, #864, #2838 ) ) ;
#369 = ORIENTED_EDGE ( 'NONE', *, *, #3034, .T. ) ;
#370 = DIRECTION ( 'NONE',  ( 0.000000000000000000, 0.000000000000000000, -1.000000000000000000 ) ) ;
#371 = EDGE_CURVE ( 'NONE', #3745, #3881, #1866, .T. ) ;
#372 = AXIS2_PLACEMENT_3D ( 'NONE', #985, #1340, #2375 ) ;
#373 = ORIENTED_EDGE ( 'NONE', *, *, #2811, .T. ) ;
#374 = CARTESIAN_POINT ( 'NONE',  ( 31.24999999999998579, 21.50000000000000000, -68.25000000000000000 ) ) ;
#375 = VERTEX_POINT ( 'NONE', #2130 ) ;
#376 = CARTESIAN_POINT ( 'NONE',  ( 76.74999999999998579, 23.00000000000000000, -53.25000000000000000 ) ) ;
#377 = ORIENTED_EDGE ( 'NONE', *, *, #1426, .F. ) ;
#378 = ADVANCED_FACE ( 'NONE', ( #4263 ), #3473, .F. ) ;
#379 = CARTESIAN_POINT ( 'NONE',  ( 31.24999999999998934, 21.50000000000000000, -52.50000000000000711 ) ) ;
#380 = VECTOR ( 'NONE', #3376, 1000.000000000000000 ) ;
#381 = LINE ( 'NONE', #3144, #517 ) ;
#382 = CARTESIAN_POINT ( 'NONE',  ( 76.74999999999998579, 23.00000000000000000, -55.50000000000000000 ) ) ;
#383 = AXIS2_PLACEMENT_3D ( 'NONE', #1915, #2979, #1602 ) ;
#384 = CYLINDRICAL_SURFACE ( 'NONE', #4400, 2.250000000000001776 ) ;
#385 = AXIS2_PLACEMENT_3D ( 'NONE', #500, #3218, #1539 ) ;
#386 = VECTOR ( 'NONE', #3248, 1000.000000000000000 ) ;
#387 = ORIENTED_EDGE ( 'NONE', *, *, #1780, .T. ) ;
#388 = DIRECTION ( 'NONE',  ( -0.000000000000000000, 1.000000000000000000, -0.000000000000000000 ) ) ;
#389 = AXIS2_PLACEMENT_3D ( 'NONE', #107, #1505, #3572 ) ;
#390 = VECTOR ( 'NONE', #126, 1000.000000000000000 ) ;
#391 = CARTESIAN_POINT ( 'NONE',  ( 86.49999999999998579, 19.00000000000000000, -24.49999999999999645 ) ) ;
#392 = EDGE_CURVE ( 'NONE', #3600, #3863, #780, .T. ) ;
#393 = VECTOR ( 'NONE', #2101, 1000.000000000000000 ) ;
#394 = DIRECTION ( 'NONE',  ( 0.000000000000000000, 0.000000000000000000, -1.000000000000000000 ) ) ;
#395 = ORIENTED_EDGE ( 'NONE', *, *, #1761, .T. ) ;
#396 = CC_DESIGN_PERSON_AND_ORGANIZATION_ASSIGNMENT ( #4469, #3037, ( #2385 ) ) ;
#397 = ORIENTED_EDGE ( 'NONE', *, *, #1453, .F. ) ;
#398 = CIRCLE ( 'NONE', #185, 2.250000000000001776 ) ;
#399 = CARTESIAN_POINT ( 'NONE',  ( 30.00000000000000000, 23.00000000000000000, -30.00000000000000000 ) ) ;
#400 = DIRECTION ( 'NONE',  ( 0.000000000000000000, 1.000000000000000000, 0.000000000000000000 ) ) ;
#401 = ORIENTED_EDGE ( 'NONE', *, *, #1011, .T. ) ;
#402 = DIRECTION ( 'NONE',  ( 1.000000000000000000, 0.000000000000000000, 0.000000000000000000 ) ) ;
#403 = ORIENTED_EDGE ( 'NONE', *, *, #3087, .F. ) ;
#404 = CARTESIAN_POINT ( 'NONE',  ( -1.428576906975715191E-14, 9.500000000000005329, -57.17499999999997584 ) ) ;
#405 = CARTESIAN_POINT ( 'NONE',  ( 31.24999999999998579, 21.50000000000000000, -69.75000000000000000 ) ) ;
#406 = DIRECTION ( 'NONE',  ( -0.000000000000000000, 1.000000000000000000, -0.000000000000000000 ) ) ;
#407 = CARTESIAN_POINT ( 'NONE',  ( 31.24999999999998579, 21.50000000000000000, -48.75000000000000000 ) ) ;
#408 = DIRECTION ( 'NONE',  ( -0.000000000000000000, -1.000000000000000000, -0.000000000000000000 ) ) ;
#409 = EDGE_CURVE ( 'NONE', #344, #483, #2880, .T. ) ;
#410 = CARTESIAN_POINT ( 'NONE',  ( 31.24999999999998579, 23.00000000000000000, -72.75000000000001421 ) ) ;
#411 = ORIENTED_EDGE ( 'NONE', *, *, #409, .F. ) ;
#412 = CARTESIAN_POINT ( 'NONE',  ( 76.74999999999998579, 21.50000000000000000, -44.25000000000000000 ) ) ;
#413 = DIRECTION ( 'NONE',  ( 0.000000000000000000, 0.000000000000000000, 1.000000000000000000 ) ) ;
#414 = DIRECTION ( 'NONE',  ( -0.000000000000000000, -1.000000000000000000, -0.000000000000000000 ) ) ;
#415 = CARTESIAN_POINT ( 'NONE',  ( 98.45000000000000284, 19.00000000000000000, -69.87500000000001421 ) ) ;
#416 = EDGE_LOOP ( 'NONE', ( #218, #3529, #2254, #3092 ) ) ;
#417 = EDGE_CURVE ( 'NONE', #3672, #2762, #1075, .T. ) ;
#418 = FACE_OUTER_BOUND ( 'NONE', #4312, .T. ) ;
#419 = VECTOR ( 'NONE', #622, 1000.000000000000000 ) ;
#420 = CYLINDRICAL_SURFACE ( 'NONE', #878, 2.250000000000001776 ) ;
#421 = ORIENTED_EDGE ( 'NONE', *, *, #790, .T. ) ;
#422 = DIRECTION ( 'NONE',  ( 0.000000000000000000, 0.000000000000000000, -1.000000000000000000 ) ) ;
#423 = ORIENTED_EDGE ( 'NONE', *, *, #4350, .F. ) ;
#424 = LINE ( 'NONE', #833, #4078 ) ;
#425 = DIRECTION ( 'NONE',  ( 1.000000000000000000, 0.000000000000000000, 0.000000000000000000 ) ) ;
#426 = ORIENTED_EDGE ( 'NONE', *, *, #1837, .F. ) ;
#427 = CARTESIAN_POINT ( 'NONE',  ( 31.24999999999998579, 23.00000000000000000, -75.75000000000000000 ) ) ;
#428 = AXIS2_PLACEMENT_3D ( 'NONE', #658, #1442, #2455 ) ;
#429 = CARTESIAN_POINT ( 'NONE',  ( 31.24999999999998579, 23.00000000000000000, -58.50000000000000000 ) ) ;
#430 = CARTESIAN_POINT ( 'NONE',  ( 78.00000000000000000, 8.890000000000000568, -78.00000000000000000 ) ) ;
#431 = EDGE_CURVE ( 'NONE', #143, #375, #759, .T. ) ;
#432 = ORIENTED_EDGE ( 'NONE', *, *, #2923, .T. ) ;
#433 = DIRECTION ( 'NONE',  ( -0.000000000000000000, 1.000000000000000000, -0.000000000000000000 ) ) ;
#434 = CARTESIAN_POINT ( 'NONE',  ( 31.24999999999998579, 21.50000000000000000, -77.25000000000001421 ) ) ;
#435 = CARTESIAN_POINT ( 'NONE',  ( 54.00000000000002842, 9.500000000000000000, -108.0000000000000000 ) ) ;
#436 = EDGE_CURVE ( 'NONE', #2992, #2870, #3104, .T. ) ;
#437 = DIRECTION ( 'NONE',  ( 1.000000000000000000, 0.000000000000000000, -0.000000000000000000 ) ) ;
#438 = ORIENTED_EDGE ( 'NONE', *, *, #1311, .F. ) ;
#439 = AXIS2_PLACEMENT_3D ( 'NONE', #1772, #54, #171 ) ;
#440 = CARTESIAN_POINT ( 'NONE',  ( 78.00000000000000000, 23.00000000000000000, -78.75000000000000000 ) ) ;
#441 = LINE ( 'NONE', #3922, #2671 ) ;
#442 = EDGE_CURVE ( 'NONE', #3232, #1641, #137, .T. ) ;
#443 = VERTEX_POINT ( 'NONE', #1790 ) ;
#444 = CARTESIAN_POINT ( 'NONE',  ( 31.24999999999998934, 21.50000000000000000, -76.50000000000001421 ) ) ;
#445 = EDGE_LOOP ( 'NONE', ( #3456, #1335, #1429, #972 ) ) ;
#446 = DIRECTION ( 'NONE',  ( 0.000000000000000000, 0.000000000000000000, -1.000000000000000000 ) ) ;
#447 = VECTOR ( 'NONE', #2322, 1000.000000000000000 ) ;
#448 = CARTESIAN_POINT ( 'NONE',  ( 31.24999999999998579, 21.50000000000000000, -46.50000000000000000 ) ) ;
#449 = EDGE_CURVE ( 'NONE', #3990, #1152, #2441, .T. ) ;
#450 = VERTEX_POINT ( 'NONE', #2104 ) ;
#451 = VECTOR ( 'NONE', #3054, 1000.000000000000000 ) ;
#452 = DIRECTION ( 'NONE',  ( 0.000000000000000000, -0.000000000000000000, 1.000000000000000000 ) ) ;
#453 = CARTESIAN_POINT ( 'NONE',  ( 49.78360000000002827, 9.500000000000000000, -108.0000000000000000 ) ) ;
#454 = DIRECTION ( 'NONE',  ( 1.000000000000000000, 0.000000000000000000, 0.000000000000000000 ) ) ;
#455 = ORIENTED_EDGE ( 'NONE', *, *, #1338, .F. ) ;
#456 = FACE_OUTER_BOUND ( 'NONE', #2252, .T. ) ;
#457 = CARTESIAN_POINT ( 'NONE',  ( 103.0000000000000000, 19.00000000000000000, -108.0000000000000000 ) ) ;
#458 = CIRCLE ( 'NONE', #3206, 3.174999999999997158 ) ;
#459 = CYLINDRICAL_SURFACE ( 'NONE', #94, 3.174999999999997158 ) ;
#460 = EDGE_CURVE ( 'NONE', #805, #1903, #710, .T. ) ;
#461 = AXIS2_PLACEMENT_3D ( 'NONE', #3730, #1955, #201 ) ;
#462 = DIRECTION ( 'NONE',  ( -0.000000000000000000, -0.000000000000000000, -1.000000000000000000 ) ) ;
#463 = EDGE_CURVE ( 'NONE', #3635, #2482, #3156, .T. ) ;
#464 = EDGE_LOOP ( 'NONE', ( #479, #3926 ) ) ;
#465 = EDGE_CURVE ( 'NONE', #1047, #901, #52, .T. ) ;
#466 = VECTOR ( 'NONE', #3794, 1000.000000000000000 ) ;
#467 = DIRECTION ( 'NONE',  ( 0.000000000000000000, 0.000000000000000000, 1.000000000000000000 ) ) ;
#468 = FACE_BOUND ( 'NONE', #1954, .T. ) ;
#469 = ORIENTED_EDGE ( 'NONE', *, *, #3338, .F. ) ;
#470 = DIRECTION ( 'NONE',  ( 1.000000000000000000, -0.000000000000000000, -1.284980352575412699E-16 ) ) ;
#471 = ORIENTED_EDGE ( 'NONE', *, *, #3147, .T. ) ;
#472 = CIRCLE ( 'NONE', #1906, 5.000000000000004441 ) ;
#473 = CYLINDRICAL_SURFACE ( 'NONE', #2626, 2.250000000000001776 ) ;
#474 = DIRECTION ( 'NONE',  ( 0.000000000000000000, 0.000000000000000000, 1.000000000000000000 ) ) ;
#475 = ORIENTED_EDGE ( 'NONE', *, *, #1634, .T. ) ;
#476 = DIRECTION ( 'NONE',  ( 0.000000000000000000, 1.000000000000000000, 0.000000000000000000 ) ) ;
#477 = DIRECTION ( 'NONE',  ( -0.000000000000000000, 1.000000000000000000, -0.000000000000000000 ) ) ;
#478 = EDGE_CURVE ( 'NONE', #2422, #763, #3877, .T. ) ;
#479 = ORIENTED_EDGE ( 'NONE', *, *, #3667, .F. ) ;
#480 = CARTESIAN_POINT ( 'NONE',  ( 31.24999999999998579, 21.50000000000000000, -64.50000000000000000 ) ) ;
#481 = CYLINDRICAL_SURFACE ( 'NONE', #754, 0.7500000000000006661 ) ;
#482 = CARTESIAN_POINT ( 'NONE',  ( 31.24999999999998579, 23.00000000000000000, -71.25000000000001421 ) ) ;
#483 = VERTEX_POINT ( 'NONE', #2150 ) ;
#484 = CARTESIAN_POINT ( 'NONE',  ( 76.74999999999998579, 21.50000000000000000, -32.25000000000000000 ) ) ;
#485 = LINE ( 'NONE', #4222, #3832 ) ;
#486 = EDGE_CURVE ( 'NONE', #3883, #967, #4244, .T. ) ;
#487 = ADVANCED_FACE ( 'NONE', ( #2173 ), #4193, .F. ) ;
#488 = ORIENTED_EDGE ( 'NONE', *, *, #1255, .F. ) ;
#489 = DIRECTION ( 'NONE',  ( 0.000000000000000000, 1.000000000000000000, 0.000000000000000000 ) ) ;
#490 = VERTEX_POINT ( 'NONE', #3566 ) ;
#491 = DIRECTION ( 'NONE',  ( -0.000000000000000000, 1.000000000000000000, -0.000000000000000000 ) ) ;
#492 = CIRCLE ( 'NONE', #235, 3.000000000000002665 ) ;
#493 = ORIENTED_EDGE ( 'NONE', *, *, #3258, .F. ) ;
#494 = CARTESIAN_POINT ( 'NONE',  ( 19.00000000000000000, 9.500000000000005329, -53.99999999999997868 ) ) ;
#495 = ORIENTED_EDGE ( 'NONE', *, *, #2700, .T. ) ;
#496 = FACE_BOUND ( 'NONE', #2739, .T. ) ;
#497 = CYLINDRICAL_SURFACE ( 'NONE', #3243, 2.250000000000001776 ) ;
#498 = DIRECTION ( 'NONE',  ( 0.000000000000000000, 0.000000000000000000, 1.000000000000000000 ) ) ;
#499 = EDGE_LOOP ( 'NONE', ( #1570, #858 ) ) ;
#500 = CARTESIAN_POINT ( 'NONE',  ( 31.24999999999998579, 21.50000000000000000, -58.50000000000000000 ) ) ;
#501 = ADVANCED_FACE ( 'NONE', ( #418 ), #119, .F. ) ;
#502 = CARTESIAN_POINT ( 'NONE',  ( 76.74999999999998579, 23.00000000000000000, -75.75000000000001421 ) ) ;
#503 = AXIS2_PLACEMENT_3D ( 'NONE', #1745, #1771, #3830 ) ;
#504 = EDGE_LOOP ( 'NONE', ( #3322, #3664, #432, #4261 ) ) ;
#505 = PLANE ( 'NONE',  #2925 ) ;
#506 = ORIENTED_EDGE ( 'NONE', *, *, #2374, .T. ) ;
#507 = CARTESIAN_POINT ( 'NONE',  ( 76.74999999999998579, 21.50000000000000000, -72.75000000000001421 ) ) ;
#508 = COORDINATED_UNIVERSAL_TIME_OFFSET ( 1, 0, .AHEAD. ) ;
#509 = ORIENTED_EDGE ( 'NONE', *, *, #2935, .F. ) ;
#510 = DIRECTION ( 'NONE',  ( -0.000000000000000000, 1.000000000000000000, -0.000000000000000000 ) ) ;
#511 = ORIENTED_EDGE ( 'NONE', *, *, #1341, .T. ) ;
#512 = LINE ( 'NONE', #1557, #2120 ) ;
#513 = EDGE_CURVE ( 'NONE', #3766, #2016, #4220, .T. ) ;
#514 = EDGE_LOOP ( 'NONE', ( #3637, #1545 ) ) ;
#515 = VECTOR ( 'NONE', #2490, 1000.000000000000000 ) ;
#516 = CARTESIAN_POINT ( 'NONE',  ( 31.24999999999998579, 23.00000000000000000, -51.75000000000000711 ) ) ;
#517 = VECTOR ( 'NONE', #406, 1000.000000000000000 ) ;
#518 = EDGE_LOOP ( 'NONE', ( #2603, #3701, #2137, #2248 ) ) ;
#519 = CARTESIAN_POINT ( 'NONE',  ( 31.24999999999998579, 21.50000000000000000, -53.25000000000000711 ) ) ;
#520 = ORIENTED_EDGE ( 'NONE', *, *, #2620, .F. ) ;
#521 = CIRCLE ( 'NONE', #2528, 2.250000000000001776 ) ;
#522 = DIRECTION ( 'NONE',  ( 1.000000000000000000, 0.000000000000000000, 0.000000000000000000 ) ) ;
#523 = EDGE_CURVE ( 'NONE', #1952, #1270, #703, .T. ) ;
#524 = PLANE ( 'NONE',  #1027 ) ;
#525 = VECTOR ( 'NONE', #2393, 1000.000000000000000 ) ;
#526 = VERTEX_POINT ( 'NONE', #1877 ) ;
#527 = LINE ( 'NONE', #3961, #3629 ) ;
#528 = VECTOR ( 'NONE', #68, 1000.000000000000000 ) ;
#529 = PLANE ( 'NONE',  #3716 ) ;
#530 = ORIENTED_EDGE ( 'NONE', *, *, #3982, .T. ) ;
#531 = DIRECTION ( 'NONE',  ( 0.000000000000000000, 0.000000000000000000, -1.000000000000000000 ) ) ;
#532 = ORIENTED_EDGE ( 'NONE', *, *, #984, .T. ) ;
#533 = AXIS2_PLACEMENT_3D ( 'NONE', #3641, #545, #3351 ) ;
#534 = AXIS2_PLACEMENT_3D ( 'NONE', #4238, #1132, #3195 ) ;
#535 = EDGE_CURVE ( 'NONE', #2163, #4277, #2215, .T. ) ;
#536 = CARTESIAN_POINT ( 'NONE',  ( 31.24999999999998934, 23.00000000000000000, -40.50000000000000000 ) ) ;
#537 = CARTESIAN_POINT ( 'NONE',  ( 0.000000000000000000, 0.000000000000000000, 0.000000000000000000 ) ) ;
#538 = EDGE_LOOP ( 'NONE', ( #3366, #172, #3770, #671 ) ) ;
#539 = DIRECTION ( 'NONE',  ( 1.000000000000000000, 0.000000000000000000, 0.000000000000000000 ) ) ;
#540 = VECTOR ( 'NONE', #1033, 1000.000000000000000 ) ;
#541 = ORIENTED_EDGE ( 'NONE', *, *, #2553, .F. ) ;
#542 = ORIENTED_EDGE ( 'NONE', *, *, #2383, .F. ) ;
#543 = CIRCLE ( 'NONE', #2920, 3.174999999999997158 ) ;
#544 = ORIENTED_EDGE ( 'NONE', *, *, #4274, .F. ) ;
#545 = DIRECTION ( 'NONE',  ( 0.000000000000000000, 0.000000000000000000, -1.000000000000000000 ) ) ;
#546 = AXIS2_PLACEMENT_3D ( 'NONE', #3995, #1620, #1640 ) ;
#547 = ORIENTED_EDGE ( 'NONE', *, *, #57, .F. ) ;
#548 = DIRECTION ( 'NONE',  ( -1.000000000000000000, 0.000000000000000000, 0.000000000000000000 ) ) ;
#549 = CARTESIAN_POINT ( 'NONE',  ( 31.24999999999998579, 23.00000000000000000, -47.25000000000000000 ) ) ;
#550 = VECTOR ( 'NONE', #2926, 1000.000000000000000 ) ;
#551 = EDGE_CURVE ( 'NONE', #375, #4191, #4316, .T. ) ;
#552 = CARTESIAN_POINT ( 'NONE',  ( 19.00000000000000000, 9.500000000000005329, -53.99999999999997868 ) ) ;
#553 = EDGE_CURVE ( 'NONE', #2949, #1835, #1062, .T. ) ;
#554 = CARTESIAN_POINT ( 'NONE',  ( 5.000000000000035527, 0.000000000000000000, 0.000000000000000000 ) ) ;
#555 = ORIENTED_EDGE ( 'NONE', *, *, #371, .T. ) ;
#556 = DIRECTION ( 'NONE',  ( -1.000000000000000000, -0.000000000000000000, -0.000000000000000000 ) ) ;
#557 = ORIENTED_EDGE ( 'NONE', *, *, #1104, .T. ) ;
#558 = DIRECTION ( 'NONE',  ( -0.000000000000000000, -1.000000000000000000, -0.000000000000000000 ) ) ;
#559 = CARTESIAN_POINT ( 'NONE',  ( 31.24999999999998934, 21.50000000000000000, -33.75000000000000000 ) ) ;
#560 = DIRECTION ( 'NONE',  ( 0.000000000000000000, 0.000000000000000000, 1.000000000000000000 ) ) ;
#561 = EDGE_CURVE ( 'NONE', #3662, #265, #2579, .T. ) ;
#562 = ORIENTED_EDGE ( 'NONE', *, *, #291, .T. ) ;
#563 = ORIENTED_EDGE ( 'NONE', *, *, #2898, .F. ) ;
#564 = VERTEX_POINT ( 'NONE', #578 ) ;
#565 = DIRECTION ( 'NONE',  ( -0.000000000000000000, -1.000000000000000000, -0.000000000000000000 ) ) ;
#566 = ORIENTED_EDGE ( 'NONE', *, *, #2058, .F. ) ;
#567 = CARTESIAN_POINT ( 'NONE',  ( 19.00000000000000000, 9.500000000000005329, -50.04999999999997584 ) ) ;
#568 = PLANE ( 'NONE',  #4065 ) ;
#569 = CARTESIAN_POINT ( 'NONE',  ( 98.45000000000000284, 19.00000000000000000, -31.77500000000001279 ) ) ;
#570 = DIRECTION ( 'NONE',  ( 0.000000000000000000, 0.000000000000000000, -1.000000000000000000 ) ) ;
#571 = EDGE_CURVE ( 'NONE', #2860, #2699, #1225, .T. ) ;
#572 = VERTEX_POINT ( 'NONE', #507 ) ;
#573 = DIRECTION ( 'NONE',  ( 0.000000000000000000, 1.000000000000000000, -0.000000000000000000 ) ) ;
#574 = DIRECTION ( 'NONE',  ( 0.000000000000000000, 0.000000000000000000, -1.000000000000000000 ) ) ;
#575 = CIRCLE ( 'NONE', #63, 3.174999999999997158 ) ;
#576 = VERTEX_POINT ( 'NONE', #3299 ) ;
#577 = EDGE_CURVE ( 'NONE', #2238, #3906, #637, .T. ) ;
#578 = CARTESIAN_POINT ( 'NONE',  ( 76.74999999999998579, 21.50000000000000000, -62.25000000000000000 ) ) ;
#579 = CYLINDRICAL_SURFACE ( 'NONE', #3480, 0.7500000000000006661 ) ;
#580 = DIRECTION ( 'NONE',  ( 0.000000000000000000, 0.000000000000000000, -1.000000000000000000 ) ) ;
#581 = DIRECTION ( 'NONE',  ( 0.000000000000000000, 0.000000000000000000, -1.000000000000000000 ) ) ;
#582 = ORIENTED_EDGE ( 'NONE', *, *, #974, .F. ) ;
#583 = EDGE_LOOP ( 'NONE', ( #612, #3328, #1705, #1251 ) ) ;
#584 = ORIENTED_EDGE ( 'NONE', *, *, #561, .T. ) ;
#585 = DIRECTION ( 'NONE',  ( -1.000000000000000000, -0.000000000000000000, -0.000000000000000000 ) ) ;
#586 = ORIENTED_EDGE ( 'NONE', *, *, #3313, .F. ) ;
#587 = CARTESIAN_POINT ( 'NONE',  ( 86.49999999999997158, 23.00000000000000000, -83.49999999999998579 ) ) ;
#588 = AXIS2_PLACEMENT_3D ( 'NONE', #3180, #400, #2832 ) ;
#589 = EDGE_CURVE ( 'NONE', #2203, #4407, #2899, .T. ) ;
#590 = DIRECTION ( 'NONE',  ( 1.000000000000000000, 0.000000000000000000, 0.000000000000000000 ) ) ;
#591 = PLANE ( 'NONE',  #4133 ) ;
#592 = DIRECTION ( 'NONE',  ( -0.000000000000000000, -1.000000000000000000, -0.000000000000000000 ) ) ;
#593 = AXIS2_PLACEMENT_3D ( 'NONE', #4461, #1756, #654 ) ;
#594 = ORIENTED_EDGE ( 'NONE', *, *, #598, .F. ) ;
#595 = LINE ( 'NONE', #660, #1373 ) ;
#596 = VECTOR ( 'NONE', #3775, 1000.000000000000000 ) ;
#597 = CARTESIAN_POINT ( 'NONE',  ( 31.24999999999998934, 23.00000000000000000, -33.75000000000000000 ) ) ;
#598 = EDGE_CURVE ( 'NONE', #4171, #1599, #1946, .T. ) ;
#599 = LINE ( 'NONE', #2735, #1577 ) ;
#600 = VECTOR ( 'NONE', #3356, 1000.000000000000000 ) ;
#601 = PERSON_AND_ORGANIZATION ( #3044, #4055 ) ;
#602 = ORIENTED_EDGE ( 'NONE', *, *, #2652, .F. ) ;
#603 = ADVANCED_FACE ( 'NONE', ( #170 ), #4395, .F. ) ;
#604 = CARTESIAN_POINT ( 'NONE',  ( 76.74999999999998579, 21.50000000000000000, -59.25000000000000000 ) ) ;
#605 = CIRCLE ( 'NONE', #534, 5.000000000000002665 ) ;
#606 = ORIENTED_EDGE ( 'NONE', *, *, #1853, .T. ) ;
#607 = ORIENTED_EDGE ( 'NONE', *, *, #1959, .F. ) ;
#608 = CIRCLE ( 'NONE', #173, 2.250000000000001776 ) ;
#609 = ORIENTED_EDGE ( 'NONE', *, *, #2250, .T. ) ;
#610 = CIRCLE ( 'NONE', #2476, 3.174999999999983391 ) ;
#611 = DIRECTION ( 'NONE',  ( -0.000000000000000000, -1.000000000000000000, -0.000000000000000000 ) ) ;
#612 = ORIENTED_EDGE ( 'NONE', *, *, #1241, .T. ) ;
#613 = CARTESIAN_POINT ( 'NONE',  ( 31.24999999999998579, 21.50000000000000000, -50.25000000000000000 ) ) ;
#614 = CARTESIAN_POINT ( 'NONE',  ( 76.74999999999998579, 23.00000000000000000, -71.25000000000001421 ) ) ;
#615 = CARTESIAN_POINT ( 'NONE',  ( 76.75000000000000000, 21.50000000000000000, -67.50000000000000000 ) ) ;
#616 = EDGE_CURVE ( 'NONE', #1028, #3973, #2724, .T. ) ;
#617 = FACE_OUTER_BOUND ( 'NONE', #3208, .T. ) ;
#618 = VECTOR ( 'NONE', #4402, 1000.000000000000000 ) ;
#619 = ORIENTED_EDGE ( 'NONE', *, *, #270, .T. ) ;
#620 = DIRECTION ( 'NONE',  ( -0.000000000000000000, 1.000000000000000000, -0.000000000000000000 ) ) ;
#621 = DIRECTION ( 'NONE',  ( -0.000000000000000000, -1.000000000000000000, 0.000000000000000000 ) ) ;
#622 = DIRECTION ( 'NONE',  ( -0.000000000000000000, 1.000000000000000000, -0.000000000000000000 ) ) ;
#623 = DIRECTION ( 'NONE',  ( 1.000000000000000000, 0.000000000000000000, 0.000000000000000000 ) ) ;
#624 = LINE ( 'NONE', #3387, #3433 ) ;
#625 = ORIENTED_EDGE ( 'NONE', *, *, #3815, .F. ) ;
#626 = VERTEX_POINT ( 'NONE', #2531 ) ;
#627 = EDGE_CURVE ( 'NONE', #4466, #1775, #1646, .T. ) ;
#628 = EDGE_CURVE ( 'NONE', #1344, #2904, #1572, .T. ) ;
#629 = VERTEX_POINT ( 'NONE', #2287 ) ;
#630 = CARTESIAN_POINT ( 'NONE',  ( 78.00000000000000000, -2.488482295867306383E-17, -78.00000000000000000 ) ) ;
#631 = EDGE_LOOP ( 'NONE', ( #1708, #3591, #1763, #2901, #4243, #1626, #4321, #928 ) ) ;
#632 = FACE_OUTER_BOUND ( 'NONE', #1428, .T. ) ;
#633 = ADVANCED_FACE ( 'NONE', ( #2968 ), #3633, .F. ) ;
#634 = CARTESIAN_POINT ( 'NONE',  ( 98.45000000000000284, 19.00000000000000000, -38.12499999999997868 ) ) ;
#635 = DIRECTION ( 'NONE',  ( -0.000000000000000000, -0.000000000000000000, -1.000000000000000000 ) ) ;
#636 = CARTESIAN_POINT ( 'NONE',  ( 31.24999999999998579, 21.50000000000000000, -52.50000000000000711 ) ) ;
#637 = CIRCLE ( 'NONE', #53, 1.824999999999993294 ) ;
#638 = EDGE_CURVE ( 'NONE', #3863, #1889, #3946, .T. ) ;
#639 = EDGE_LOOP ( 'NONE', ( #4043, #2741, #1247, #4265, #924, #455, #4192, #2096, #520, #1464, #3472, #2687, #3017, #4361, #50, #2584, #1274, #2959, #202, #438, #1302, #1026, #1908, #3304, #9, #853, #4062, #352, #1267, #829, #2821, #1211, #714, #1090, #3729, #3787, #2497, #563, #1675, #3679, #939, #3372, #3821, #3380, #750, #582, #4369, #2586, #4403, #2067, #2543, #4014, #4067, #3135, #307, #2566, #3069, #2153, #2416, #544, #2018, #1559, #712, #4041, #2335, #66, #4429, #1697 ) ) ;
#640 = CYLINDRICAL_SURFACE ( 'NONE', #948, 0.7500000000000006661 ) ;
#641 = CARTESIAN_POINT ( 'NONE',  ( 83.49999999999997158, 19.00000000000000000, -21.50000000000000000 ) ) ;
#642 = FACE_OUTER_BOUND ( 'NONE', #2407, .T. ) ;
#643 = EDGE_CURVE ( 'NONE', #3068, #1137, #2950, .T. ) ;
#644 = CIRCLE ( 'NONE', #210, 0.7500000000000006661 ) ;
#645 = CARTESIAN_POINT ( 'NONE',  ( 83.49999999999995737, 19.00000000000000000, -83.49999999999998579 ) ) ;
#646 = DIRECTION ( 'NONE',  ( 0.000000000000000000, 0.000000000000000000, 1.000000000000000000 ) ) ;
#647 = ORIENTED_EDGE ( 'NONE', *, *, #4262, .T. ) ;
#648 = ORIENTED_EDGE ( 'NONE', *, *, #3752, .F. ) ;
#649 = EDGE_LOOP ( 'NONE', ( #3149, #4211, #4300 ) ) ;
#650 = DIRECTION ( 'NONE',  ( 1.000000000000000000, 0.000000000000000000, 0.000000000000000000 ) ) ;
#651 = ORIENTED_EDGE ( 'NONE', *, *, #2721, .F. ) ;
#652 = ADVANCED_FACE ( 'NONE', ( #3318 ), #1594, .F. ) ;
#653 = DIRECTION ( 'NONE',  ( -0.000000000000000000, -1.000000000000000000, 0.000000000000000000 ) ) ;
#654 = DIRECTION ( 'NONE',  ( -1.000000000000000000, 0.000000000000000000, 0.000000000000000000 ) ) ;
#655 = DIRECTION ( 'NONE',  ( 1.000000000000000000, -0.000000000000000000, -1.284980352575412699E-16 ) ) ;
#656 = CARTESIAN_POINT ( 'NONE',  ( 31.24999999999998579, 21.50000000000000000, -59.25000000000000000 ) ) ;
#657 = CIRCLE ( 'NONE', #3904, 3.174999999999997158 ) ;
#658 = CARTESIAN_POINT ( 'NONE',  ( 9.550000000000004263, 19.00000000000000000, -73.04999999999999716 ) ) ;
#659 = ORIENTED_EDGE ( 'NONE', *, *, #1297, .F. ) ;
#660 = CARTESIAN_POINT ( 'NONE',  ( 31.24999999999998579, 21.50000000000000000, -33.75000000000000000 ) ) ;
#661 = FACE_BOUND ( 'NONE', #785, .T. ) ;
#662 = AXIS2_PLACEMENT_3D ( 'NONE', #3609, #1926, #4317 ) ;
#663 = DIRECTION ( 'NONE',  ( 0.000000000000000000, 0.000000000000000000, -1.000000000000000000 ) ) ;
#664 = VECTOR ( 'NONE', #2661, 1000.000000000000000 ) ;
#665 = PERSON_AND_ORGANIZATION ( #3044, #4055 ) ;
#666 = CARTESIAN_POINT ( 'NONE',  ( 76.74999999999998579, 23.00000000000000000, -65.25000000000000000 ) ) ;
#667 = DIRECTION ( 'NONE',  ( -0.000000000000000000, 1.000000000000000000, -0.000000000000000000 ) ) ;
#668 = VERTEX_POINT ( 'NONE', #484 ) ;
#669 = EDGE_CURVE ( 'NONE', #1017, #25, #1272, .T. ) ;
#670 = VECTOR ( 'NONE', #1984, 1000.000000000000000 ) ;
#671 = ORIENTED_EDGE ( 'NONE', *, *, #872, .T. ) ;
#672 = VERTEX_POINT ( 'NONE', #2010 ) ;
#673 = DIRECTION ( 'NONE',  ( -0.000000000000000000, -1.000000000000000000, -0.000000000000000000 ) ) ;
#674 = ORIENTED_EDGE ( 'NONE', *, *, #3507, .T. ) ;
#675 = DIRECTION ( 'NONE',  ( 0.000000000000000000, 0.000000000000000000, 1.000000000000000000 ) ) ;
#676 = VECTOR ( 'NONE', #310, 1000.000000000000000 ) ;
#677 = CARTESIAN_POINT ( 'NONE',  ( 31.24999999999998579, 21.50000000000000000, -53.25000000000000711 ) ) ;
#678 = PLANE ( 'NONE',  #3834 ) ;
#679 = CARTESIAN_POINT ( 'NONE',  ( 19.00000000000000000, 0.000000000000000000, -98.45000000000000284 ) ) ;
#680 = VECTOR ( 'NONE', #1238, 1000.000000000000000 ) ;
#681 = DIRECTION ( 'NONE',  ( -0.000000000000000000, 1.000000000000000000, -0.000000000000000000 ) ) ;
#682 = EDGE_CURVE ( 'NONE', #275, #1832, #274, .T. ) ;
#683 = ORIENTED_EDGE ( 'NONE', *, *, #3671, .F. ) ;
#684 = CARTESIAN_POINT ( 'NONE',  ( 9.550000000000007816, 0.000000000000000000, -38.12499999999999289 ) ) ;
#685 = VECTOR ( 'NONE', #3321, 1000.000000000000000 ) ;
#686 = CARTESIAN_POINT ( 'NONE',  ( 31.24999999999998579, 21.50000000000000000, -30.75000000000000000 ) ) ;
#687 = CIRCLE ( 'NONE', #2340, 2.250000000000001776 ) ;
#688 = DIRECTION ( 'NONE',  ( -0.000000000000000000, 1.000000000000000000, -0.000000000000000000 ) ) ;
#689 = LINE ( 'NONE', #1406, #106 ) ;
#690 = ORIENTED_EDGE ( 'NONE', *, *, #3930, .F. ) ;
#691 = EDGE_LOOP ( 'NONE', ( #4455, #2764, #3298, #3814 ) ) ;
#692 = EDGE_CURVE ( 'NONE', #2722, #3871, #327, .T. ) ;
#693 = ORIENTED_EDGE ( 'NONE', *, *, #3464, .F. ) ;
#694 = DIRECTION ( 'NONE',  ( 1.000000000000000000, 0.000000000000000000, 0.000000000000000000 ) ) ;
#695 = ORIENTED_EDGE ( 'NONE', *, *, #2509, .F. ) ;
#696 = CARTESIAN_POINT ( 'NONE',  ( 59.11343166082949807, 9.500000000000000000, -107.0000000000000000 ) ) ;
#697 = FACE_OUTER_BOUND ( 'NONE', #723, .T. ) ;
#698 = DIRECTION ( 'NONE',  ( -0.000000000000000000, 1.000000000000000000, -0.000000000000000000 ) ) ;
#699 = LINE ( 'NONE', #2729, #596 ) ;
#700 = DIRECTION ( 'NONE',  ( 1.000000000000000000, 0.000000000000000000, 0.000000000000000000 ) ) ;
#701 = ORIENTED_EDGE ( 'NONE', *, *, #1255, .T. ) ;
#702 = CARTESIAN_POINT ( 'NONE',  ( 31.24999999999998579, 21.50000000000000000, -45.75000000000000000 ) ) ;
#703 = CIRCLE ( 'NONE', #2576, 0.7500000000000006661 ) ;
#704 = ADVANCED_FACE ( 'NONE', ( #1658 ), #1970, .F. ) ;
#705 = FACE_OUTER_BOUND ( 'NONE', #583, .T. ) ;
#706 = CARTESIAN_POINT ( 'NONE',  ( 31.24999999999998579, 23.00000000000000000, -53.25000000000000711 ) ) ;
#707 = EDGE_LOOP ( 'NONE', ( #1814, #3931, #3369, #3642 ) ) ;
#708 = EDGE_CURVE ( 'NONE', #1228, #2240, #4449, .T. ) ;
#709 = ORIENTED_EDGE ( 'NONE', *, *, #3752, .T. ) ;
#710 = LINE ( 'NONE', #1092, #717 ) ;
#711 = AXIS2_PLACEMENT_3D ( 'NONE', #839, #477, #87 ) ;
#712 = ORIENTED_EDGE ( 'NONE', *, *, #2306, .F. ) ;
#713 = CARTESIAN_POINT ( 'NONE',  ( 9.550000000000007816, 0.000000000000000000, -31.77499999999999858 ) ) ;
#714 = ORIENTED_EDGE ( 'NONE', *, *, #42, .F. ) ;
#715 = FACE_OUTER_BOUND ( 'NONE', #631, .T. ) ;
#716 = VERTEX_POINT ( 'NONE', #3364 ) ;
#717 = VECTOR ( 'NONE', #733, 1000.000000000000000 ) ;
#718 = CARTESIAN_POINT ( 'NONE',  ( 83.49999999999997158, 23.00000000000000000, -24.49999999999999645 ) ) ;
#719 = CARTESIAN_POINT ( 'NONE',  ( 30.00000000000000000, 21.50000000000000000, -29.25000000000000000 ) ) ;
#720 = PLANE ( 'NONE',  #1607 ) ;
#721 = DIRECTION ( 'NONE',  ( 1.000000000000000000, 0.000000000000000000, 0.000000000000000000 ) ) ;
#722 = EDGE_CURVE ( 'NONE', #3863, #1327, #2869, .T. ) ;
#723 = EDGE_LOOP ( 'NONE', ( #2045, #2952, #847, #1282 ) ) ;
#724 = DIRECTION ( 'NONE',  ( 0.000000000000000000, 0.000000000000000000, 1.000000000000000000 ) ) ;
#725 = CIRCLE ( 'NONE', #1083, 5.000000000000000000 ) ;
#727 = CIRCLE ( 'NONE', #3263, 3.950000000000001954 ) ;
#726 = CYLINDRICAL_SURFACE ( 'NONE', #2755, 0.7500000000000006661 ) ;
#728 = ADVANCED_FACE ( 'NONE', ( #642 ), #2396, .T. ) ;
#729 = DIRECTION ( 'NONE',  ( -0.000000000000000000, -1.000000000000000000, -0.000000000000000000 ) ) ;
#730 = ORIENTED_EDGE ( 'NONE', *, *, #2402, .T. ) ;
#731 = ORIENTED_EDGE ( 'NONE', *, *, #2456, .T. ) ;
#732 = AXIS2_PLACEMENT_3D ( 'NONE', #2942, #2503, #3601 ) ;
#733 = DIRECTION ( 'NONE',  ( -0.000000000000000000, -1.000000000000000000, -0.000000000000000000 ) ) ;
#734 = ADVANCED_FACE ( 'NONE', ( #3036 ), #4381, .F. ) ;
#735 = DIRECTION ( 'NONE',  ( 0.000000000000000000, 0.000000000000000000, -1.000000000000000000 ) ) ;
#736 = VECTOR ( 'NONE', #688, 1000.000000000000000 ) ;
#737 = ORIENTED_EDGE ( 'NONE', *, *, #1135, .F. ) ;
#738 = CARTESIAN_POINT ( 'NONE',  ( 31.24999999999998579, 21.50000000000000000, -40.50000000000000000 ) ) ;
#739 = ORIENTED_EDGE ( 'NONE', *, *, #3889, .T. ) ;
#740 = CARTESIAN_POINT ( 'NONE',  ( 76.75000000000000000, 21.50000000000000000, -55.50000000000000000 ) ) ;
#741 = DIRECTION ( 'NONE',  ( 0.000000000000000000, 0.000000000000000000, 1.000000000000000000 ) ) ;
#742 = AXIS2_PLACEMENT_3D ( 'NONE', #2089, #3440, #2429 ) ;
#743 = DIRECTION ( 'NONE',  ( 0.000000000000000000, 0.000000000000000000, -1.000000000000000000 ) ) ;
#744 = CARTESIAN_POINT ( 'NONE',  ( 24.49999999999998224, 19.00000000000000000, -21.50000000000000000 ) ) ;
#745 = DIRECTION ( 'NONE',  ( 0.000000000000000000, 1.000000000000000000, 0.000000000000000000 ) ) ;
#746 = VECTOR ( 'NONE', #1799, 1000.000000000000000 ) ;
#747 = PLANE ( 'NONE',  #2956 ) ;
#748 = VECTOR ( 'NONE', #978, 1000.000000000000000 ) ;
#749 = AXIS2_PLACEMENT_3D ( 'NONE', #2861, #3589, #4226 ) ;
#750 = ORIENTED_EDGE ( 'NONE', *, *, #211, .F. ) ;
#751 = PLANE ( 'NONE',  #2110 ) ;
#752 = EDGE_CURVE ( 'NONE', #182, #3284, #1786, .T. ) ;
#753 = AXIS2_PLACEMENT_3D ( 'NONE', #740, #653, #4459 ) ;
#754 = AXIS2_PLACEMENT_3D ( 'NONE', #3582, #820, #1475 ) ;
#755 = CARTESIAN_POINT ( 'NONE',  ( 24.49999999999998224, 19.00000000000000000, -83.49999999999998579 ) ) ;
#756 = AXIS2_PLACEMENT_3D ( 'NONE', #4426, #1661, #4 ) ;
#757 = CARTESIAN_POINT ( 'NONE',  ( 0.000000000000000000, 0.000000000000000000, -102.9999999999999716 ) ) ;
#758 = ORIENTED_EDGE ( 'NONE', *, *, #3532, .F. ) ;
#759 = LINE ( 'NONE', #2782, #2300 ) ;
#760 = CARTESIAN_POINT ( 'NONE',  ( 31.24999999999998579, 21.50000000000000000, -63.75000000000000000 ) ) ;
#761 = ORIENTED_EDGE ( 'NONE', *, *, #27, .T. ) ;
#762 = CARTESIAN_POINT ( 'NONE',  ( 19.00000000000000000, 19.00000000000000000, -98.45000000000000284 ) ) ;
#763 = VERTEX_POINT ( 'NONE', #301 ) ;
#764 = CARTESIAN_POINT ( 'NONE',  ( 31.24999999999998579, 21.50000000000000000, -52.50000000000000711 ) ) ;
#765 = EDGE_CURVE ( 'NONE', #3009, #2422, #347, .T. ) ;
#766 = EDGE_CURVE ( 'NONE', #1278, #1952, #4423, .T. ) ;
#767 = LINE ( 'NONE', #1145, #2245 ) ;
#768 = ORIENTED_EDGE ( 'NONE', *, *, #1394, .F. ) ;
#769 = CARTESIAN_POINT ( 'NONE',  ( 89.00000000000002842, 9.500000000000005329, -50.82499999999999574 ) ) ;
#770 = CARTESIAN_POINT ( 'NONE',  ( 76.74999999999998579, 21.50000000000000000, -63.75000000000000000 ) ) ;
#771 = CARTESIAN_POINT ( 'NONE',  ( 31.24999999999998579, 21.50000000000000000, -42.75000000000000000 ) ) ;
#772 = EDGE_CURVE ( 'NONE', #3706, #1127, #4083, .T. ) ;
#773 = ORIENTED_EDGE ( 'NONE', *, *, #3379, .T. ) ;
#774 = CARTESIAN_POINT ( 'NONE',  ( 78.00000000000000000, 21.50000000000000000, -78.00000000000000000 ) ) ;
#775 = CARTESIAN_POINT ( 'NONE',  ( 31.24999999999998579, 21.50000000000000000, -32.25000000000000000 ) ) ;
#776 = EDGE_CURVE ( 'NONE', #1257, #344, #3383, .T. ) ;
#777 = CARTESIAN_POINT ( 'NONE',  ( 34.95000000000000284, 19.00000000000000000, -101.6250000000069349 ) ) ;
#778 = ORIENTED_EDGE ( 'NONE', *, *, #3446, .T. ) ;
#779 = EDGE_CURVE ( 'NONE', #3091, #483, #3064, .T. ) ;
#780 = LINE ( 'NONE', #2876, #3249 ) ;
#781 = VECTOR ( 'NONE', #1294, 1000.000000000000000 ) ;
#782 = FACE_BOUND ( 'NONE', #355, .T. ) ;
#783 = ORIENTED_EDGE ( 'NONE', *, *, #3644, .F. ) ;
#784 = CYLINDRICAL_SURFACE ( 'NONE', #4291, 5.000000000000001776 ) ;
#785 = EDGE_LOOP ( 'NONE', ( #3495, #3277 ) ) ;
#786 = CARTESIAN_POINT ( 'NONE',  ( 76.74999999999998579, 21.50000000000000000, -38.25000000000000000 ) ) ;
#787 = CARTESIAN_POINT ( 'NONE',  ( 89.00000000000002842, 9.500000000000005329, -57.17499999999999005 ) ) ;
#788 = ORIENTED_EDGE ( 'NONE', *, *, #1592, .T. ) ;
#789 = DIRECTION ( 'NONE',  ( -0.000000000000000000, -1.000000000000000000, 0.000000000000000000 ) ) ;
#790 = EDGE_CURVE ( 'NONE', #4252, #4388, #599, .T. ) ;
#791 = AXIS2_PLACEMENT_3D ( 'NONE', #1080, #4484, #3513 ) ;
#792 = DIRECTION ( 'NONE',  ( -2.352167425053297897E-16, 0.000000000000000000, -1.000000000000000000 ) ) ;
#793 = DIRECTION ( 'NONE',  ( -1.000000000000000000, -0.000000000000000000, -0.000000000000000000 ) ) ;
#794 = MANIFOLD_SOLID_BREP ( 'Ø3.6 (3.65) Diameter Hole1', #1061 ) ;
#795 = ORIENTED_EDGE ( 'NONE', *, *, #551, .T. ) ;
#796 = DIRECTION ( 'NONE',  ( 0.000000000000000000, 0.000000000000000000, -1.000000000000000000 ) ) ;
#797 = DIRECTION ( 'NONE',  ( -0.000000000000000000, 1.000000000000000000, -0.000000000000000000 ) ) ;
#798 = DIRECTION ( 'NONE',  ( 0.000000000000000000, 0.000000000000000000, -1.000000000000000000 ) ) ;
#799 = LINE ( 'NONE', #3562, #4082 ) ;
#800 = ORIENTED_EDGE ( 'NONE', *, *, #278, .F. ) ;
#801 = CIRCLE ( 'NONE', #4416, 0.7500000000000006661 ) ;
#802 = DIRECTION ( 'NONE',  ( 0.000000000000000000, 0.000000000000000000, 1.000000000000000000 ) ) ;
#803 = DIRECTION ( 'NONE',  ( -0.000000000000000000, -0.000000000000000000, -1.000000000000000000 ) ) ;
#804 = AXIS2_PLACEMENT_3D ( 'NONE', #1573, #2951, #1947 ) ;
#805 = VERTEX_POINT ( 'NONE', #1339 ) ;
#806 = CARTESIAN_POINT ( 'NONE',  ( 54.00000000000002842, 9.500000000000000000, -96.37999999999999545 ) ) ;
#807 = ADVANCED_FACE ( 'NONE', ( #3740 ), #4101, .F. ) ;
#808 = ORIENTED_EDGE ( 'NONE', *, *, #2608, .F. ) ;
#809 = LINE ( 'NONE', #1164, #4299 ) ;
#810 = VECTOR ( 'NONE', #1963, 1000.000000000000000 ) ;
#811 = DIRECTION ( 'NONE',  ( 0.000000000000000000, 0.000000000000000000, -1.000000000000000000 ) ) ;
#812 = ORIENTED_EDGE ( 'NONE', *, *, #1063, .F. ) ;
#813 = AXIS2_PLACEMENT_3D ( 'NONE', #615, #2640, #1985 ) ;
#814 = FACE_OUTER_BOUND ( 'NONE', #3571, .T. ) ;
#815 = CARTESIAN_POINT ( 'NONE',  ( 31.24999999999998579, 21.50000000000000000, -64.50000000000000000 ) ) ;
#816 = VECTOR ( 'NONE', #590, 1000.000000000000000 ) ;
#817 = ORIENTED_EDGE ( 'NONE', *, *, #4096, .T. ) ;
#818 = DIRECTION ( 'NONE',  ( 0.000000000000000000, 1.000000000000000000, 0.000000000000000000 ) ) ;
#819 = CIRCLE ( 'NONE', #2400, 0.7500000000000006661 ) ;
#820 = DIRECTION ( 'NONE',  ( -0.000000000000000000, 1.000000000000000000, -0.000000000000000000 ) ) ;
#821 = EDGE_CURVE ( 'NONE', #3081, #2269, #3783, .T. ) ;
#822 = EDGE_CURVE ( 'NONE', #192, #4453, #279, .T. ) ;
#823 = AXIS2_PLACEMENT_3D ( 'NONE', #738, #3477, #4457 ) ;
#824 = DIRECTION ( 'NONE',  ( 0.000000000000000000, 0.000000000000000000, -1.000000000000000000 ) ) ;
#825 = EDGE_LOOP ( 'NONE', ( #1552, #647 ) ) ;
#826 = CIRCLE ( 'NONE', #4004, 0.7937499999999888534 ) ;
#827 = DIRECTION ( 'NONE',  ( 0.000000000000000000, 0.000000000000000000, -1.000000000000000000 ) ) ;
#828 = CARTESIAN_POINT ( 'NONE',  ( 31.24999999999998579, 21.50000000000000000, -70.50000000000000000 ) ) ;
#829 = ORIENTED_EDGE ( 'NONE', *, *, #3916, .F. ) ;
#830 = CARTESIAN_POINT ( 'NONE',  ( 31.24999999999998579, 23.00000000000000000, -69.75000000000000000 ) ) ;
#831 = ORIENTED_EDGE ( 'NONE', *, *, #1297, .T. ) ;
#832 = VECTOR ( 'NONE', #1974, 1000.000000000000000 ) ;
#833 = CARTESIAN_POINT ( 'NONE',  ( 31.24999999999998579, 21.50000000000000000, -78.75000000000000000 ) ) ;
#834 = ORIENTED_EDGE ( 'NONE', *, *, #3330, .T. ) ;
#835 = EDGE_CURVE ( 'NONE', #1590, #375, #492, .T. ) ;
#836 = LINE ( 'NONE', #3840, #3265 ) ;
#837 = ORIENTED_EDGE ( 'NONE', *, *, #1233, .T. ) ;
#838 = CARTESIAN_POINT ( 'NONE',  ( 30.00000000000000000, 23.00000000000000000, -30.75000000000000000 ) ) ;
#839 = CARTESIAN_POINT ( 'NONE',  ( 98.45000000000000284, 0.000000000000000000, -73.04999999999999716 ) ) ;
#840 = CARTESIAN_POINT ( 'NONE',  ( 31.24999999999998579, 21.50000000000000000, -74.25000000000000000 ) ) ;
#841 = ORIENTED_EDGE ( 'NONE', *, *, #3738, .F. ) ;
#842 = DIRECTION ( 'NONE',  ( 1.000000000000000000, 0.000000000000000000, 0.000000000000000000 ) ) ;
#843 = DIRECTION ( 'NONE',  ( -0.000000000000000000, -1.000000000000000000, -0.000000000000000000 ) ) ;
#844 = ORIENTED_EDGE ( 'NONE', *, *, #2025, .T. ) ;
#845 = CARTESIAN_POINT ( 'NONE',  ( 31.24999999999998579, 21.50000000000000000, -71.25000000000001421 ) ) ;
#846 = ADVANCED_FACE ( 'NONE', ( #3935 ), #2547, .F. ) ;
#847 = ORIENTED_EDGE ( 'NONE', *, *, #2829, .F. ) ;
#848 = DIRECTION ( 'NONE',  ( 0.000000000000000000, 0.000000000000000000, -1.000000000000000000 ) ) ;
#849 = PLANE ( 'NONE',  #3908 ) ;
#850 = EDGE_LOOP ( 'NONE', ( #4201, #841, #2440, #731 ) ) ;
#851 = CARTESIAN_POINT ( 'NONE',  ( 30.00000000000000000, 8.890000000000000568, -30.00000000000000000 ) ) ;
#852 = EDGE_CURVE ( 'NONE', #1313, #3928, #4138, .T. ) ;
#853 = ORIENTED_EDGE ( 'NONE', *, *, #270, .F. ) ;
#854 = CARTESIAN_POINT ( 'NONE',  ( 5.000000000000036415, 0.000000000000000000, -108.0000000000000000 ) ) ;
#855 = VECTOR ( 'NONE', #3586, 1000.000000000000000 ) ;
#856 = ORIENTED_EDGE ( 'NONE', *, *, #957, .F. ) ;
#857 = CARTESIAN_POINT ( 'NONE',  ( 31.24999999999998579, 23.00000000000000000, -38.25000000000000000 ) ) ;
#858 = ORIENTED_EDGE ( 'NONE', *, *, #3141, .F. ) ;
#859 = CARTESIAN_POINT ( 'NONE',  ( 76.74999999999998579, 23.00000000000000000, -35.25000000000000000 ) ) ;
#860 = ORIENTED_EDGE ( 'NONE', *, *, #2140, .F. ) ;
#861 = DIRECTION ( 'NONE',  ( 0.000000000000000000, 0.000000000000000000, 1.000000000000000000 ) ) ;
#862 = DIRECTION ( 'NONE',  ( 0.000000000000000000, 0.000000000000000000, 1.000000000000000000 ) ) ;
#863 = VECTOR ( 'NONE', #4464, 1000.000000000000000 ) ;
#864 = ORIENTED_EDGE ( 'NONE', *, *, #167, .T. ) ;
#865 = DIRECTION ( 'NONE',  ( -0.000000000000000000, -1.000000000000000000, -0.000000000000000000 ) ) ;
#866 = ADVANCED_FACE ( 'NONE', ( #705 ), #2126, .F. ) ;
#867 = CARTESIAN_POINT ( 'NONE',  ( 34.95000000000000284, 19.00000000000000000, -98.45000000000695195 ) ) ;
#868 = ORIENTED_EDGE ( 'NONE', *, *, #523, .T. ) ;
#869 = CARTESIAN_POINT ( 'NONE',  ( 31.24999999999998579, 21.50000000000000000, -48.75000000000000000 ) ) ;
#870 = ORIENTED_EDGE ( 'NONE', *, *, #1453, .T. ) ;
#871 = DIRECTION ( 'NONE',  ( 0.000000000000000000, 1.000000000000000000, 0.000000000000000000 ) ) ;
#872 = EDGE_CURVE ( 'NONE', #1327, #1407, #1425, .T. ) ;
#873 = ORIENTED_EDGE ( 'NONE', *, *, #835, .T. ) ;
#874 = CYLINDRICAL_SURFACE ( 'NONE', #3294, 3.174999999999983391 ) ;
#875 = ORIENTED_EDGE ( 'NONE', *, *, #1532, .T. ) ;
#876 = ORIENTED_EDGE ( 'NONE', *, *, #3792, .F. ) ;
#877 = ADVANCED_FACE ( 'NONE', ( #4149 ), #3598, .F. ) ;
#878 = AXIS2_PLACEMENT_3D ( 'NONE', #828, #1834, #1482 ) ;
#879 = CIRCLE ( 'NONE', #2095, 2.250000000000001776 ) ;
#880 = ORIENTED_EDGE ( 'NONE', *, *, #3313, .T. ) ;
#881 = DIRECTION ( 'NONE',  ( -0.000000000000000000, -1.000000000000000000, 0.000000000000000000 ) ) ;
#882 = ORIENTED_EDGE ( 'NONE', *, *, #2664, .T. ) ;
#883 = VECTOR ( 'NONE', #4231, 1000.000000000000000 ) ;
#884 = CYLINDRICAL_SURFACE ( 'NONE', #2987, 3.174999999999997158 ) ;
#885 = DIRECTION ( 'NONE',  ( 0.000000000000000000, 0.000000000000000000, 1.000000000000000000 ) ) ;
#886 = CONICAL_SURFACE ( 'NONE', #3347, 4.216400000000001924, 1.029744258676655422 ) ;
#887 = DIRECTION ( 'NONE',  ( 0.000000000000000000, 0.000000000000000000, 1.000000000000000000 ) ) ;
#888 = FACE_OUTER_BOUND ( 'NONE', #518, .T. ) ;
#889 = ADVANCED_FACE ( 'NONE', ( #2438 ), #366, .F. ) ;
#890 = ORIENTED_EDGE ( 'NONE', *, *, #436, .F. ) ;
#891 = CARTESIAN_POINT ( 'NONE',  ( 34.95000000000001705, 19.00000000000000000, -6.375000000000005329 ) ) ;
#892 = VERTEX_POINT ( 'NONE', #391 ) ;
#893 = AXIS2_PLACEMENT_3D ( 'NONE', #3436, #2406, #4157 ) ;
#894 = AXIS2_PLACEMENT_3D ( 'NONE', #552, #3332, #3734 ) ;
#895 = DIRECTION ( 'NONE',  ( -1.000000000000000000, -0.000000000000000000, -0.000000000000000000 ) ) ;
#896 = CARTESIAN_POINT ( 'NONE',  ( 108.0000000000000284, 19.00000000000000000, -102.9999999999999716 ) ) ;
#897 = CARTESIAN_POINT ( 'NONE',  ( 19.00000000000000000, 9.500000000000005329, -53.99999999999997868 ) ) ;
#898 = DIRECTION ( 'NONE',  ( 1.000000000000000000, -0.000000000000000000, -1.284980352575412699E-16 ) ) ;
#899 = AXIS2_PLACEMENT_3D ( 'NONE', #2788, #1730, #2088 ) ;
#900 = ORIENTED_EDGE ( 'NONE', *, *, #1972, .T. ) ;
#901 = VERTEX_POINT ( 'NONE', #2800 ) ;
#902 = ORIENTED_EDGE ( 'NONE', *, *, #4365, .F. ) ;
#903 = CARTESIAN_POINT ( 'NONE',  ( 73.04999999999999716, 0.000000000000000000, -98.45000000000695195 ) ) ;
#904 = AXIS2_PLACEMENT_3D ( 'NONE', #3744, #1065, #2439 ) ;
#905 = EDGE_LOOP ( 'NONE', ( #2833, #1826, #1995, #2554 ) ) ;
#906 = EDGE_CURVE ( 'NONE', #1643, #2222, #2978, .T. ) ;
#907 = LINE ( 'NONE', #587, #1038 ) ;
#908 = CARTESIAN_POINT ( 'NONE',  ( 83.49999999999995737, 23.00000000000000000, -83.49999999999998579 ) ) ;
#909 = AXIS2_PLACEMENT_3D ( 'NONE', #1546, #3268, #1204 ) ;
#910 = CARTESIAN_POINT ( 'NONE',  ( 30.00000000000000000, 8.890000000000000568, -29.25000000000000000 ) ) ;
#911 = ADVANCED_FACE ( 'NONE', ( #1787 ), #726, .F. ) ;
#912 = DIRECTION ( 'NONE',  ( 0.000000000000000000, 0.000000000000000000, -1.000000000000000000 ) ) ;
#913 = ORIENTED_EDGE ( 'NONE', *, *, #616, .F. ) ;
#914 = FACE_OUTER_BOUND ( 'NONE', #1298, .T. ) ;
#915 = CARTESIAN_POINT ( 'NONE',  ( 76.74999999999998579, 21.50000000000000000, -61.50000000000000000 ) ) ;
#916 = ORIENTED_EDGE ( 'NONE', *, *, #1807, .F. ) ;
#917 = EDGE_CURVE ( 'NONE', #1387, #2705, #3151, .T. ) ;
#918 = DIRECTION ( 'NONE',  ( -0.000000000000000000, 1.000000000000000000, -0.000000000000000000 ) ) ;
#919 = DIRECTION ( 'NONE',  ( 0.000000000000000000, 1.000000000000000000, 0.000000000000000000 ) ) ;
#920 = CARTESIAN_POINT ( 'NONE',  ( 31.24999999999998579, 21.50000000000000000, -39.75000000000000000 ) ) ;
#921 = DIRECTION ( 'NONE',  ( 1.000000000000000000, -0.000000000000000000, 0.000000000000000000 ) ) ;
#922 = ORIENTED_EDGE ( 'NONE', *, *, #278, .T. ) ;
#923 = ADVANCED_FACE ( 'NONE', ( #48, #1113 ), #524, .F. ) ;
#924 = ORIENTED_EDGE ( 'NONE', *, *, #1316, .F. ) ;
#925 = EDGE_LOOP ( 'NONE', ( #1901, #1887, #1707, #2316 ) ) ;
#926 = FACE_OUTER_BOUND ( 'NONE', #4367, .T. ) ;
#927 = AXIS2_PLACEMENT_3D ( 'NONE', #1638, #4057, #4468 ) ;
#928 = ORIENTED_EDGE ( 'NONE', *, *, #1521, .T. ) ;
#929 = CARTESIAN_POINT ( 'NONE',  ( 78.00000000000000000, 0.000000000000000000, -78.00000000000000000 ) ) ;
#930 = CYLINDRICAL_SURFACE ( 'NONE', #164, 2.999999999999999112 ) ;
#931 = EDGE_CURVE ( 'NONE', #2240, #805, #4283, .T. ) ;
#932 = CARTESIAN_POINT ( 'NONE',  ( 108.0000000000000284, 0.000000000000000000, -102.9999999999999716 ) ) ;
#933 = CYLINDRICAL_SURFACE ( 'NONE', #3539, 0.7500000000000006661 ) ;
#934 = ADVANCED_FACE ( 'NONE', ( #2209 ), #70, .F. ) ;
#935 = ORIENTED_EDGE ( 'NONE', *, *, #1738, .T. ) ;
#936 = CARTESIAN_POINT ( 'NONE',  ( 98.45000000000000284, 0.000000000000000000, -76.22499999999999432 ) ) ;
#937 = DIRECTION ( 'NONE',  ( 0.000000000000000000, 0.000000000000000000, -1.000000000000000000 ) ) ;
#938 = CARTESIAN_POINT ( 'NONE',  ( 31.24999999999998579, 21.50000000000000000, -39.75000000000000000 ) ) ;
#939 = ORIENTED_EDGE ( 'NONE', *, *, #3988, .F. ) ;
#940 = CARTESIAN_POINT ( 'NONE',  ( 98.45000000000000284, 19.00000000000000000, -34.94999999999999574 ) ) ;
#941 = VERTEX_POINT ( 'NONE', #2233 ) ;
#942 = ORIENTED_EDGE ( 'NONE', *, *, #3117, .T. ) ;
#943 = ADVANCED_FACE ( 'NONE', ( #3621 ), #1044, .F. ) ;
#944 = ORIENTED_EDGE ( 'NONE', *, *, #2692, .T. ) ;
#945 = CARTESIAN_POINT ( 'NONE',  ( 31.24999999999998934, 23.00000000000000000, -76.50000000000001421 ) ) ;
#946 = ORIENTED_EDGE ( 'NONE', *, *, #2281, .T. ) ;
#947 = CARTESIAN_POINT ( 'NONE',  ( 31.24999999999998579, 21.50000000000000000, -68.25000000000000000 ) ) ;
#948 = AXIS2_PLACEMENT_3D ( 'NONE', #1244, #2713, #981 ) ;
#949 = LINE ( 'NONE', #4391, #88 ) ;
#950 = CARTESIAN_POINT ( 'NONE',  ( 54.00000000000002842, 9.500000000000000000, -96.37999999999999545 ) ) ;
#951 = LOCAL_TIME ( 13, 10, 23.00000000000000000, #508 ) ;
#952 = CARTESIAN_POINT ( 'NONE',  ( 31.24999999999998579, 21.50000000000000000, -75.75000000000000000 ) ) ;
#953 = VECTOR ( 'NONE', #4213, 1000.000000000000000 ) ;
#954 = ORIENTED_EDGE ( 'NONE', *, *, #3538, .F. ) ;
#955 = DIRECTION ( 'NONE',  ( -0.000000000000000000, 1.000000000000000000, -0.000000000000000000 ) ) ;
#956 = DIRECTION ( 'NONE',  ( -1.000000000000000000, 0.000000000000000000, -0.000000000000000000 ) ) ;
#957 = EDGE_CURVE ( 'NONE', #3212, #3020, #2659, .T. ) ;
#958 = EDGE_CURVE ( 'NONE', #3706, #1832, #3687, .T. ) ;
#959 = DIRECTION ( 'NONE',  ( 1.000000000000000000, 0.000000000000000000, 0.000000000000000000 ) ) ;
#960 = AXIS2_PLACEMENT_3D ( 'NONE', #908, #2279, #3666 ) ;
#961 = DIRECTION ( 'NONE',  ( 0.000000000000000000, 0.000000000000000000, 1.000000000000000000 ) ) ;
#962 = CARTESIAN_POINT ( 'NONE',  ( 24.49999999999998224, 23.00000000000000000, -86.50000000000000000 ) ) ;
#963 = CIRCLE ( 'NONE', #461, 3.174999999999997158 ) ;
#964 = AXIS2_PLACEMENT_3D ( 'NONE', #1869, #3238, #3981 ) ;
#965 = ORIENTED_EDGE ( 'NONE', *, *, #2281, .F. ) ;
#966 = EDGE_CURVE ( 'NONE', #1436, #3431, #1239, .T. ) ;
#967 = VERTEX_POINT ( 'NONE', #614 ) ;
#968 = AXIS2_PLACEMENT_3D ( 'NONE', #762, #489, #2221 ) ;
#969 = ORIENTED_EDGE ( 'NONE', *, *, #1919, .T. ) ;
#970 = CIRCLE ( 'NONE', #28, 3.174999999999997158 ) ;
#971 = CARTESIAN_POINT ( 'NONE',  ( 98.45000000000000284, 19.00000000000000000, -34.94999999999999574 ) ) ;
#972 = ORIENTED_EDGE ( 'NONE', *, *, #4039, .F. ) ;
#973 = CYLINDRICAL_SURFACE ( 'NONE', #3496, 0.7500000000000006661 ) ;
#974 = EDGE_CURVE ( 'NONE', #2184, #4092, #949, .T. ) ;
#975 = CIRCLE ( 'NONE', #1476, 0.7500000000000006661 ) ;
#976 = DIRECTION ( 'NONE',  ( 0.000000000000000000, 0.000000000000000000, 1.000000000000000000 ) ) ;
#977 = VECTOR ( 'NONE', #1086, 1000.000000000000000 ) ;
#978 = DIRECTION ( 'NONE',  ( -0.000000000000000000, -0.000000000000000000, -1.000000000000000000 ) ) ;
#979 = LINE ( 'NONE', #207, #1289 ) ;
#980 = ORIENTED_EDGE ( 'NONE', *, *, #120, .T. ) ;
#981 = DIRECTION ( 'NONE',  ( 0.000000000000000000, 0.000000000000000000, 1.000000000000000000 ) ) ;
#982 = LINE ( 'NONE', #2031, #1875 ) ;
#983 = DIRECTION ( 'NONE',  ( -0.000000000000000000, -1.000000000000000000, 0.000000000000000000 ) ) ;
#984 = EDGE_CURVE ( 'NONE', #1222, #2493, #2320, .T. ) ;
#985 = CARTESIAN_POINT ( 'NONE',  ( 9.550000000000004263, 19.00000000000000000, -73.04999999999999716 ) ) ;
#986 = CYLINDRICAL_SURFACE ( 'NONE', #3145, 3.000000000000002665 ) ;
#987 = EDGE_LOOP ( 'NONE', ( #1844, #1523, #423, #1910 ) ) ;
#988 = ORIENTED_EDGE ( 'NONE', *, *, #1178, .F. ) ;
#989 = ORIENTED_EDGE ( 'NONE', *, *, #3169, .T. ) ;
#990 = LINE ( 'NONE', #1366, #2834 ) ;
#991 = ORIENTED_EDGE ( 'NONE', *, *, #3469, .F. ) ;
#992 = CARTESIAN_POINT ( 'NONE',  ( 98.45000000000000284, 19.00000000000000000, -76.22499999999999432 ) ) ;
#993 = LINE ( 'NONE', #2364, #2820 ) ;
#994 = DIRECTION ( 'NONE',  ( -0.000000000000000000, 1.000000000000000000, -0.000000000000000000 ) ) ;
#995 = LINE ( 'NONE', #1653, #810 ) ;
#996 = VECTOR ( 'NONE', #259, 1000.000000000000000 ) ;
#997 = ORIENTED_EDGE ( 'NONE', *, *, #4404, .T. ) ;
#998 = CYLINDRICAL_SURFACE ( 'NONE', #2594, 3.174999999999983391 ) ;
#999 = EDGE_CURVE ( 'NONE', #483, #3736, #1284, .T. ) ;
#1000 = DIRECTION ( 'NONE',  ( 0.000000000000000000, 0.000000000000000000, -1.000000000000000000 ) ) ;
#1001 = CARTESIAN_POINT ( 'NONE',  ( 30.00000000000000000, 23.00000000000000000, -29.25000000000000000 ) ) ;
#1002 = AXIS2_PLACEMENT_3D ( 'NONE', #2751, #3756, #3485 ) ;
#1003 = CARTESIAN_POINT ( 'NONE',  ( 34.95000000000000284, 0.000000000000000000, -98.45000000000695195 ) ) ;
#1004 = CARTESIAN_POINT ( 'NONE',  ( 98.45000000000000284, 19.00000000000000000, -73.04999999999999716 ) ) ;
#1005 = VERTEX_POINT ( 'NONE', #3711 ) ;
#1006 = VERTEX_POINT ( 'NONE', #3310 ) ;
#1007 = ORIENTED_EDGE ( 'NONE', *, *, #2620, .T. ) ;
#1008 = CARTESIAN_POINT ( 'NONE',  ( 31.24999999999998934, 23.00000000000000000, -46.50000000000000000 ) ) ;
#1009 = EDGE_LOOP ( 'NONE', ( #3960, #4106, #4248, #2289 ) ) ;
#1010 = CARTESIAN_POINT ( 'NONE',  ( 31.24999999999998579, 23.00000000000000000, -59.25000000000000711 ) ) ;
#1011 = EDGE_CURVE ( 'NONE', #1278, #118, #1611, .T. ) ;
#1012 = EDGE_CURVE ( 'NONE', #1423, #238, #1171, .T. ) ;
#1013 = DIRECTION ( 'NONE',  ( 0.000000000000000000, 1.000000000000000000, 0.000000000000000000 ) ) ;
#1014 = LINE ( 'NONE', #317, #3042 ) ;
#1015 = CYLINDRICAL_SURFACE ( 'NONE', #1022, 0.7500000000000006661 ) ;
#1016 = DIRECTION ( 'NONE',  ( 1.000000000000000000, 0.000000000000000000, -0.000000000000000000 ) ) ;
#1017 = VERTEX_POINT ( 'NONE', #2682 ) ;
#1018 = DIRECTION ( 'NONE',  ( -0.000000000000000000, -1.000000000000000000, 0.000000000000000000 ) ) ;
#1019 = VECTOR ( 'NONE', #1463, 1000.000000000000000 ) ;
#1020 = EDGE_CURVE ( 'NONE', #2064, #275, #4072, .T. ) ;
#1021 = DIRECTION ( 'NONE',  ( -0.000000000000000000, 1.000000000000000000, -0.000000000000000000 ) ) ;
#1022 = AXIS2_PLACEMENT_3D ( 'NONE', #1715, #1036, #3079 ) ;
#1023 = CALENDAR_DATE ( 2023, 28, 9 ) ;
#1024 = LINE ( 'NONE', #3086, #953 ) ;
#1025 = FACE_OUTER_BOUND ( 'NONE', #3502, .T. ) ;
#1026 = ORIENTED_EDGE ( 'NONE', *, *, #478, .F. ) ;
#1027 = AXIS2_PLACEMENT_3D ( 'NONE', #1084, #3128, #2463 ) ;
#1028 = VERTEX_POINT ( 'NONE', #204 ) ;
#1029 = ORIENTED_EDGE ( 'NONE', *, *, #199, .F. ) ;
#1030 = VECTOR ( 'NONE', #585, 1000.000000000000000 ) ;
#1031 = CARTESIAN_POINT ( 'NONE',  ( 9.550000000000004263, 19.00000000000000000, -69.87500000000001421 ) ) ;
#1032 = VERTEX_POINT ( 'NONE', #3733 ) ;
#1033 = DIRECTION ( 'NONE',  ( -0.000000000000000000, -1.000000000000000000, -0.000000000000000000 ) ) ;
#1034 = CARTESIAN_POINT ( 'NONE',  ( 31.24999999999998579, 23.00000000000000000, -35.25000000000000000 ) ) ;
#1035 = CYLINDRICAL_SURFACE ( 'NONE', #4052, 2.250000000000001776 ) ;
#1036 = DIRECTION ( 'NONE',  ( -0.000000000000000000, 1.000000000000000000, -0.000000000000000000 ) ) ;
#1037 = EDGE_CURVE ( 'NONE', #1407, #2767, #4005, .T. ) ;
#1038 = VECTOR ( 'NONE', #1958, 1000.000000000000000 ) ;
#1039 = FACE_BOUND ( 'NONE', #3640, .T. ) ;
#1040 = EDGE_LOOP ( 'NONE', ( #4129, #3108, #2448, #1642 ) ) ;
#1041 = CARTESIAN_POINT ( 'NONE',  ( 76.75000000000000000, 23.00000000000000000, -55.50000000000000000 ) ) ;
#1042 = EDGE_CURVE ( 'NONE', #4079, #892, #2536, .T. ) ;
#1043 = VECTOR ( 'NONE', #3786, 1000.000000000000000 ) ;
#1044 = CYLINDRICAL_SURFACE ( 'NONE', #4359, 3.174999999999993605 ) ;
#1045 = PERSON_AND_ORGANIZATION_ROLE ( 'creator' ) ;
#1046 = CARTESIAN_POINT ( 'NONE',  ( 76.74999999999998579, 21.50000000000000000, -36.75000000000000711 ) ) ;
#1047 = VERTEX_POINT ( 'NONE', #2962 ) ;
#1048 = ORIENTED_EDGE ( 'NONE', *, *, #3226, .T. ) ;
#1049 = ORIENTED_EDGE ( 'NONE', *, *, #1205, .T. ) ;
#1050 = DIRECTION ( 'NONE',  ( -0.000000000000000000, 1.000000000000000000, -0.000000000000000000 ) ) ;
#1051 = ADVANCED_FACE ( 'NONE', ( #2615, #2590 ), #251, .F. ) ;
#1052 = ORIENTED_EDGE ( 'NONE', *, *, #1399, .T. ) ;
#1053 = LINE ( 'NONE', #3771, #175 ) ;
#1054 = DIRECTION ( 'NONE',  ( 0.000000000000000000, 0.000000000000000000, 1.000000000000000000 ) ) ;
#1055 = CARTESIAN_POINT ( 'NONE',  ( 31.24999999999998579, 23.00000000000000000, -44.25000000000000000 ) ) ;
#1056 = DIRECTION ( 'NONE',  ( -1.000000000000000000, -0.000000000000000000, -0.000000000000000000 ) ) ;
#1057 = DIRECTION ( 'NONE',  ( -0.000000000000000000, 1.000000000000000000, -0.000000000000000000 ) ) ;
#1058 = ADVANCED_FACE ( 'NONE', ( #3026 ), #1305, .T. ) ;
#1059 = EDGE_LOOP ( 'NONE', ( #1718, #351 ) ) ;
#1060 = CYLINDRICAL_SURFACE ( 'NONE', #3842, 3.174999999999990496 ) ;
#1061 = CLOSED_SHELL ( 'NONE', ( #3421, #3997, #1898, #2044, #1890, #603, #122, #3154, #2660, #1506, #3225, #943, #2357, #3130, #3199, #2302, #4209, #889, #15, #223, #361, #911, #4141, #1989, #3975, #2917, #501, #3056, #866, #2218, #4015, #1978, #3029, #4071, #1567, #3325, #237, #4376, #3317, #633, #877, #1392, #2990, #2887, #1808, #1794, #734, #3958, #2858, #4415, #1726, #161, #1625, #807, #4475, #2676, #4322, #1754, #2506, #2577, #3358, #923, #4028, #1584, #1700, #2484, #1097, #487, #1111, #3371, #3517, #2168, #704, #4153, #1227, #934, #4334, #2291, #3344, #2256, #1051, #3181, #1364, #4311, #2236, #4056, #1088, #3660, #1058, #3776, #3627, #3488, #2328, #1172, #1663, #1087, #2069, #297, #4175, #4448, #2716, #846, #2414, #2127, #3846, #4412, #1846, #378, #2734, #1685, #3290, #1512, #4460, #3451, #2356, #1343, #2520, #2001, #3573, #2054, #2799, #245, #2227, #2592, #1433, #4465, #728, #1422, #1144, #4487, #652, #3028, #2092, #2786, #1194 ) ) ;
#1062 = CIRCLE ( 'NONE', #2288, 3.950000000000001954 ) ;
#1063 = EDGE_CURVE ( 'NONE', #3253, #3600, #2903, .T. ) ;
#1064 = DIRECTION ( 'NONE',  ( 0.000000000000000000, 1.000000000000000000, 0.000000000000000000 ) ) ;
#1065 = DIRECTION ( 'NONE',  ( 0.000000000000000000, 1.000000000000000000, -0.000000000000000000 ) ) ;
#1066 = ORIENTED_EDGE ( 'NONE', *, *, #772, .T. ) ;
#1067 = ORIENTED_EDGE ( 'NONE', *, *, #669, .T. ) ;
#1068 = CARTESIAN_POINT ( 'NONE',  ( 34.95000000000000284, 0.000000000000000000, -98.45000000000695195 ) ) ;
#1069 = FACE_OUTER_BOUND ( 'NONE', #3790, .T. ) ;
#1070 = EDGE_LOOP ( 'NONE', ( #913, #1789, #4431, #45 ) ) ;
#1071 = LINE ( 'NONE', #2359, #3854 ) ;
#1072 = ORIENTED_EDGE ( 'NONE', *, *, #3643, .F. ) ;
#1073 = DIRECTION ( 'NONE',  ( -0.000000000000000000, -1.000000000000000000, -0.000000000000000000 ) ) ;
#1074 = EDGE_CURVE ( 'NONE', #3229, #3058, #1535, .T. ) ;
#1075 = CIRCLE ( 'NONE', #4259, 3.174999999999997158 ) ;
#1076 = PLANE ( 'NONE',  #2389 ) ;
#1077 = CARTESIAN_POINT ( 'NONE',  ( 31.24999999999998579, 21.50000000000000000, -34.50000000000000000 ) ) ;
#1078 = CARTESIAN_POINT ( 'NONE',  ( 31.24999999999998579, 21.50000000000000000, -60.75000000000000000 ) ) ;
#1079 = DIRECTION ( 'NONE',  ( 0.000000000000000000, 1.000000000000000000, 0.000000000000000000 ) ) ;
#1080 = CARTESIAN_POINT ( 'NONE',  ( 76.74999999999998579, 21.50000000000000000, -43.50000000000000000 ) ) ;
#1081 = ORIENTED_EDGE ( 'NONE', *, *, #2535, .F. ) ;
#1082 = LINE ( 'NONE', #1377, #3129 ) ;
#1083 = AXIS2_PLACEMENT_3D ( 'NONE', #3739, #1079, #2453 ) ;
#1085 = VECTOR ( 'NONE', #2365, 1000.000000000000000 ) ;
#1084 = CARTESIAN_POINT ( 'NONE',  ( 108.0000000000000284, 19.00000000000000000, -102.9999999999999716 ) ) ;
#1086 = DIRECTION ( 'NONE',  ( -0.000000000000000000, 1.000000000000000000, -0.000000000000000000 ) ) ;
#1087 = ADVANCED_FACE ( 'NONE', ( #3646 ), #568, .F. ) ;
#1088 = ADVANCED_FACE ( 'NONE', ( #2639 ), #930, .T. ) ;
#1089 = VECTOR ( 'NONE', #3905, 1000.000000000000000 ) ;
#1090 = ORIENTED_EDGE ( 'NONE', *, *, #189, .F. ) ;
#1091 = VERTEX_POINT ( 'NONE', #2070 ) ;
#1092 = CARTESIAN_POINT ( 'NONE',  ( 83.49999999999995737, 23.00000000000000000, -86.50000000000000000 ) ) ;
#1093 = PLANE ( 'NONE',  #588 ) ;
#1094 = AXIS2_PLACEMENT_3D ( 'NONE', #645, #2061, #1660 ) ;
#1095 = ORIENTED_EDGE ( 'NONE', *, *, #571, .T. ) ;
#1096 = LINE ( 'NONE', #4340, #832 ) ;
#1097 = ADVANCED_FACE ( 'NONE', ( #2048, #3460 ), #3772, .T. ) ;
#1098 = ORIENTED_EDGE ( 'NONE', *, *, #2192, .F. ) ;
#1099 = DIRECTION ( 'NONE',  ( 0.000000000000000000, 0.000000000000000000, 1.000000000000000000 ) ) ;
#1100 = CARTESIAN_POINT ( 'NONE',  ( 31.24999999999998579, 23.00000000000000000, -41.25000000000000000 ) ) ;
#1101 = ORIENTED_EDGE ( 'NONE', *, *, #3815, .T. ) ;
#1102 = DIRECTION ( 'NONE',  ( 0.000000000000000000, 0.000000000000000000, -1.000000000000000000 ) ) ;
#1103 = CARTESIAN_POINT ( 'NONE',  ( 76.75000000000000000, 21.50000000000000000, -67.50000000000000000 ) ) ;
#1104 = EDGE_CURVE ( 'NONE', #3767, #3651, #2021, .T. ) ;
#1105 = CARTESIAN_POINT ( 'NONE',  ( 31.24999999999998579, 21.50000000000000000, -41.25000000000000000 ) ) ;
#1106 = VECTOR ( 'NONE', #1201, 1000.000000000000000 ) ;
#1107 = ORIENTED_EDGE ( 'NONE', *, *, #306, .F. ) ;
#1108 = CARTESIAN_POINT ( 'NONE',  ( 76.74999999999998579, 21.50000000000000000, -69.75000000000000000 ) ) ;
#1109 = CARTESIAN_POINT ( 'NONE',  ( 31.24999999999998579, 21.50000000000000000, -42.75000000000000000 ) ) ;
#1110 = AXIS2_PLACEMENT_3D ( 'NONE', #4276, #1170, #861 ) ;
#1111 = ADVANCED_FACE ( 'NONE', ( #339, #1713 ), #358, .T. ) ;
#1112 = CIRCLE ( 'NONE', #4225, 0.7500000000000006661 ) ;
#1113 = FACE_OUTER_BOUND ( 'NONE', #2537, .T. ) ;
#1114 = VECTOR ( 'NONE', #898, 1000.000000000000000 ) ;
#1115 = CARTESIAN_POINT ( 'NONE',  ( 30.00000000000000000, 23.00000000000000000, -29.25000000000000000 ) ) ;
#1116 = ORIENTED_EDGE ( 'NONE', *, *, #1566, .F. ) ;
#1117 = CIRCLE ( 'NONE', #3073, 3.174999999999983391 ) ;
#1118 = CARTESIAN_POINT ( 'NONE',  ( 31.24999999999998579, 21.50000000000000000, -59.25000000000000000 ) ) ;
#1119 = EDGE_CURVE ( 'NONE', #3833, #1889, #1416, .T. ) ;
#1120 = DIRECTION ( 'NONE',  ( 0.000000000000000000, 0.000000000000000000, 1.000000000000000000 ) ) ;
#1121 = EDGE_LOOP ( 'NONE', ( #3435, #3829 ) ) ;
#1122 = DIRECTION ( 'NONE',  ( 0.000000000000000000, 0.000000000000000000, -1.000000000000000000 ) ) ;
#1123 = ORIENTED_EDGE ( 'NONE', *, *, #1706, .T. ) ;
#1124 = DIRECTION ( 'NONE',  ( 0.000000000000000000, 0.000000000000000000, -1.000000000000000000 ) ) ;
#1125 = VERTEX_POINT ( 'NONE', #1370 ) ;
#1126 = CYLINDRICAL_SURFACE ( 'NONE', #228, 2.250000000000001776 ) ;
#1127 = VERTEX_POINT ( 'NONE', #2727 ) ;
#1128 = LINE ( 'NONE', #2478, #1896 ) ;
#1129 = DIRECTION ( 'NONE',  ( -0.000000000000000000, 1.000000000000000000, -0.000000000000000000 ) ) ;
#1130 = DIRECTION ( 'NONE',  ( -0.000000000000000000, 1.000000000000000000, -0.000000000000000000 ) ) ;
#1131 = EDGE_LOOP ( 'NONE', ( #2041, #2216, #2930, #3043 ) ) ;
#1132 = DIRECTION ( 'NONE',  ( 0.000000000000000000, 1.000000000000000000, 0.000000000000000000 ) ) ;
#1133 = DIRECTION ( 'NONE',  ( -1.000000000000000000, -0.000000000000000000, -0.000000000000000000 ) ) ;
#1134 = CARTESIAN_POINT ( 'NONE',  ( 31.24999999999998934, 21.50000000000000000, -64.50000000000000000 ) ) ;
#1135 = EDGE_CURVE ( 'NONE', #3757, #1173, #4160, .T. ) ;
#1136 = LINE ( 'NONE', #4260, #977 ) ;
#1137 = VERTEX_POINT ( 'NONE', #3816 ) ;
#1138 = DIRECTION ( 'NONE',  ( -1.000000000000000000, -0.000000000000000000, -0.000000000000000000 ) ) ;
#1139 = PLANE ( 'NONE',  #2816 ) ;
#1140 = ORIENTED_EDGE ( 'NONE', *, *, #2424, .F. ) ;
#1141 = DIRECTION ( 'NONE',  ( 0.000000000000000000, 0.000000000000000000, 1.000000000000000000 ) ) ;
#1142 = ORIENTED_EDGE ( 'NONE', *, *, #460, .F. ) ;
#1143 = DIRECTION ( 'NONE',  ( 0.000000000000000000, 0.000000000000000000, 1.000000000000000000 ) ) ;
#1144 = ADVANCED_FACE ( 'NONE', ( #3481 ), #3416, .T. ) ;
#1145 = CARTESIAN_POINT ( 'NONE',  ( 31.24999999999998579, 23.00000000000000000, -56.25000000000000000 ) ) ;
#1146 = ORIENTED_EDGE ( 'NONE', *, *, #1904, .T. ) ;
#1147 = CYLINDRICAL_SURFACE ( 'NONE', #2470, 0.7500000000000006661 ) ;
#1148 = EDGE_CURVE ( 'NONE', #1125, #3452, #4130, .T. ) ;
#1149 = EDGE_CURVE ( 'NONE', #3232, #2111, #2769, .T. ) ;
#1150 = CARTESIAN_POINT ( 'NONE',  ( 78.00000000000000000, 8.890000000000000568, -77.25000000000000000 ) ) ;
#1151 = VECTOR ( 'NONE', #3223, 1000.000000000000000 ) ;
#1152 = VERTEX_POINT ( 'NONE', #1034 ) ;
#1153 = CARTESIAN_POINT ( 'NONE',  ( 54.79375000000001705, 9.500000000000000000, -108.0000000000000000 ) ) ;
#1154 = DIRECTION ( 'NONE',  ( 0.000000000000000000, 0.000000000000000000, 1.000000000000000000 ) ) ;
#1155 = CARTESIAN_POINT ( 'NONE',  ( 89.00000000000002842, 9.500000000000005329, -50.04999999999999005 ) ) ;
#1156 = ORIENTED_EDGE ( 'NONE', *, *, #1271, .F. ) ;
#1157 = EDGE_CURVE ( 'NONE', #3237, #941, #3121, .T. ) ;
#1158 = AXIS2_PLACEMENT_3D ( 'NONE', #2007, #573, #1967 ) ;
#1159 = DIRECTION ( 'NONE',  ( -0.000000000000000000, -1.000000000000000000, -0.000000000000000000 ) ) ;
#1160 = PLANE ( 'NONE',  #148 ) ;
#1161 = ORIENTED_EDGE ( 'NONE', *, *, #4365, .T. ) ;
#1162 = FACE_OUTER_BOUND ( 'NONE', #2980, .T. ) ;
#1163 = ORIENTED_EDGE ( 'NONE', *, *, #2369, .T. ) ;
#1164 = CARTESIAN_POINT ( 'NONE',  ( 78.00000000000000000, 23.00000000000000000, -78.75000000000000000 ) ) ;
#1165 = ORIENTED_EDGE ( 'NONE', *, *, #2219, .T. ) ;
#1166 = DIRECTION ( 'NONE',  ( -0.000000000000000000, 1.000000000000000000, -0.000000000000000000 ) ) ;
#1167 = ORIENTED_EDGE ( 'NONE', *, *, #3655, .T. ) ;
#1168 = VECTOR ( 'NONE', #2023, 1000.000000000000000 ) ;
#1169 = DIRECTION ( 'NONE',  ( 1.000000000000000000, 0.000000000000000000, 0.000000000000000000 ) ) ;
#1170 = DIRECTION ( 'NONE',  ( -1.000000000000000000, 0.000000000000000000, 0.000000000000000000 ) ) ;
#1171 = CIRCLE ( 'NONE', #17, 0.7500000000000006661 ) ;
#1172 = ADVANCED_FACE ( 'NONE', ( #697 ), #1076, .F. ) ;
#1173 = VERTEX_POINT ( 'NONE', #2789 ) ;
#1174 = CARTESIAN_POINT ( 'NONE',  ( 31.24999999999998934, 21.50000000000000000, -46.50000000000000000 ) ) ;
#1175 = CIRCLE ( 'NONE', #383, 1.824999999999993294 ) ;
#1176 = AXIS2_PLACEMENT_3D ( 'NONE', #364, #1018, #2076 ) ;
#1177 = CARTESIAN_POINT ( 'NONE',  ( 76.74999999999998579, 23.00000000000000000, -74.25000000000000000 ) ) ;
#1178 = EDGE_CURVE ( 'NONE', #1127, #3912, #521, .T. ) ;
#1179 = CIRCLE ( 'NONE', #3714, 2.250000000000001776 ) ;
#1180 = ORIENTED_EDGE ( 'NONE', *, *, #765, .F. ) ;
#1181 = CARTESIAN_POINT ( 'NONE',  ( 31.24999999999998579, 21.50000000000000000, -71.25000000000001421 ) ) ;
#1182 = ORIENTED_EDGE ( 'NONE', *, *, #69, .F. ) ;
#1183 = AXIS2_PLACEMENT_3D ( 'NONE', #2474, #4229, #1143 ) ;
#1184 = DIRECTION ( 'NONE',  ( -0.8571673007021127777, 0.000000000000000000, -0.5150380749100533784 ) ) ;
#1185 = AXIS2_PLACEMENT_3D ( 'NONE', #3972, #3678, #581 ) ;
#1186 = CARTESIAN_POINT ( 'NONE',  ( 58.21640000000002857, 9.500000000000000000, -108.0000000000000000 ) ) ;
#1187 = ORIENTED_EDGE ( 'NONE', *, *, #2837, .T. ) ;
#1188 = DIRECTION ( 'NONE',  ( 0.000000000000000000, 0.000000000000000000, 1.000000000000000000 ) ) ;
#1189 = ORIENTED_EDGE ( 'NONE', *, *, #2777, .T. ) ;
#1190 = AXIS2_PLACEMENT_3D ( 'NONE', #940, #2630, #4060 ) ;
#1191 = DIRECTION ( 'NONE',  ( 0.000000000000000000, 0.000000000000000000, 1.000000000000000000 ) ) ;
#1192 = VERTEX_POINT ( 'NONE', #2386 ) ;
#1193 = LINE ( 'NONE', #2865, #155 ) ;
#1194 = ADVANCED_FACE ( 'NONE', ( #1350 ), #1396, .F. ) ;
#1195 = ORIENTED_EDGE ( 'NONE', *, *, #3760, .F. ) ;
#1196 = DIRECTION ( 'NONE',  ( -0.000000000000000000, -1.000000000000000000, 0.000000000000000000 ) ) ;
#1197 = ORIENTED_EDGE ( 'NONE', *, *, #2756, .F. ) ;
#1198 = CARTESIAN_POINT ( 'NONE',  ( 76.75000000000000000, 21.50000000000000000, -31.50000000000000000 ) ) ;
#1199 = DIRECTION ( 'NONE',  ( -0.000000000000000000, 0.000000000000000000, 1.000000000000000000 ) ) ;
#1200 = VERTEX_POINT ( 'NONE', #634 ) ;
#1201 = DIRECTION ( 'NONE',  ( 1.000000000000000000, 0.000000000000000000, 0.000000000000000000 ) ) ;
#1202 = DIRECTION ( 'NONE',  ( 0.000000000000000000, 0.000000000000000000, -1.000000000000000000 ) ) ;
#1203 = EDGE_LOOP ( 'NONE', ( #1555, #198, #1081, #3255 ) ) ;
#1204 = DIRECTION ( 'NONE',  ( 0.000000000000000000, 0.000000000000000000, -1.000000000000000000 ) ) ;
#1205 = EDGE_CURVE ( 'NONE', #2802, #4079, #2002, .T. ) ;
#1206 = ORIENTED_EDGE ( 'NONE', *, *, #1421, .F. ) ;
#1207 = CARTESIAN_POINT ( 'NONE',  ( 0.000000000000000000, 9.500000000000005329, -53.99999999999997868 ) ) ;
#1208 = DIRECTION ( 'NONE',  ( 0.000000000000000000, 0.000000000000000000, 1.000000000000000000 ) ) ;
#1209 = LINE ( 'NONE', #920, #1645 ) ;
#1210 = CARTESIAN_POINT ( 'NONE',  ( 76.74999999999998579, 21.50000000000000000, -48.75000000000000000 ) ) ;
#1211 = ORIENTED_EDGE ( 'NONE', *, *, #1241, .F. ) ;
#1212 = EDGE_LOOP ( 'NONE', ( #2906, #2155, #1894, #2522 ) ) ;
#1213 = ORIENTED_EDGE ( 'NONE', *, *, #3649, .F. ) ;
#1214 = DIRECTION ( 'NONE',  ( -0.000000000000000000, -0.000000000000000000, -1.000000000000000000 ) ) ;
#1215 = ORIENTED_EDGE ( 'NONE', *, *, #128, .F. ) ;
#1216 = CARTESIAN_POINT ( 'NONE',  ( 54.00000000000002842, 9.500000000000000000, -108.0000000000000000 ) ) ;
#1217 = EDGE_CURVE ( 'NONE', #3284, #3990, #993, .T. ) ;
#1218 = DIRECTION ( 'NONE',  ( -1.000000000000000000, 0.000000000000000000, 0.000000000000000000 ) ) ;
#1219 = VECTOR ( 'NONE', #2094, 1000.000000000000000 ) ;
#1220 = DIRECTION ( 'NONE',  ( -0.000000000000000000, -0.000000000000000000, -1.000000000000000000 ) ) ;
#1221 = DIRECTION ( 'NONE',  ( 1.000000000000000000, 0.000000000000000000, 0.000000000000000000 ) ) ;
#1222 = VERTEX_POINT ( 'NONE', #1797 ) ;
#1223 = LINE ( 'NONE', #4420, #328 ) ;
#1224 = ORIENTED_EDGE ( 'NONE', *, *, #2369, .F. ) ;
#1225 = LINE ( 'NONE', #2197, #3164 ) ;
#1226 = CARTESIAN_POINT ( 'NONE',  ( 29.99999999999999645, 8.890000000000000568, -30.00000000000000000 ) ) ;
#1227 = ADVANCED_FACE ( 'NONE', ( #1438 ), #2540, .F. ) ;
#1228 = VERTEX_POINT ( 'NONE', #2136 ) ;
#1229 = CARTESIAN_POINT ( 'NONE',  ( 31.24999999999998579, 23.00000000000000000, -32.25000000000000000 ) ) ;
#1230 = CIRCLE ( 'NONE', #3761, 0.7500000000000006661 ) ;
#1231 = EDGE_LOOP ( 'NONE', ( #3614, #1770, #1727, #2234 ) ) ;
#1232 = EDGE_LOOP ( 'NONE', ( #1977, #3124, #1580, #4018 ) ) ;
#1233 = EDGE_CURVE ( 'NONE', #217, #3444, #1378, .T. ) ;
#1234 = ORIENTED_EDGE ( 'NONE', *, *, #4315, .T. ) ;
#1235 = DIRECTION ( 'NONE',  ( 0.000000000000000000, 0.000000000000000000, -1.000000000000000000 ) ) ;
#1236 = EDGE_LOOP ( 'NONE', ( #4089, #586, #101, #2262, #542, #2188, #3202, #2634 ) ) ;
#1237 = VECTOR ( 'NONE', #4203, 1000.000000000000000 ) ;
#1238 = DIRECTION ( 'NONE',  ( -1.000000000000000000, -0.000000000000000000, -0.000000000000000000 ) ) ;
#1239 = LINE ( 'NONE', #549, #1964 ) ;
#1240 = LINE ( 'NONE', #2616, #2606 ) ;
#1241 = EDGE_CURVE ( 'NONE', #901, #2325, #2812, .T. ) ;
#1242 = DIRECTION ( 'NONE',  ( -0.000000000000000000, 1.000000000000000000, -0.000000000000000000 ) ) ;
#1243 = ORIENTED_EDGE ( 'NONE', *, *, #3474, .F. ) ;
#1244 = CARTESIAN_POINT ( 'NONE',  ( 31.24999999999998934, 21.50000000000000000, -34.50000000000000000 ) ) ;
#1245 = EDGE_CURVE ( 'NONE', #3170, #3691, #4298, .T. ) ;
#1246 = CARTESIAN_POINT ( 'NONE',  ( 31.24999999999998579, 23.00000000000000000, -70.50000000000000000 ) ) ;
#1247 = ORIENTED_EDGE ( 'NONE', *, *, #27, .F. ) ;
#1248 = CIRCLE ( 'NONE', #3709, 0.7500000000000006661 ) ;
#1249 = DIRECTION ( 'NONE',  ( 0.000000000000000000, 0.000000000000000000, 1.000000000000000000 ) ) ;
#1250 = FACE_OUTER_BOUND ( 'NONE', #1951, .T. ) ;
#1251 = ORIENTED_EDGE ( 'NONE', *, *, #465, .T. ) ;
#1252 = DIRECTION ( 'NONE',  ( -0.000000000000000000, -0.000000000000000000, -1.000000000000000000 ) ) ;
#1253 = CIRCLE ( 'NONE', #2405, 4.216400000000001924 ) ;
#1254 = EDGE_LOOP ( 'NONE', ( #541, #2213 ) ) ;
#1255 = EDGE_CURVE ( 'NONE', #3058, #1835, #836, .T. ) ;
#1256 = ORIENTED_EDGE ( 'NONE', *, *, #1316, .T. ) ;
#1257 = VERTEX_POINT ( 'NONE', #3929 ) ;
#1258 = FACE_OUTER_BOUND ( 'NONE', #255, .T. ) ;
#1259 = AXIS2_PLACEMENT_3D ( 'NONE', #2353, #3470, #282 ) ;
#1260 = VERTEX_POINT ( 'NONE', #108 ) ;
#1261 = FACE_OUTER_BOUND ( 'NONE', #2171, .T. ) ;
#1262 = EDGE_CURVE ( 'NONE', #4320, #2123, #1862, .T. ) ;
#1263 = EDGE_CURVE ( 'NONE', #2767, #3476, #3046, .T. ) ;
#1264 = DIRECTION ( 'NONE',  ( 0.000000000000000000, 1.000000000000000000, 0.000000000000000000 ) ) ;
#1265 = LINE ( 'NONE', #1285, #664 ) ;
#1266 = FACE_OUTER_BOUND ( 'NONE', #987, .T. ) ;
#1267 = ORIENTED_EDGE ( 'NONE', *, *, #3969, .F. ) ;
#1268 = CARTESIAN_POINT ( 'NONE',  ( 31.24999999999998579, 23.00000000000000000, -62.25000000000000000 ) ) ;
#1269 = DIRECTION ( 'NONE',  ( -1.000000000000000000, -0.000000000000000000, -0.000000000000000000 ) ) ;
#1270 = VERTEX_POINT ( 'NONE', #1100 ) ;
#1271 = EDGE_CURVE ( 'NONE', #672, #4458, #2475, .T. ) ;
#1272 = LINE ( 'NONE', #3721, #2072 ) ;
#1273 = DIRECTION ( 'NONE',  ( -0.000000000000000000, -0.000000000000000000, -1.000000000000000000 ) ) ;
#1274 = ORIENTED_EDGE ( 'NONE', *, *, #3446, .F. ) ;
#1275 = DIRECTION ( 'NONE',  ( -1.000000000000000000, -0.000000000000000000, -0.000000000000000000 ) ) ;
#1276 = ORIENTED_EDGE ( 'NONE', *, *, #4188, .T. ) ;
#1277 = ORIENTED_EDGE ( 'NONE', *, *, #957, .T. ) ;
#1278 = VERTEX_POINT ( 'NONE', #2907 ) ;
#1279 = DIRECTION ( 'NONE',  ( 0.000000000000000000, 0.000000000000000000, 1.000000000000000000 ) ) ;
#1280 = AXIS2_PLACEMENT_3D ( 'NONE', #1973, #3320, #961 ) ;
#1281 = VECTOR ( 'NONE', #2373, 1000.000000000000000 ) ;
#1282 = ORIENTED_EDGE ( 'NONE', *, *, #776, .F. ) ;
#1283 = CARTESIAN_POINT ( 'NONE',  ( 31.24999999999998579, 23.00000000000000000, -53.25000000000000711 ) ) ;
#1284 = LINE ( 'NONE', #1563, #600 ) ;
#1285 = CARTESIAN_POINT ( 'NONE',  ( 31.24999999999998579, 21.50000000000000000, -44.25000000000000000 ) ) ;
#1286 = EDGE_CURVE ( 'NONE', #3153, #716, #1193, .T. ) ;
#1287 = EDGE_CURVE ( 'NONE', #1346, #3651, #1810, .T. ) ;
#1288 = DIRECTION ( 'NONE',  ( -0.000000000000000000, 1.000000000000000000, -0.000000000000000000 ) ) ;
#1289 = VECTOR ( 'NONE', #3031, 1000.000000000000000 ) ;
#1290 = EDGE_LOOP ( 'NONE', ( #2228, #594, #808, #283 ) ) ;
#1291 = DIRECTION ( 'NONE',  ( 0.02992792722492255281, 3.665114028111633011E-18, -0.9995520592605567911 ) ) ;
#1292 = DIRECTION ( 'NONE',  ( 0.000000000000000000, -0.000000000000000000, 1.000000000000000000 ) ) ;
#1293 = AXIS2_PLACEMENT_3D ( 'NONE', #3898, #1481, #3522 ) ;
#1294 = DIRECTION ( 'NONE',  ( -0.000000000000000000, 1.000000000000000000, -0.000000000000000000 ) ) ;
#1295 = EDGE_LOOP ( 'NONE', ( #3638, #1243, #954, #3019 ) ) ;
#1296 = FACE_OUTER_BOUND ( 'NONE', #2502, .T. ) ;
#1297 = EDGE_CURVE ( 'NONE', #1729, #1568, #8, .T. ) ;
#1298 = EDGE_LOOP ( 'NONE', ( #3102, #4401, #2063, #2199 ) ) ;
#1299 = ORIENTED_EDGE ( 'NONE', *, *, #189, .T. ) ;
#1300 = ORIENTED_EDGE ( 'NONE', *, *, #2948, .T. ) ;
#1301 = CARTESIAN_POINT ( 'NONE',  ( 89.00000000000002842, 0.000000000000000000, -96.62500000000000000 ) ) ;
#1302 = ORIENTED_EDGE ( 'NONE', *, *, #4114, .F. ) ;
#1303 = LINE ( 'NONE', #3395, #1687 ) ;
#1304 = AXIS2_PLACEMENT_3D ( 'NONE', #3461, #655, #2430 ) ;
#1305 = CYLINDRICAL_SURFACE ( 'NONE', #960, 3.000000000000002665 ) ;
#1306 = LINE ( 'NONE', #3419, #2824 ) ;
#1307 = CC_DESIGN_APPROVAL ( #153, ( #2552 ) ) ;
#1308 = VECTOR ( 'NONE', #4481, 1000.000000000000000 ) ;
#1309 = LINE ( 'NONE', #3715, #447 ) ;
#1310 = VECTOR ( 'NONE', #345, 1000.000000000000000 ) ;
#1311 = EDGE_CURVE ( 'NONE', #1032, #1599, #767, .T. ) ;
#1312 = AXIS2_PLACEMENT_3D ( 'NONE', #1473, #4104, #3537 ) ;
#1313 = VERTEX_POINT ( 'NONE', #2517 ) ;
#1314 = LINE ( 'NONE', #2689, #3690 ) ;
#1315 = DIRECTION ( 'NONE',  ( 0.000000000000000000, 0.000000000000000000, 1.000000000000000000 ) ) ;
#1316 = EDGE_CURVE ( 'NONE', #1006, #4021, #1957, .T. ) ;
#1317 = CARTESIAN_POINT ( 'NONE',  ( 31.24999999999998579, 21.50000000000000000, -47.25000000000000000 ) ) ;
#1318 = DIRECTION ( 'NONE',  ( 0.000000000000000000, 0.000000000000000000, 1.000000000000000000 ) ) ;
#1319 = LINE ( 'NONE', #1741, #3720 ) ;
#1320 = CIRCLE ( 'NONE', #2757, 3.174999999999983391 ) ;
#1321 = AXIS2_PLACEMENT_3D ( 'NONE', #135, #1515, #4281 ) ;
#1322 = ORIENTED_EDGE ( 'NONE', *, *, #1394, .T. ) ;
#1323 = ORIENTED_EDGE ( 'NONE', *, *, #627, .F. ) ;
#1324 = VERTEX_POINT ( 'NONE', #787 ) ;
#1325 = AXIS2_PLACEMENT_3D ( 'NONE', #2981, #4346, #3707 ) ;
#1326 = DIRECTION ( 'NONE',  ( 0.000000000000000000, 1.000000000000000000, 0.000000000000000000 ) ) ;
#1327 = VERTEX_POINT ( 'NONE', #3508 ) ;
#1328 = DIRECTION ( 'NONE',  ( -1.000000000000000000, 0.000000000000000000, -0.000000000000000000 ) ) ;
#1329 = AXIS2_PLACEMENT_3D ( 'NONE', #1487, #2202, #1191 ) ;
#1330 = EDGE_CURVE ( 'NONE', #490, #1423, #82, .T. ) ;
#1331 = CARTESIAN_POINT ( 'NONE',  ( 0.000000000000000000, 0.000000000000000000, -102.9999999999999716 ) ) ;
#1332 = CARTESIAN_POINT ( 'NONE',  ( 31.24999999999998579, 21.50000000000000000, -36.75000000000000711 ) ) ;
#1333 = CYLINDRICAL_SURFACE ( 'NONE', #3394, 2.250000000000001776 ) ;
#1334 = VECTOR ( 'NONE', #556, 1000.000000000000000 ) ;
#1335 = ORIENTED_EDGE ( 'NONE', *, *, #3040, .T. ) ;
#1336 = DIRECTION ( 'NONE',  ( 0.000000000000000000, 0.000000000000000000, 1.000000000000000000 ) ) ;
#1337 = FACE_BOUND ( 'NONE', #4433, .T. ) ;
#1338 = EDGE_CURVE ( 'NONE', #1832, #1006, #2840, .T. ) ;
#1339 = CARTESIAN_POINT ( 'NONE',  ( 83.49999999999995737, 23.00000000000000000, -86.50000000000000000 ) ) ;
#1340 = DIRECTION ( 'NONE',  ( -0.000000000000000000, 1.000000000000000000, -0.000000000000000000 ) ) ;
#1341 = EDGE_CURVE ( 'NONE', #3212, #4120, #3555, .T. ) ;
#1342 = CARTESIAN_POINT ( 'NONE',  ( 76.74999999999998579, 21.50000000000000000, -49.50000000000000000 ) ) ;
#1343 = ADVANCED_FACE ( 'NONE', ( #4271 ), #1126, .F. ) ;
#1344 = VERTEX_POINT ( 'NONE', #2565 ) ;
#1345 = ORIENTED_EDGE ( 'NONE', *, *, #3099, .F. ) ;
#1346 = VERTEX_POINT ( 'NONE', #516 ) ;
#1347 = CARTESIAN_POINT ( 'NONE',  ( 58.21640000000002857, 9.500000000000000000, -96.37999999999999545 ) ) ;
#1348 = ORIENTED_EDGE ( 'NONE', *, *, #1369, .T. ) ;
#1349 = LINE ( 'NONE', #4179, #4440 ) ;
#1350 = FACE_OUTER_BOUND ( 'NONE', #1212, .T. ) ;
#1351 = CARTESIAN_POINT ( 'NONE',  ( 31.24999999999998579, 21.50000000000000000, -71.25000000000001421 ) ) ;
#1352 = LINE ( 'NONE', #3511, #302 ) ;
#1353 = EDGE_CURVE ( 'NONE', #2631, #275, #2226, .T. ) ;
#1354 = LINE ( 'NONE', #3777, #2225 ) ;
#1355 = ORIENTED_EDGE ( 'NONE', *, *, #3615, .T. ) ;
#1356 = DIRECTION ( 'NONE',  ( 0.000000000000000000, 0.000000000000000000, 1.000000000000000000 ) ) ;
#1357 = DIRECTION ( 'NONE',  ( -1.000000000000000000, -0.000000000000000000, -0.000000000000000000 ) ) ;
#1358 = PERSON_AND_ORGANIZATION ( #3044, #4055 ) ;
#1359 = CIRCLE ( 'NONE', #4335, 2.250000000000001776 ) ;
#1360 = CARTESIAN_POINT ( 'NONE',  ( 34.95000000000001705, 19.00000000000000000, -9.549999999999998934 ) ) ;
#1361 = DIRECTION ( 'NONE',  ( -0.000000000000000000, -1.000000000000000000, -0.000000000000000000 ) ) ;
#1362 = EDGE_LOOP ( 'NONE', ( #730, #1206, #1639, #2404 ) ) ;
#1363 = EDGE_LOOP ( 'NONE', ( #3879, #584, #308, #1182 ) ) ;
#1364 = ADVANCED_FACE ( 'NONE', ( #1986 ), #4352, .F. ) ;
#1365 = EDGE_LOOP ( 'NONE', ( #1667, #3885, #2274, #882 ) ) ;
#1366 = CARTESIAN_POINT ( 'NONE',  ( 5.000000000000035527, 19.00000000000000000, 0.000000000000000000 ) ) ;
#1367 = VERTEX_POINT ( 'NONE', #3650 ) ;
#1368 = CARTESIAN_POINT ( 'NONE',  ( 30.00000000000000000, 0.000000000000000000, -30.00000000000000000 ) ) ;
#1369 = EDGE_CURVE ( 'NONE', #1641, #3860, #3378, .T. ) ;
#1370 = CARTESIAN_POINT ( 'NONE',  ( 54.79375000000001705, 9.500000000000000000, -63.00000000000000000 ) ) ;
#1371 = CARTESIAN_POINT ( 'NONE',  ( 76.74999999999998579, 21.50000000000000000, -29.25000000000000000 ) ) ;
#1372 = CARTESIAN_POINT ( 'NONE',  ( 89.00000000000002842, 9.500000000000005329, -57.94999999999999574 ) ) ;
#1373 = VECTOR ( 'NONE', #2029, 1000.000000000000000 ) ;
#1374 = FACE_OUTER_BOUND ( 'NONE', #4063, .T. ) ;
#1375 = LOCAL_TIME ( 13, 10, 23.00000000000000000, #3385 ) ;
#1376 = ORIENTED_EDGE ( 'NONE', *, *, #1104, .F. ) ;
#1377 = CARTESIAN_POINT ( 'NONE',  ( 86.49999999999998579, 23.00000000000000000, -24.49999999999999645 ) ) ;
#1378 = CIRCLE ( 'NONE', #1879, 3.174999999999997158 ) ;
#1379 = DIRECTION ( 'NONE',  ( -0.000000000000000000, -1.000000000000000000, -0.000000000000000000 ) ) ;
#1380 = EDGE_CURVE ( 'NONE', #294, #626, #1309, .T. ) ;
#1381 = AXIS2_PLACEMENT_3D ( 'NONE', #2321, #2344, #2709 ) ;
#1382 = APPROVAL_DATE_TIME ( #3273, #153 ) ;
#1383 = CARTESIAN_POINT ( 'NONE',  ( 98.45000000000000284, 19.00000000000000000, -38.12499999999998579 ) ) ;
#1384 = ORIENTED_EDGE ( 'NONE', *, *, #3889, .F. ) ;
#1385 = VECTOR ( 'NONE', #414, 1000.000000000000000 ) ;
#1386 = EDGE_LOOP ( 'NONE', ( #1999, #2518, #4158, #3314 ) ) ;
#1387 = VERTEX_POINT ( 'NONE', #2346 ) ;
#1388 = AXIS2_PLACEMENT_3D ( 'NONE', #4234, #4273, #1842 ) ;
#1389 = CARTESIAN_POINT ( 'NONE',  ( 76.74999999999998579, 23.00000000000000000, -50.25000000000000000 ) ) ;
#1390 = VECTOR ( 'NONE', #1403, 1000.000000000000000 ) ;
#1391 = EDGE_LOOP ( 'NONE', ( #2955, #4186, #403, #4128, #4134, #3348, #4364, #83 ) ) ;
#1392 = ADVANCED_FACE ( 'NONE', ( #617 ), #2684, .F. ) ;
#1393 = CARTESIAN_POINT ( 'NONE',  ( 76.74999999999998579, 21.50000000000000000, -71.25000000000001421 ) ) ;
#1394 = EDGE_CURVE ( 'NONE', #215, #309, #1588, .T. ) ;
#1395 = CIRCLE ( 'NONE', #968, 1.824999999999993294 ) ;
#1396 = CYLINDRICAL_SURFACE ( 'NONE', #4202, 1.824999999999993294 ) ;
#1397 = DIRECTION ( 'NONE',  ( 0.000000000000000000, 0.000000000000000000, 1.000000000000000000 ) ) ;
#1398 = DIRECTION ( 'NONE',  ( 1.000000000000000000, -0.000000000000000000, -1.284980352575412699E-16 ) ) ;
#1399 = EDGE_CURVE ( 'NONE', #3767, #2251, #995, .T. ) ;
#1400 = AXIS2_PLACEMENT_3D ( 'NONE', #3142, #2112, #4480 ) ;
#1401 = PLANE ( 'NONE',  #1586 ) ;
#1402 = ORIENTED_EDGE ( 'NONE', *, *, #1634, .F. ) ;
#1403 = DIRECTION ( 'NONE',  ( -0.000000000000000000, -1.000000000000000000, -0.000000000000000000 ) ) ;
#1404 = CIRCLE ( 'NONE', #326, 3.174999999999983391 ) ;
#1405 = DIRECTION ( 'NONE',  ( 0.000000000000000000, 0.000000000000000000, 1.000000000000000000 ) ) ;
#1406 = CARTESIAN_POINT ( 'NONE',  ( 76.74999999999998579, 21.50000000000000000, -71.25000000000001421 ) ) ;
#1407 = VERTEX_POINT ( 'NONE', #554 ) ;
#1408 = EDGE_CURVE ( 'NONE', #1091, #265, #3911, .T. ) ;
#1409 = VERTEX_POINT ( 'NONE', #1610 ) ;
#1410 = DIRECTION ( 'NONE',  ( 0.000000000000000000, 1.000000000000000000, -0.000000000000000000 ) ) ;
#1411 = FACE_BOUND ( 'NONE', #2808, .T. ) ;
#1412 = ORIENTED_EDGE ( 'NONE', *, *, #2509, .T. ) ;
#1413 = CARTESIAN_POINT ( 'NONE',  ( 31.24999999999998934, 21.50000000000000000, -64.50000000000000000 ) ) ;
#1414 = EDGE_LOOP ( 'NONE', ( #1156, #4051, #4476, #2743 ) ) ;
#1415 = CARTESIAN_POINT ( 'NONE',  ( 76.74999999999998579, 21.50000000000000000, -43.50000000000000000 ) ) ;
#1416 = LINE ( 'NONE', #1331, #3773 ) ;
#1417 = CYLINDRICAL_SURFACE ( 'NONE', #1304, 3.174999999999997158 ) ;
#1418 = CARTESIAN_POINT ( 'NONE',  ( 108.0000000000000284, 19.00000000000000000, -5.000000000000035527 ) ) ;
#1419 = DIRECTION ( 'NONE',  ( 0.000000000000000000, 0.000000000000000000, -1.000000000000000000 ) ) ;
#1420 = CARTESIAN_POINT ( 'NONE',  ( 31.24999999999998579, 21.50000000000000000, -35.25000000000000000 ) ) ;
#1421 = EDGE_CURVE ( 'NONE', #572, #3524, #979, .T. ) ;
#1422 = ADVANCED_FACE ( 'NONE', ( #3735 ), #1333, .F. ) ;
#1423 = VERTEX_POINT ( 'NONE', #4030 ) ;
#1424 = DIRECTION ( 'NONE',  ( -0.000000000000000000, -1.000000000000000000, -0.000000000000000000 ) ) ;
#1425 = LINE ( 'NONE', #3105, #1385 ) ;
#1426 = EDGE_CURVE ( 'NONE', #4388, #1643, #2004, .T. ) ;
#1427 = DIRECTION ( 'NONE',  ( -1.000000000000000000, -0.000000000000000000, -0.000000000000000000 ) ) ;
#1428 = EDGE_LOOP ( 'NONE', ( #3326, #3779, #1622, #3976 ) ) ;
#1429 = ORIENTED_EDGE ( 'NONE', *, *, #3141, .T. ) ;
#1430 = DIRECTION ( 'NONE',  ( 1.000000000000000000, 0.000000000000000000, 0.000000000000000000 ) ) ;
#1431 = CIRCLE ( 'NONE', #2657, 2.999999999999999112 ) ;
#1432 = FACE_BOUND ( 'NONE', #2382, .T. ) ;
#1433 = ADVANCED_FACE ( 'NONE', ( #1266 ), #933, .T. ) ;
#1434 = VERTEX_POINT ( 'NONE', #2642 ) ;
#1435 = LINE ( 'NONE', #2807, #2702 ) ;
#1436 = VERTEX_POINT ( 'NONE', #1633 ) ;
#1437 = DIRECTION ( 'NONE',  ( 0.000000000000000000, 0.000000000000000000, 1.000000000000000000 ) ) ;
#1438 = FACE_OUTER_BOUND ( 'NONE', #268, .T. ) ;
#1439 = DIRECTION ( 'NONE',  ( -1.000000000000000000, -0.000000000000000000, -0.000000000000000000 ) ) ;
#1440 = LINE ( 'NONE', #744, #4355 ) ;
#1441 = PLANE ( 'NONE',  #4012 ) ;
#1442 = DIRECTION ( 'NONE',  ( -0.000000000000000000, 1.000000000000000000, -0.000000000000000000 ) ) ;
#1443 = ORIENTED_EDGE ( 'NONE', *, *, #1494, .T. ) ;
#1444 = LINE ( 'NONE', #1108, #2618 ) ;
#1445 = CARTESIAN_POINT ( 'NONE',  ( 73.04999999999999716, 19.00000000000000000, -95.27500000000696900 ) ) ;
#1446 = EDGE_CURVE ( 'NONE', #1530, #672, #3024, .T. ) ;
#1447 = AXIS2_PLACEMENT_3D ( 'NONE', #3362, #2284, #2326 ) ;
#1449 = VECTOR ( 'NONE', #2071, 1000.000000000000000 ) ;
#1448 = DIRECTION ( 'NONE',  ( -0.000000000000000000, 1.000000000000000000, -0.000000000000000000 ) ) ;
#1450 = LINE ( 'NONE', #2827, #1556 ) ;
#1451 = AXIS2_PLACEMENT_3D ( 'NONE', #3594, #3162, #1488 ) ;
#1452 = EDGE_LOOP ( 'NONE', ( #7, #3094 ) ) ;
#1453 = EDGE_CURVE ( 'NONE', #3486, #1590, #4097, .T. ) ;
#1454 = CIRCLE ( 'NONE', #2974, 0.7937499999999888534 ) ;
#1455 = DIRECTION ( 'NONE',  ( 1.000000000000000000, 0.000000000000000000, 0.000000000000000000 ) ) ;
#1456 = DIRECTION ( 'NONE',  ( -1.000000000000000000, 0.000000000000000000, 0.000000000000000000 ) ) ;
#1457 = ORIENTED_EDGE ( 'NONE', *, *, #772, .F. ) ;
#1458 = FACE_OUTER_BOUND ( 'NONE', #3411, .T. ) ;
#1459 = AXIS2_PLACEMENT_3D ( 'NONE', #4328, #1218, #3980 ) ;
#1460 = ORIENTED_EDGE ( 'NONE', *, *, #4250, .T. ) ;
#1461 = DIRECTION ( 'NONE',  ( 0.000000000000000000, 0.000000000000000000, 1.000000000000000000 ) ) ;
#1462 = ORIENTED_EDGE ( 'NONE', *, *, #966, .T. ) ;
#1463 = DIRECTION ( 'NONE',  ( -1.000000000000000000, -0.000000000000000000, -0.000000000000000000 ) ) ;
#1464 = ORIENTED_EDGE ( 'NONE', *, *, #1380, .F. ) ;
#1465 = LINE ( 'NONE', #4324, #2038 ) ;
#1466 = CARTESIAN_POINT ( 'NONE',  ( 98.45000000000000284, 19.00000000000000000, -34.94999999999999574 ) ) ;
#1467 = AXIS2_PLACEMENT_3D ( 'NONE', #1688, #1050, #2066 ) ;
#1468 = DIRECTION ( 'NONE',  ( 0.000000000000000000, -0.000000000000000000, -1.000000000000000000 ) ) ;
#1469 = CIRCLE ( 'NONE', #3565, 0.7500000000000006661 ) ;
#1470 = EDGE_CURVE ( 'NONE', #4045, #3937, #1431, .T. ) ;
#1471 = ORIENTED_EDGE ( 'NONE', *, *, #3943, .T. ) ;
#1472 = DIRECTION ( 'NONE',  ( 0.000000000000000000, 0.000000000000000000, 1.000000000000000000 ) ) ;
#1473 = CARTESIAN_POINT ( 'NONE',  ( 76.75000000000000000, 21.50000000000000000, -37.50000000000000000 ) ) ;
#1474 = CIRCLE ( 'NONE', #2846, 2.250000000000001776 ) ;
#1475 = DIRECTION ( 'NONE',  ( 0.000000000000000000, 0.000000000000000000, 1.000000000000000000 ) ) ;
#1476 = AXIS2_PLACEMENT_3D ( 'NONE', #2839, #3251, #1839 ) ;
#1477 = CIRCLE ( 'NONE', #3070, 0.7500000000000006661 ) ;
#1478 = CARTESIAN_POINT ( 'NONE',  ( 76.74999999999998579, 21.50000000000000000, -66.75000000000000000 ) ) ;
#1479 = EDGE_LOOP ( 'NONE', ( #2539, #1880 ) ) ;
#1480 = CIRCLE ( 'NONE', #2486, 0.7500000000000006661 ) ;
#1481 = DIRECTION ( 'NONE',  ( -0.000000000000000000, 1.000000000000000000, -0.000000000000000000 ) ) ;
#1482 = DIRECTION ( 'NONE',  ( 0.000000000000000000, 0.000000000000000000, 1.000000000000000000 ) ) ;
#1483 = EDGE_CURVE ( 'NONE', #1260, #3074, #3819, .T. ) ;
#1484 = ORIENTED_EDGE ( 'NONE', *, *, #4310, .F. ) ;
#1485 = FACE_OUTER_BOUND ( 'NONE', #2803, .T. ) ;
#1486 = ORIENTED_EDGE ( 'NONE', *, *, #2864, .F. ) ;
#1487 = CARTESIAN_POINT ( 'NONE',  ( 34.95000000000000284, 19.00000000000000000, -98.45000000000695195 ) ) ;
#1488 = DIRECTION ( 'NONE',  ( 0.000000000000000000, 0.000000000000000000, 1.000000000000000000 ) ) ;
#1489 = ORIENTED_EDGE ( 'NONE', *, *, #1135, .T. ) ;
#1490 = CARTESIAN_POINT ( 'NONE',  ( 76.74999999999998579, 23.00000000000000000, -69.75000000000000000 ) ) ;
#1491 = CARTESIAN_POINT ( 'NONE',  ( 59.14337300000002529, 9.500000000000000000, -108.0000000000000000 ) ) ;
#1492 = ORIENTED_EDGE ( 'NONE', *, *, #4454, .T. ) ;
#1493 = DIRECTION ( 'NONE',  ( -0.000000000000000000, 1.000000000000000000, -0.000000000000000000 ) ) ;
#1494 = EDGE_CURVE ( 'NONE', #2998, #4092, #2282, .T. ) ;
#1495 = DIRECTION ( 'NONE',  ( 0.000000000000000000, 1.000000000000000000, -0.000000000000000000 ) ) ;
#1496 = CIRCLE ( 'NONE', #3014, 0.7500000000000006661 ) ;
#1497 = DIRECTION ( 'NONE',  ( -0.000000000000000000, -1.000000000000000000, -0.000000000000000000 ) ) ;
#1498 = AXIS2_PLACEMENT_3D ( 'NONE', #3341, #1549, #214 ) ;
#1499 = VERTEX_POINT ( 'NONE', #3008 ) ;
#1500 = DIRECTION ( 'NONE',  ( -0.000000000000000000, -1.000000000000000000, -0.000000000000000000 ) ) ;
#1501 = FACE_BOUND ( 'NONE', #1236, .T. ) ;
#1502 = ORIENTED_EDGE ( 'NONE', *, *, #2192, .T. ) ;
#1503 = CARTESIAN_POINT ( 'NONE',  ( 76.74999999999998579, 23.00000000000000000, -47.25000000000000000 ) ) ;
#1504 = ORIENTED_EDGE ( 'NONE', *, *, #2745, .F. ) ;
#1505 = DIRECTION ( 'NONE',  ( 0.000000000000000000, -1.000000000000000000, 0.000000000000000000 ) ) ;
#1506 = ADVANCED_FACE ( 'NONE', ( #4394 ), #2390, .F. ) ;
#1507 = CARTESIAN_POINT ( 'NONE',  ( 31.24999999999998579, 23.00000000000000000, -36.75000000000000711 ) ) ;
#1508 = VERTEX_POINT ( 'NONE', #410 ) ;
#1509 = DIRECTION ( 'NONE',  ( -1.000000000000000000, -0.000000000000000000, -0.000000000000000000 ) ) ;
#1510 = DIRECTION ( 'NONE',  ( -0.000000000000000000, 0.000000000000000000, 1.000000000000000000 ) ) ;
#1511 = AXIS2_PLACEMENT_3D ( 'NONE', #99, #1138, #802 ) ;
#1512 = ADVANCED_FACE ( 'NONE', ( #1374 ), #384, .F. ) ;
#1513 = EDGE_LOOP ( 'NONE', ( #4332, #3295, #2292, #2283 ) ) ;
#1514 = LINE ( 'NONE', #2211, #169 ) ;
#1515 = DIRECTION ( 'NONE',  ( -0.000000000000000000, 1.000000000000000000, -0.000000000000000000 ) ) ;
#1516 = ORIENTED_EDGE ( 'NONE', *, *, #291, .F. ) ;
#1517 = CARTESIAN_POINT ( 'NONE',  ( 54.00000000000002842, 9.500000000000000000, -96.37999999999999545 ) ) ;
#1518 = ORIENTED_EDGE ( 'NONE', *, *, #4293, .F. ) ;
#1519 = CIRCLE ( 'NONE', #3624, 3.174999999999997158 ) ;
#1520 = VECTOR ( 'NONE', #3097, 1000.000000000000000 ) ;
#1521 = EDGE_CURVE ( 'NONE', #143, #4045, #3820, .T. ) ;
#1522 = DIRECTION ( 'NONE',  ( -1.000000000000000000, 0.000000000000000000, 0.000000000000000000 ) ) ;
#1523 = ORIENTED_EDGE ( 'NONE', *, *, #513, .F. ) ;
#1524 = CYLINDRICAL_SURFACE ( 'NONE', #749, 1.824999999999993294 ) ;
#1525 = ORIENTED_EDGE ( 'NONE', *, *, #2864, .T. ) ;
#1526 = CARTESIAN_POINT ( 'NONE',  ( 30.00000000000000000, 8.890000000000000568, -30.00000000000000000 ) ) ;
#1527 = EDGE_LOOP ( 'NONE', ( #1744, #4478, #4272 ) ) ;
#1528 = VECTOR ( 'NONE', #330, 1000.000000000000000 ) ;
#1529 = DIRECTION ( 'NONE',  ( -1.000000000000000000, -0.000000000000000000, -0.000000000000000000 ) ) ;
#1530 = VERTEX_POINT ( 'NONE', #2817 ) ;
#1531 = CARTESIAN_POINT ( 'NONE',  ( 30.00000000000000000, -2.488482295867306383E-17, -30.00000000000000000 ) ) ;
#1532 = EDGE_CURVE ( 'NONE', #2890, #3928, #65, .T. ) ;
#1533 = ORIENTED_EDGE ( 'NONE', *, *, #154, .T. ) ;
#1534 = LINE ( 'NONE', #771, #3856 ) ;
#1535 = CIRCLE ( 'NONE', #1459, 3.950000000000001954 ) ;
#1536 = DIRECTION ( 'NONE',  ( -0.000000000000000000, 1.000000000000000000, -0.000000000000000000 ) ) ;
#1537 = ORIENTED_EDGE ( 'NONE', *, *, #589, .F. ) ;
#1538 = EDGE_CURVE ( 'NONE', #37, #3170, #3750, .T. ) ;
#1539 = DIRECTION ( 'NONE',  ( 0.000000000000000000, 0.000000000000000000, 1.000000000000000000 ) ) ;
#1540 = AXIS2_PLACEMENT_3D ( 'NONE', #382, #4206, #1758 ) ;
#1541 = CIRCLE ( 'NONE', #2688, 2.250000000000001776 ) ;
#1542 = CARTESIAN_POINT ( 'NONE',  ( 78.00000000000000000, 8.890000000000000568, -78.75000000000000000 ) ) ;
#1543 = AXIS2_PLACEMENT_3D ( 'NONE', #444, #1815, #2133 ) ;
#1544 = CIRCLE ( 'NONE', #2550, 0.7500000000000006661 ) ;
#1545 = ORIENTED_EDGE ( 'NONE', *, *, #2436, .F. ) ;
#1546 = CARTESIAN_POINT ( 'NONE',  ( 103.0000000000000284, 19.00000000000000000, -103.0000000000000000 ) ) ;
#1547 = ORIENTED_EDGE ( 'NONE', *, *, #3089, .T. ) ;
#1548 = AXIS2_PLACEMENT_3D ( 'NONE', #59, #3882, #1124 ) ;
#1549 = DIRECTION ( 'NONE',  ( -0.000000000000000000, -0.000000000000000000, -1.000000000000000000 ) ) ;
#1550 = AXIS2_PLACEMENT_3D ( 'NONE', #3493, #3895, #394 ) ;
#1551 = LINE ( 'NONE', #896, #2379 ) ;
#1552 = ORIENTED_EDGE ( 'NONE', *, *, #2424, .T. ) ;
#1553 = CARTESIAN_POINT ( 'NONE',  ( 76.74999999999998579, 23.00000000000000000, -59.25000000000000000 ) ) ;
#1554 = EDGE_CURVE ( 'NONE', #2802, #1228, #4479, .T. ) ;
#1555 = ORIENTED_EDGE ( 'NONE', *, *, #1263, .T. ) ;
#1556 = VECTOR ( 'NONE', #3242, 1000.000000000000000 ) ;
#1557 = CARTESIAN_POINT ( 'NONE',  ( 31.24999999999998579, 21.50000000000000000, -47.25000000000000000 ) ) ;
#1558 = ORIENTED_EDGE ( 'NONE', *, *, #3099, .T. ) ;
#1559 = ORIENTED_EDGE ( 'NONE', *, *, #2976, .F. ) ;
#1560 = CARTESIAN_POINT ( 'NONE',  ( 0.000000000000000000, 9.500000000000005329, -50.04999999999997584 ) ) ;
#1561 = ORIENTED_EDGE ( 'NONE', *, *, #2456, .F. ) ;
#1562 = FACE_OUTER_BOUND ( 'NONE', #368, .T. ) ;
#1563 = CARTESIAN_POINT ( 'NONE',  ( 30.00000000000000000, 23.00000000000000000, -30.75000000000000000 ) ) ;
#1564 = CYLINDRICAL_SURFACE ( 'NONE', #385, 2.250000000000001776 ) ;
#1565 = CARTESIAN_POINT ( 'NONE',  ( 86.49999999999997158, 23.00000000000000000, -83.49999999999998579 ) ) ;
#1566 = EDGE_CURVE ( 'NONE', #1005, #4363, #1359, .T. ) ;
#1567 = ADVANCED_FACE ( 'NONE', ( #3100 ), #2052, .F. ) ;
#1568 = VERTEX_POINT ( 'NONE', #4143 ) ;
#1569 = CYLINDRICAL_SURFACE ( 'NONE', #3296, 1.824999999999993294 ) ;
#1570 = ORIENTED_EDGE ( 'NONE', *, *, #1483, .F. ) ;
#1571 = EDGE_CURVE ( 'NONE', #1922, #4088, #1860, .T. ) ;
#1572 = LINE ( 'NONE', #4016, #346 ) ;
#1573 = CARTESIAN_POINT ( 'NONE',  ( 31.24999999999998579, 21.50000000000000000, -35.25000000000000000 ) ) ;
#1574 = EDGE_LOOP ( 'NONE', ( #31, #837 ) ) ;
#1575 = CYLINDRICAL_SURFACE ( 'NONE', #4446, 0.7500000000000006661 ) ;
#1576 = VERTEX_POINT ( 'NONE', #3443 ) ;
#1577 = VECTOR ( 'NONE', #2350, 1000.000000000000000 ) ;
#1578 = ORIENTED_EDGE ( 'NONE', *, *, #2319, .F. ) ;
#1579 = EDGE_CURVE ( 'NONE', #2924, #3388, #4185, .T. ) ;
#1580 = ORIENTED_EDGE ( 'NONE', *, *, #3469, .T. ) ;
#1581 = DIRECTION ( 'NONE',  ( -0.000000000000000000, -0.000000000000000000, -1.000000000000000000 ) ) ;
#1582 = VERTEX_POINT ( 'NONE', #3847 ) ;
#1583 = DIRECTION ( 'NONE',  ( 0.000000000000000000, 0.000000000000000000, -1.000000000000000000 ) ) ;
#1584 = ADVANCED_FACE ( 'NONE', ( #1039, #3420 ), #747, .F. ) ;
#1585 = CARTESIAN_POINT ( 'NONE',  ( 5.000000000000035527, 0.000000000000000000, 0.000000000000000000 ) ) ;
#1586 = AXIS2_PLACEMENT_3D ( 'NONE', #2774, #1735, #700 ) ;
#1587 = DIRECTION ( 'NONE',  ( -0.000000000000000000, 1.000000000000000000, -0.000000000000000000 ) ) ;
#1588 = LINE ( 'NONE', #952, #2750 ) ;
#1589 = DESIGN_CONTEXT ( 'detailed design', #2231, 'design' ) ;
#1590 = VERTEX_POINT ( 'NONE', #3798 ) ;
#1591 = DIRECTION ( 'NONE',  ( -0.000000000000000000, 1.000000000000000000, -0.000000000000000000 ) ) ;
#1592 = EDGE_CURVE ( 'NONE', #2465, #1152, #320, .T. ) ;
#1593 = ORIENTED_EDGE ( 'NONE', *, *, #628, .T. ) ;
#1594 = CYLINDRICAL_SURFACE ( 'NONE', #3530, 3.174999999999997158 ) ;
#1595 = DIRECTION ( 'NONE',  ( 0.000000000000000000, -0.000000000000000000, 1.000000000000000000 ) ) ;
#1596 = ORIENTED_EDGE ( 'NONE', *, *, #47, .F. ) ;
#1597 = DIRECTION ( 'NONE',  ( -0.000000000000000000, -1.000000000000000000, -0.000000000000000000 ) ) ;
#1598 = CIRCLE ( 'NONE', #1, 2.250000000000001776 ) ;
#1599 = VERTEX_POINT ( 'NONE', #2795 ) ;
#1600 = ORIENTED_EDGE ( 'NONE', *, *, #1245, .F. ) ;
#1601 = ORIENTED_EDGE ( 'NONE', *, *, #1911, .F. ) ;
#1602 = DIRECTION ( 'NONE',  ( 0.000000000000000000, 0.000000000000000000, -1.000000000000000000 ) ) ;
#1603 = ORIENTED_EDGE ( 'NONE', *, *, #638, .F. ) ;
#1604 = AXIS2_PLACEMENT_3D ( 'NONE', #227, #2964, #3669 ) ;
#1605 = CARTESIAN_POINT ( 'NONE',  ( 31.24999999999998579, 23.00000000000000000, -30.75000000000000000 ) ) ;
#1606 = DIRECTION ( 'NONE',  ( 0.000000000000000000, 0.000000000000000000, -1.000000000000000000 ) ) ;
#1607 = AXIS2_PLACEMENT_3D ( 'NONE', #2118, #3483, #3797 ) ;
#1608 = CARTESIAN_POINT ( 'NONE',  ( 76.75000000000000000, 21.50000000000000000, -31.50000000000000000 ) ) ;
#1609 = EDGE_CURVE ( 'NONE', #2269, #716, #1695, .T. ) ;
#1610 = CARTESIAN_POINT ( 'NONE',  ( 31.24999999999998579, 23.00000000000000000, -45.75000000000000000 ) ) ;
#1611 = CIRCLE ( 'NONE', #2394, 0.7500000000000006661 ) ;
#1612 = CIRCLE ( 'NONE', #4435, 0.7500000000000006661 ) ;
#1613 = EDGE_LOOP ( 'NONE', ( #1821, #1603, #2103, #3003 ) ) ;
#1614 = FACE_BOUND ( 'NONE', #2965, .T. ) ;
#1615 = FACE_OUTER_BOUND ( 'NONE', #2178, .T. ) ;
#1616 = EDGE_LOOP ( 'NONE', ( #1048, #1098, #965, #1163 ) ) ;
#1617 = CARTESIAN_POINT ( 'NONE',  ( 31.24999999999998579, 21.50000000000000000, -60.75000000000000000 ) ) ;
#1618 = PERSON_AND_ORGANIZATION ( #3044, #4055 ) ;
#1619 = CYLINDRICAL_SURFACE ( 'NONE', #3453, 3.950000000000001954 ) ;
#1620 = DIRECTION ( 'NONE',  ( -0.000000000000000000, -0.000000000000000000, -1.000000000000000000 ) ) ;
#1621 = VECTOR ( 'NONE', #1917, 1000.000000000000000 ) ;
#1622 = ORIENTED_EDGE ( 'NONE', *, *, #2691, .T. ) ;
#1623 = ORIENTED_EDGE ( 'NONE', *, *, #213, .F. ) ;
#1624 = EDGE_CURVE ( 'NONE', #2251, #1913, #1354, .T. ) ;
#1625 = ADVANCED_FACE ( 'NONE', ( #342 ), #1401, .F. ) ;
#1626 = ORIENTED_EDGE ( 'NONE', *, *, #4278, .T. ) ;
#1627 = DIRECTION ( 'NONE',  ( 0.000000000000000000, 0.000000000000000000, 1.000000000000000000 ) ) ;
#1628 = VECTOR ( 'NONE', #30, 1000.000000000000000 ) ;
#1629 = ORIENTED_EDGE ( 'NONE', *, *, #115, .F. ) ;
#1630 = CARTESIAN_POINT ( 'NONE',  ( 31.24999999999998934, 21.50000000000000000, -70.50000000000000000 ) ) ;
#1631 = DIRECTION ( 'NONE',  ( -0.000000000000000000, -1.000000000000000000, -0.000000000000000000 ) ) ;
#1632 = DIRECTION ( 'NONE',  ( -0.000000000000000000, 1.000000000000000000, -0.000000000000000000 ) ) ;
#1633 = CARTESIAN_POINT ( 'NONE',  ( 31.24999999999998579, 23.00000000000000000, -47.25000000000000000 ) ) ;
#1634 = EDGE_CURVE ( 'NONE', #1576, #1387, #575, .T. ) ;
#1635 = ORIENTED_EDGE ( 'NONE', *, *, #2415, .T. ) ;
#1636 = DIRECTION ( 'NONE',  ( 0.000000000000000000, 0.000000000000000000, 1.000000000000000000 ) ) ;
#1637 = DIRECTION ( 'NONE',  ( -0.000000000000000000, -1.000000000000000000, -0.000000000000000000 ) ) ;
#1638 = CARTESIAN_POINT ( 'NONE',  ( 76.75000000000000000, 21.50000000000000000, -55.50000000000000000 ) ) ;
#1639 = ORIENTED_EDGE ( 'NONE', *, *, #1945, .F. ) ;
#1640 = DIRECTION ( 'NONE',  ( -1.000000000000000000, 0.000000000000000000, 0.000000000000000000 ) ) ;
#1641 = VERTEX_POINT ( 'NONE', #2546 ) ;
#1642 = ORIENTED_EDGE ( 'NONE', *, *, #2363, .T. ) ;
#1643 = VERTEX_POINT ( 'NONE', #1150 ) ;
#1644 = CYLINDRICAL_SURFACE ( 'NONE', #20, 3.174999999999990496 ) ;
#1645 = VECTOR ( 'NONE', #3343, 1000.000000000000000 ) ;
#1646 = CIRCLE ( 'NONE', #3809, 1.824999999999993294 ) ;
#1647 = ORIENTED_EDGE ( 'NONE', *, *, #3945, .T. ) ;
#1648 = EDGE_CURVE ( 'NONE', #668, #3091, #644, .T. ) ;
#1649 = DIRECTION ( 'NONE',  ( -0.000000000000000000, -1.000000000000000000, -0.000000000000000000 ) ) ;
#1650 = CARTESIAN_POINT ( 'NONE',  ( 31.24999999999998934, 21.50000000000000000, -40.50000000000000000 ) ) ;
#1651 = CARTESIAN_POINT ( 'NONE',  ( 73.04999999999999716, 0.000000000000000000, -95.27500000000695479 ) ) ;
#1652 = EDGE_CURVE ( 'NONE', #2679, #2325, #2142, .T. ) ;
#1653 = CARTESIAN_POINT ( 'NONE',  ( 31.24999999999998579, 21.50000000000000000, -53.25000000000000711 ) ) ;
#1654 = AXIS2_PLACEMENT_3D ( 'NONE', #4304, #3214, #2232 ) ;
#1655 = ORIENTED_EDGE ( 'NONE', *, *, #1020, .F. ) ;
#1656 = DIRECTION ( 'NONE',  ( 0.000000000000000000, 0.000000000000000000, -1.000000000000000000 ) ) ;
#1657 = CARTESIAN_POINT ( 'NONE',  ( 48.88656833917055877, 9.500000000000000000, -107.0000000000000000 ) ) ;
#1658 = FACE_OUTER_BOUND ( 'NONE', #1131, .T. ) ;
#1659 = APPROVAL_DATE_TIME ( #2736, #4077 ) ;
#1660 = DIRECTION ( 'NONE',  ( 0.000000000000000000, 0.000000000000000000, 1.000000000000000000 ) ) ;
#1661 = DIRECTION ( 'NONE',  ( 0.000000000000000000, -1.000000000000000000, 0.000000000000000000 ) ) ;
#1662 = ORIENTED_EDGE ( 'NONE', *, *, #2114, .F. ) ;
#1663 = ADVANCED_FACE ( 'NONE', ( #1562 ), #3870, .F. ) ;
#1664 = VERTEX_POINT ( 'NONE', #1491 ) ;
#1665 = EDGE_LOOP ( 'NONE', ( #475, #3541 ) ) ;
#1666 = CYLINDRICAL_SURFACE ( 'NONE', #93, 4.216400000000001924 ) ;
#1667 = ORIENTED_EDGE ( 'NONE', *, *, #3897, .T. ) ;
#1668 = CARTESIAN_POINT ( 'NONE',  ( 89.00000000000002842, 19.00000000000000000, -96.62500000000000000 ) ) ;
#1669 = AXIS2_PLACEMENT_3D ( 'NONE', #3386, #281, #1318 ) ;
#1670 = DIRECTION ( 'NONE',  ( -0.000000000000000000, -1.000000000000000000, -0.000000000000000000 ) ) ;
#1671 = FACE_OUTER_BOUND ( 'NONE', #2610, .T. ) ;
#1672 = AXIS2_PLACEMENT_3D ( 'NONE', #1731, #3795, #4094 ) ;
#1673 = DIRECTION ( 'NONE',  ( -0.000000000000000000, 1.000000000000000000, -0.000000000000000000 ) ) ;
#1674 = EDGE_CURVE ( 'NONE', #4318, #1192, #3101, .T. ) ;
#1675 = ORIENTED_EDGE ( 'NONE', *, *, #4239, .F. ) ;
#1676 = DIRECTION ( 'NONE',  ( 0.000000000000000000, 0.000000000000000000, 1.000000000000000000 ) ) ;
#1677 = CARTESIAN_POINT ( 'NONE',  ( 31.24999999999998579, 21.50000000000000000, -69.75000000000000000 ) ) ;
#1678 = DIRECTION ( 'NONE',  ( -0.000000000000000000, 1.000000000000000000, -0.000000000000000000 ) ) ;
#1679 = APPROVAL_ROLE ( '' ) ;
#1680 = DIRECTION ( 'NONE',  ( -0.000000000000000000, -0.000000000000000000, -1.000000000000000000 ) ) ;
#1681 = LINE ( 'NONE', #2855, #4155 ) ;
#1682 = VECTOR ( 'NONE', #1632, 1000.000000000000000 ) ;
#1683 = ORIENTED_EDGE ( 'NONE', *, *, #1674, .T. ) ;
#1684 = ORIENTED_EDGE ( 'NONE', *, *, #4327, .F. ) ;
#1685 = ADVANCED_FACE ( 'NONE', ( #1865 ), #497, .F. ) ;
#1686 = VERTEX_POINT ( 'NONE', #3257 ) ;
#1687 = VECTOR ( 'NONE', #2278, 1000.000000000000000 ) ;
#1688 = CARTESIAN_POINT ( 'NONE',  ( 9.550000000000007816, 19.00000000000000000, -34.94999999999999574 ) ) ;
#1689 = ORIENTED_EDGE ( 'NONE', *, *, #3330, .F. ) ;
#1690 = FACE_OUTER_BOUND ( 'NONE', #504, .T. ) ;
#1691 = DIRECTION ( 'NONE',  ( -0.000000000000000000, 0.000000000000000000, 1.000000000000000000 ) ) ;
#1692 = CARTESIAN_POINT ( 'NONE',  ( 31.24999999999998579, 21.50000000000000000, -76.50000000000001421 ) ) ;
#1693 = CIRCLE ( 'NONE', #2994, 3.174999999999997158 ) ;
#1694 = DIRECTION ( 'NONE',  ( 1.000000000000000000, 0.000000000000000000, 0.000000000000000000 ) ) ;
#1695 = LINE ( 'NONE', #3080, #863 ) ;
#1696 = AXIS2_PLACEMENT_3D ( 'NONE', #2305, #1637, #937 ) ;
#1697 = ORIENTED_EDGE ( 'NONE', *, *, #1766, .F. ) ;
#1698 = DIRECTION ( 'NONE',  ( -0.000000000000000000, 1.000000000000000000, -0.000000000000000000 ) ) ;
#1699 = LINE ( 'NONE', #2815, #3475 ) ;
#1700 = ADVANCED_FACE ( 'NONE', ( #2480 ), #1843, .T. ) ;
#1701 = CARTESIAN_POINT ( 'NONE',  ( 76.74999999999998579, 23.00000000000000000, -31.50000000000000000 ) ) ;
#1702 = CALENDAR_DATE ( 2023, 28, 9 ) ;
#1703 = DIRECTION ( 'NONE',  ( 0.000000000000000000, 0.000000000000000000, -1.000000000000000000 ) ) ;
#1704 = DIRECTION ( 'NONE',  ( 0.000000000000000000, 0.000000000000000000, -1.000000000000000000 ) ) ;
#1705 = ORIENTED_EDGE ( 'NONE', *, *, #2415, .F. ) ;
#1706 = EDGE_CURVE ( 'NONE', #238, #1924, #3620, .T. ) ;
#1707 = ORIENTED_EDGE ( 'NONE', *, *, #2873, .F. ) ;
#1708 = ORIENTED_EDGE ( 'NONE', *, *, #1470, .T. ) ;
#1709 = CARTESIAN_POINT ( 'NONE',  ( 9.550000000000007816, 0.000000000000000000, -34.94999999999999574 ) ) ;
#1710 = EDGE_LOOP ( 'NONE', ( #1029, #4405, #2780, #4396 ) ) ;
#1711 = CARTESIAN_POINT ( 'NONE',  ( 73.05000000000001137, 19.00000000000000000, -9.549999999999998934 ) ) ;
#1712 = EDGE_CURVE ( 'NONE', #4453, #4252, #2939, .T. ) ;
#1713 = FACE_BOUND ( 'NONE', #3661, .T. ) ;
#1714 = FACE_OUTER_BOUND ( 'NONE', #3458, .T. ) ;
#1715 = CARTESIAN_POINT ( 'NONE',  ( 31.24999999999998934, 21.50000000000000000, -40.50000000000000000 ) ) ;
#1716 = CARTESIAN_POINT ( 'NONE',  ( 34.95000000000001705, 0.000000000000000000, -9.549999999999998934 ) ) ;
#1717 = EDGE_CURVE ( 'NONE', #2890, #2158, #970, .T. ) ;
#1718 = ORIENTED_EDGE ( 'NONE', *, *, #553, .F. ) ;
#1719 = CARTESIAN_POINT ( 'NONE',  ( 78.00000000000000000, 21.50000000000000000, -78.75000000000000000 ) ) ;
#1720 = PRODUCT_DEFINITION_SHAPE ( 'NONE', 'NONE',  #2552 ) ;
#1721 = CARTESIAN_POINT ( 'NONE',  ( 98.45000000000000284, 19.00000000000000000, -73.04999999999999716 ) ) ;
#1722 = EDGE_CURVE ( 'NONE', #3871, #626, #1534, .T. ) ;
#1723 = CARTESIAN_POINT ( 'NONE',  ( 73.04999999999999716, 0.000000000000000000, -101.6250000000069491 ) ) ;
#1724 = ORIENTED_EDGE ( 'NONE', *, *, #3910, .F. ) ;
#1725 = ORIENTED_EDGE ( 'NONE', *, *, #69, .T. ) ;
#1726 = ADVANCED_FACE ( 'NONE', ( #2914 ), #3957, .F. ) ;
#1727 = ORIENTED_EDGE ( 'NONE', *, *, #692, .F. ) ;
#1728 = DIRECTION ( 'NONE',  ( 0.000000000000000000, 0.000000000000000000, -1.000000000000000000 ) ) ;
#1729 = VERTEX_POINT ( 'NONE', #2868 ) ;
#1730 = DIRECTION ( 'NONE',  ( 0.000000000000000000, 1.000000000000000000, 0.000000000000000000 ) ) ;
#1731 = CARTESIAN_POINT ( 'NONE',  ( 76.75000000000000000, 23.00000000000000000, -49.50000000000000000 ) ) ;
#1732 = LINE ( 'NONE', #4116, #1876 ) ;
#1733 = LINE ( 'NONE', #656, #2752 ) ;
#1734 = AXIS2_PLACEMENT_3D ( 'NONE', #296, #1698, #1676 ) ;
#1735 = DIRECTION ( 'NONE',  ( -0.000000000000000000, 0.000000000000000000, 1.000000000000000000 ) ) ;
#1736 = ORIENTED_EDGE ( 'NONE', *, *, #779, .F. ) ;
#1737 = LINE ( 'NONE', #4212, #4070 ) ;
#1738 = EDGE_CURVE ( 'NONE', #1835, #2949, #98, .T. ) ;
#1739 = VECTOR ( 'NONE', #1133, 1000.000000000000000 ) ;
#1740 = CARTESIAN_POINT ( 'NONE',  ( 34.95000000000001705, 19.00000000000000000, -12.72499999999999254 ) ) ;
#1741 = CARTESIAN_POINT ( 'NONE',  ( 0.000000000000000000, 19.00000000000000000, -102.9999999999999716 ) ) ;
#1742 = ORIENTED_EDGE ( 'NONE', *, *, #4447, .F. ) ;
#1743 = VECTOR ( 'NONE', #4411, 1000.000000000000000 ) ;
#1744 = ORIENTED_EDGE ( 'NONE', *, *, #292, .F. ) ;
#1745 = CARTESIAN_POINT ( 'NONE',  ( 31.24999999999998934, 23.00000000000000000, -34.50000000000000000 ) ) ;
#1746 = ORIENTED_EDGE ( 'NONE', *, *, #4470, .T. ) ;
#1747 = AXIS2_PLACEMENT_3D ( 'NONE', #3307, #4066, #1279 ) ;
#1748 = FACE_OUTER_BOUND ( 'NONE', #3260, .T. ) ;
#1749 = CIRCLE ( 'NONE', #732, 3.174999999999990496 ) ;
#1750 = ORIENTED_EDGE ( 'NONE', *, *, #306, .T. ) ;
#1751 = DIRECTION ( 'NONE',  ( -0.000000000000000000, 1.000000000000000000, -0.000000000000000000 ) ) ;
#1752 = EDGE_CURVE ( 'NONE', #3452, #1125, #826, .T. ) ;
#1753 = ORIENTED_EDGE ( 'NONE', *, *, #2873, .T. ) ;
#1754 = ADVANCED_FACE ( 'NONE', ( #1801 ), #3192, .F. ) ;
#1755 = CIRCLE ( 'NONE', #3569, 0.7500000000000006661 ) ;
#1756 = DIRECTION ( 'NONE',  ( -0.000000000000000000, -0.000000000000000000, -1.000000000000000000 ) ) ;
#1757 = CARTESIAN_POINT ( 'NONE',  ( 76.74999999999998579, 23.00000000000000000, -38.25000000000000000 ) ) ;
#1758 = DIRECTION ( 'NONE',  ( 0.000000000000000000, 0.000000000000000000, -1.000000000000000000 ) ) ;
#1759 = CIRCLE ( 'NONE', #2698, 2.250000000000001776 ) ;
#1760 = CARTESIAN_POINT ( 'NONE',  ( 78.00000000000000000, 0.000000000000000000, -81.17499999999999716 ) ) ;
#1761 = EDGE_CURVE ( 'NONE', #221, #3253, #2500, .T. ) ;
#1762 = VECTOR ( 'NONE', #1497, 1000.000000000000000 ) ;
#1763 = ORIENTED_EDGE ( 'NONE', *, *, #1554, .T. ) ;
#1764 = DIRECTION ( 'NONE',  ( -0.000000000000000000, 1.000000000000000000, -0.000000000000000000 ) ) ;
#1765 = CIRCLE ( 'NONE', #3219, 2.250000000000001776 ) ;
#1766 = EDGE_CURVE ( 'NONE', #1257, #182, #2161, .T. ) ;
#1767 = DIRECTION ( 'NONE',  ( -0.000000000000000000, -1.000000000000000000, -0.000000000000000000 ) ) ;
#1768 = FACE_OUTER_BOUND ( 'NONE', #1362, .T. ) ;
#1769 = VERTEX_POINT ( 'NONE', #3665 ) ;
#1770 = ORIENTED_EDGE ( 'NONE', *, *, #1722, .F. ) ;
#1771 = DIRECTION ( 'NONE',  ( -0.000000000000000000, -1.000000000000000000, -0.000000000000000000 ) ) ;
#1772 = CARTESIAN_POINT ( 'NONE',  ( 76.74999999999998579, 21.50000000000000000, -31.50000000000000000 ) ) ;
#1773 = VERTEX_POINT ( 'NONE', #249 ) ;
#1774 = CARTESIAN_POINT ( 'NONE',  ( 19.00000000000000000, 19.00000000000000000, -96.62500000000000000 ) ) ;
#1775 = VERTEX_POINT ( 'NONE', #1668 ) ;
#1776 = DIRECTION ( 'NONE',  ( 0.000000000000000000, 0.000000000000000000, 1.000000000000000000 ) ) ;
#1777 = DIRECTION ( 'NONE',  ( 1.000000000000000000, 0.000000000000000000, 0.000000000000000000 ) ) ;
#1778 = FACE_OUTER_BOUND ( 'NONE', #4109, .T. ) ;
#1779 = CARTESIAN_POINT ( 'NONE',  ( 31.24999999999998579, 21.50000000000000000, -68.25000000000000000 ) ) ;
#1780 = EDGE_CURVE ( 'NONE', #2653, #3305, #2960, .T. ) ;
#1781 = FACE_BOUND ( 'NONE', #1479, .T. ) ;
#1782 = CARTESIAN_POINT ( 'NONE',  ( 5.000000000000035527, 19.00000000000000000, -108.0000000000000000 ) ) ;
#1783 = ORIENTED_EDGE ( 'NONE', *, *, #3252, .T. ) ;
#1784 = DIRECTION ( 'NONE',  ( 1.000000000000000000, 0.000000000000000000, 0.000000000000000000 ) ) ;
#1785 = CARTESIAN_POINT ( 'NONE',  ( 31.24999999999998579, 23.00000000000000000, -78.75000000000000000 ) ) ;
#1786 = CIRCLE ( 'NONE', #2146, 2.250000000000001776 ) ;
#1787 = FACE_OUTER_BOUND ( 'NONE', #4303, .T. ) ;
#1788 = DIRECTION ( 'NONE',  ( -0.000000000000000000, 1.000000000000000000, -0.000000000000000000 ) ) ;
#1789 = ORIENTED_EDGE ( 'NONE', *, *, #3799, .T. ) ;
#1790 = CARTESIAN_POINT ( 'NONE',  ( 76.74999999999998579, 21.50000000000000000, -51.75000000000000711 ) ) ;
#1791 = FACE_OUTER_BOUND ( 'NONE', #2781, .T. ) ;
#1792 = EDGE_LOOP ( 'NONE', ( #2875, #3900, #1486, #89 ) ) ;
#1793 = DIRECTION ( 'NONE',  ( -1.000000000000000000, 0.000000000000000000, 0.000000000000000000 ) ) ;
#1794 = ADVANCED_FACE ( 'NONE', ( #1261 ), #269, .F. ) ;
#1795 = ORIENTED_EDGE ( 'NONE', *, *, #3434, .T. ) ;
#1796 = DIRECTION ( 'NONE',  ( 0.000000000000000000, 1.000000000000000000, 0.000000000000000000 ) ) ;
#1797 = CARTESIAN_POINT ( 'NONE',  ( 31.24999999999998579, 23.00000000000000000, -68.25000000000000000 ) ) ;
#1798 = ORIENTED_EDGE ( 'NONE', *, *, #872, .F. ) ;
#1799 = DIRECTION ( 'NONE',  ( 0.000000000000000000, -1.000000000000000000, 0.000000000000000000 ) ) ;
#1800 = CARTESIAN_POINT ( 'NONE',  ( 89.00000000000002842, 0.000000000000000000, -100.2749999999999915 ) ) ;
#1801 = FACE_OUTER_BOUND ( 'NONE', #905, .T. ) ;
#1802 = ORIENTED_EDGE ( 'NONE', *, *, #1931, .F. ) ;
#1803 = LINE ( 'NONE', #2591, #1966 ) ;
#1804 = DIRECTION ( 'NONE',  ( 0.000000000000000000, 0.000000000000000000, 1.000000000000000000 ) ) ;
#1805 = VECTOR ( 'NONE', #1854, 1000.000000000000000 ) ;
#1806 = CARTESIAN_POINT ( 'NONE',  ( 76.74999999999998579, 23.00000000000000000, -66.75000000000000000 ) ) ;
#1807 = EDGE_CURVE ( 'NONE', #2588, #1032, #1303, .T. ) ;
#1808 = ADVANCED_FACE ( 'NONE', ( #3329 ), #203, .F. ) ;
#1809 = PLANE ( 'NONE',  #2193 ) ;
#1810 = CIRCLE ( 'NONE', #3986, 0.7500000000000006661 ) ;
#1811 = VERTEX_POINT ( 'NONE', #4025 ) ;
#1812 = DIRECTION ( 'NONE',  ( 0.000000000000000000, 0.000000000000000000, -1.000000000000000000 ) ) ;
#1813 = CARTESIAN_POINT ( 'NONE',  ( 76.74999999999998579, 21.50000000000000000, -50.25000000000000000 ) ) ;
#1814 = ORIENTED_EDGE ( 'NONE', *, *, #3505, .T. ) ;
#1815 = DIRECTION ( 'NONE',  ( -0.000000000000000000, -1.000000000000000000, -0.000000000000000000 ) ) ;
#1816 = AXIS2_PLACEMENT_3D ( 'NONE', #2825, #1379, #3491 ) ;
#1817 = ORIENTED_EDGE ( 'NONE', *, *, #2600, .T. ) ;
#1818 = DIRECTION ( 'NONE',  ( 1.000000000000000000, 0.000000000000000000, 0.000000000000000000 ) ) ;
#1819 = EDGE_CURVE ( 'NONE', #3274, #1222, #288, .T. ) ;
#1820 = CARTESIAN_POINT ( 'NONE',  ( 73.05000000000001137, 19.00000000000000000, -9.549999999999998934 ) ) ;
#1821 = ORIENTED_EDGE ( 'NONE', *, *, #1119, .T. ) ;
#1822 = PLANE ( 'NONE',  #1824 ) ;
#1823 = CARTESIAN_POINT ( 'NONE',  ( 76.74999999999998579, 21.50000000000000000, -56.25000000000000000 ) ) ;
#1824 = AXIS2_PLACEMENT_3D ( 'NONE', #2206, #3213, #4253 ) ;
#1825 = DIRECTION ( 'NONE',  ( -0.000000000000000000, 1.000000000000000000, -0.000000000000000000 ) ) ;
#1826 = ORIENTED_EDGE ( 'NONE', *, *, #2080, .F. ) ;
#1827 = CARTESIAN_POINT ( 'NONE',  ( 31.24999999999998579, 23.00000000000000000, -38.25000000000000000 ) ) ;
#1828 = DIRECTION ( 'NONE',  ( -0.000000000000000000, 1.000000000000000000, -0.000000000000000000 ) ) ;
#1829 = AXIS2_PLACEMENT_3D ( 'NONE', #3302, #1252, #4319 ) ;
#1830 = LINE ( 'NONE', #2194, #2122 ) ;
#1831 = EDGE_CURVE ( 'NONE', #3651, #1913, #2342, .T. ) ;
#1832 = VERTEX_POINT ( 'NONE', #1935 ) ;
#1833 = DIRECTION ( 'NONE',  ( -0.000000000000000000, 1.000000000000000000, -0.000000000000000000 ) ) ;
#1834 = DIRECTION ( 'NONE',  ( -0.000000000000000000, 1.000000000000000000, -0.000000000000000000 ) ) ;
#1835 = VERTEX_POINT ( 'NONE', #2255 ) ;
#1836 = CARTESIAN_POINT ( 'NONE',  ( 19.00000000000000000, 9.500000000000005329, -57.17499999999997584 ) ) ;
#1837 = EDGE_CURVE ( 'NONE', #2910, #4323, #4068, .T. ) ;
#1838 = ORIENTED_EDGE ( 'NONE', *, *, #392, .T. ) ;
#1839 = DIRECTION ( 'NONE',  ( 0.000000000000000000, 0.000000000000000000, 1.000000000000000000 ) ) ;
#1840 = DIRECTION ( 'NONE',  ( 0.000000000000000000, 0.000000000000000000, 1.000000000000000000 ) ) ;
#1841 = ORIENTED_EDGE ( 'NONE', *, *, #4164, .T. ) ;
#1842 = DIRECTION ( 'NONE',  ( 0.000000000000000000, 0.000000000000000000, 1.000000000000000000 ) ) ;
#1843 = CYLINDRICAL_SURFACE ( 'NONE', #1654, 5.000000000000004441 ) ;
#1844 = ORIENTED_EDGE ( 'NONE', *, *, #2141, .T. ) ;
#1845 = PLANE ( 'NONE',  #3267 ) ;
#1846 = ADVANCED_FACE ( 'NONE', ( #3645 ), #973, .T. ) ;
#1847 = FACE_OUTER_BOUND ( 'NONE', #2294, .T. ) ;
#1848 = EDGE_LOOP ( 'NONE', ( #4345, #3793, #12, #233 ) ) ;
#1849 = LINE ( 'NONE', #95, #2771 ) ;
#1850 = AXIS2_PLACEMENT_3D ( 'NONE', #4123, #663, #2033 ) ;
#1851 = ORIENTED_EDGE ( 'NONE', *, *, #3945, .F. ) ;
#1852 = CARTESIAN_POINT ( 'NONE',  ( 0.000000000000000000, 19.00000000000000000, -5.000000000000035527 ) ) ;
#1853 = EDGE_CURVE ( 'NONE', #25, #2465, #3211, .T. ) ;
#1854 = DIRECTION ( 'NONE',  ( -0.000000000000000000, 1.000000000000000000, -0.000000000000000000 ) ) ;
#1855 = ORIENTED_EDGE ( 'NONE', *, *, #311, .T. ) ;
#1856 = CARTESIAN_POINT ( 'NONE',  ( 19.00000000000000000, -1.331803394072744145E-15, -98.45000000000000284 ) ) ;
#1857 = VERTEX_POINT ( 'NONE', #222 ) ;
#1858 = DIRECTION ( 'NONE',  ( -0.000000000000000000, 1.000000000000000000, -0.000000000000000000 ) ) ;
#1859 = ORIENTED_EDGE ( 'NONE', *, *, #1446, .T. ) ;
#1860 = CIRCLE ( 'NONE', #1002, 5.113431660829468761 ) ;
#1861 = EDGE_CURVE ( 'NONE', #3229, #2949, #4410, .T. ) ;
#1862 = LINE ( 'NONE', #2204, #2458 ) ;
#1863 = ORIENTED_EDGE ( 'NONE', *, *, #2183, .F. ) ;
#1864 = DIRECTION ( 'NONE',  ( -0.000000000000000000, 1.000000000000000000, -0.000000000000000000 ) ) ;
#1865 = FACE_OUTER_BOUND ( 'NONE', #180, .T. ) ;
#1866 = CIRCLE ( 'NONE', #4406, 2.250000000000001776 ) ;
#1867 = DIRECTION ( 'NONE',  ( 0.000000000000000000, 1.000000000000000000, 0.000000000000000000 ) ) ;
#1868 = EDGE_LOOP ( 'NONE', ( #3677, #709, #2996, #2701 ) ) ;
#1869 = CARTESIAN_POINT ( 'NONE',  ( 78.00000000000000000, 8.890000000000000568, -78.00000000000000000 ) ) ;
#1870 = FACE_OUTER_BOUND ( 'NONE', #4380, .T. ) ;
#1871 = EDGE_CURVE ( 'NONE', #3241, #576, #3732, .T. ) ;
#1872 = ORIENTED_EDGE ( 'NONE', *, *, #1624, .F. ) ;
#1873 = CYLINDRICAL_SURFACE ( 'NONE', #909, 5.000000000000004441 ) ;
#1874 = ORIENTED_EDGE ( 'NONE', *, *, #1891, .T. ) ;
#1875 = VECTOR ( 'NONE', #3061, 1000.000000000000000 ) ;
#1876 = VECTOR ( 'NONE', #1439, 1000.000000000000000 ) ;
#1877 = CARTESIAN_POINT ( 'NONE',  ( 31.24999999999998579, 21.50000000000000000, -60.75000000000000711 ) ) ;
#1878 = CALENDAR_DATE ( 2023, 28, 9 ) ;
#1879 = AXIS2_PLACEMENT_3D ( 'NONE', #494, #3574, #1840 ) ;
#1880 = ORIENTED_EDGE ( 'NONE', *, *, #852, .F. ) ;
#1881 = LINE ( 'NONE', #3345, #685 ) ;
#1882 = EDGE_LOOP ( 'NONE', ( #1596, #1167, #3282, #991 ) ) ;
#1883 = AXIS2_PLACEMENT_3D ( 'NONE', #480, #818, #1472 ) ;
#1884 = DIRECTION ( 'NONE',  ( -0.000000000000000000, 1.000000000000000000, -0.000000000000000000 ) ) ;
#1885 = EDGE_LOOP ( 'NONE', ( #1471, #695, #3090, #980 ) ) ;
#1886 = CIRCLE ( 'NONE', #4427, 3.174999999999990496 ) ;
#1887 = ORIENTED_EDGE ( 'NONE', *, *, #3514, .F. ) ;
#1888 = CARTESIAN_POINT ( 'NONE',  ( 78.00000000000000000, 8.890000000000000568, -78.00000000000000000 ) ) ;
#1889 = VERTEX_POINT ( 'NONE', #4003 ) ;
#1890 = ADVANCED_FACE ( 'NONE', ( #632 ), #3004, .F. ) ;
#1891 = EDGE_CURVE ( 'NONE', #2904, #3305, #1253, .T. ) ;
#1892 = DIRECTION ( 'NONE',  ( 1.000000000000000000, 0.000000000000000000, 0.000000000000000000 ) ) ;
#1893 = DIRECTION ( 'NONE',  ( 1.000000000000000000, 0.000000000000000000, -0.000000000000000000 ) ) ;
#1894 = ORIENTED_EDGE ( 'NONE', *, *, #4039, .T. ) ;
#1895 = FACE_OUTER_BOUND ( 'NONE', #2775, .T. ) ;
#1896 = VECTOR ( 'NONE', #3907, 1000.000000000000000 ) ;
#1897 = CIRCLE ( 'NONE', #2039, 0.7500000000000006661 ) ;
#1898 = ADVANCED_FACE ( 'NONE', ( #3686 ), #884, .F. ) ;
#1899 = DIRECTION ( 'NONE',  ( 0.000000000000000000, 1.000000000000000000, -0.000000000000000000 ) ) ;
#1900 = AXIS2_PLACEMENT_3D ( 'NONE', #3925, #422, #3545 ) ;
#1901 = ORIENTED_EDGE ( 'NONE', *, *, #3168, .T. ) ;
#1902 = DIRECTION ( 'NONE',  ( 0.000000000000000000, 0.000000000000000000, 1.000000000000000000 ) ) ;
#1903 = VERTEX_POINT ( 'NONE', #4390 ) ;
#1904 = EDGE_CURVE ( 'NONE', #2240, #76, #907, .T. ) ;
#1905 = CARTESIAN_POINT ( 'NONE',  ( 89.00000000000002842, 19.00000000000000000, -98.45000000000000284 ) ) ;
#1906 = AXIS2_PLACEMENT_3D ( 'NONE', #2931, #1928, #3275 ) ;
#1907 = DIRECTION ( 'NONE',  ( -0.000000000000000000, -1.000000000000000000, -0.000000000000000000 ) ) ;
#1908 = ORIENTED_EDGE ( 'NONE', *, *, #4430, .F. ) ;
#1909 = CARTESIAN_POINT ( 'NONE',  ( 76.74999999999998579, 23.00000000000000000, -72.75000000000001421 ) ) ;
#1910 = ORIENTED_EDGE ( 'NONE', *, *, #4447, .T. ) ;
#1911 = EDGE_CURVE ( 'NONE', #105, #3767, #1544, .T. ) ;
#1912 = AXIS2_PLACEMENT_3D ( 'NONE', #3221, #2147, #3540 ) ;
#1913 = VERTEX_POINT ( 'NONE', #376 ) ;
#1914 = ORIENTED_EDGE ( 'NONE', *, *, #765, .T. ) ;
#1915 = CARTESIAN_POINT ( 'NONE',  ( 89.00000000000002842, -1.331803394072744145E-15, -98.45000000000000284 ) ) ;
#1916 = ORIENTED_EDGE ( 'NONE', *, *, #4389, .T. ) ;
#1917 = DIRECTION ( 'NONE',  ( -0.000000000000000000, 1.000000000000000000, -0.000000000000000000 ) ) ;
#1918 = CARTESIAN_POINT ( 'NONE',  ( 31.24999999999998934, 21.50000000000000000, -70.50000000000000000 ) ) ;
#1919 = EDGE_CURVE ( 'NONE', #4318, #1582, #3075, .T. ) ;
#1920 = CARTESIAN_POINT ( 'NONE',  ( 76.74999999999998579, 21.50000000000000000, -74.25000000000001421 ) ) ;
#1921 = DIRECTION ( 'NONE',  ( 0.000000000000000000, 0.000000000000000000, 1.000000000000000000 ) ) ;
#1922 = VERTEX_POINT ( 'NONE', #696 ) ;
#1923 = CARTESIAN_POINT ( 'NONE',  ( 98.45000000000000284, 19.00000000000000000, -34.94999999999999574 ) ) ;
#1924 = VERTEX_POINT ( 'NONE', #1393 ) ;
#1925 = CARTESIAN_POINT ( 'NONE',  ( 31.24999999999998579, 21.50000000000000000, -50.25000000000000000 ) ) ;
#1926 = DIRECTION ( 'NONE',  ( -0.000000000000000000, 1.000000000000000000, -0.000000000000000000 ) ) ;
#1927 = DIRECTION ( 'NONE',  ( -0.000000000000000000, -1.000000000000000000, 0.000000000000000000 ) ) ;
#1928 = DIRECTION ( 'NONE',  ( 0.000000000000000000, 1.000000000000000000, -0.000000000000000000 ) ) ;
#1929 = EDGE_LOOP ( 'NONE', ( #4473, #1943, #3515, #1724 ) ) ;
#1930 = ORIENTED_EDGE ( 'NONE', *, *, #1571, .F. ) ;
#1931 = EDGE_CURVE ( 'NONE', #3432, #3431, #1053, .T. ) ;
#1932 = ORIENTED_EDGE ( 'NONE', *, *, #4404, .F. ) ;
#1933 = FACE_OUTER_BOUND ( 'NONE', #1882, .T. ) ;
#1934 = ORIENTED_EDGE ( 'NONE', *, *, #1421, .T. ) ;
#1935 = CARTESIAN_POINT ( 'NONE',  ( 76.74999999999998579, 23.00000000000000000, -36.75000000000000000 ) ) ;
#1936 = CARTESIAN_POINT ( 'NONE',  ( 31.24999999999998579, 21.50000000000000000, -33.75000000000000000 ) ) ;
#1937 = VECTOR ( 'NONE', #592, 1000.000000000000000 ) ;
#1938 = CARTESIAN_POINT ( 'NONE',  ( 54.79375000000001705, 9.500000000000000000, -94.32346440228531037 ) ) ;
#1939 = CARTESIAN_POINT ( 'NONE',  ( 9.550000000000004263, 0.000000000000000000, -73.04999999999999716 ) ) ;
#1940 = ORIENTED_EDGE ( 'NONE', *, *, #4315, .F. ) ;
#1941 = CARTESIAN_POINT ( 'NONE',  ( 31.24999999999998579, 23.00000000000000000, -41.25000000000000000 ) ) ;
#1942 = DIRECTION ( 'NONE',  ( 0.000000000000000000, 1.000000000000000000, 0.000000000000000000 ) ) ;
#1943 = ORIENTED_EDGE ( 'NONE', *, *, #917, .T. ) ;
#1944 = EDGE_CURVE ( 'NONE', #3444, #1324, #2768, .T. ) ;
#1945 = EDGE_CURVE ( 'NONE', #2679, #572, #3575, .T. ) ;
#1946 = LINE ( 'NONE', #3272, #855 ) ;
#1947 = DIRECTION ( 'NONE',  ( 1.000000000000000000, 0.000000000000000000, 0.000000000000000000 ) ) ;
#1948 = CARTESIAN_POINT ( 'NONE',  ( 76.74999999999998579, 21.50000000000000000, -41.24999999999999289 ) ) ;
#1949 = CARTESIAN_POINT ( 'NONE',  ( -1.346980654587176318E-14, 9.500000000000005329, -50.82499999999998153 ) ) ;
#1950 = CIRCLE ( 'NONE', #1158, 2.250000000000001776 ) ;
#1951 = EDGE_LOOP ( 'NONE', ( #2459, #4295, #1689, #1322 ) ) ;
#1952 = VERTEX_POINT ( 'NONE', #2046 ) ;
#1953 = APPROVAL_PERSON_ORGANIZATION ( #601, #153, #3947 ) ;
#1954 = EDGE_LOOP ( 'NONE', ( #1863, #4256 ) ) ;
#1955 = DIRECTION ( 'NONE',  ( -0.000000000000000000, 1.000000000000000000, -0.000000000000000000 ) ) ;
#1956 = ORIENTED_EDGE ( 'NONE', *, *, #1944, .F. ) ;
#1957 = CIRCLE ( 'NONE', #300, 2.250000000000001776 ) ;
#1958 = DIRECTION ( 'NONE',  ( -0.000000000000000000, -1.000000000000000000, -0.000000000000000000 ) ) ;
#1959 = EDGE_CURVE ( 'NONE', #4171, #3081, #4148, .T. ) ;
#1960 = CARTESIAN_POINT ( 'NONE',  ( 76.74999999999998579, 21.50000000000000000, -36.75000000000000711 ) ) ;
#1961 = VECTOR ( 'NONE', #1587, 1000.000000000000000 ) ;
#1962 = DIRECTION ( 'NONE',  ( 0.000000000000000000, 0.000000000000000000, 1.000000000000000000 ) ) ;
#1963 = DIRECTION ( 'NONE',  ( 1.000000000000000000, 0.000000000000000000, 0.000000000000000000 ) ) ;
#1964 = VECTOR ( 'NONE', #271, 1000.000000000000000 ) ;
#1965 = VERTEX_POINT ( 'NONE', #3479 ) ;
#1966 = VECTOR ( 'NONE', #1493, 1000.000000000000000 ) ;
#1967 = DIRECTION ( 'NONE',  ( 0.000000000000000000, 0.000000000000000000, -1.000000000000000000 ) ) ;
#1968 = FACE_OUTER_BOUND ( 'NONE', #3478, .T. ) ;
#1969 = AXIS2_PLACEMENT_3D ( 'NONE', #3862, #470, #144 ) ;
#1970 = CYLINDRICAL_SURFACE ( 'NONE', #3742, 3.174999999999983391 ) ;
#1971 = APPROVAL_STATUS ( 'not_yet_approved' ) ;
#1972 = EDGE_CURVE ( 'NONE', #1324, #2936, #2190, .T. ) ;
#1973 = CARTESIAN_POINT ( 'NONE',  ( 31.24999999999998579, 23.00000000000000000, -76.50000000000001421 ) ) ;
#1974 = DIRECTION ( 'NONE',  ( -0.000000000000000000, 1.000000000000000000, -0.000000000000000000 ) ) ;
#1975 = VECTOR ( 'NONE', #4370, 1000.000000000000000 ) ;
#1976 = ORIENTED_EDGE ( 'NONE', *, *, #3708, .F. ) ;
#1977 = ORIENTED_EDGE ( 'NONE', *, *, #3655, .F. ) ;
#1978 = ADVANCED_FACE ( 'NONE', ( #4434 ), #4159, .F. ) ;
#1979 = ORIENTED_EDGE ( 'NONE', *, *, #3110, .T. ) ;
#1980 = DIRECTION ( 'NONE',  ( 0.000000000000000000, 0.000000000000000000, 1.000000000000000000 ) ) ;
#1981 = VECTOR ( 'NONE', #56, 1000.000000000000000 ) ;
#1982 = ORIENTED_EDGE ( 'NONE', *, *, #643, .T. ) ;
#1983 = DIRECTION ( 'NONE',  ( -0.000000000000000000, 1.000000000000000000, -0.000000000000000000 ) ) ;
#1984 = DIRECTION ( 'NONE',  ( -0.000000000000000000, 1.000000000000000000, -0.000000000000000000 ) ) ;
#1985 = DIRECTION ( 'NONE',  ( 0.000000000000000000, 0.000000000000000000, 1.000000000000000000 ) ) ;
#1986 = FACE_OUTER_BOUND ( 'NONE', #649, .T. ) ;
#1987 = ORIENTED_EDGE ( 'NONE', *, *, #3422, .F. ) ;
#1988 = LINE ( 'NONE', #1941, #2525 ) ;
#1989 = ADVANCED_FACE ( 'NONE', ( #715, #3439 ), #2068, .T. ) ;
#1990 = FACE_OUTER_BOUND ( 'NONE', #2403, .T. ) ;
#1991 = CARTESIAN_POINT ( 'NONE',  ( 31.24999999999998579, 21.50000000000000000, -36.75000000000000711 ) ) ;
#1992 = DATE_AND_TIME ( #260, #1375 ) ;
#1993 = DIRECTION ( 'NONE',  ( -0.000000000000000000, 1.000000000000000000, -0.000000000000000000 ) ) ;
#1994 = CARTESIAN_POINT ( 'NONE',  ( 31.24999999999998579, 23.00000000000000000, -50.25000000000000000 ) ) ;
#1995 = ORIENTED_EDGE ( 'NONE', *, *, #1944, .T. ) ;
#1996 = EDGE_LOOP ( 'NONE', ( #3891, #2561 ) ) ;
#1997 = ORIENTED_EDGE ( 'NONE', *, *, #1554, .F. ) ;
#1998 = CARTESIAN_POINT ( 'NONE',  ( 103.0000000000000284, 19.00000000000000000, -103.0000000000000000 ) ) ;
#1999 = ORIENTED_EDGE ( 'NONE', *, *, #4393, .F. ) ;
#2000 = CARTESIAN_POINT ( 'NONE',  ( 54.00000000000002842, 9.500000000000000000, -96.37999999999999545 ) ) ;
#2001 = ADVANCED_FACE ( 'NONE', ( #337 ), #38, .F. ) ;
#2002 = LINE ( 'NONE', #289, #2675 ) ;
#2003 = CARTESIAN_POINT ( 'NONE',  ( 31.24999999999998934, 21.50000000000000000, -57.75000000000000000 ) ) ;
#2004 = LINE ( 'NONE', #3398, #3965 ) ;
#2005 = VECTOR ( 'NONE', #2663, 1000.000000000000000 ) ;
#2006 = EDGE_LOOP ( 'NONE', ( #2932, #1345, #1197, #3544 ) ) ;
#2007 = CARTESIAN_POINT ( 'NONE',  ( 76.74999999999998579, 23.00000000000000000, -73.50000000000001421 ) ) ;
#2008 = DIRECTION ( 'NONE',  ( 0.000000000000000000, 0.000000000000000000, -1.000000000000000000 ) ) ;
#2009 = EDGE_CURVE ( 'NONE', #3588, #3906, #1349, .T. ) ;
#2010 = CARTESIAN_POINT ( 'NONE',  ( 9.550000000000004263, 0.000000000000000000, -76.22499999999999432 ) ) ;
#2011 = DIRECTION ( 'NONE',  ( 0.000000000000000000, 0.000000000000000000, 1.000000000000000000 ) ) ;
#2012 = DIRECTION ( 'NONE',  ( -0.000000000000000000, 1.000000000000000000, -0.000000000000000000 ) ) ;
#2013 = ORIENTED_EDGE ( 'NONE', *, *, #638, .T. ) ;
#2014 = VERTEX_POINT ( 'NONE', #2449 ) ;
#2015 = VECTOR ( 'NONE', #2783, 1000.000000000000000 ) ;
#2016 = VERTEX_POINT ( 'NONE', #1010 ) ;
#2017 = FACE_OUTER_BOUND ( 'NONE', #2065, .T. ) ;
#2018 = ORIENTED_EDGE ( 'NONE', *, *, #523, .F. ) ;
#2019 = CARTESIAN_POINT ( 'NONE',  ( 31.24999999999998579, 21.50000000000000000, -58.50000000000000000 ) ) ;
#2020 = AXIS2_PLACEMENT_3D ( 'NONE', #3191, #2372, #3759 ) ;
#2021 = LINE ( 'NONE', #677, #3992 ) ;
#2022 = CARTESIAN_POINT ( 'NONE',  ( 76.74999999999998579, 23.00000000000000000, -42.74999999999999289 ) ) ;
#2023 = DIRECTION ( 'NONE',  ( 1.000000000000000000, 0.000000000000000000, 0.000000000000000000 ) ) ;
#2024 = EDGE_CURVE ( 'NONE', #4323, #629, #610, .T. ) ;
#2025 = EDGE_CURVE ( 'NONE', #3937, #2971, #3051, .T. ) ;
#2026 = AXIS2_PLACEMENT_3D ( 'NONE', #129, #2884, #2157 ) ;
#2027 = DIRECTION ( 'NONE',  ( 0.000000000000000000, 1.000000000000000000, 0.000000000000000000 ) ) ;
#2028 = ORIENTED_EDGE ( 'NONE', *, *, #1408, .T. ) ;
#2029 = DIRECTION ( 'NONE',  ( -0.000000000000000000, 1.000000000000000000, -0.000000000000000000 ) ) ;
#2030 = EDGE_CURVE ( 'NONE', #526, #2588, #1179, .T. ) ;
#2031 = CARTESIAN_POINT ( 'NONE',  ( 54.79375000000001705, 9.500000000000000000, -63.00000000000000000 ) ) ;
#2032 = AXIS2_PLACEMENT_3D ( 'NONE', #3096, #2708, #2409 ) ;
#2033 = DIRECTION ( 'NONE',  ( -1.000000000000000000, 0.000000000000000000, -0.000000000000000000 ) ) ;
#2034 = DATE_TIME_ROLE ( 'classification_date' ) ;
#2035 = LINE ( 'NONE', #1445, #736 ) ;
#2036 = DIRECTION ( 'NONE',  ( 0.000000000000000000, 1.000000000000000000, -0.000000000000000000 ) ) ;
#2037 = EDGE_CURVE ( 'NONE', #1387, #1576, #4294, .T. ) ;
#2038 = VECTOR ( 'NONE', #2498, 1000.000000000000000 ) ;
#2039 = AXIS2_PLACEMENT_3D ( 'NONE', #774, #2097, #1356 ) ;
#2040 = ORIENTED_EDGE ( 'NONE', *, *, #2442, .F. ) ;
#2041 = ORIENTED_EDGE ( 'NONE', *, *, #1919, .F. ) ;
#2042 = ORIENTED_EDGE ( 'NONE', *, *, #3874, .T. ) ;
#2043 = CYLINDRICAL_SURFACE ( 'NONE', #2545, 0.7500000000000006661 ) ;
#2044 = ADVANCED_FACE ( 'NONE', ( #1690 ), #4113, .F. ) ;
#2045 = ORIENTED_EDGE ( 'NONE', *, *, #1766, .T. ) ;
#2046 = CARTESIAN_POINT ( 'NONE',  ( 31.24999999999998579, 23.00000000000000000, -39.75000000000000000 ) ) ;
#2047 = VECTOR ( 'NONE', #1221, 1000.000000000000000 ) ;
#2048 = FACE_OUTER_BOUND ( 'NONE', #1452, .T. ) ;
#2049 = DIRECTION ( 'NONE',  ( -0.000000000000000000, 1.000000000000000000, -0.000000000000000000 ) ) ;
#2050 = VECTOR ( 'NONE', #4105, 1000.000000000000000 ) ;
#2051 = DIRECTION ( 'NONE',  ( 1.000000000000000000, 0.000000000000000000, 0.000000000000000000 ) ) ;
#2052 = PLANE ( 'NONE',  #2511 ) ;
#2053 = AXIS2_PLACEMENT_3D ( 'NONE', #1677, #1419, #2119 ) ;
#2054 = ADVANCED_FACE ( 'NONE', ( #4268 ), #2905, .F. ) ;
#2055 = ORIENTED_EDGE ( 'NONE', *, *, #3694, .T. ) ;
#2056 = DIRECTION ( 'NONE',  ( -0.000000000000000000, 1.000000000000000000, -0.000000000000000000 ) ) ;
#2057 = EDGE_CURVE ( 'NONE', #3506, #3683, #3903, .T. ) ;
#2058 = EDGE_CURVE ( 'NONE', #3635, #4252, #319, .T. ) ;
#2059 = CARTESIAN_POINT ( 'NONE',  ( 76.74999999999998579, 21.50000000000000000, -60.75000000000000000 ) ) ;
#2060 = PERSON_AND_ORGANIZATION_ROLE ( 'creator' ) ;
#2061 = DIRECTION ( 'NONE',  ( 0.000000000000000000, 1.000000000000000000, 0.000000000000000000 ) ) ;
#2062 = CARTESIAN_POINT ( 'NONE',  ( 31.24999999999998579, 23.00000000000000000, -78.75000000000001421 ) ) ;
#2063 = ORIENTED_EDGE ( 'NONE', *, *, #3802, .T. ) ;
#2064 = VERTEX_POINT ( 'NONE', #786 ) ;
#2065 = EDGE_LOOP ( 'NONE', ( #619, #2085, #737, #562 ) ) ;
#2066 = DIRECTION ( 'NONE',  ( 0.000000000000000000, 0.000000000000000000, 1.000000000000000000 ) ) ;
#2067 = ORIENTED_EDGE ( 'NONE', *, *, #643, .F. ) ;
#2068 = PLANE ( 'NONE',  #899 ) ;
#2069 = ADVANCED_FACE ( 'NONE', ( #3864 ), #4249, .F. ) ;
#2070 = CARTESIAN_POINT ( 'NONE',  ( 73.04999999999999716, 19.00000000000000000, -95.27500000000696900 ) ) ;
#2071 = DIRECTION ( 'NONE',  ( -0.8571673007021012314, 0.000000000000000000, -0.5150380749100725852 ) ) ;
#2072 = VECTOR ( 'NONE', #2668, 1000.000000000000000 ) ;
#2073 = DIRECTION ( 'NONE',  ( 1.000000000000000000, 0.000000000000000000, 0.000000000000000000 ) ) ;
#2074 = DIRECTION ( 'NONE',  ( -0.000000000000000000, 1.000000000000000000, -0.000000000000000000 ) ) ;
#2075 = ORIENTED_EDGE ( 'NONE', *, *, #120, .F. ) ;
#2076 = DIRECTION ( 'NONE',  ( 0.000000000000000000, 0.000000000000000000, -1.000000000000000000 ) ) ;
#2077 = DIRECTION ( 'NONE',  ( -0.000000000000000000, 1.000000000000000000, -0.000000000000000000 ) ) ;
#2078 = DIRECTION ( 'NONE',  ( -1.000000000000000000, 0.000000000000000000, 2.352167425053297897E-16 ) ) ;
#2079 = EDGE_CURVE ( 'NONE', #3153, #2203, #1474, .T. ) ;
#2080 = EDGE_CURVE ( 'NONE', #3444, #217, #3067, .T. ) ;
#2081 = ORIENTED_EDGE ( 'NONE', *, *, #2976, .T. ) ;
#2082 = AXIS2_PLACEMENT_3D ( 'NONE', #1068, #3542, #2466 ) ;
#2083 = ORIENTED_EDGE ( 'NONE', *, *, #779, .T. ) ;
#2084 = DIRECTION ( 'NONE',  ( 0.000000000000000000, 0.000000000000000000, -1.000000000000000000 ) ) ;
#2085 = ORIENTED_EDGE ( 'NONE', *, *, #154, .F. ) ;
#2086 = CARTESIAN_POINT ( 'NONE',  ( 34.95000000000000284, 0.000000000000000000, -95.27500000000695479 ) ) ;
#2087 = ORIENTED_EDGE ( 'NONE', *, *, #1648, .F. ) ;
#2088 = DIRECTION ( 'NONE',  ( 0.000000000000000000, -0.000000000000000000, 1.000000000000000000 ) ) ;
#2089 = CARTESIAN_POINT ( 'NONE',  ( 19.00000000000000000, 9.500000000000005329, -53.99999999999997868 ) ) ;
#2090 = DIRECTION ( 'NONE',  ( 0.000000000000000000, 1.000000000000000000, 0.000000000000000000 ) ) ;
#2091 = CARTESIAN_POINT ( 'NONE',  ( 31.24999999999998579, 21.50000000000000000, -54.75000000000000711 ) ) ;
#2092 = ADVANCED_FACE ( 'NONE', ( #3230 ), #2135, .F. ) ;
#2093 = AXIS2_PLACEMENT_3D ( 'NONE', #4245, #2445, #2805 ) ;
#2094 = DIRECTION ( 'NONE',  ( -0.000000000000000000, -0.000000000000000000, 1.000000000000000000 ) ) ;
#2095 = AXIS2_PLACEMENT_3D ( 'NONE', #1692, #2090, #3482 ) ;
#2096 = ORIENTED_EDGE ( 'NONE', *, *, #1353, .F. ) ;
#2097 = DIRECTION ( 'NONE',  ( -0.000000000000000000, -1.000000000000000000, -0.000000000000000000 ) ) ;
#2098 = AXIS2_PLACEMENT_3D ( 'NONE', #4382, #3404, #1804 ) ;
#2099 = AXIS2_PLACEMENT_3D ( 'NONE', #1109, #1703, #3038 ) ;
#2100 = DIRECTION ( 'NONE',  ( 1.000000000000000000, 0.000000000000000000, 0.000000000000000000 ) ) ;
#2101 = DIRECTION ( 'NONE',  ( -0.000000000000000000, 1.000000000000000000, -0.000000000000000000 ) ) ;
#2102 = ORIENTED_EDGE ( 'NONE', *, *, #776, .T. ) ;
#2103 = ORIENTED_EDGE ( 'NONE', *, *, #392, .F. ) ;
#2104 = CARTESIAN_POINT ( 'NONE',  ( 76.74999999999998579, 23.00000000000000000, -44.25000000000000000 ) ) ;
#2105 = EDGE_CURVE ( 'NONE', #3247, #3702, #424, .T. ) ;
#2106 = FACE_OUTER_BOUND ( 'NONE', #1295, .T. ) ;
#2107 = EDGE_LOOP ( 'NONE', ( #469, #3703 ) ) ;
#2108 = AXIS2_PLACEMENT_3D ( 'NONE', #1888, #476, #452 ) ;
#2109 = CYLINDRICAL_SURFACE ( 'NONE', #893, 3.174999999999983391 ) ;
#2110 = AXIS2_PLACEMENT_3D ( 'NONE', #4121, #3466, #3082 ) ;
#2111 = VERTEX_POINT ( 'NONE', #3527 ) ;
#2112 = DIRECTION ( 'NONE',  ( -1.000000000000000000, -0.000000000000000000, 1.284980352575412699E-16 ) ) ;
#2113 = AXIS2_PLACEMENT_3D ( 'NONE', #1856, #3880, #3611 ) ;
#2114 = EDGE_CURVE ( 'NONE', #2482, #2222, #809, .T. ) ;
#2115 = DIRECTION ( 'NONE',  ( 1.000000000000000000, 0.000000000000000000, 0.000000000000000000 ) ) ;
#2116 = AXIS2_PLACEMENT_3D ( 'NONE', #3979, #1649, #3025 ) ;
#2117 = DIRECTION ( 'NONE',  ( -0.000000000000000000, 1.000000000000000000, -0.000000000000000000 ) ) ;
#2118 = CARTESIAN_POINT ( 'NONE',  ( 31.24999999999998579, 21.50000000000000000, -44.25000000000000000 ) ) ;
#2119 = DIRECTION ( 'NONE',  ( -1.000000000000000000, 0.000000000000000000, -0.000000000000000000 ) ) ;
#2120 = VECTOR ( 'NONE', #1884, 1000.000000000000000 ) ;
#2121 = CARTESIAN_POINT ( 'NONE',  ( 31.24999999999998579, 21.50000000000000000, -46.50000000000000000 ) ) ;
#2122 = VECTOR ( 'NONE', #1788, 1000.000000000000000 ) ;
#2123 = VERTEX_POINT ( 'NONE', #2562 ) ;
#2124 = LINE ( 'NONE', #3801, #241 ) ;
#2125 = AXIS2_PLACEMENT_3D ( 'NONE', #2263, #2239, #1902 ) ;
#2126 = PLANE ( 'NONE',  #3276 ) ;
#2127 = ADVANCED_FACE ( 'NONE', ( #3951 ), #473, .F. ) ;
#2128 = CARTESIAN_POINT ( 'NONE',  ( 24.49999999999998224, 23.00000000000000000, -86.50000000000000000 ) ) ;
#2129 = ORIENTED_EDGE ( 'NONE', *, *, #4124, .F. ) ;
#2130 = CARTESIAN_POINT ( 'NONE',  ( 21.49999999999998579, 19.00000000000000000, -83.49999999999998579 ) ) ;
#2131 = CARTESIAN_POINT ( 'NONE',  ( 73.05000000000001137, 19.00000000000000000, -12.72499999999998366 ) ) ;
#2132 = ORIENTED_EDGE ( 'NONE', *, *, #3988, .T. ) ;
#2133 = DIRECTION ( 'NONE',  ( 0.000000000000000000, 0.000000000000000000, 1.000000000000000000 ) ) ;
#2134 = EDGE_LOOP ( 'NONE', ( #2669, #1142, #2740, #1146 ) ) ;
#2135 = CYLINDRICAL_SURFACE ( 'NONE', #1548, 3.174999999999997158 ) ;
#2136 = CARTESIAN_POINT ( 'NONE',  ( 86.49999999999998579, 23.00000000000000000, -24.49999999999999645 ) ) ;
#2137 = ORIENTED_EDGE ( 'NONE', *, *, #4165, .T. ) ;
#2138 = DIRECTION ( 'NONE',  ( -0.000000000000000000, -1.000000000000000000, -0.000000000000000000 ) ) ;
#2139 = CARTESIAN_POINT ( 'NONE',  ( 5.000000000000000000, 0.000000000000000000, -5.000000000000000000 ) ) ;
#2140 = EDGE_CURVE ( 'NONE', #4277, #2163, #4442, .T. ) ;
#2141 = EDGE_CURVE ( 'NONE', #1137, #2016, #975, .T. ) ;
#2142 = LINE ( 'NONE', #3597, #2731 ) ;
#2143 = ORIENTED_EDGE ( 'NONE', *, *, #2105, .T. ) ;
#2144 = DIRECTION ( 'NONE',  ( -0.000000000000000000, 1.000000000000000000, -0.000000000000000000 ) ) ;
#2145 = LINE ( 'NONE', #2696, #4280 ) ;
#2146 = AXIS2_PLACEMENT_3D ( 'NONE', #1701, #2715, #2695 ) ;
#2147 = DIRECTION ( 'NONE',  ( -0.000000000000000000, 1.000000000000000000, -0.000000000000000000 ) ) ;
#2148 = EDGE_LOOP ( 'NONE', ( #2656, #4339 ) ) ;
#2149 = EDGE_CURVE ( 'NONE', #3506, #2427, #3548, .T. ) ;
#2150 = CARTESIAN_POINT ( 'NONE',  ( 30.00000000000000000, 21.50000000000000000, -30.75000000000000000 ) ) ;
#2151 = VECTOR ( 'NONE', #44, 1000.000000000000000 ) ;
#2152 = CARTESIAN_POINT ( 'NONE',  ( 31.24999999999998934, 21.50000000000000000, -58.50000000000000000 ) ) ;
#2153 = ORIENTED_EDGE ( 'NONE', *, *, #4389, .F. ) ;
#2154 = DIRECTION ( 'NONE',  ( -0.000000000000000000, -1.000000000000000000, -0.000000000000000000 ) ) ;
#2155 = ORIENTED_EDGE ( 'NONE', *, *, #2999, .T. ) ;
#2156 = DIRECTION ( 'NONE',  ( -0.000000000000000000, 1.000000000000000000, -0.000000000000000000 ) ) ;
#2157 = DIRECTION ( 'NONE',  ( 0.000000000000000000, 0.000000000000000000, -1.000000000000000000 ) ) ;
#2158 = VERTEX_POINT ( 'NONE', #3161 ) ;
#2159 = DIRECTION ( 'NONE',  ( -0.000000000000000000, 1.000000000000000000, -0.000000000000000000 ) ) ;
#2160 = DIRECTION ( 'NONE',  ( -0.000000000000000000, -0.000000000000000000, -1.000000000000000000 ) ) ;
#2161 = LINE ( 'NONE', #3554, #2765 ) ;
#2162 = EDGE_CURVE ( 'NONE', #2762, #3672, #543, .T. ) ;
#2163 = VERTEX_POINT ( 'NONE', #3927 ) ;
#2164 = CYLINDRICAL_SURFACE ( 'NONE', #22, 0.7500000000000006661 ) ;
#2165 = CARTESIAN_POINT ( 'NONE',  ( 19.00000000000000000, 9.500000000000005329, -50.82499999999998153 ) ) ;
#2166 = AXIS2_PLACEMENT_3D ( 'NONE', #3401, #3869, #3844 ) ;
#2167 = DIRECTION ( 'NONE',  ( -0.000000000000000000, 1.000000000000000000, -0.000000000000000000 ) ) ;
#2168 = ADVANCED_FACE ( 'NONE', ( #3209 ), #4296, .F. ) ;
#2169 = CYLINDRICAL_SURFACE ( 'NONE', #1912, 0.7500000000000006661 ) ;
#2170 = VECTOR ( 'NONE', #4115, 1000.000000000000000 ) ;
#2171 = EDGE_LOOP ( 'NONE', ( #1783, #693, #800, #1795 ) ) ;
#2172 = CIRCLE ( 'NONE', #231, 3.174999999999997158 ) ;
#2173 = FACE_OUTER_BOUND ( 'NONE', #248, .T. ) ;
#2174 = DIRECTION ( 'NONE',  ( -1.000000000000000000, 0.000000000000000000, -0.000000000000000000 ) ) ;
#2175 = VERTEX_POINT ( 'NONE', #854 ) ;
#2176 = DIRECTION ( 'NONE',  ( -0.000000000000000000, -0.000000000000000000, -1.000000000000000000 ) ) ;
#2177 = AXIS2_PLACEMENT_3D ( 'NONE', #2, #1448, #498 ) ;
#2178 = EDGE_LOOP ( 'NONE', ( #377, #2945, #566, #4267, #3250, #674 ) ) ;
#2179 = DIRECTION ( 'NONE',  ( -0.000000000000000000, 1.000000000000000000, -0.000000000000000000 ) ) ;
#2180 = CARTESIAN_POINT ( 'NONE',  ( 31.24999999999998934, 23.00000000000000000, -52.50000000000000711 ) ) ;
#2181 = CIRCLE ( 'NONE', #1388, 1.824999999999993294 ) ;
#2182 = CIRCLE ( 'NONE', #1176, 0.7500000000000006661 ) ;
#2183 = EDGE_CURVE ( 'NONE', #629, #4323, #2265, .T. ) ;
#2184 = VERTEX_POINT ( 'NONE', #2933 ) ;
#2185 = DIRECTION ( 'NONE',  ( 0.000000000000000000, 0.000000000000000000, 1.000000000000000000 ) ) ;
#2186 = CONICAL_SURFACE ( 'NONE', #244, 4.216400000000001924, 1.029744258676655422 ) ;
#2187 = DIRECTION ( 'NONE',  ( -0.000000000000000000, 1.000000000000000000, -0.000000000000000000 ) ) ;
#2188 = ORIENTED_EDGE ( 'NONE', *, *, #81, .F. ) ;
#2189 = DIRECTION ( 'NONE',  ( 1.000000000000000000, 0.000000000000000000, 0.000000000000000000 ) ) ;
#2190 = CIRCLE ( 'NONE', #1400, 3.174999999999997158 ) ;
#2191 = CARTESIAN_POINT ( 'NONE',  ( 98.45000000000000284, 0.000000000000000000, -31.77499999999999858 ) ) ;
#2192 = EDGE_CURVE ( 'NONE', #1773, #1436, #512, .T. ) ;
#2193 = AXIS2_PLACEMENT_3D ( 'NONE', #2128, #4242, #437 ) ;
#2194 = CARTESIAN_POINT ( 'NONE',  ( 76.74999999999998579, 21.50000000000000000, -63.75000000000000000 ) ) ;
#2195 = EDGE_CURVE ( 'NONE', #2465, #3212, #3278, .T. ) ;
#2196 = ORIENTED_EDGE ( 'NONE', *, *, #1063, .T. ) ;
#2197 = CARTESIAN_POINT ( 'NONE',  ( 31.24999999999998579, 21.50000000000000000, -57.75000000000000000 ) ) ;
#2198 = FACE_OUTER_BOUND ( 'NONE', #3788, .T. ) ;
#2199 = ORIENTED_EDGE ( 'NONE', *, *, #2707, .T. ) ;
#2200 = CARTESIAN_POINT ( 'NONE',  ( 30.00000000000000000, -2.488482295867306383E-17, -30.00000000000000000 ) ) ;
#2201 = ORIENTED_EDGE ( 'NONE', *, *, #115, .T. ) ;
#2202 = DIRECTION ( 'NONE',  ( -0.000000000000000000, 1.000000000000000000, -0.000000000000000000 ) ) ;
#2203 = VERTEX_POINT ( 'NONE', #188 ) ;
#2204 = CARTESIAN_POINT ( 'NONE',  ( 31.24999999999998579, 23.00000000000000000, -62.25000000000000000 ) ) ;
#2205 = ORIENTED_EDGE ( 'NONE', *, *, #577, .T. ) ;
#2206 = CARTESIAN_POINT ( 'NONE',  ( 31.24999999999998579, 21.50000000000000000, -68.25000000000000000 ) ) ;
#2207 = DIRECTION ( 'NONE',  ( 0.000000000000000000, -1.000000000000000000, 0.000000000000000000 ) ) ;
#2208 = EDGE_CURVE ( 'NONE', #1568, #1729, #102, .T. ) ;
#2209 = FACE_OUTER_BOUND ( 'NONE', #261, .T. ) ;
#2210 = ORIENTED_EDGE ( 'NONE', *, *, #682, .T. ) ;
#2211 = CARTESIAN_POINT ( 'NONE',  ( 5.000000000000036415, 19.00000000000000000, -108.0000000000000000 ) ) ;
#2212 = CYLINDRICAL_SURFACE ( 'NONE', #3292, 2.999999999999999112 ) ;
#2213 = ORIENTED_EDGE ( 'NONE', *, *, #186, .F. ) ;
#2214 = CARTESIAN_POINT ( 'NONE',  ( 31.24999999999998579, 23.00000000000000000, -32.25000000000000000 ) ) ;
#2215 = CIRCLE ( 'NONE', #3384, 3.174999999999983391 ) ;
#2216 = ORIENTED_EDGE ( 'NONE', *, *, #2564, .F. ) ;
#2217 = CARTESIAN_POINT ( 'NONE',  ( 30.00000000000000000, 0.000000000000000000, -30.00000000000000000 ) ) ;
#2218 = ADVANCED_FACE ( 'NONE', ( #2237 ), #529, .F. ) ;
#2219 = EDGE_CURVE ( 'NONE', #1686, #3691, #1759, .T. ) ;
#2220 = ORIENTED_EDGE ( 'NONE', *, *, #1178, .T. ) ;
#2221 = DIRECTION ( 'NONE',  ( 0.000000000000000000, 0.000000000000000000, 1.000000000000000000 ) ) ;
#2222 = VERTEX_POINT ( 'NONE', #1542 ) ;
#2223 = CARTESIAN_POINT ( 'NONE',  ( 73.05000000000001137, 19.00000000000000000, -9.549999999999998934 ) ) ;
#2224 = ORIENTED_EDGE ( 'NONE', *, *, #958, .T. ) ;
#2225 = VECTOR ( 'NONE', #681, 1000.000000000000000 ) ;
#2226 = LINE ( 'NONE', #857, #2602 ) ;
#2227 = ADVANCED_FACE ( 'NONE', ( #4258 ), #481, .T. ) ;
#2228 = ORIENTED_EDGE ( 'NONE', *, *, #1311, .T. ) ;
#2229 = CARTESIAN_POINT ( 'NONE',  ( 76.75000000000000000, 21.50000000000000000, -49.50000000000000000 ) ) ;
#2230 = ORIENTED_EDGE ( 'NONE', *, *, #3826, .T. ) ;
#2231 = APPLICATION_CONTEXT ( 'configuration controlled 3d designs of mechanical parts and assemblies' ) ;
#2232 = DIRECTION ( 'NONE',  ( 0.000000000000000000, 0.000000000000000000, -1.000000000000000000 ) ) ;
#2233 = CARTESIAN_POINT ( 'NONE',  ( 76.74999999999998579, 23.00000000000000000, -48.75000000000000000 ) ) ;
#2234 = ORIENTED_EDGE ( 'NONE', *, *, #2467, .T. ) ;
#2235 = PLANE ( 'NONE',  #3049 ) ;
#2236 = ADVANCED_FACE ( 'NONE', ( #2593 ), #2212, .T. ) ;
#2237 = FACE_OUTER_BOUND ( 'NONE', #3948, .T. ) ;
#2238 = VERTEX_POINT ( 'NONE', #2893 ) ;
#2239 = DIRECTION ( 'NONE',  ( -0.000000000000000000, 1.000000000000000000, -0.000000000000000000 ) ) ;
#2240 = VERTEX_POINT ( 'NONE', #1565 ) ;
#2241 = VECTOR ( 'NONE', #4011, 1000.000000000000000 ) ;
#2242 = VECTOR ( 'NONE', #2791, 1000.000000000000000 ) ;
#2243 = DIRECTION ( 'NONE',  ( 0.000000000000000000, 0.000000000000000000, 1.000000000000000000 ) ) ;
#2244 = LOCAL_TIME ( 13, 10, 23.00000000000000000, #280 ) ;
#2245 = VECTOR ( 'NONE', #425, 1000.000000000000000 ) ;
#2246 = EDGE_LOOP ( 'NONE', ( #2878, #2625 ) ) ;
#2247 = DIRECTION ( 'NONE',  ( -0.000000000000000000, 1.000000000000000000, -0.000000000000000000 ) ) ;
#2248 = ORIENTED_EDGE ( 'NONE', *, *, #436, .T. ) ;
#2249 = VECTOR ( 'NONE', #1056, 1000.000000000000000 ) ;
#2250 = EDGE_CURVE ( 'NONE', #4341, #215, #3603, .T. ) ;
#2251 = VERTEX_POINT ( 'NONE', #3625 ) ;
#2252 = EDGE_LOOP ( 'NONE', ( #3266, #916, #3996, #3952 ) ) ;
#2253 = DIRECTION ( 'NONE',  ( 0.000000000000000000, 1.000000000000000000, 0.000000000000000000 ) ) ;
#2254 = ORIENTED_EDGE ( 'NONE', *, *, #2961, .F. ) ;
#2255 = CARTESIAN_POINT ( 'NONE',  ( 0.000000000000000000, 9.500000000000005329, -57.94999999999998153 ) ) ;
#2256 = ADVANCED_FACE ( 'NONE', ( #888 ), #2260, .F. ) ;
#2257 = CARTESIAN_POINT ( 'NONE',  ( 5.000000000000000000, 19.00000000000000000, -103.0000000000000000 ) ) ;
#2258 = DIRECTION ( 'NONE',  ( -0.000000000000000000, 1.000000000000000000, -0.000000000000000000 ) ) ;
#2259 = AXIS2_PLACEMENT_3D ( 'NONE', #1998, #286, #4387 ) ;
#2260 = CYLINDRICAL_SURFACE ( 'NONE', #3648, 4.216400000000001924 ) ;
#2261 = AXIS2_PLACEMENT_3D ( 'NONE', #3592, #1858, #1437 ) ;
#2262 = ORIENTED_EDGE ( 'NONE', *, *, #835, .F. ) ;
#2263 = CARTESIAN_POINT ( 'NONE',  ( 98.45000000000000284, 19.00000000000000000, -73.04999999999999716 ) ) ;
#2264 = VERTEX_POINT ( 'NONE', #3240 ) ;
#2265 = CIRCLE ( 'NONE', #4007, 3.174999999999983391 ) ;
#2266 = EDGE_CURVE ( 'NONE', #2998, #3506, #1112, .T. ) ;
#2267 = DIRECTION ( 'NONE',  ( -0.000000000000000000, 1.000000000000000000, -0.000000000000000000 ) ) ;
#2268 = VECTOR ( 'NONE', #1275, 1000.000000000000000 ) ;
#2269 = VERTEX_POINT ( 'NONE', #4309 ) ;
#2270 = CARTESIAN_POINT ( 'NONE',  ( 76.75000000000000000, 21.50000000000000000, -43.50000000000000000 ) ) ;
#2271 = ORIENTED_EDGE ( 'NONE', *, *, #2852, .T. ) ;
#2272 = CC_DESIGN_PERSON_AND_ORGANIZATION_ASSIGNMENT ( #4150, #1045, ( #2601 ) ) ;
#2273 = AXIS2_PLACEMENT_3D ( 'NONE', #845, #165, #3942 ) ;
#2274 = ORIENTED_EDGE ( 'NONE', *, *, #3982, .F. ) ;
#2275 = VERTEX_POINT ( 'NONE', #502 ) ;
#2276 = LINE ( 'NONE', #2678, #2541 ) ;
#2277 = VERTEX_POINT ( 'NONE', #1806 ) ;
#2278 = DIRECTION ( 'NONE',  ( -0.000000000000000000, 1.000000000000000000, -0.000000000000000000 ) ) ;
#2279 = DIRECTION ( 'NONE',  ( -0.000000000000000000, -1.000000000000000000, -0.000000000000000000 ) ) ;
#2280 = CYLINDRICAL_SURFACE ( 'NONE', #84, 0.7500000000000006661 ) ;
#2281 = EDGE_CURVE ( 'NONE', #1434, #1773, #322, .T. ) ;
#2282 = LINE ( 'NONE', #3333, #2005 ) ;
#2283 = ORIENTED_EDGE ( 'NONE', *, *, #2057, .T. ) ;
#2284 = DIRECTION ( 'NONE',  ( 0.000000000000000000, 1.000000000000000000, 0.000000000000000000 ) ) ;
#2285 = LINE ( 'NONE', #3674, #4084 ) ;
#2286 = EDGE_LOOP ( 'NONE', ( #3717, #3950, #1215, #1914 ) ) ;
#2287 = CARTESIAN_POINT ( 'NONE',  ( 73.05000000000001137, 19.00000000000000000, -6.375000000000015987 ) ) ;
#2288 = AXIS2_PLACEMENT_3D ( 'NONE', #1207, #1522, #3656 ) ;
#2289 = ORIENTED_EDGE ( 'NONE', *, *, #821, .T. ) ;
#2290 = CARTESIAN_POINT ( 'NONE',  ( 31.24999999999998579, 21.50000000000000000, -65.25000000000000000 ) ) ;
#2291 = ADVANCED_FACE ( 'NONE', ( #4241 ), #2505, .F. ) ;
#2292 = ORIENTED_EDGE ( 'NONE', *, *, #2149, .F. ) ;
#2293 = ORIENTED_EDGE ( 'NONE', *, *, #3147, .F. ) ;
#2294 = EDGE_LOOP ( 'NONE', ( #2354, #1348, #1300, #4176 ) ) ;
#2295 = CARTESIAN_POINT ( 'NONE',  ( 19.00000000000000000, 9.500000000000005329, -57.94999999999998153 ) ) ;
#2296 = ORIENTED_EDGE ( 'NONE', *, *, #1521, .F. ) ;
#2297 = DIRECTION ( 'NONE',  ( 1.000000000000000000, 0.000000000000000000, 0.000000000000000000 ) ) ;
#2298 = DIRECTION ( 'NONE',  ( -0.000000000000000000, -1.000000000000000000, -0.000000000000000000 ) ) ;
#2299 = CARTESIAN_POINT ( 'NONE',  ( 54.00000000000002842, 9.500000000000000000, -94.32346440228531037 ) ) ;
#2300 = VECTOR ( 'NONE', #2423, 1000.000000000000000 ) ;
#2301 = DIRECTION ( 'NONE',  ( 0.000000000000000000, 1.000000000000000000, 0.000000000000000000 ) ) ;
#2302 = ADVANCED_FACE ( 'NONE', ( #1847 ), #459, .F. ) ;
#2303 = EDGE_LOOP ( 'NONE', ( #2725, #1851, #4000, #1277 ) ) ;
#2304 = FACE_BOUND ( 'NONE', #1254, .T. ) ;
#2305 = CARTESIAN_POINT ( 'NONE',  ( 78.00000000000000000, 23.00000000000000000, -78.00000000000000000 ) ) ;
#2306 = EDGE_CURVE ( 'NONE', #3020, #2918, #3852, .T. ) ;
#2307 = DIRECTION ( 'NONE',  ( 0.000000000000000000, 1.000000000000000000, 0.000000000000000000 ) ) ;
#2308 = PERSON_AND_ORGANIZATION_ROLE ( 'design_owner' ) ;
#2309 = VERTEX_POINT ( 'NONE', #2191 ) ;
#2310 = DIRECTION ( 'NONE',  ( -0.000000000000000000, 1.000000000000000000, -0.000000000000000000 ) ) ;
#2311 = CIRCLE ( 'NONE', #4195, 3.000000000000002665 ) ;
#2312 = ORIENTED_EDGE ( 'NONE', *, *, #553, .T. ) ;
#2313 = ORIENTED_EDGE ( 'NONE', *, *, #3888, .F. ) ;
#2314 = ORIENTED_EDGE ( 'NONE', *, *, #561, .F. ) ;
#2315 = CARTESIAN_POINT ( 'NONE',  ( 5.000000000000000000, 0.000000000000000000, -103.0000000000000000 ) ) ;
#2316 = ORIENTED_EDGE ( 'NONE', *, *, #2711, .T. ) ;
#2317 = DIRECTION ( 'NONE',  ( -0.000000000000000000, -0.000000000000000000, -1.000000000000000000 ) ) ;
#2318 = CIRCLE ( 'NONE', #372, 3.174999999999983391 ) ;
#2319 = EDGE_CURVE ( 'NONE', #2111, #3860, #4216, .T. ) ;
#2320 = LINE ( 'NONE', #3006, #380 ) ;
#2321 = CARTESIAN_POINT ( 'NONE',  ( 54.00000000000002842, 9.500000000000000000, -94.32346440228531037 ) ) ;
#2322 = DIRECTION ( 'NONE',  ( -1.000000000000000000, -0.000000000000000000, -0.000000000000000000 ) ) ;
#2323 = AXIS2_PLACEMENT_3D ( 'NONE', #2916, #1867, #3259 ) ;
#2324 = VECTOR ( 'NONE', #3977, 1000.000000000000000 ) ;
#2325 = VERTEX_POINT ( 'NONE', #1177 ) ;
#2326 = DIRECTION ( 'NONE',  ( 0.000000000000000000, 0.000000000000000000, 1.000000000000000000 ) ) ;
#2327 = FACE_BOUND ( 'NONE', #499, .T. ) ;
#2328 = ADVANCED_FACE ( 'NONE', ( #1870 ), #751, .F. ) ;
#2329 = VECTOR ( 'NONE', #2809, 1000.000000000000000 ) ;
#2330 = CARTESIAN_POINT ( 'NONE',  ( 31.24999999999998579, 21.50000000000000000, -42.75000000000000000 ) ) ;
#2331 = EDGE_LOOP ( 'NONE', ( #868, #3140, #3349, #2654 ) ) ;
#2332 = EDGE_CURVE ( 'NONE', #1599, #2269, #2461, .T. ) ;
#2333 = LINE ( 'NONE', #4038, #4009 ) ;
#2334 = AXIS2_PLACEMENT_3D ( 'NONE', #2516, #2179, #2538 ) ;
#2335 = ORIENTED_EDGE ( 'NONE', *, *, #449, .F. ) ;
#2336 = ORIENTED_EDGE ( 'NONE', *, *, #3514, .T. ) ;
#2337 = CIRCLE ( 'NONE', #254, 4.216400000000001924 ) ;
#2338 = ORIENTED_EDGE ( 'NONE', *, *, #4210, .T. ) ;
#2339 = CARTESIAN_POINT ( 'NONE',  ( 76.74999999999998579, 21.50000000000000000, -54.75000000000000000 ) ) ;
#2340 = AXIS2_PLACEMENT_3D ( 'NONE', #1246, #1942, #2624 ) ;
#2341 = VERTEX_POINT ( 'NONE', #412 ) ;
#2342 = LINE ( 'NONE', #1283, #3782 ) ;
#2343 = DIRECTION ( 'NONE',  ( 0.000000000000000000, 0.000000000000000000, 1.000000000000000000 ) ) ;
#2344 = DIRECTION ( 'NONE',  ( -0.000000000000000000, -0.000000000000000000, -1.000000000000000000 ) ) ;
#2345 = EDGE_CURVE ( 'NONE', #2896, #3476, #4467, .T. ) ;
#2346 = CARTESIAN_POINT ( 'NONE',  ( 34.95000000000001705, 0.000000000000000000, -12.72499999999999609 ) ) ;
#2347 = ORIENTED_EDGE ( 'NONE', *, *, #3239, .T. ) ;
#2348 = DIRECTION ( 'NONE',  ( 0.000000000000000000, 0.000000000000000000, 1.000000000000000000 ) ) ;
#2349 = DIRECTION ( 'NONE',  ( -0.000000000000000000, 1.000000000000000000, -0.000000000000000000 ) ) ;
#2350 = DIRECTION ( 'NONE',  ( 0.000000000000000000, -1.000000000000000000, 0.000000000000000000 ) ) ;
#2351 = DATE_AND_TIME ( #1023, #4421 ) ;
#2352 = CARTESIAN_POINT ( 'NONE',  ( 31.24999999999998579, 21.50000000000000000, -66.75000000000000000 ) ) ;
#2353 = CARTESIAN_POINT ( 'NONE',  ( 19.00000000000000000, 19.00000000000000000, -98.45000000000000284 ) ) ;
#2354 = ORIENTED_EDGE ( 'NONE', *, *, #104, .F. ) ;
#2355 = ORIENTED_EDGE ( 'NONE', *, *, #349, .T. ) ;
#2356 = ADVANCED_FACE ( 'NONE', ( #2797 ), #2435, .T. ) ;
#2357 = ADVANCED_FACE ( 'NONE', ( #4167 ), #1060, .F. ) ;
#2358 = EDGE_LOOP ( 'NONE', ( #3746, #3944, #1457, #2224 ) ) ;
#2359 = CARTESIAN_POINT ( 'NONE',  ( 31.24999999999998579, 21.50000000000000000, -41.25000000000000000 ) ) ;
#2360 = AXIS2_PLACEMENT_3D ( 'NONE', #1317, #2647, #959 ) ;
#2361 = ORIENTED_EDGE ( 'NONE', *, *, #211, .T. ) ;
#2362 = CARTESIAN_POINT ( 'NONE',  ( 24.49999999999998224, 23.00000000000000000, -21.50000000000000000 ) ) ;
#2363 = EDGE_CURVE ( 'NONE', #118, #1270, #1737, .T. ) ;
#2364 = CARTESIAN_POINT ( 'NONE',  ( 31.24999999999998579, 23.00000000000000000, -33.75000000000000000 ) ) ;
#2365 = DIRECTION ( 'NONE',  ( -1.000000000000000000, -0.000000000000000000, -0.000000000000000000 ) ) ;
#2366 = CARTESIAN_POINT ( 'NONE',  ( 76.74999999999998579, 21.50000000000000000, -48.75000000000000000 ) ) ;
#2367 = CARTESIAN_POINT ( 'NONE',  ( 31.24999999999998579, 21.50000000000000000, -65.25000000000000000 ) ) ;
#2368 = AXIS2_PLACEMENT_3D ( 'NONE', #2986, #1288, #4351 ) ;
#2369 = EDGE_CURVE ( 'NONE', #1434, #1409, #3103, .T. ) ;
#2370 = ORIENTED_EDGE ( 'NONE', *, *, #349, .F. ) ;
#2371 = CYLINDRICAL_SURFACE ( 'NONE', #2892, 0.7937499999999888534 ) ;
#2372 = DIRECTION ( 'NONE',  ( 0.000000000000000000, 1.000000000000000000, -0.000000000000000000 ) ) ;
#2373 = DIRECTION ( 'NONE',  ( -2.352167425053297897E-16, 0.000000000000000000, -1.000000000000000000 ) ) ;
#2374 = EDGE_CURVE ( 'NONE', #4388, #2482, #1897, .T. ) ;
#2375 = DIRECTION ( 'NONE',  ( 0.000000000000000000, 0.000000000000000000, 1.000000000000000000 ) ) ;
#2376 = CARTESIAN_POINT ( 'NONE',  ( 24.49999999999998224, 23.00000000000000000, -83.49999999999998579 ) ) ;
#2377 = EDGE_LOOP ( 'NONE', ( #3352, #969, #3680, #2313 ) ) ;
#2378 = ORIENTED_EDGE ( 'NONE', *, *, #1217, .T. ) ;
#2379 = VECTOR ( 'NONE', #1907, 1000.000000000000000 ) ;
#2380 = ORIENTED_EDGE ( 'NONE', *, *, #3940, .F. ) ;
#2381 = FACE_OUTER_BOUND ( 'NONE', #1792, .T. ) ;
#2382 = EDGE_LOOP ( 'NONE', ( #3414, #2425 ) ) ;
#2383 = EDGE_CURVE ( 'NONE', #1903, #1590, #3171, .T. ) ;
#2384 = DIRECTION ( 'NONE',  ( -0.000000000000000000, -1.000000000000000000, 0.000000000000000000 ) ) ;
#2385 = SECURITY_CLASSIFICATION ( '', '', #2759 ) ;
#2386 = CARTESIAN_POINT ( 'NONE',  ( 98.45000000000000284, 0.000000000000000000, -69.87500000000000000 ) ) ;
#2387 = FACE_OUTER_BOUND ( 'NONE', #1365, .T. ) ;
#2388 = FACE_OUTER_BOUND ( 'NONE', #2331, .T. ) ;
#2389 = AXIS2_PLACEMENT_3D ( 'NONE', #16, #1691, #3118 ) ;
#2390 = CYLINDRICAL_SURFACE ( 'NONE', #428, 3.174999999999997158 ) ;
#2391 = VECTOR ( 'NONE', #1398, 1000.000000000000000 ) ;
#2392 = ORIENTED_EDGE ( 'NONE', *, *, #3546, .T. ) ;
#2393 = DIRECTION ( 'NONE',  ( -0.000000000000000000, 1.000000000000000000, -0.000000000000000000 ) ) ;
#2394 = AXIS2_PLACEMENT_3D ( 'NONE', #1650, #2298, #3288 ) ;
#2395 = CIRCLE ( 'NONE', #3919, 3.174999999999997158 ) ;
#2396 = CYLINDRICAL_SURFACE ( 'NONE', #927, 0.7500000000000006661 ) ;
#2397 = APPROVAL_DATE_TIME ( #2351, #3741 ) ;
#2398 = DIRECTION ( 'NONE',  ( -1.000000000000000000, 0.000000000000000000, 0.000000000000000000 ) ) ;
#2399 = DIRECTION ( 'NONE',  ( 0.000000000000000000, 0.000000000000000000, -1.000000000000000000 ) ) ;
#2400 = AXIS2_PLACEMENT_3D ( 'NONE', #3886, #789, #3618 ) ;
#2401 = EDGE_LOOP ( 'NONE', ( #263, #2578, #332, #1355 ) ) ;
#2402 = EDGE_CURVE ( 'NONE', #2325, #3524, #2182, .T. ) ;
#2403 = EDGE_LOOP ( 'NONE', ( #1189, #3923, #2649, #844 ) ) ;
#2404 = ORIENTED_EDGE ( 'NONE', *, *, #1652, .T. ) ;
#2405 = AXIS2_PLACEMENT_3D ( 'NONE', #2000, #2317, #2589 ) ;
#2406 = DIRECTION ( 'NONE',  ( -0.000000000000000000, 1.000000000000000000, -0.000000000000000000 ) ) ;
#2407 = EDGE_LOOP ( 'NONE', ( #3316, #3547, #607, #3000 ) ) ;
#2408 = DIRECTION ( 'NONE',  ( -0.000000000000000000, 1.000000000000000000, -0.000000000000000000 ) ) ;
#2409 = DIRECTION ( 'NONE',  ( -1.284980352575412699E-16, 0.000000000000000000, -1.000000000000000000 ) ) ;
#2410 = CARTESIAN_POINT ( 'NONE',  ( 31.24999999999998579, 21.50000000000000000, -51.75000000000000711 ) ) ;
#2411 = CIRCLE ( 'NONE', #546, 5.113431660829468761 ) ;
#2412 = CARTESIAN_POINT ( 'NONE',  ( 30.00000000000000000, 8.890000000000000568, -33.17499999999999716 ) ) ;
#2413 = DIRECTION ( 'NONE',  ( -0.000000000000000000, 0.000000000000000000, 1.000000000000000000 ) ) ;
#2414 = ADVANCED_FACE ( 'NONE', ( #4486 ), #3487, .T. ) ;
#2415 = EDGE_CURVE ( 'NONE', #1047, #2679, #2124, .T. ) ;
#2416 = ORIENTED_EDGE ( 'NONE', *, *, #2219, .F. ) ;
#2417 = DIRECTION ( 'NONE',  ( 0.000000000000000000, 0.000000000000000000, -1.000000000000000000 ) ) ;
#2418 = CARTESIAN_POINT ( 'NONE',  ( 89.00000000000002842, 9.500000000000005329, -53.99999999999999289 ) ) ;
#2419 = PERSON_AND_ORGANIZATION_ROLE ( 'design_supplier' ) ;
#2420 = LINE ( 'NONE', #4127, #1043 ) ;
#2421 = ORIENTED_EDGE ( 'NONE', *, *, #213, .T. ) ;
#2422 = VERTEX_POINT ( 'NONE', #2733 ) ;
#2423 = DIRECTION ( 'NONE',  ( -0.000000000000000000, -1.000000000000000000, -0.000000000000000000 ) ) ;
#2424 = EDGE_CURVE ( 'NONE', #2264, #2910, #3920, .T. ) ;
#2425 = ORIENTED_EDGE ( 'NONE', *, *, #3062, .F. ) ;
#2426 = CARTESIAN_POINT ( 'NONE',  ( 31.24999999999998579, 21.50000000000000000, -78.75000000000001421 ) ) ;
#2427 = VERTEX_POINT ( 'NONE', #46 ) ;
#2428 = CARTESIAN_POINT ( 'NONE',  ( 31.24999999999998579, 21.50000000000000000, -72.75000000000001421 ) ) ;
#2429 = DIRECTION ( 'NONE',  ( 0.000000000000000000, 0.000000000000000000, 1.000000000000000000 ) ) ;
#2430 = DIRECTION ( 'NONE',  ( -1.284980352575417383E-16, 0.000000000000000000, -1.000000000000000000 ) ) ;
#2431 = VECTOR ( 'NONE', #3824, 1000.000000000000000 ) ;
#2432 = PLANE ( 'NONE',  #314 ) ;
#2433 = DIRECTION ( 'NONE',  ( -0.000000000000000000, -1.000000000000000000, -0.000000000000000000 ) ) ;
#2434 = EDGE_LOOP ( 'NONE', ( #651, #1750, #163, #1932 ) ) ;
#2435 = CYLINDRICAL_SURFACE ( 'NONE', #4144, 0.7500000000000006661 ) ;
#2436 = EDGE_CURVE ( 'NONE', #2677, #3736, #1469, .T. ) ;
#2437 = VECTOR ( 'NONE', #1057, 1000.000000000000000 ) ;
#2438 = FACE_OUTER_BOUND ( 'NONE', #1070, .T. ) ;
#2439 = DIRECTION ( 'NONE',  ( 0.000000000000000000, 0.000000000000000000, -1.000000000000000000 ) ) ;
#2440 = ORIENTED_EDGE ( 'NONE', *, *, #1330, .F. ) ;
#2441 = CIRCLE ( 'NONE', #503, 0.7500000000000006661 ) ;
#2442 = EDGE_CURVE ( 'NONE', #1228, #892, #1082, .T. ) ;
#2443 = VERTEX_POINT ( 'NONE', #684 ) ;
#2444 = DIRECTION ( 'NONE',  ( -0.000000000000000000, -0.000000000000000000, -1.000000000000000000 ) ) ;
#2445 = DIRECTION ( 'NONE',  ( -0.000000000000000000, 1.000000000000000000, -0.000000000000000000 ) ) ;
#2446 = ORIENTED_EDGE ( 'NONE', *, *, #1271, .T. ) ;
#2447 = DIRECTION ( 'NONE',  ( 0.000000000000000000, 0.000000000000000000, 1.000000000000000000 ) ) ;
#2448 = ORIENTED_EDGE ( 'NONE', *, *, #3303, .F. ) ;
#2449 = CARTESIAN_POINT ( 'NONE',  ( 76.74999999999998579, 21.50000000000000000, -29.25000000000000000 ) ) ;
#2450 = DIRECTION ( 'NONE',  ( 0.000000000000000000, 0.000000000000000000, -1.000000000000000000 ) ) ;
#2451 = DIRECTION ( 'NONE',  ( 0.000000000000000000, 0.000000000000000000, 1.000000000000000000 ) ) ;
#2452 = LINE ( 'NONE', #427, #3127 ) ;
#2453 = DIRECTION ( 'NONE',  ( 0.000000000000000000, 0.000000000000000000, 1.000000000000000000 ) ) ;
#2454 = VECTOR ( 'NONE', #1291, 1000.000000000000227 ) ;
#2455 = DIRECTION ( 'NONE',  ( 0.000000000000000000, 0.000000000000000000, 1.000000000000000000 ) ) ;
#2456 = EDGE_CURVE ( 'NONE', #490, #2924, #1444, .T. ) ;
#2457 = APPROVAL_PERSON_ORGANIZATION ( #3428, #4077, #3016 ) ;
#2458 = VECTOR ( 'NONE', #1777, 1000.000000000000000 ) ;
#2459 = ORIENTED_EDGE ( 'NONE', *, *, #3176, .T. ) ;
#2460 = DIRECTION ( 'NONE',  ( -0.000000000000000000, 1.000000000000000000, -0.000000000000000000 ) ) ;
#2461 = CIRCLE ( 'NONE', #3355, 0.7500000000000006661 ) ;
#2462 = VECTOR ( 'NONE', #3172, 1000.000000000000000 ) ;
#2463 = DIRECTION ( 'NONE',  ( 0.000000000000000000, 0.000000000000000000, 1.000000000000000000 ) ) ;
#2464 = CARTESIAN_POINT ( 'NONE',  ( 31.24999999999998579, 21.50000000000000000, -53.25000000000000711 ) ) ;
#2465 = VERTEX_POINT ( 'NONE', #2483 ) ;
#2466 = DIRECTION ( 'NONE',  ( 0.000000000000000000, 0.000000000000000000, 1.000000000000000000 ) ) ;
#2467 = EDGE_CURVE ( 'NONE', #2722, #294, #3445, .T. ) ;
#2468 = CYLINDRICAL_SURFACE ( 'NONE', #2093, 3.174999999999990496 ) ;
#2469 = ORIENTED_EDGE ( 'NONE', *, *, #3188, .F. ) ;
#2470 = AXIS2_PLACEMENT_3D ( 'NONE', #4301, #151, #2567 ) ;
#2471 = CARTESIAN_POINT ( 'NONE',  ( 31.24999999999998579, 23.00000000000000000, -50.25000000000000000 ) ) ;
#2472 = CIRCLE ( 'NONE', #1883, 2.250000000000001776 ) ;
#2473 = ORIENTED_EDGE ( 'NONE', *, *, #3615, .F. ) ;
#2474 = CARTESIAN_POINT ( 'NONE',  ( 19.00000000000000000, 9.500000000000005329, -53.99999999999997868 ) ) ;
#2475 = LINE ( 'NONE', #4251, #1089 ) ;
#2476 = AXIS2_PLACEMENT_3D ( 'NONE', #1711, #3838, #3504 ) ;
#2477 = ORIENTED_EDGE ( 'NONE', *, *, #1245, .T. ) ;
#2478 = CARTESIAN_POINT ( 'NONE',  ( 76.74999999999998579, 21.50000000000000000, -44.25000000000000000 ) ) ;
#2479 = PLANE ( 'NONE',  #4122 ) ;
#2480 = FACE_OUTER_BOUND ( 'NONE', #3137, .T. ) ;
#2481 = AXIS2_PLACEMENT_3D ( 'NONE', #2760, #2078, #3039 ) ;
#2482 = VERTEX_POINT ( 'NONE', #1719 ) ;
#2483 = CARTESIAN_POINT ( 'NONE',  ( 31.24999999999998579, 21.50000000000000000, -35.25000000000000000 ) ) ;
#2484 = ADVANCED_FACE ( 'NONE', ( #2891, #114 ), #2235, .F. ) ;
#2485 = CARTESIAN_POINT ( 'NONE',  ( 31.24999999999998934, 21.50000000000000000, -51.75000000000000711 ) ) ;
#2486 = AXIS2_PLACEMENT_3D ( 'NONE', #64, #621, #277 ) ;
#2487 = CARTESIAN_POINT ( 'NONE',  ( 31.24999999999998579, 21.50000000000000000, -42.75000000000000000 ) ) ;
#2488 = EDGE_LOOP ( 'NONE', ( #3368, #2446, #4024, #2894 ) ) ;
#2489 = CARTESIAN_POINT ( 'NONE',  ( 31.24999999999998579, 23.00000000000000000, -46.50000000000000000 ) ) ;
#2490 = DIRECTION ( 'NONE',  ( -0.000000000000000000, 1.000000000000000000, -0.000000000000000000 ) ) ;
#2491 = ORIENTED_EDGE ( 'NONE', *, *, #2969, .F. ) ;
#2492 = LINE ( 'NONE', #77, #2761 ) ;
#2493 = VERTEX_POINT ( 'NONE', #3647 ) ;
#2494 = DIRECTION ( 'NONE',  ( -0.000000000000000000, -1.000000000000000000, -0.000000000000000000 ) ) ;
#2495 = EDGE_CURVE ( 'NONE', #192, #4388, #527, .T. ) ;
#2496 = DIRECTION ( 'NONE',  ( -0.000000000000000000, 1.000000000000000000, -0.000000000000000000 ) ) ;
#2497 = ORIENTED_EDGE ( 'NONE', *, *, #3176, .F. ) ;
#2498 = DIRECTION ( 'NONE',  ( -1.000000000000000000, -0.000000000000000000, -0.000000000000000000 ) ) ;
#2499 = CARTESIAN_POINT ( 'NONE',  ( 76.74999999999998579, 23.00000000000000000, -32.25000000000000000 ) ) ;
#2500 = LINE ( 'NONE', #3890, #4075 ) ;
#2501 = EDGE_CURVE ( 'NONE', #1173, #152, #2472, .T. ) ;
#2502 = EDGE_LOOP ( 'NONE', ( #3021, #3450, #4232, #3971 ) ) ;
#2503 = DIRECTION ( 'NONE',  ( -0.000000000000000000, 1.000000000000000000, -0.000000000000000000 ) ) ;
#2504 = LINE ( 'NONE', #3893, #2818 ) ;
#2505 = CYLINDRICAL_SURFACE ( 'NONE', #3281, 3.174999999999997158 ) ;
#2506 = ADVANCED_FACE ( 'NONE', ( #1895 ), #2850, .T. ) ;
#2507 = LINE ( 'NONE', #1155, #3503 ) ;
#2508 = ORIENTED_EDGE ( 'NONE', *, *, #1931, .T. ) ;
#2509 = EDGE_CURVE ( 'NONE', #3253, #2175, #1514, .T. ) ;
#2510 = CARTESIAN_POINT ( 'NONE',  ( 30.00000000000000000, 8.890000000000000568, -30.00000000000000000 ) ) ;
#2511 = AXIS2_PLACEMENT_3D ( 'NONE', #2367, #2413, #721 ) ;
#2512 = LINE ( 'NONE', #3157, #2015 ) ;
#2513 = ORIENTED_EDGE ( 'NONE', *, *, #2105, .F. ) ;
#2514 = LINE ( 'NONE', #3901, #386 ) ;
#2515 = VERTEX_POINT ( 'NONE', #3291 ) ;
#2516 = CARTESIAN_POINT ( 'NONE',  ( 9.550000000000007816, 19.00000000000000000, -34.94999999999999574 ) ) ;
#2517 = CARTESIAN_POINT ( 'NONE',  ( 78.00000000000000000, -2.488482295867306383E-17, -74.82500000000000284 ) ) ;
#2518 = ORIENTED_EDGE ( 'NONE', *, *, #3408, .T. ) ;
#2519 = CARTESIAN_POINT ( 'NONE',  ( 76.74999999999998579, 23.00000000000000000, -39.75000000000000000 ) ) ;
#2520 = ADVANCED_FACE ( 'NONE', ( #134 ), #2164, .T. ) ;
#2521 = CARTESIAN_POINT ( 'NONE',  ( 31.24999999999998579, 21.50000000000000000, -71.25000000000001421 ) ) ;
#2522 = ORIENTED_EDGE ( 'NONE', *, *, #1483, .T. ) ;
#2523 = EDGE_CURVE ( 'NONE', #3912, #4021, #1803, .T. ) ;
#2524 = CARTESIAN_POINT ( 'NONE',  ( 31.24999999999998579, 23.00000000000000000, -40.50000000000000000 ) ) ;
#2525 = VECTOR ( 'NONE', #3381, 1000.000000000000000 ) ;
#2526 = DIRECTION ( 'NONE',  ( 0.000000000000000000, 0.000000000000000000, 1.000000000000000000 ) ) ;
#2527 = CARTESIAN_POINT ( 'NONE',  ( 0.000000000000000000, 19.00000000000000000, -5.000000000000035527 ) ) ;
#2528 = AXIS2_PLACEMENT_3D ( 'NONE', #3077, #1013, #39 ) ;
#2529 = ORIENTED_EDGE ( 'NONE', *, *, #2756, .T. ) ;
#2530 = AXIS2_PLACEMENT_3D ( 'NONE', #3098, #4463, #4117 ) ;
#2531 = CARTESIAN_POINT ( 'NONE',  ( 31.24999999999998579, 23.00000000000000000, -42.75000000000000000 ) ) ;
#2532 = CARTESIAN_POINT ( 'NONE',  ( 76.74999999999998579, 21.50000000000000000, -75.75000000000001421 ) ) ;
#2533 = VERTEX_POINT ( 'NONE', #3938 ) ;
#2534 = CYLINDRICAL_SURFACE ( 'NONE', #4228, 2.250000000000001776 ) ;
#2535 = EDGE_CURVE ( 'NONE', #2533, #2896, #605, .T. ) ;
#2536 = CIRCLE ( 'NONE', #3704, 2.999999999999999112 ) ;
#2537 = EDGE_LOOP ( 'NONE', ( #3301, #3109, #2636, #195 ) ) ;
#2538 = DIRECTION ( 'NONE',  ( 0.000000000000000000, 0.000000000000000000, 1.000000000000000000 ) ) ;
#2539 = ORIENTED_EDGE ( 'NONE', *, *, #3089, .F. ) ;
#2540 = CYLINDRICAL_SURFACE ( 'NONE', #3839, 3.174999999999990496 ) ;
#2541 = VECTOR ( 'NONE', #3002, 1000.000000000000000 ) ;
#2542 = VECTOR ( 'NONE', #3849, 1000.000000000000000 ) ;
#2543 = ORIENTED_EDGE ( 'NONE', *, *, #2888, .F. ) ;
#2544 = PLANE ( 'NONE',  #2108 ) ;
#2545 = AXIS2_PLACEMENT_3D ( 'NONE', #1413, #2785, #4177 ) ;
#2546 = CARTESIAN_POINT ( 'NONE',  ( 34.95000000000000284, 0.000000000000000000, -101.6250000000069491 ) ) ;
#2547 = CYLINDRICAL_SURFACE ( 'NONE', #2177, 2.250000000000001776 ) ;
#2548 = ORIENTED_EDGE ( 'NONE', *, *, #264, .T. ) ;
#2549 = DIRECTION ( 'NONE',  ( 0.000000000000000000, 0.000000000000000000, 1.000000000000000000 ) ) ;
#2550 = AXIS2_PLACEMENT_3D ( 'NONE', #3813, #3115, #675 ) ;
#2551 = DIRECTION ( 'NONE',  ( -1.000000000000000000, 0.000000000000000000, 0.000000000000000000 ) ) ;
#2552 = PRODUCT_DEFINITION ( 'UNKNOWN', '', #2601, #1589 ) ;
#2553 = EDGE_CURVE ( 'NONE', #2515, #2705, #1749, .T. ) ;
#2554 = ORIENTED_EDGE ( 'NONE', *, *, #4223, .F. ) ;
#2555 = CIRCLE ( 'NONE', #1259, 1.824999999999993294 ) ;
#2556 = PLANE ( 'NONE',  #2273 ) ;
#2557 = ORIENTED_EDGE ( 'NONE', *, *, #4119, .F. ) ;
#2558 = DIRECTION ( 'NONE',  ( -1.000000000000000000, 0.000000000000000000, -0.000000000000000000 ) ) ;
#2559 = ORIENTED_EDGE ( 'NONE', *, *, #3215, .T. ) ;
#2560 = LINE ( 'NONE', #3949, #1981 ) ;
#2561 = ORIENTED_EDGE ( 'NONE', *, *, #2721, .T. ) ;
#2562 = CARTESIAN_POINT ( 'NONE',  ( 76.74999999999998579, 23.00000000000000000, -62.25000000000000000 ) ) ;
#2563 = ORIENTED_EDGE ( 'NONE', *, *, #449, .T. ) ;
#2564 = EDGE_CURVE ( 'NONE', #1192, #4318, #4287, .T. ) ;
#2565 = CARTESIAN_POINT ( 'NONE',  ( 53.20625000000003979, 9.500000000000000000, -94.32346440228531037 ) ) ;
#2566 = ORIENTED_EDGE ( 'NONE', *, *, #966, .F. ) ;
#2567 = DIRECTION ( 'NONE',  ( 0.000000000000000000, 0.000000000000000000, -1.000000000000000000 ) ) ;
#2568 = ORIENTED_EDGE ( 'NONE', *, *, #2319, .T. ) ;
#2569 = DIRECTION ( 'NONE',  ( 0.000000000000000000, 0.000000000000000000, 1.000000000000000000 ) ) ;
#2570 = CARTESIAN_POINT ( 'NONE',  ( 78.00000000000000000, 8.890000000000000568, -78.00000000000000000 ) ) ;
#2571 = ORIENTED_EDGE ( 'NONE', *, *, #4250, .F. ) ;
#2572 = LINE ( 'NONE', #1153, #3492 ) ;
#2573 = CARTESIAN_POINT ( 'NONE',  ( 31.24999999999998934, 21.50000000000000000, -46.50000000000000000 ) ) ;
#2574 = ORIENTED_EDGE ( 'NONE', *, *, #350, .F. ) ;
#2575 = DIRECTION ( 'NONE',  ( -1.000000000000000000, 0.000000000000000000, -0.000000000000000000 ) ) ;
#2576 = AXIS2_PLACEMENT_3D ( 'NONE', #536, #558, #1249 ) ;
#2577 = ADVANCED_FACE ( 'NONE', ( #4308 ), #1845, .F. ) ;
#2578 = ORIENTED_EDGE ( 'NONE', *, *, #3521, .F. ) ;
#2579 = LINE ( 'NONE', #2627, #205 ) ;
#2580 = LINE ( 'NONE', #1186, #4275 ) ;
#2581 = DIRECTION ( 'NONE',  ( -1.000000000000000000, -0.000000000000000000, -0.000000000000000000 ) ) ;
#2582 = CARTESIAN_POINT ( 'NONE',  ( 31.24999999999998579, 21.50000000000000000, -78.75000000000000000 ) ) ;
#2583 = ORIENTED_EDGE ( 'NONE', *, *, #1871, .T. ) ;
#2584 = ORIENTED_EDGE ( 'NONE', *, *, #3670, .F. ) ;
#2585 = AXIS2_PLACEMENT_3D ( 'NONE', #1939, #4441, #253 ) ;
#2586 = ORIENTED_EDGE ( 'NONE', *, *, #3584, .F. ) ;
#2587 = LINE ( 'NONE', #3391, #2324 ) ;
#2588 = VERTEX_POINT ( 'NONE', #3557 ) ;
#2589 = DIRECTION ( 'NONE',  ( -1.000000000000000000, 0.000000000000000000, 0.000000000000000000 ) ) ;
#2590 = FACE_OUTER_BOUND ( 'NONE', #2148, .T. ) ;
#2591 = CARTESIAN_POINT ( 'NONE',  ( 31.24999999999998579, 21.50000000000000000, -32.25000000000000000 ) ) ;
#2592 = ADVANCED_FACE ( 'NONE', ( #456 ), #1564, .F. ) ;
#2593 = FACE_OUTER_BOUND ( 'NONE', #2646, .T. ) ;
#2594 = AXIS2_PLACEMENT_3D ( 'NONE', #276, #955, #1636 ) ;
#2595 = EDGE_LOOP ( 'NONE', ( #602, #701, #935, #4199 ) ) ;
#2596 = CARTESIAN_POINT ( 'NONE',  ( 31.24999999999998579, 23.00000000000000000, -72.75000000000001421 ) ) ;
#2597 = ORIENTED_EDGE ( 'NONE', *, *, #3258, .T. ) ;
#2598 = DIRECTION ( 'NONE',  ( 0.000000000000000000, 0.000000000000000000, -1.000000000000000000 ) ) ;
#2599 = FACE_OUTER_BOUND ( 'NONE', #2246, .T. ) ;
#2600 = EDGE_CURVE ( 'NONE', #2158, #2890, #2909, .T. ) ;
#2601 = PRODUCT_DEFINITION_FORMATION_WITH_SPECIFIED_SOURCE ( 'ANY', '', #3173, .NOT_KNOWN. ) ;
#2602 = VECTOR ( 'NONE', #3616, 1000.000000000000000 ) ;
#2603 = ORIENTED_EDGE ( 'NONE', *, *, #4470, .F. ) ;
#2604 = DIRECTION ( 'NONE',  ( -0.000000000000000000, 1.000000000000000000, -0.000000000000000000 ) ) ;
#2605 = ORIENTED_EDGE ( 'NONE', *, *, #2535, .T. ) ;
#2606 = VECTOR ( 'NONE', #3688, 1000.000000000000000 ) ;
#2607 = EDGE_LOOP ( 'NONE', ( #3045, #397, #3227, #2712 ) ) ;
#2608 = EDGE_CURVE ( 'NONE', #2588, #4171, #4330, .T. ) ;
#2609 = EDGE_CURVE ( 'NONE', #1125, #2653, #2572, .T. ) ;
#2610 = EDGE_LOOP ( 'NONE', ( #761, #138, #2087, #2674 ) ) ;
#2611 = AXIS2_PLACEMENT_3D ( 'NONE', #2570, #4305, #1405 ) ;
#2612 = DIRECTION ( 'NONE',  ( -1.000000000000000000, 0.000000000000000000, 0.000000000000000000 ) ) ;
#2613 = ORIENTED_EDGE ( 'NONE', *, *, #4327, .T. ) ;
#2614 = DIRECTION ( 'NONE',  ( -1.000000000000000000, -0.000000000000000000, -0.000000000000000000 ) ) ;
#2615 = FACE_BOUND ( 'NONE', #4196, .T. ) ;
#2616 = CARTESIAN_POINT ( 'NONE',  ( 76.74999999999998579, 21.50000000000000000, -59.25000000000000000 ) ) ;
#2617 = CIRCLE ( 'NONE', #3999, 0.7500000000000006661 ) ;
#2618 = VECTOR ( 'NONE', #2056, 1000.000000000000000 ) ;
#2619 = CARTESIAN_POINT ( 'NONE',  ( 24.49999999999998224, 23.00000000000000000, -24.49999999999999645 ) ) ;
#2620 = EDGE_CURVE ( 'NONE', #626, #2631, #1541, .T. ) ;
#2621 = VECTOR ( 'NONE', #1983, 1000.000000000000000 ) ;
#2622 = EDGE_LOOP ( 'NONE', ( #2753, #1655, #902, #2665 ) ) ;
#2623 = CARTESIAN_POINT ( 'NONE',  ( 21.49999999999998579, 23.00000000000000000, -24.49999999999999645 ) ) ;
#2624 = DIRECTION ( 'NONE',  ( 0.000000000000000000, 0.000000000000000000, 1.000000000000000000 ) ) ;
#2625 = ORIENTED_EDGE ( 'NONE', *, *, #417, .T. ) ;
#2626 = AXIS2_PLACEMENT_3D ( 'NONE', #3185, #2156, #1461 ) ;
#2627 = CARTESIAN_POINT ( 'NONE',  ( 73.04999999999999716, 19.00000000000000000, -101.6250000000069349 ) ) ;
#2628 = CIRCLE ( 'NONE', #1185, 2.250000000000001776 ) ;
#2629 = ORIENTED_EDGE ( 'NONE', *, *, #3738, .T. ) ;
#2630 = DIRECTION ( 'NONE',  ( -0.000000000000000000, 1.000000000000000000, -0.000000000000000000 ) ) ;
#2631 = VERTEX_POINT ( 'NONE', #1827 ) ;
#2632 = CIRCLE ( 'NONE', #2125, 3.174999999999983391 ) ;
#2633 = ORIENTED_EDGE ( 'NONE', *, *, #4165, .F. ) ;
#2634 = ORIENTED_EDGE ( 'NONE', *, *, #1042, .F. ) ;
#2635 = DIRECTION ( 'NONE',  ( -0.000000000000000000, 1.000000000000000000, -0.000000000000000000 ) ) ;
#2636 = ORIENTED_EDGE ( 'NONE', *, *, #96, .F. ) ;
#2637 = EDGE_CURVE ( 'NONE', #3476, #1769, #3668, .T. ) ;
#2638 = DIRECTION ( 'NONE',  ( -0.000000000000000000, -0.000000000000000000, -1.000000000000000000 ) ) ;
#2639 = FACE_OUTER_BOUND ( 'NONE', #2866, .T. ) ;
#2640 = DIRECTION ( 'NONE',  ( -0.000000000000000000, 1.000000000000000000, -0.000000000000000000 ) ) ;
#2641 = EDGE_CURVE ( 'NONE', #152, #4320, #3007, .T. ) ;
#2642 = CARTESIAN_POINT ( 'NONE',  ( 31.24999999999998934, 21.50000000000000000, -45.75000000000000000 ) ) ;
#2643 = ORIENTED_EDGE ( 'NONE', *, *, #2691, .F. ) ;
#2644 = FACE_BOUND ( 'NONE', #72, .T. ) ;
#2645 = DIRECTION ( 'NONE',  ( 0.000000000000000000, 0.000000000000000000, 1.000000000000000000 ) ) ;
#2646 = EDGE_LOOP ( 'NONE', ( #880, #4227, #219, #1276 ) ) ;
#2647 = DIRECTION ( 'NONE',  ( -0.000000000000000000, 0.000000000000000000, 1.000000000000000000 ) ) ;
#2648 = VECTOR ( 'NONE', #895, 1000.000000000000000 ) ;
#2649 = ORIENTED_EDGE ( 'NONE', *, *, #3695, .F. ) ;
#2650 = FACE_OUTER_BOUND ( 'NONE', #4010, .T. ) ;
#2651 = VERTEX_POINT ( 'NONE', #569 ) ;
#2652 = EDGE_CURVE ( 'NONE', #3058, #3229, #315, .T. ) ;
#2653 = VERTEX_POINT ( 'NONE', #1938 ) ;
#2654 = ORIENTED_EDGE ( 'NONE', *, *, #766, .T. ) ;
#2655 = DIRECTION ( 'NONE',  ( 0.000000000000000000, 0.000000000000000000, 1.000000000000000000 ) ) ;
#2656 = ORIENTED_EDGE ( 'NONE', *, *, #3521, .T. ) ;
#2657 = AXIS2_PLACEMENT_3D ( 'NONE', #2619, #2301, #1921 ) ;
#2658 = CARTESIAN_POINT ( 'NONE',  ( 58.21640000000002857, 9.500000000000000000, -96.37999999999999545 ) ) ;
#2659 = LINE ( 'NONE', #4347, #2685 ) ;
#2660 = ADVANCED_FACE ( 'NONE', ( #4348 ), #886, .F. ) ;
#2661 = DIRECTION ( 'NONE',  ( 1.000000000000000000, 0.000000000000000000, 0.000000000000000000 ) ) ;
#2662 = AXIS2_PLACEMENT_3D ( 'NONE', #399, #1500, #2084 ) ;
#2663 = DIRECTION ( 'NONE',  ( -0.000000000000000000, 1.000000000000000000, -0.000000000000000000 ) ) ;
#2664 = EDGE_CURVE ( 'NONE', #3551, #3556, #1240, .T. ) ;
#2665 = ORIENTED_EDGE ( 'NONE', *, *, #3393, .T. ) ;
#2666 = LINE ( 'NONE', #4419, #2454 ) ;
#2667 = FACE_OUTER_BOUND ( 'NONE', #1232, .T. ) ;
#2668 = DIRECTION ( 'NONE',  ( -1.000000000000000000, -0.000000000000000000, -0.000000000000000000 ) ) ;
#2669 = ORIENTED_EDGE ( 'NONE', *, *, #81, .T. ) ;
#2670 = FACE_OUTER_BOUND ( 'NONE', #4385, .T. ) ;
#2671 = VECTOR ( 'NONE', #100, 1000.000000000000000 ) ;
#2672 = VECTOR ( 'NONE', #3245, 1000.000000000000000 ) ;
#2673 = EDGE_LOOP ( 'NONE', ( #2081, #4314, #3114, #1647 ) ) ;
#2674 = ORIENTED_EDGE ( 'NONE', *, *, #3590, .T. ) ;
#2675 = VECTOR ( 'NONE', #1670, 1000.000000000000000 ) ;
#2676 = ADVANCED_FACE ( 'NONE', ( #4073 ), #591, .F. ) ;
#2677 = VERTEX_POINT ( 'NONE', #910 ) ;
#2678 = CARTESIAN_POINT ( 'NONE',  ( 31.24999999999998579, 21.50000000000000000, -45.75000000000000000 ) ) ;
#2679 = VERTEX_POINT ( 'NONE', #1920 ) ;
#2680 = DIRECTION ( 'NONE',  ( 0.000000000000000000, 0.000000000000000000, 1.000000000000000000 ) ) ;
#2681 = AXIS2_PLACEMENT_3D ( 'NONE', #3724, #4240, #2398 ) ;
#2682 = CARTESIAN_POINT ( 'NONE',  ( 76.74999999999998579, 21.50000000000000000, -33.75000000000000000 ) ) ;
#2683 = DIRECTION ( 'NONE',  ( -0.000000000000000000, -0.000000000000000000, -1.000000000000000000 ) ) ;
#2684 = PLANE ( 'NONE',  #2970 ) ;
#2685 = VECTOR ( 'NONE', #225, 1000.000000000000000 ) ;
#2686 = AXIS2_PLACEMENT_3D ( 'NONE', #4044, #881, #267 ) ;
#2687 = ORIENTED_EDGE ( 'NONE', *, *, #311, .F. ) ;
#2688 = AXIS2_PLACEMENT_3D ( 'NONE', #2524, #3913, #887 ) ;
#2689 = CARTESIAN_POINT ( 'NONE',  ( 31.24999999999998579, 21.50000000000000000, -54.75000000000000711 ) ) ;
#2690 = PLANE ( 'NONE',  #2053 ) ;
#2691 = EDGE_CURVE ( 'NONE', #2653, #1344, #3413, .T. ) ;
#2692 = EDGE_CURVE ( 'NONE', #3902, #2493, #4095, .T. ) ;
#2693 = AXIS2_PLACEMENT_3D ( 'NONE', #4432, #1326, #4110 ) ;
#2694 = AXIS2_PLACEMENT_3D ( 'NONE', #3459, #2384, #3751 ) ;
#2695 = DIRECTION ( 'NONE',  ( 0.000000000000000000, 0.000000000000000000, -1.000000000000000000 ) ) ;
#2696 = CARTESIAN_POINT ( 'NONE',  ( 108.0000000000000284, 19.00000000000000000, -102.9999999999999716 ) ) ;
#2697 = CARTESIAN_POINT ( 'NONE',  ( 76.74999999999998579, 23.00000000000000000, -45.75000000000000000 ) ) ;
#2698 = AXIS2_PLACEMENT_3D ( 'NONE', #2943, #1899, #798 ) ;
#2699 = VERTEX_POINT ( 'NONE', #2003 ) ;
#2700 = EDGE_CURVE ( 'NONE', #2203, #3374, #3311, .T. ) ;
#2701 = ORIENTED_EDGE ( 'NONE', *, *, #1532, .F. ) ;
#2702 = VECTOR ( 'NONE', #4198, 1000.000000000000000 ) ;
#2703 = VERTEX_POINT ( 'NONE', #1651 ) ;
#2704 = PLANE ( 'NONE',  #3132 ) ;
#2705 = VERTEX_POINT ( 'NONE', #2984 ) ;
#2706 = DIRECTION ( 'NONE',  ( -0.000000000000000000, 1.000000000000000000, -0.000000000000000000 ) ) ;
#2707 = EDGE_CURVE ( 'NONE', #1344, #2653, #1454, .T. ) ;
#2708 = DIRECTION ( 'NONE',  ( 1.000000000000000000, 0.000000000000000000, -1.284980352575412699E-16 ) ) ;
#2709 = DIRECTION ( 'NONE',  ( -1.000000000000000000, 0.000000000000000000, 0.000000000000000000 ) ) ;
#2710 = CARTESIAN_POINT ( 'NONE',  ( 34.95000000000000284, 19.00000000000000000, -101.6250000000069491 ) ) ;
#2711 = EDGE_CURVE ( 'NONE', #3617, #941, #4392, .T. ) ;
#2712 = ORIENTED_EDGE ( 'NONE', *, *, #460, .T. ) ;
#2713 = DIRECTION ( 'NONE',  ( -0.000000000000000000, 1.000000000000000000, -0.000000000000000000 ) ) ;
#2714 = FACE_BOUND ( 'NONE', #266, .T. ) ;
#2715 = DIRECTION ( 'NONE',  ( 0.000000000000000000, 1.000000000000000000, -0.000000000000000000 ) ) ;
#2716 = ADVANCED_FACE ( 'NONE', ( #1671 ), #2280, .T. ) ;
#2717 = CARTESIAN_POINT ( 'NONE',  ( 31.24999999999998579, 21.50000000000000000, -41.25000000000000000 ) ) ;
#2718 = LINE ( 'NONE', #1383, #3936 ) ;
#2719 = ORIENTED_EDGE ( 'NONE', *, *, #463, .F. ) ;
#2720 = ORIENTED_EDGE ( 'NONE', *, *, #465, .F. ) ;
#2721 = EDGE_CURVE ( 'NONE', #2443, #3182, #2172, .T. ) ;
#2722 = VERTEX_POINT ( 'NONE', #252 ) ;
#2723 = CARTESIAN_POINT ( 'NONE',  ( 76.74999999999998579, 23.00000000000000000, -30.75000000000000000 ) ) ;
#2724 = CIRCLE ( 'NONE', #3236, 3.950000000000001954 ) ;
#2725 = ORIENTED_EDGE ( 'NONE', *, *, #2306, .T. ) ;
#2726 = DIRECTION ( 'NONE',  ( 0.000000000000000000, 0.000000000000000000, 1.000000000000000000 ) ) ;
#2727 = CARTESIAN_POINT ( 'NONE',  ( 31.24999999999998579, 21.50000000000000000, -36.75000000000000711 ) ) ;
#2728 = LINE ( 'NONE', #3841, #4197 ) ;
#2729 = CARTESIAN_POINT ( 'NONE',  ( 31.24999999999998579, 21.50000000000000000, -29.25000000000000000 ) ) ;
#2730 = DIRECTION ( 'NONE',  ( 0.000000000000000000, 1.000000000000000000, 0.000000000000000000 ) ) ;
#2731 = VECTOR ( 'NONE', #1825, 1000.000000000000000 ) ;
#2732 = ORIENTED_EDGE ( 'NONE', *, *, #1012, .F. ) ;
#2733 = CARTESIAN_POINT ( 'NONE',  ( 76.74999999999998579, 23.00000000000000000, -60.75000000000000000 ) ) ;
#2734 = ADVANCED_FACE ( 'NONE', ( #3712 ), #4373, .T. ) ;
#2735 = CARTESIAN_POINT ( 'NONE',  ( 78.00000000000000000, 23.00000000000000000, -77.25000000000000000 ) ) ;
#2736 = DATE_AND_TIME ( #1702, #2244 ) ;
#2737 = LINE ( 'NONE', #1785, #2462 ) ;
#2738 = DIRECTION ( 'NONE',  ( -0.000000000000000000, 1.000000000000000000, -0.000000000000000000 ) ) ;
#2739 = EDGE_LOOP ( 'NONE', ( #4485, #2938 ) ) ;
#2740 = ORIENTED_EDGE ( 'NONE', *, *, #931, .F. ) ;
#2741 = ORIENTED_EDGE ( 'NONE', *, *, #1871, .F. ) ;
#2742 = LINE ( 'NONE', #4132, #676 ) ;
#2743 = ORIENTED_EDGE ( 'NONE', *, *, #57, .T. ) ;
#2744 = DIRECTION ( 'NONE',  ( -0.000000000000000000, -1.000000000000000000, -0.000000000000000000 ) ) ;
#2745 = EDGE_CURVE ( 'NONE', #4363, #2341, #1265, .T. ) ;
#2746 = EDGE_CURVE ( 'NONE', #3431, #3500, #4205, .T. ) ;
#2747 = DIRECTION ( 'NONE',  ( 0.000000000000000000, 0.000000000000000000, 1.000000000000000000 ) ) ;
#2748 = CYLINDRICAL_SURFACE ( 'NONE', #4418, 2.250000000000001776 ) ;
#2749 = DIRECTION ( 'NONE',  ( -0.000000000000000000, 1.000000000000000000, -0.000000000000000000 ) ) ;
#2750 = VECTOR ( 'NONE', #4049, 1000.000000000000000 ) ;
#2751 = CARTESIAN_POINT ( 'NONE',  ( 54.00000000000002842, 9.500000000000000000, -107.0000000000000000 ) ) ;
#2752 = VECTOR ( 'NONE', #19, 1000.000000000000000 ) ;
#2753 = ORIENTED_EDGE ( 'NONE', *, *, #1353, .T. ) ;
#2754 = DIRECTION ( 'NONE',  ( 0.000000000000000000, 0.000000000000000000, 1.000000000000000000 ) ) ;
#2755 = AXIS2_PLACEMENT_3D ( 'NONE', #3959, #1767, #3175 ) ;
#2756 = EDGE_CURVE ( 'NONE', #152, #564, #1306, .T. ) ;
#2757 = AXIS2_PLACEMENT_3D ( 'NONE', #3256, #3233, #2185 ) ;
#2758 = DIRECTION ( 'NONE',  ( -0.000000000000000000, 1.000000000000000000, -0.000000000000000000 ) ) ;
#2759 = SECURITY_CLASSIFICATION_LEVEL ( 'unclassified' ) ;
#2760 = CARTESIAN_POINT ( 'NONE',  ( 86.49999999999998579, 23.00000000000000000, -24.49999999999999645 ) ) ;
#2761 = VECTOR ( 'NONE', #3228, 1000.000000000000000 ) ;
#2762 = VERTEX_POINT ( 'NONE', #2412 ) ;
#2763 = ORIENTED_EDGE ( 'NONE', *, *, #2564, .T. ) ;
#2764 = ORIENTED_EDGE ( 'NONE', *, *, #1494, .F. ) ;
#2765 = VECTOR ( 'NONE', #454, 1000.000000000000000 ) ;
#2766 = DIRECTION ( 'NONE',  ( -0.000000000000000000, 1.000000000000000000, -0.000000000000000000 ) ) ;
#2767 = VERTEX_POINT ( 'NONE', #341 ) ;
#2768 = LINE ( 'NONE', #404, #466 ) ;
#2769 = LINE ( 'NONE', #4137, #2170 ) ;
#2770 = CARTESIAN_POINT ( 'NONE',  ( 9.550000000000007816, 19.00000000000000000, -38.12499999999998579 ) ) ;
#2771 = VECTOR ( 'NONE', #462, 1000.000000000000000 ) ;
#2772 = LINE ( 'NONE', #3843, #3769 ) ;
#2773 = EDGE_CURVE ( 'NONE', #3683, #150, #1352, .T. ) ;
#2774 = CARTESIAN_POINT ( 'NONE',  ( 31.24999999999998579, 21.50000000000000000, -38.25000000000000000 ) ) ;
#2775 = EDGE_LOOP ( 'NONE', ( #58, #1798, #4377, #2013 ) ) ;
#2776 = CARTESIAN_POINT ( 'NONE',  ( 76.75000000000000000, 21.50000000000000000, -49.50000000000000000 ) ) ;
#2777 = EDGE_CURVE ( 'NONE', #2971, #4079, #1440, .T. ) ;
#2778 = CARTESIAN_POINT ( 'NONE',  ( 34.95000000000001705, 19.00000000000000000, -9.549999999999998934 ) ) ;
#2779 = CARTESIAN_POINT ( 'NONE',  ( 103.0000000000000000, 0.000000000000000000, -108.0000000000000000 ) ) ;
#2780 = ORIENTED_EDGE ( 'NONE', *, *, #4029, .T. ) ;
#2781 = EDGE_LOOP ( 'NONE', ( #190, #2559, #2605, #3526, #989, #395, #2196, #1838 ) ) ;
#2782 = CARTESIAN_POINT ( 'NONE',  ( 21.49999999999998579, 23.00000000000000000, -83.49999999999998579 ) ) ;
#2783 = DIRECTION ( 'NONE',  ( 1.000000000000000000, 0.000000000000000000, 0.000000000000000000 ) ) ;
#2784 = EDGE_LOOP ( 'NONE', ( #555, #2557, #1116, #2336 ) ) ;
#2785 = DIRECTION ( 'NONE',  ( -0.000000000000000000, 1.000000000000000000, -0.000000000000000000 ) ) ;
#2786 = ADVANCED_FACE ( 'NONE', ( #3442 ), #2793, .F. ) ;
#2787 = VERTEX_POINT ( 'NONE', #3755 ) ;
#2788 = CARTESIAN_POINT ( 'NONE',  ( 24.49999999999998224, 23.00000000000000000, -24.49999999999999645 ) ) ;
#2789 = CARTESIAN_POINT ( 'NONE',  ( 31.24999999999998579, 21.50000000000000000, -66.75000000000000000 ) ) ;
#2790 = CC_DESIGN_DATE_AND_TIME_ASSIGNMENT ( #1992, #2034, ( #2385 ) ) ;
#2791 = DIRECTION ( 'NONE',  ( -0.000000000000000000, 1.000000000000000000, -0.000000000000000000 ) ) ;
#2792 = AXIS2_PLACEMENT_3D ( 'NONE', #3084, #983, #4035 ) ;
#2793 = CYLINDRICAL_SURFACE ( 'NONE', #11, 1.824999999999993294 ) ;
#2794 = CARTESIAN_POINT ( 'NONE',  ( 76.74999999999998579, 21.50000000000000000, -39.75000000000000000 ) ) ;
#2795 = CARTESIAN_POINT ( 'NONE',  ( 76.74999999999998579, 23.00000000000000000, -56.25000000000000000 ) ) ;
#2796 = ORIENTED_EDGE ( 'NONE', *, *, #3393, .F. ) ;
#2797 = FACE_OUTER_BOUND ( 'NONE', #416, .T. ) ;
#2798 = AXIS2_PLACEMENT_3D ( 'NONE', #4008, #3689, #912 ) ;
#2799 = ADVANCED_FACE ( 'NONE', ( #2388 ), #1015, .T. ) ;
#2800 = CARTESIAN_POINT ( 'NONE',  ( 31.24999999999998579, 23.00000000000000000, -74.25000000000001421 ) ) ;
#2801 = CARTESIAN_POINT ( 'NONE',  ( 30.00000000000000000, -2.488482295867306383E-17, -33.17499999999999716 ) ) ;
#2802 = VERTEX_POINT ( 'NONE', #62 ) ;
#2803 = EDGE_LOOP ( 'NONE', ( #123, #4098, #1593, #1874 ) ) ;
#2804 = CARTESIAN_POINT ( 'NONE',  ( 31.24999999999998579, 23.00000000000000000, -60.75000000000000000 ) ) ;
#2805 = DIRECTION ( 'NONE',  ( 0.000000000000000000, 0.000000000000000000, 1.000000000000000000 ) ) ;
#2806 = ORIENTED_EDGE ( 'NONE', *, *, #1706, .F. ) ;
#2807 = CARTESIAN_POINT ( 'NONE',  ( 98.45000000000000284, 19.00000000000000000, -31.77500000000000568 ) ) ;
#2808 = EDGE_LOOP ( 'NONE', ( #1578, #3438 ) ) ;
#2809 = DIRECTION ( 'NONE',  ( -0.000000000000000000, 1.000000000000000000, -0.000000000000000000 ) ) ;
#2810 = ORIENTED_EDGE ( 'NONE', *, *, #2079, .F. ) ;
#2811 = EDGE_CURVE ( 'NONE', #1127, #1006, #2772, .T. ) ;
#2812 = LINE ( 'NONE', #149, #4422 ) ;
#2813 = CARTESIAN_POINT ( 'NONE',  ( 89.00000000000002842, 9.500000000000005329, -53.99999999999999289 ) ) ;
#2814 = FACE_OUTER_BOUND ( 'NONE', #1009, .T. ) ;
#2815 = CARTESIAN_POINT ( 'NONE',  ( 31.24999999999998579, 21.50000000000000000, -44.25000000000000000 ) ) ;
#2816 = AXIS2_PLACEMENT_3D ( 'NONE', #3899, #735, #2174 ) ;
#2817 = CARTESIAN_POINT ( 'NONE',  ( 9.550000000000004263, 0.000000000000000000, -69.87500000000000000 ) ) ;
#2818 = VECTOR ( 'NONE', #797, 1000.000000000000000 ) ;
#2819 = CC_DESIGN_APPROVAL ( #3741, ( #2601 ) ) ;
#2820 = VECTOR ( 'NONE', #3254, 1000.000000000000000 ) ;
#2821 = ORIENTED_EDGE ( 'NONE', *, *, #2402, .F. ) ;
#2822 = CARTESIAN_POINT ( 'NONE',  ( 24.49999999999998224, 19.00000000000000000, -86.50000000000000000 ) ) ;
#2823 = CARTESIAN_POINT ( 'NONE',  ( 54.00000000000002842, 9.500000000000000000, -108.0000000000000000 ) ) ;
#2824 = VECTOR ( 'NONE', #2073, 1000.000000000000000 ) ;
#2825 = CARTESIAN_POINT ( 'NONE',  ( 78.00000000000000000, -2.488482295867306383E-17, -78.00000000000000000 ) ) ;
#2826 = AXIS2_PLACEMENT_3D ( 'NONE', #4168, #1199, #2100 ) ;
#2827 = CARTESIAN_POINT ( 'NONE',  ( 73.05000000000001137, 19.00000000000000000, -6.375000000000008882 ) ) ;
#2828 = EDGE_CURVE ( 'NONE', #3269, #4320, #3559, .T. ) ;
#2829 = EDGE_CURVE ( 'NONE', #344, #2014, #699, .T. ) ;
#2830 = ORIENTED_EDGE ( 'NONE', *, *, #42, .T. ) ;
#2831 = CARTESIAN_POINT ( 'NONE',  ( 30.00000000000000000, 21.50000000000000000, -30.00000000000000000 ) ) ;
#2832 = DIRECTION ( 'NONE',  ( 0.000000000000000000, -0.000000000000000000, 1.000000000000000000 ) ) ;
#2833 = ORIENTED_EDGE ( 'NONE', *, *, #3561, .F. ) ;
#2834 = VECTOR ( 'NONE', #694, 1000.000000000000000 ) ;
#2835 = DIRECTION ( 'NONE',  ( -0.000000000000000000, -1.000000000000000000, -0.000000000000000000 ) ) ;
#2836 = AXIS2_PLACEMENT_3D ( 'NONE', #3536, #2144, #2754 ) ;
#2837 = EDGE_CURVE ( 'NONE', #3973, #1729, #3462, .T. ) ;
#2838 = ORIENTED_EDGE ( 'NONE', *, *, #1648, .T. ) ;
#2839 = CARTESIAN_POINT ( 'NONE',  ( 31.24999999999998934, 23.00000000000000000, -58.50000000000000000 ) ) ;
#2840 = LINE ( 'NONE', #1507, #883 ) ;
#2841 = AXIS2_PLACEMENT_3D ( 'NONE', #1415, #2706, #4093 ) ;
#2842 = ORIENTED_EDGE ( 'NONE', *, *, #1399, .F. ) ;
#2843 = CARTESIAN_POINT ( 'NONE',  ( 31.24999999999998934, 21.50000000000000000, -63.75000000000000000 ) ) ;
#2844 = LINE ( 'NONE', #3553, #75 ) ;
#2845 = EDGE_CURVE ( 'NONE', #526, #763, #3818, .T. ) ;
#2846 = AXIS2_PLACEMENT_3D ( 'NONE', #764, #1796, #1099 ) ;
#2847 = CARTESIAN_POINT ( 'NONE',  ( -1.387778780781445676E-14, 9.500000000000005329, -53.99999999999997868 ) ) ;
#2848 = CIRCLE ( 'NONE', #904, 2.250000000000001776 ) ;
#2849 = EDGE_LOOP ( 'NONE', ( #2042, #1516, #2129, #944 ) ) ;
#2850 = CYLINDRICAL_SURFACE ( 'NONE', #3710, 5.000000000000000000 ) ;
#2851 = CARTESIAN_POINT ( 'NONE',  ( 30.00000000000000000, 0.000000000000000000, -26.82500000000000284 ) ) ;
#2852 = EDGE_CURVE ( 'NONE', #3274, #3902, #3120, .T. ) ;
#2853 = AXIS2_PLACEMENT_3D ( 'NONE', #71, #3917, #824 ) ;
#2854 = DIRECTION ( 'NONE',  ( -0.000000000000000000, -0.000000000000000000, -1.000000000000000000 ) ) ;
#2855 = CARTESIAN_POINT ( 'NONE',  ( 78.00000000000000000, 0.000000000000000000, -74.82500000000000284 ) ) ;
#2856 = ORIENTED_EDGE ( 'NONE', *, *, #2495, .T. ) ;
#2857 = DIRECTION ( 'NONE',  ( 0.000000000000000000, -1.000000000000000000, 0.000000000000000000 ) ) ;
#2858 = ADVANCED_FACE ( 'NONE', ( #4140 ), #720, .F. ) ;
#2859 = FACE_BOUND ( 'NONE', #3896, .T. ) ;
#2860 = VERTEX_POINT ( 'NONE', #360 ) ;
#2861 = CARTESIAN_POINT ( 'NONE',  ( 89.00000000000002842, 0.000000000000000000, -98.45000000000000284 ) ) ;
#2862 = ORIENTED_EDGE ( 'NONE', *, *, #1287, .T. ) ;
#2863 = DIRECTION ( 'NONE',  ( -0.000000000000000000, 0.000000000000000000, 1.000000000000000000 ) ) ;
#2864 = EDGE_CURVE ( 'NONE', #3766, #3551, #1733, .T. ) ;
#2865 = CARTESIAN_POINT ( 'NONE',  ( 31.24999999999998579, 21.50000000000000000, -54.75000000000000711 ) ) ;
#2866 = EDGE_LOOP ( 'NONE', ( #176, #2040, #1997, #1049 ) ) ;
#2867 = CARTESIAN_POINT ( 'NONE',  ( 9.550000000000004263, 19.00000000000000000, -69.87500000000000000 ) ) ;
#2868 = CARTESIAN_POINT ( 'NONE',  ( 108.0000000000000284, 9.500000000000005329, -57.94999999999999574 ) ) ;
#2869 = CIRCLE ( 'NONE', #3454, 5.000000000000000000 ) ;
#2870 = VERTEX_POINT ( 'NONE', #4162 ) ;
#2871 = CARTESIAN_POINT ( 'NONE',  ( 5.000000000000000000, 19.00000000000000000, -5.000000000000000000 ) ) ;
#2872 = DIRECTION ( 'NONE',  ( 0.000000000000000000, 0.000000000000000000, -1.000000000000000000 ) ) ;
#2873 = EDGE_CURVE ( 'NONE', #3617, #1005, #3165, .T. ) ;
#2874 = CARTESIAN_POINT ( 'NONE',  ( 76.74999999999998579, 21.50000000000000000, -65.25000000000000000 ) ) ;
#2875 = ORIENTED_EDGE ( 'NONE', *, *, #3584, .T. ) ;
#2876 = CARTESIAN_POINT ( 'NONE',  ( 0.000000000000000000, 19.00000000000000000, -102.9999999999999716 ) ) ;
#2877 = DIRECTION ( 'NONE',  ( 0.000000000000000000, 0.000000000000000000, -1.000000000000000000 ) ) ;
#2878 = ORIENTED_EDGE ( 'NONE', *, *, #2162, .T. ) ;
#2879 = DIRECTION ( 'NONE',  ( 0.000000000000000000, 0.000000000000000000, 1.000000000000000000 ) ) ;
#2880 = CIRCLE ( 'NONE', #4042, 0.7500000000000006661 ) ;
#2881 = EDGE_LOOP ( 'NONE', ( #532, #3607, #200, #3918 ) ) ;
#2882 = DIRECTION ( 'NONE',  ( -0.000000000000000000, -1.000000000000000000, -0.000000000000000000 ) ) ;
#2883 = EDGE_LOOP ( 'NONE', ( #4384, #2574, #1537, #495 ) ) ;
#2884 = DIRECTION ( 'NONE',  ( 0.000000000000000000, 1.000000000000000000, -0.000000000000000000 ) ) ;
#2885 = ORIENTED_EDGE ( 'NONE', *, *, #3076, .T. ) ;
#2886 = LINE ( 'NONE', #838, #746 ) ;
#2887 = ADVANCED_FACE ( 'NONE', ( #2814 ), #2432, .F. ) ;
#2888 = EDGE_CURVE ( 'NONE', #1913, #3068, #2908, .T. ) ;
#2889 = DIRECTION ( 'NONE',  ( -0.000000000000000000, -1.000000000000000000, 0.000000000000000000 ) ) ;
#2890 = VERTEX_POINT ( 'NONE', #41 ) ;
#2891 = FACE_BOUND ( 'NONE', #1059, .T. ) ;
#2892 = AXIS2_PLACEMENT_3D ( 'NONE', #3758, #4378, #4033 ) ;
#2893 = CARTESIAN_POINT ( 'NONE',  ( 19.00000000000000000, -1.331803394072744145E-15, -96.62500000000000000 ) ) ;
#2894 = ORIENTED_EDGE ( 'NONE', *, *, #3012, .F. ) ;
#2895 = CARTESIAN_POINT ( 'NONE',  ( 31.24999999999998579, 21.50000000000000000, -59.25000000000000711 ) ) ;
#2896 = VERTEX_POINT ( 'NONE', #1418 ) ;
#2897 = CIRCLE ( 'NONE', #160, 3.174999999999997158 ) ;
#2898 = EDGE_CURVE ( 'NONE', #2275, #309, #2452, .T. ) ;
#2899 = LINE ( 'NONE', #1925, #3599 ) ;
#2900 = DIRECTION ( 'NONE',  ( 1.000000000000000000, 0.000000000000000000, 0.000000000000000000 ) ) ;
#2901 = ORIENTED_EDGE ( 'NONE', *, *, #708, .T. ) ;
#2902 = CARTESIAN_POINT ( 'NONE',  ( 31.24999999999998579, 23.00000000000000000, -52.50000000000000711 ) ) ;
#2903 = CIRCLE ( 'NONE', #3417, 5.000000000000004441 ) ;
#2904 = VERTEX_POINT ( 'NONE', #2911 ) ;
#2905 = CYLINDRICAL_SURFACE ( 'NONE', #2261, 2.250000000000001776 ) ;
#2906 = ORIENTED_EDGE ( 'NONE', *, *, #3040, .F. ) ;
#2907 = CARTESIAN_POINT ( 'NONE',  ( 31.24999999999998934, 21.50000000000000000, -39.75000000000000000 ) ) ;
#2908 = CIRCLE ( 'NONE', #1540, 2.250000000000001776 ) ;
#2909 = CIRCLE ( 'NONE', #964, 3.174999999999997158 ) ;
#2910 = VERTEX_POINT ( 'NONE', #181 ) ;
#2911 = CARTESIAN_POINT ( 'NONE',  ( 49.78360000000002827, 9.500000000000000000, -96.37999999999999545 ) ) ;
#2912 = ORIENTED_EDGE ( 'NONE', *, *, #2266, .T. ) ;
#2913 = CIRCLE ( 'NONE', #3285, 2.250000000000001776 ) ;
#2914 = FACE_OUTER_BOUND ( 'NONE', #1040, .T. ) ;
#2915 = AXIS2_PLACEMENT_3D ( 'NONE', #4200, #2863, #1818 ) ;
#2916 = CARTESIAN_POINT ( 'NONE',  ( 83.49999999999995737, 23.00000000000000000, -83.49999999999998579 ) ) ;
#2917 = ADVANCED_FACE ( 'NONE', ( #814 ), #1147, .F. ) ;
#2918 = VERTEX_POINT ( 'NONE', #2519 ) ;
#2919 = CARTESIAN_POINT ( 'NONE',  ( 31.24999999999998579, 21.50000000000000000, -56.25000000000000000 ) ) ;
#2920 = AXIS2_PLACEMENT_3D ( 'NONE', #1526, #2882, #446 ) ;
#2921 = DIRECTION ( 'NONE',  ( 0.000000000000000000, 0.000000000000000000, 1.000000000000000000 ) ) ;
#2922 = CIRCLE ( 'NONE', #1550, 2.250000000000001776 ) ;
#2923 = EDGE_CURVE ( 'NONE', #3520, #3765, #168, .T. ) ;
#2924 = VERTEX_POINT ( 'NONE', #1490 ) ;
#2925 = AXIS2_PLACEMENT_3D ( 'NONE', #869, #574, #2575 ) ;
#2926 = DIRECTION ( 'NONE',  ( -0.000000000000000000, 1.000000000000000000, -0.000000000000000000 ) ) ;
#2927 = ORIENTED_EDGE ( 'NONE', *, *, #3644, .T. ) ;
#2928 = DIRECTION ( 'NONE',  ( -0.000000000000000000, -0.000000000000000000, 1.000000000000000000 ) ) ;
#2929 = CYLINDRICAL_SURFACE ( 'NONE', #662, 2.250000000000001776 ) ;
#2930 = ORIENTED_EDGE ( 'NONE', *, *, #3888, .T. ) ;
#2931 = CARTESIAN_POINT ( 'NONE',  ( 103.0000000000000284, 0.000000000000000000, -103.0000000000000000 ) ) ;
#2932 = ORIENTED_EDGE ( 'NONE', *, *, #1262, .T. ) ;
#2933 = CARTESIAN_POINT ( 'NONE',  ( 76.74999999999998579, 23.00000000000000000, -63.75000000000000000 ) ) ;
#2934 = EDGE_LOOP ( 'NONE', ( #1859, #2055 ) ) ;
#2935 = EDGE_CURVE ( 'NONE', #576, #483, #2886, .T. ) ;
#2936 = VERTEX_POINT ( 'NONE', #769 ) ;
#2937 = DIRECTION ( 'NONE',  ( 0.000000000000000000, 0.000000000000000000, -1.000000000000000000 ) ) ;
#2938 = ORIENTED_EDGE ( 'NONE', *, *, #906, .F. ) ;
#2939 = LINE ( 'NONE', #3909, #3174 ) ;
#2940 = CC_DESIGN_PERSON_AND_ORGANIZATION_ASSIGNMENT ( #1358, #2419, ( #2601 ) ) ;
#2941 = CARTESIAN_POINT ( 'NONE',  ( 58.21640000000002857, 9.500000000000000000, -107.0000000000000000 ) ) ;
#2942 = CARTESIAN_POINT ( 'NONE',  ( 34.95000000000001705, 19.00000000000000000, -9.549999999999998934 ) ) ;
#2943 = CARTESIAN_POINT ( 'NONE',  ( 76.74999999999998579, 23.00000000000000000, -43.50000000000000000 ) ) ;
#2944 = UNCERTAINTY_MEASURE_WITH_UNIT (LENGTH_MEASURE( 1.000000000000000082E-05 ), #3634, 'distance_accuracy_value', 'NONE');
#2945 = ORIENTED_EDGE ( 'NONE', *, *, #790, .F. ) ;
#2946 = DIRECTION ( 'NONE',  ( -0.000000000000000000, -1.000000000000000000, -0.000000000000000000 ) ) ;
#2947 = VECTOR ( 'NONE', #1357, 1000.000000000000000 ) ;
#2948 = EDGE_CURVE ( 'NONE', #3860, #2111, #1320, .T. ) ;
#2949 = VERTEX_POINT ( 'NONE', #1560 ) ;
#2950 = LINE ( 'NONE', #3991, #2648 ) ;
#2951 = DIRECTION ( 'NONE',  ( -0.000000000000000000, 0.000000000000000000, 1.000000000000000000 ) ) ;
#2952 = ORIENTED_EDGE ( 'NONE', *, *, #338, .F. ) ;
#2953 = CARTESIAN_POINT ( 'NONE',  ( 0.000000000000000000, 19.00000000000000000, -102.9999999999999716 ) ) ;
#2954 = ORIENTED_EDGE ( 'NONE', *, *, #1330, .T. ) ;
#2955 = ORIENTED_EDGE ( 'NONE', *, *, #4135, .F. ) ;
#2956 = AXIS2_PLACEMENT_3D ( 'NONE', #1782, #4118, #1016 ) ;
#2957 = ORIENTED_EDGE ( 'NONE', *, *, #2888, .T. ) ;
#2958 = CARTESIAN_POINT ( 'NONE',  ( 76.74999999999998579, 23.00000000000000000, -57.75000000000000000 ) ) ;
#2959 = ORIENTED_EDGE ( 'NONE', *, *, #1609, .F. ) ;
#2960 = LINE ( 'NONE', #2658, #1975 ) ;
#2961 = EDGE_CURVE ( 'NONE', #4407, #3617, #1612, .T. ) ;
#2962 = CARTESIAN_POINT ( 'NONE',  ( 31.24999999999998579, 21.50000000000000000, -74.25000000000001421 ) ) ;
#2963 = CARTESIAN_POINT ( 'NONE',  ( 31.24999999999998579, 21.50000000000000000, -62.25000000000000000 ) ) ;
#2964 = DIRECTION ( 'NONE',  ( -0.000000000000000000, -0.000000000000000000, -1.000000000000000000 ) ) ;
#2965 = EDGE_LOOP ( 'NONE', ( #547, #1518 ) ) ;
#2966 = LINE ( 'NONE', #3653, #1334 ) ;
#2967 = ORIENTED_EDGE ( 'NONE', *, *, #999, .T. ) ;
#2968 = FACE_OUTER_BOUND ( 'NONE', #2286, .T. ) ;
#2969 = EDGE_CURVE ( 'NONE', #2341, #450, #1128, .T. ) ;
#2970 = AXIS2_PLACEMENT_3D ( 'NONE', #273, #570, #4076 ) ;
#2971 = VERTEX_POINT ( 'NONE', #111 ) ;
#2972 = CARTESIAN_POINT ( 'NONE',  ( 73.04999999999999716, 19.00000000000000000, -98.45000000000695195 ) ) ;
#2973 = ORIENTED_EDGE ( 'NONE', *, *, #4096, .F. ) ;
#2974 = AXIS2_PLACEMENT_3D ( 'NONE', #2299, #635, #3397 ) ;
#2975 = ORIENTED_EDGE ( 'NONE', *, *, #3169, .F. ) ;
#2976 = EDGE_CURVE ( 'NONE', #2918, #1952, #1465, .T. ) ;
#2977 = ORIENTED_EDGE ( 'NONE', *, *, #2024, .T. ) ;
#2978 = CIRCLE ( 'NONE', #2611, 0.7500000000000006661 ) ;
#2979 = DIRECTION ( 'NONE',  ( -0.000000000000000000, -1.000000000000000000, -0.000000000000000000 ) ) ;
#2980 = EDGE_LOOP ( 'NONE', ( #6, #3595, #783, #2508 ) ) ;
#2981 = CARTESIAN_POINT ( 'NONE',  ( 31.24999999999998579, 21.50000000000000000, -51.75000000000000711 ) ) ;
#2982 = CIRCLE ( 'NONE', #3490, 5.000000000000004441 ) ;
#2983 = DIRECTION ( 'NONE',  ( -1.000000000000000000, 0.000000000000000000, -0.000000000000000000 ) ) ;
#2984 = CARTESIAN_POINT ( 'NONE',  ( 34.95000000000001705, 19.00000000000000000, -12.72499999999998899 ) ) ;
#2985 = CIRCLE ( 'NONE', #823, 2.250000000000001776 ) ;
#2986 = CARTESIAN_POINT ( 'NONE',  ( 73.04999999999999716, 19.00000000000000000, -98.45000000000695195 ) ) ;
#2987 = AXIS2_PLACEMENT_3D ( 'NONE', #929, #3309, #1583 ) ;
#2988 = EDGE_LOOP ( 'NONE', ( #285, #3390, #4409, #2568 ) ) ;
#2989 = FACE_OUTER_BOUND ( 'NONE', #1363, .T. ) ;
#2990 = ADVANCED_FACE ( 'NONE', ( #3868 ), #3531, .F. ) ;
#2991 = CYLINDRICAL_SURFACE ( 'NONE', #1696, 0.7500000000000006661 ) ;
#2992 = VERTEX_POINT ( 'NONE', #85 ) ;
#2993 = DIRECTION ( 'NONE',  ( -1.000000000000000000, -0.000000000000000000, -0.000000000000000000 ) ) ;
#2994 = AXIS2_PLACEMENT_3D ( 'NONE', #3449, #2738, #646 ) ;
#2995 = MECHANICAL_CONTEXT ( 'NONE', #3455, 'mechanical' ) ;
#2996 = ORIENTED_EDGE ( 'NONE', *, *, #852, .T. ) ;
#2997 = PLANE ( 'NONE',  #33 ) ;
#2998 = VERTEX_POINT ( 'NONE', #2843 ) ;
#2999 = EDGE_CURVE ( 'NONE', #1775, #4466, #2181, .T. ) ;
#3000 = ORIENTED_EDGE ( 'NONE', *, *, #598, .T. ) ;
#3001 = ORIENTED_EDGE ( 'NONE', *, *, #3087, .T. ) ;
#3002 = DIRECTION ( 'NONE',  ( -1.000000000000000000, -0.000000000000000000, -0.000000000000000000 ) ) ;
#3003 = ORIENTED_EDGE ( 'NONE', *, *, #3708, .T. ) ;
#3004 = CYLINDRICAL_SURFACE ( 'NONE', #3426, 0.7937499999999888534 ) ;
#3005 = EDGE_CURVE ( 'NONE', #450, #294, #819, .T. ) ;
#3006 = CARTESIAN_POINT ( 'NONE',  ( 31.24999999999998579, 23.00000000000000000, -68.25000000000000000 ) ) ;
#3007 = LINE ( 'NONE', #2963, #1682 ) ;
#3008 = CARTESIAN_POINT ( 'NONE',  ( 98.45000000000000284, 19.00000000000000000, -69.87500000000001421 ) ) ;
#3009 = VERTEX_POINT ( 'NONE', #3932 ) ;
#3010 = DIRECTION ( 'NONE',  ( -0.000000000000000000, -1.000000000000000000, -0.000000000000000000 ) ) ;
#3011 = DIRECTION ( 'NONE',  ( 0.000000000000000000, 0.000000000000000000, -1.000000000000000000 ) ) ;
#3012 = EDGE_CURVE ( 'NONE', #1530, #3244, #3577, .T. ) ;
#3013 = CARTESIAN_POINT ( 'NONE',  ( 76.74999999999998579, 21.50000000000000000, -54.75000000000000711 ) ) ;
#3014 = AXIS2_PLACEMENT_3D ( 'NONE', #4059, #1927, #580 ) ;
#3015 = VECTOR ( 'NONE', #2928, 1000.000000000000000 ) ;
#3016 = APPROVAL_ROLE ( '' ) ;
#3017 = ORIENTED_EDGE ( 'NONE', *, *, #371, .F. ) ;
#3018 = LINE ( 'NONE', #1949, #1114 ) ;
#3019 = ORIENTED_EDGE ( 'NONE', *, *, #338, .T. ) ;
#3020 = VERTEX_POINT ( 'NONE', #859 ) ;
#3021 = ORIENTED_EDGE ( 'NONE', *, *, #3005, .T. ) ;
#3022 = LINE ( 'NONE', #3684, #1030 ) ;
#3023 = ORIENTED_EDGE ( 'NONE', *, *, #3667, .T. ) ;
#3024 = CIRCLE ( 'NONE', #2585, 3.174999999999997158 ) ;
#3025 = DIRECTION ( 'NONE',  ( 0.000000000000000000, 0.000000000000000000, 1.000000000000000000 ) ) ;
#3026 = FACE_OUTER_BOUND ( 'NONE', #2134, .T. ) ;
#3027 = DIRECTION ( 'NONE',  ( 0.000000000000000000, 1.000000000000000000, -0.000000000000000000 ) ) ;
#3028 = ADVANCED_FACE ( 'NONE', ( #3552, #496 ), #2544, .F. ) ;
#3029 = ADVANCED_FACE ( 'NONE', ( #3283 ), #1822, .F. ) ;
#3030 = VECTOR ( 'NONE', #1833, 1000.000000000000000 ) ;
#3031 = DIRECTION ( 'NONE',  ( -0.000000000000000000, 1.000000000000000000, -0.000000000000000000 ) ) ;
#3032 = ORIENTED_EDGE ( 'NONE', *, *, #3827, .T. ) ;
#3033 = LINE ( 'NONE', #2623, #3406 ) ;
#3034 = EDGE_CURVE ( 'NONE', #37, #1686, #131, .T. ) ;
#3035 = FACE_OUTER_BOUND ( 'NONE', #850, .T. ) ;
#3036 = FACE_OUTER_BOUND ( 'NONE', #3471, .T. ) ;
#3037 = PERSON_AND_ORGANIZATION_ROLE ( 'classification_officer' ) ;
#3038 = DIRECTION ( 'NONE',  ( -1.000000000000000000, 0.000000000000000000, -0.000000000000000000 ) ) ;
#3039 = DIRECTION ( 'NONE',  ( 2.352167425053297897E-16, 0.000000000000000000, 1.000000000000000000 ) ) ;
#3040 = EDGE_CURVE ( 'NONE', #1775, #3074, #247, .T. ) ;
#3041 = CIRCLE ( 'NONE', #1447, 2.250000000000001776 ) ;
#3042 = VECTOR ( 'NONE', #3774, 1000.000000000000000 ) ;
#3043 = ORIENTED_EDGE ( 'NONE', *, *, #3930, .T. ) ;
#3044 = PERSON ( 'UNSPECIFIED', 'UNSPECIFIED', 'UNSPECIFIED', ('UNSPECIFIED'), ('UNSPECIFIED'), ('UNSPECIFIED') ) ;
#3045 = ORIENTED_EDGE ( 'NONE', *, *, #2383, .T. ) ;
#3046 = CIRCLE ( 'NONE', #1451, 5.000000000000002665 ) ;
#3047 = ORIENTED_EDGE ( 'NONE', *, *, #2608, .T. ) ;
#3048 = CARTESIAN_POINT ( 'NONE',  ( 54.00000000000002842, 9.500000000000000000, -108.0000000000000000 ) ) ;
#3049 = AXIS2_PLACEMENT_3D ( 'NONE', #3261, #842, #3623 ) ;
#3050 = ORIENTED_EDGE ( 'NONE', *, *, #3561, .T. ) ;
#3051 = LINE ( 'NONE', #2362, #540 ) ;
#3052 = CIRCLE ( 'NONE', #1669, 0.7500000000000006661 ) ;
#3053 = DIRECTION ( 'NONE',  ( -0.000000000000000000, 1.000000000000000000, -0.000000000000000000 ) ) ;
#3054 = DIRECTION ( 'NONE',  ( -0.000000000000000000, 1.000000000000000000, -0.000000000000000000 ) ) ;
#3055 = DIRECTION ( 'NONE',  ( 0.000000000000000000, 0.000000000000000000, 1.000000000000000000 ) ) ;
#3056 = ADVANCED_FACE ( 'NONE', ( #926 ), #4408, .F. ) ;
#3057 = CIRCLE ( 'NONE', #1747, 3.174999999999983391 ) ;
#3058 = VERTEX_POINT ( 'NONE', #2295 ) ;
#3059 = AXIS2_PLACEMENT_3D ( 'NONE', #4257, #90, #2549 ) ;
#3060 = CARTESIAN_POINT ( 'NONE',  ( 24.49999999999998224, 23.00000000000000000, -83.49999999999998579 ) ) ;
#3061 = DIRECTION ( 'NONE',  ( 0.8571673007021012314, 1.049727191138605137E-16, -0.5150380749100725852 ) ) ;
#3062 = EDGE_CURVE ( 'NONE', #265, #1091, #3057, .T. ) ;
#3063 = AXIS2_PLACEMENT_3D ( 'NONE', #3095, #2408, #313 ) ;
#3064 = LINE ( 'NONE', #686, #4031 ) ;
#3065 = FACE_OUTER_BOUND ( 'NONE', #3593, .T. ) ;
#3066 = DIRECTION ( 'NONE',  ( -0.000000000000000000, 1.000000000000000000, -0.000000000000000000 ) ) ;
#3067 = CIRCLE ( 'NONE', #1183, 3.174999999999997158 ) ;
#3068 = VERTEX_POINT ( 'NONE', #2958 ) ;
#3069 = ORIENTED_EDGE ( 'NONE', *, *, #3226, .F. ) ;
#3070 = AXIS2_PLACEMENT_3D ( 'NONE', #174, #1597, #560 ) ;
#3071 = ORIENTED_EDGE ( 'NONE', *, *, #822, .T. ) ;
#3072 = CARTESIAN_POINT ( 'NONE',  ( 31.24999999999998579, 23.00000000000000000, -51.75000000000000711 ) ) ;
#3073 = AXIS2_PLACEMENT_3D ( 'NONE', #1923, #232, #2645 ) ;
#3074 = VERTEX_POINT ( 'NONE', #4001 ) ;
#3075 = LINE ( 'NONE', #992, #4371 ) ;
#3076 = EDGE_CURVE ( 'NONE', #2309, #1811, #963, .T. ) ;
#3077 = CARTESIAN_POINT ( 'NONE',  ( 31.24999999999998579, 21.50000000000000000, -34.50000000000000000 ) ) ;
#3078 = CYLINDRICAL_SURFACE ( 'NONE', #2662, 0.7500000000000006661 ) ;
#3079 = DIRECTION ( 'NONE',  ( 0.000000000000000000, 0.000000000000000000, 1.000000000000000000 ) ) ;
#3080 = CARTESIAN_POINT ( 'NONE',  ( 31.24999999999998579, 23.00000000000000000, -54.75000000000000711 ) ) ;
#3081 = VERTEX_POINT ( 'NONE', #2339 ) ;
#3082 = DIRECTION ( 'NONE',  ( -1.000000000000000000, 0.000000000000000000, -0.000000000000000000 ) ) ;
#3083 = FACE_BOUND ( 'NONE', #1665, .T. ) ;
#3084 = CARTESIAN_POINT ( 'NONE',  ( 76.75000000000000000, 23.00000000000000000, -37.50000000000000000 ) ) ;
#3085 = DATE_AND_TIME ( #3403, #5 ) ;
#3086 = CARTESIAN_POINT ( 'NONE',  ( 103.0000000000000000, 19.00000000000000000, -108.0000000000000000 ) ) ;
#3087 = EDGE_CURVE ( 'NONE', #2175, #3833, #2982, .T. ) ;
#3088 = CARTESIAN_POINT ( 'NONE',  ( 78.00000000000000000, 23.00000000000000000, -78.75000000000000000 ) ) ;
#3089 = EDGE_CURVE ( 'NONE', #3928, #1313, #2395, .T. ) ;
#3090 = ORIENTED_EDGE ( 'NONE', *, *, #1761, .F. ) ;
#3091 = VERTEX_POINT ( 'NONE', #220 ) ;
#3092 = ORIENTED_EDGE ( 'NONE', *, *, #350, .T. ) ;
#3093 = DIRECTION ( 'NONE',  ( 0.000000000000000000, 0.000000000000000000, 1.000000000000000000 ) ) ;
#3094 = ORIENTED_EDGE ( 'NONE', *, *, #2652, .T. ) ;
#3095 = CARTESIAN_POINT ( 'NONE',  ( 34.95000000000001705, 0.000000000000000000, -9.549999999999998934 ) ) ;
#3096 = CARTESIAN_POINT ( 'NONE',  ( 89.00000000000002842, 9.500000000000005329, -53.99999999999999289 ) ) ;
#3097 = DIRECTION ( 'NONE',  ( 1.000000000000000000, 0.000000000000000000, 0.000000000000000000 ) ) ;
#3098 = CARTESIAN_POINT ( 'NONE',  ( 31.24999999999998579, 23.00000000000000000, -64.50000000000000000 ) ) ;
#3099 = EDGE_CURVE ( 'NONE', #564, #2123, #2587, .T. ) ;
#3100 = FACE_OUTER_BOUND ( 'NONE', #1513, .T. ) ;
#3101 = CIRCLE ( 'NONE', #711, 3.174999999999997158 ) ;
#3102 = ORIENTED_EDGE ( 'NONE', *, *, #2609, .F. ) ;
#3103 = LINE ( 'NONE', #702, #525 ) ;
#3104 = CIRCLE ( 'NONE', #357, 4.216400000000001924 ) ;
#3105 = CARTESIAN_POINT ( 'NONE',  ( 5.000000000000035527, 19.00000000000000000, 0.000000000000000000 ) ) ;
#3106 = COORDINATED_UNIVERSAL_TIME_OFFSET ( 1, 0, .AHEAD. ) ;
#3107 = DIRECTION ( 'NONE',  ( -0.000000000000000000, -1.000000000000000000, -0.000000000000000000 ) ) ;
#3108 = ORIENTED_EDGE ( 'NONE', *, *, #3034, .F. ) ;
#3109 = ORIENTED_EDGE ( 'NONE', *, *, #4454, .F. ) ;
#3110 = EDGE_CURVE ( 'NONE', #3662, #2703, #458, .T. ) ;
#3111 = AXIS2_PLACEMENT_3D ( 'NONE', #3246, #803, #1456 ) ;
#3112 = ORIENTED_EDGE ( 'NONE', *, *, #3781, .F. ) ;
#3113 = CARTESIAN_POINT ( 'NONE',  ( 76.74999999999998579, 23.00000000000000000, -33.75000000000000000 ) ) ;
#3114 = ORIENTED_EDGE ( 'NONE', *, *, #14, .F. ) ;
#3115 = DIRECTION ( 'NONE',  ( -0.000000000000000000, -1.000000000000000000, -0.000000000000000000 ) ) ;
#3116 =( GEOMETRIC_REPRESENTATION_CONTEXT ( 3 ) GLOBAL_UNCERTAINTY_ASSIGNED_CONTEXT ( ( #2944 ) ) GLOBAL_UNIT_ASSIGNED_CONTEXT ( ( #3634, #4017, #3342 ) ) REPRESENTATION_CONTEXT ( 'NONE', 'WORKASPACE' ) );
#3117 = EDGE_CURVE ( 'NONE', #3170, #1434, #2276, .T. ) ;
#3118 = DIRECTION ( 'NONE',  ( 1.000000000000000000, 0.000000000000000000, 0.000000000000000000 ) ) ;
#3119 = LINE ( 'NONE', #18, #1449 ) ;
#3120 = LINE ( 'NONE', #1779, #1168 ) ;
#3121 = CIRCLE ( 'NONE', #1672, 0.7500000000000006661 ) ;
#3122 = DIRECTION ( 'NONE',  ( -0.000000000000000000, 1.000000000000000000, -0.000000000000000000 ) ) ;
#3123 = VECTOR ( 'NONE', #2749, 1000.000000000000000 ) ;
#3124 = ORIENTED_EDGE ( 'NONE', *, *, #3076, .F. ) ;
#3125 = DIRECTION ( 'NONE',  ( 0.000000000000000000, 0.000000000000000000, 1.000000000000000000 ) ) ;
#3126 = AXIS2_PLACEMENT_3D ( 'NONE', #2941, #976, #1893 ) ;
#3127 = VECTOR ( 'NONE', #1509, 1000.000000000000000 ) ;
#3128 = DIRECTION ( 'NONE',  ( -1.000000000000000000, 0.000000000000000000, 0.000000000000000000 ) ) ;
#3129 = VECTOR ( 'NONE', #67, 1000.000000000000000 ) ;
#3130 = ADVANCED_FACE ( 'NONE', ( #1933 ), #1644, .F. ) ;
#3131 = DIRECTION ( 'NONE',  ( -0.000000000000000000, -1.000000000000000000, -0.000000000000000000 ) ) ;
#3132 = AXIS2_PLACEMENT_3D ( 'NONE', #4091, #3748, #650 ) ;
#3133 = ORIENTED_EDGE ( 'NONE', *, *, #3239, .F. ) ;
#3134 = AXIS2_PLACEMENT_3D ( 'NONE', #613, #4046, #2297 ) ;
#3135 = ORIENTED_EDGE ( 'NONE', *, *, #3252, .F. ) ;
#3136 = DIRECTION ( 'NONE',  ( -1.000000000000000000, 0.000000000000000000, 0.000000000000000000 ) ) ;
#3137 = EDGE_LOOP ( 'NONE', ( #3001, #1976, #812, #1412 ) ) ;
#3138 = AXIS2_PLACEMENT_3D ( 'NONE', #2847, #4236, #4254 ) ;
#3139 = CYLINDRICAL_SURFACE ( 'NONE', #1467, 3.174999999999990496 ) ;
#3140 = ORIENTED_EDGE ( 'NONE', *, *, #2363, .F. ) ;
#3141 = EDGE_CURVE ( 'NONE', #3074, #1260, #1175, .T. ) ;
#3142 = CARTESIAN_POINT ( 'NONE',  ( 89.00000000000002842, 9.500000000000005329, -53.99999999999999289 ) ) ;
#3143 = CARTESIAN_POINT ( 'NONE',  ( 31.24999999999998579, 21.50000000000000000, -66.75000000000000000 ) ) ;
#3144 = CARTESIAN_POINT ( 'NONE',  ( 76.74999999999998579, 21.50000000000000000, -50.25000000000000000 ) ) ;
#3145 = AXIS2_PLACEMENT_3D ( 'NONE', #2376, #3107, #1704 ) ;
#3146 = DIRECTION ( 'NONE',  ( 0.000000000000000000, 0.000000000000000000, -1.000000000000000000 ) ) ;
#3147 = EDGE_CURVE ( 'NONE', #564, #3009, #4069, .T. ) ;
#3148 = CARTESIAN_POINT ( 'NONE',  ( 31.24999999999998579, 23.00000000000000000, -69.75000000000000000 ) ) ;
#3149 = ORIENTED_EDGE ( 'NONE', *, *, #4108, .F. ) ;
#3150 = CARTESIAN_POINT ( 'NONE',  ( 73.05000000000001137, 0.000000000000000000, -9.549999999999998934 ) ) ;
#3151 = LINE ( 'NONE', #1740, #3350 ) ;
#3152 = LINE ( 'NONE', #2874, #110 ) ;
#3153 = VERTEX_POINT ( 'NONE', #4023 ) ;
#3154 = ADVANCED_FACE ( 'NONE', ( #1258 ), #1666, .F. ) ;
#3155 = EDGE_LOOP ( 'NONE', ( #2132, #625, #2732, #2629 ) ) ;
#3156 = LINE ( 'NONE', #440, #3823 ) ;
#3157 = CARTESIAN_POINT ( 'NONE',  ( 31.24999999999998579, 21.50000000000000000, -38.25000000000000000 ) ) ;
#3158 = ORIENTED_EDGE ( 'NONE', *, *, #2501, .F. ) ;
#3159 = CARTESIAN_POINT ( 'NONE',  ( 53.20625000000003979, 9.500000000000000000, -63.00000000000000000 ) ) ;
#3160 = EDGE_LOOP ( 'NONE', ( #4456, #1817 ) ) ;
#3161 = CARTESIAN_POINT ( 'NONE',  ( 78.00000000000000000, 8.890000000000000568, -74.82500000000000284 ) ) ;
#3162 = DIRECTION ( 'NONE',  ( 0.000000000000000000, 1.000000000000000000, 0.000000000000000000 ) ) ;
#3163 = DIRECTION ( 'NONE',  ( 1.000000000000000000, 0.000000000000000000, 0.000000000000000000 ) ) ;
#3164 = VECTOR ( 'NONE', #2993, 1000.000000000000000 ) ;
#3165 = LINE ( 'NONE', #407, #2249 ) ;
#3166 = FACE_BOUND ( 'NONE', #3205, .T. ) ;
#3167 = DIRECTION ( 'NONE',  ( 0.000000000000000000, 0.000000000000000000, 1.000000000000000000 ) ) ;
#3168 = EDGE_CURVE ( 'NONE', #941, #3745, #3022, .T. ) ;
#3169 = EDGE_CURVE ( 'NONE', #4032, #221, #4214, .T. ) ;
#3170 = VERTEX_POINT ( 'NONE', #3663 ) ;
#3171 = LINE ( 'NONE', #2822, #2542 ) ;
#3172 = DIRECTION ( 'NONE',  ( -1.000000000000000000, -0.000000000000000000, -0.000000000000000000 ) ) ;
#3173 = PRODUCT ( 'block_currentCollector_flowField_v03.2.1_20210525_STEP-AP203', 'block_currentCollector_flowField_v03.2.1_20210525_STEP-AP203', '', ( #2995 ) ) ;
#3174 = VECTOR ( 'NONE', #156, 1000.000000000000000 ) ;
#3175 = DIRECTION ( 'NONE',  ( 0.000000000000000000, 0.000000000000000000, -1.000000000000000000 ) ) ;
#3176 = EDGE_CURVE ( 'NONE', #309, #4453, #1248, .T. ) ;
#3177 = DIRECTION ( 'NONE',  ( -0.000000000000000000, 1.000000000000000000, -0.000000000000000000 ) ) ;
#3178 = EDGE_LOOP ( 'NONE', ( #2957, #3112, #2973, #4307 ) ) ;
#3179 = CARTESIAN_POINT ( 'NONE',  ( 31.24999999999998579, 21.50000000000000000, -74.25000000000000000 ) ) ;
#3180 = CARTESIAN_POINT ( 'NONE',  ( 5.000000000000000000, 19.00000000000000000, -5.000000000000000000 ) ) ;
#3181 = ADVANCED_FACE ( 'NONE', ( #3373 ), #3778, .F. ) ;
#3182 = VERTEX_POINT ( 'NONE', #713 ) ;
#3183 = CYLINDRICAL_SURFACE ( 'NONE', #1969, 3.950000000000001954 ) ;
#3184 = ORIENTED_EDGE ( 'NONE', *, *, #409, .T. ) ;
#3185 = CARTESIAN_POINT ( 'NONE',  ( 76.74999999999998579, 21.50000000000000000, -73.50000000000001421 ) ) ;
#3186 = CIRCLE ( 'NONE', #3983, 0.7500000000000006661 ) ;
#3187 = CARTESIAN_POINT ( 'NONE',  ( 31.24999999999998579, 23.00000000000000000, -34.50000000000000000 ) ) ;
#3188 = EDGE_CURVE ( 'NONE', #3182, #2443, #240, .T. ) ;
#3189 = ORIENTED_EDGE ( 'NONE', *, *, #4050, .T. ) ;
#3190 = DIRECTION ( 'NONE',  ( -0.000000000000000000, 0.000000000000000000, 1.000000000000000000 ) ) ;
#3191 = CARTESIAN_POINT ( 'NONE',  ( 76.74999999999998579, 21.50000000000000000, -55.50000000000000000 ) ) ;
#3192 = CYLINDRICAL_SURFACE ( 'NONE', #3138, 3.174999999999997158 ) ;
#3193 = VECTOR ( 'NONE', #4414, 1000.000000000000000 ) ;
#3194 = ORIENTED_EDGE ( 'NONE', *, *, #3546, .F. ) ;
#3195 = DIRECTION ( 'NONE',  ( 0.000000000000000000, 0.000000000000000000, 1.000000000000000000 ) ) ;
#3196 = DIRECTION ( 'NONE',  ( -1.000000000000000000, 0.000000000000000000, 0.000000000000000000 ) ) ;
#3197 = AXIS2_PLACEMENT_3D ( 'NONE', #4048, #3027, #4413 ) ;
#3198 = CARTESIAN_POINT ( 'NONE',  ( 31.24999999999998579, 21.50000000000000000, -75.75000000000000000 ) ) ;
#3199 = ADVANCED_FACE ( 'NONE', ( #3791 ), #2109, .F. ) ;
#3200 = AXIS2_PLACEMENT_3D ( 'NONE', #2778, #2758, #862 ) ;
#3201 = DIRECTION ( 'NONE',  ( -0.000000000000000000, -0.000000000000000000, -1.000000000000000000 ) ) ;
#3202 = ORIENTED_EDGE ( 'NONE', *, *, #4164, .F. ) ;
#3203 = CARTESIAN_POINT ( 'NONE',  ( 31.24999999999998579, 23.00000000000000000, -71.25000000000001421 ) ) ;
#3204 = FACE_OUTER_BOUND ( 'NONE', #3604, .T. ) ;
#3205 = EDGE_LOOP ( 'NONE', ( #1987, #113 ) ) ;
#3206 = AXIS2_PLACEMENT_3D ( 'NONE', #903, #2635, #1627 ) ;
#3207 = DIRECTION ( 'NONE',  ( 0.000000000000000000, 0.000000000000000000, -1.000000000000000000 ) ) ;
#3208 = EDGE_LOOP ( 'NONE', ( #1982, #1742, #4417, #166 ) ) ;
#3209 = FACE_OUTER_BOUND ( 'NONE', #2988, .T. ) ;
#3210 = DIRECTION ( 'NONE',  ( 0.000000000000000000, 0.000000000000000000, 1.000000000000000000 ) ) ;
#3211 = CIRCLE ( 'NONE', #2116, 0.7500000000000006661 ) ;
#3212 = VERTEX_POINT ( 'NONE', #3835 ) ;
#3213 = DIRECTION ( 'NONE',  ( -0.000000000000000000, 0.000000000000000000, 1.000000000000000000 ) ) ;
#3214 = DIRECTION ( 'NONE',  ( -0.000000000000000000, -1.000000000000000000, -0.000000000000000000 ) ) ;
#3215 = EDGE_CURVE ( 'NONE', #1327, #2533, #990, .T. ) ;
#3216 = CIRCLE ( 'NONE', #1829, 5.143372999999999529 ) ;
#3217 = ORIENTED_EDGE ( 'NONE', *, *, #1861, .T. ) ;
#3218 = DIRECTION ( 'NONE',  ( -0.000000000000000000, 1.000000000000000000, -0.000000000000000000 ) ) ;
#3219 = AXIS2_PLACEMENT_3D ( 'NONE', #139, #4217, #4284 ) ;
#3220 = CARTESIAN_POINT ( 'NONE',  ( 24.49999999999998224, 23.00000000000000000, -24.49999999999999645 ) ) ;
#3221 = CARTESIAN_POINT ( 'NONE',  ( 76.75000000000000000, 21.50000000000000000, -73.50000000000001421 ) ) ;
#3222 = ORIENTED_EDGE ( 'NONE', *, *, #1286, .T. ) ;
#3223 = DIRECTION ( 'NONE',  ( -1.000000000000000000, -0.000000000000000000, -0.000000000000000000 ) ) ;
#3224 = DIRECTION ( 'NONE',  ( -0.000000000000000000, -1.000000000000000000, 0.000000000000000000 ) ) ;
#3225 = ADVANCED_FACE ( 'NONE', ( #3768 ), #3139, .F. ) ;
#3226 = EDGE_CURVE ( 'NONE', #1409, #1436, #2617, .T. ) ;
#3227 = ORIENTED_EDGE ( 'NONE', *, *, #4278, .F. ) ;
#3228 = DIRECTION ( 'NONE',  ( -0.000000000000000000, 1.000000000000000000, -0.000000000000000000 ) ) ;
#3229 = VERTEX_POINT ( 'NONE', #335 ) ;
#3230 = FACE_OUTER_BOUND ( 'NONE', #3585, .T. ) ;
#3231 = DIRECTION ( 'NONE',  ( 0.000000000000000000, 1.000000000000000000, 0.000000000000000000 ) ) ;
#3232 = VERTEX_POINT ( 'NONE', #2086 ) ;
#3233 = DIRECTION ( 'NONE',  ( -0.000000000000000000, 1.000000000000000000, -0.000000000000000000 ) ) ;
#3234 = DIRECTION ( 'NONE',  ( -0.000000000000000000, -1.000000000000000000, -0.000000000000000000 ) ) ;
#3235 = CIRCLE ( 'NONE', #1280, 2.250000000000001776 ) ;
#3236 = AXIS2_PLACEMENT_3D ( 'NONE', #234, #4288, #848 ) ;
#3237 = VERTEX_POINT ( 'NONE', #1389 ) ;
#3238 = DIRECTION ( 'NONE',  ( -0.000000000000000000, -1.000000000000000000, -0.000000000000000000 ) ) ;
#3239 = EDGE_CURVE ( 'NONE', #1773, #3432, #2742, .T. ) ;
#3240 = CARTESIAN_POINT ( 'NONE',  ( 73.05000000000001137, 0.000000000000000000, -6.375000000000001776 ) ) ;
#3241 = VERTEX_POINT ( 'NONE', #2723 ) ;
#3242 = DIRECTION ( 'NONE',  ( -0.000000000000000000, 1.000000000000000000, -0.000000000000000000 ) ) ;
#3243 = AXIS2_PLACEMENT_3D ( 'NONE', #815, #2187, #2569 ) ;
#3244 = VERTEX_POINT ( 'NONE', #1031 ) ;
#3245 = DIRECTION ( 'NONE',  ( -0.000000000000000000, 1.000000000000000000, -0.000000000000000000 ) ) ;
#3246 = CARTESIAN_POINT ( 'NONE',  ( 54.00000000000002842, 9.500000000000000000, -107.0000000000000000 ) ) ;
#3247 = VERTEX_POINT ( 'NONE', #2426 ) ;
#3248 = DIRECTION ( 'NONE',  ( -0.000000000000000000, 1.000000000000000000, -0.000000000000000000 ) ) ;
#3249 = VECTOR ( 'NONE', #3808, 1000.000000000000000 ) ;
#3250 = ORIENTED_EDGE ( 'NONE', *, *, #2114, .T. ) ;
#3251 = DIRECTION ( 'NONE',  ( -0.000000000000000000, -1.000000000000000000, -0.000000000000000000 ) ) ;
#3252 = EDGE_CURVE ( 'NONE', #3500, #1346, #3457, .T. ) ;
#3253 = VERTEX_POINT ( 'NONE', #36 ) ;
#3254 = DIRECTION ( 'NONE',  ( -1.000000000000000000, -0.000000000000000000, -0.000000000000000000 ) ) ;
#3255 = ORIENTED_EDGE ( 'NONE', *, *, #3681, .T. ) ;
#3256 = CARTESIAN_POINT ( 'NONE',  ( 34.95000000000000284, 19.00000000000000000, -98.45000000000695195 ) ) ;
#3257 = CARTESIAN_POINT ( 'NONE',  ( 76.74999999999998579, 23.00000000000000000, -41.24999999999999289 ) ) ;
#3258 = EDGE_CURVE ( 'NONE', #3871, #1857, #2985, .T. ) ;
#3259 = DIRECTION ( 'NONE',  ( 0.000000000000000000, 0.000000000000000000, 1.000000000000000000 ) ) ;
#3260 = EDGE_LOOP ( 'NONE', ( #2361, #363, #3392, #1443 ) ) ;
#3261 = CARTESIAN_POINT ( 'NONE',  ( 0.000000000000000000, 19.00000000000000000, -102.9999999999999716 ) ) ;
#3262 = VECTOR ( 'NONE', #2160, 1000.000000000000000 ) ;
#3263 = AXIS2_PLACEMENT_3D ( 'NONE', #2813, #4482, #743 ) ;
#3264 = DIRECTION ( 'NONE',  ( -0.000000000000000000, -1.000000000000000000, -0.000000000000000000 ) ) ;
#3265 = VECTOR ( 'NONE', #1529, 1000.000000000000000 ) ;
#3266 = ORIENTED_EDGE ( 'NONE', *, *, #4114, .T. ) ;
#3267 = AXIS2_PLACEMENT_3D ( 'NONE', #3892, #796, #187 ) ;
#3268 = DIRECTION ( 'NONE',  ( -0.000000000000000000, -1.000000000000000000, -0.000000000000000000 ) ) ;
#3269 = VERTEX_POINT ( 'NONE', #4477 ) ;
#3270 = CIRCLE ( 'NONE', #1312, 0.7500000000000006661 ) ;
#3271 = EDGE_CURVE ( 'NONE', #150, #2924, #608, .T. ) ;
#3272 = CARTESIAN_POINT ( 'NONE',  ( 76.74999999999998579, 21.50000000000000000, -56.25000000000000000 ) ) ;
#3273 = DATE_AND_TIME ( #1878, #951 ) ;
#3274 = VERTEX_POINT ( 'NONE', #374 ) ;
#3275 = DIRECTION ( 'NONE',  ( 0.000000000000000000, 0.000000000000000000, -1.000000000000000000 ) ) ;
#3276 = AXIS2_PLACEMENT_3D ( 'NONE', #840, #4215, #3851 ) ;
#3277 = ORIENTED_EDGE ( 'NONE', *, *, #104, .T. ) ;
#3278 = LINE ( 'NONE', #177, #2047 ) ;
#3279 = EDGE_LOOP ( 'NONE', ( #2862, #1376, #1601, #3675 ) ) ;
#3280 = AXIS2_PLACEMENT_3D ( 'NONE', #3048, #1214, #10 ) ;
#3281 = AXIS2_PLACEMENT_3D ( 'NONE', #3894, #2167, #3560 ) ;
#3282 = ORIENTED_EDGE ( 'NONE', *, *, #3940, .T. ) ;
#3283 = FACE_OUTER_BOUND ( 'NONE', #2881, .T. ) ;
#3284 = VERTEX_POINT ( 'NONE', #3113 ) ;
#3285 = AXIS2_PLACEMENT_3D ( 'NONE', #2902, #124, #2879 ) ;
#3286 = CARTESIAN_POINT ( 'NONE',  ( 54.00000000000002842, 9.500000000000000000, -63.00000000000000000 ) ) ;
#3287 = AXIS2_PLACEMENT_3D ( 'NONE', #2428, #356, #1328 ) ;
#3288 = DIRECTION ( 'NONE',  ( 0.000000000000000000, 0.000000000000000000, 1.000000000000000000 ) ) ;
#3289 = ORIENTED_EDGE ( 'NONE', *, *, #906, .T. ) ;
#3290 = ADVANCED_FACE ( 'NONE', ( #1748 ), #2043, .T. ) ;
#3291 = CARTESIAN_POINT ( 'NONE',  ( 34.95000000000001705, 19.00000000000000000, -6.375000000000008882 ) ) ;
#3292 = AXIS2_PLACEMENT_3D ( 'NONE', #3220, #843, #3293 ) ;
#3293 = DIRECTION ( 'NONE',  ( 0.000000000000000000, 0.000000000000000000, -1.000000000000000000 ) ) ;
#3294 = AXIS2_PLACEMENT_3D ( 'NONE', #2972, #2604, #239 ) ;
#3295 = ORIENTED_EDGE ( 'NONE', *, *, #3858, .F. ) ;
#3296 = AXIS2_PLACEMENT_3D ( 'NONE', #3363, #2946, #3011 ) ;
#3297 = DIRECTION ( 'NONE',  ( -0.000000000000000000, -1.000000000000000000, -0.000000000000000000 ) ) ;
#3298 = ORIENTED_EDGE ( 'NONE', *, *, #264, .F. ) ;
#3299 = CARTESIAN_POINT ( 'NONE',  ( 30.00000000000000000, 23.00000000000000000, -30.75000000000000000 ) ) ;
#3300 = DIRECTION ( 'NONE',  ( -0.000000000000000000, 1.000000000000000000, -0.000000000000000000 ) ) ;
#3301 = ORIENTED_EDGE ( 'NONE', *, *, #2637, .T. ) ;
#3302 = CARTESIAN_POINT ( 'NONE',  ( 54.00000000000002842, 9.500000000000000000, -108.0000000000000000 ) ) ;
#3303 = EDGE_CURVE ( 'NONE', #118, #37, #1071, .T. ) ;
#3304 = ORIENTED_EDGE ( 'NONE', *, *, #1262, .F. ) ;
#3305 = VERTEX_POINT ( 'NONE', #1347 ) ;
#3306 = VERTEX_POINT ( 'NONE', #1774 ) ;
#3307 = CARTESIAN_POINT ( 'NONE',  ( 73.04999999999999716, 19.00000000000000000, -98.45000000000695195 ) ) ;
#3308 = EDGE_LOOP ( 'NONE', ( #2210, #4170, #4237, #3407 ) ) ;
#3309 = DIRECTION ( 'NONE',  ( -0.000000000000000000, -1.000000000000000000, -0.000000000000000000 ) ) ;
#3310 = CARTESIAN_POINT ( 'NONE',  ( 31.24999999999998579, 23.00000000000000000, -36.75000000000000711 ) ) ;
#3311 = LINE ( 'NONE', #272, #3914 ) ;
#3312 = DIRECTION ( 'NONE',  ( -0.000000000000000000, -1.000000000000000000, -0.000000000000000000 ) ) ;
#3313 = EDGE_CURVE ( 'NONE', #4191, #2971, #4145, .T. ) ;
#3314 = ORIENTED_EDGE ( 'NONE', *, *, #3422, .T. ) ;
#3315 = CARTESIAN_POINT ( 'NONE',  ( 24.49999999999998224, 23.00000000000000000, -21.50000000000000000 ) ) ;
#3316 = ORIENTED_EDGE ( 'NONE', *, *, #2332, .T. ) ;
#3317 = ADVANCED_FACE ( 'NONE', ( #2381 ), #2704, .F. ) ;
#3318 = FACE_OUTER_BOUND ( 'NONE', #1710, .T. ) ;
#3319 = PLANE ( 'NONE',  #804 ) ;
#3320 = DIRECTION ( 'NONE',  ( 0.000000000000000000, 1.000000000000000000, 0.000000000000000000 ) ) ;
#3321 = DIRECTION ( 'NONE',  ( -0.000000000000000000, 1.000000000000000000, -0.000000000000000000 ) ) ;
#3322 = ORIENTED_EDGE ( 'NONE', *, *, #417, .F. ) ;
#3323 = EDGE_LOOP ( 'NONE', ( #1855, #2491, #1504, #4474 ) ) ;
#3324 = AXIS2_PLACEMENT_3D ( 'NONE', #183, #2207, #1468 ) ;
#3325 = ADVANCED_FACE ( 'NONE', ( #2017 ), #3412, .F. ) ;
#3326 = ORIENTED_EDGE ( 'NONE', *, *, #1148, .F. ) ;
#3327 = DIRECTION ( 'NONE',  ( -0.000000000000000000, 1.000000000000000000, -0.000000000000000000 ) ) ;
#3328 = ORIENTED_EDGE ( 'NONE', *, *, #1652, .F. ) ;
#3329 = FACE_OUTER_BOUND ( 'NONE', #2883, .T. ) ;
#3330 = EDGE_CURVE ( 'NONE', #215, #192, #3494, .T. ) ;
#3331 = CARTESIAN_POINT ( 'NONE',  ( 76.74999999999998579, 21.50000000000000000, -38.25000000000000000 ) ) ;
#3332 = DIRECTION ( 'NONE',  ( -1.000000000000000000, 0.000000000000000000, 0.000000000000000000 ) ) ;
#3333 = CARTESIAN_POINT ( 'NONE',  ( 31.24999999999998579, 21.50000000000000000, -63.75000000000000000 ) ) ;
#3334 = VECTOR ( 'NONE', #4397, 1000.000000000000000 ) ;
#3335 = ORIENTED_EDGE ( 'NONE', *, *, #1012, .T. ) ;
#3336 = LINE ( 'NONE', #230, #2241 ) ;
#3337 = LINE ( 'NONE', #4013, #3652 ) ;
#3338 = EDGE_CURVE ( 'NONE', #3765, #3520, #3924, .T. ) ;
#3339 = ORIENTED_EDGE ( 'NONE', *, *, #2935, .T. ) ;
#3340 = APPROVAL_PERSON_ORGANIZATION ( #4103, #3741, #1679 ) ;
#3341 = CARTESIAN_POINT ( 'NONE',  ( 54.00000000000002842, 9.500000000000000000, -63.00000000000000000 ) ) ;
#3342 =( NAMED_UNIT ( * ) SI_UNIT ( $, .STERADIAN. ) SOLID_ANGLE_UNIT ( ) );
#3343 = DIRECTION ( 'NONE',  ( -1.000000000000000000, -0.000000000000000000, -0.000000000000000000 ) ) ;
#3344 = ADVANCED_FACE ( 'NONE', ( #1485 ), #2186, .F. ) ;
#3345 = CARTESIAN_POINT ( 'NONE',  ( 76.74999999999998579, 21.50000000000000000, -32.25000000000000000 ) ) ;
#3346 = ORIENTED_EDGE ( 'NONE', *, *, #1074, .F. ) ;
#3347 = AXIS2_PLACEMENT_3D ( 'NONE', #950, #2683, #4438 ) ;
#3348 = ORIENTED_EDGE ( 'NONE', *, *, #2637, .F. ) ;
#3349 = ORIENTED_EDGE ( 'NONE', *, *, #1011, .F. ) ;
#3350 = VECTOR ( 'NONE', #1536, 1000.000000000000000 ) ;
#3351 = DIRECTION ( 'NONE',  ( -1.000000000000000000, 0.000000000000000000, -0.000000000000000000 ) ) ;
#3352 = ORIENTED_EDGE ( 'NONE', *, *, #1674, .F. ) ;
#3353 = CARTESIAN_POINT ( 'NONE',  ( 73.05000000000001137, 19.00000000000000000, -12.72499999999998899 ) ) ;
#3354 = VECTOR ( 'NONE', #2159, 1000.000000000000000 ) ;
#3355 = AXIS2_PLACEMENT_3D ( 'NONE', #1041, #26, #2417 ) ;
#3356 = DIRECTION ( 'NONE',  ( -0.000000000000000000, -1.000000000000000000, -0.000000000000000000 ) ) ;
#3357 = CARTESIAN_POINT ( 'NONE',  ( 9.550000000000007816, 0.000000000000000000, -34.94999999999999574 ) ) ;
#3358 = ADVANCED_FACE ( 'NONE', ( #3570 ), #784, .T. ) ;
#3359 = DIRECTION ( 'NONE',  ( 0.000000000000000000, 0.000000000000000000, 1.000000000000000000 ) ) ;
#3360 = VECTOR ( 'NONE', #2614, 1000.000000000000000 ) ;
#3361 = ORIENTED_EDGE ( 'NONE', *, *, #3538, .T. ) ;
#3362 = CARTESIAN_POINT ( 'NONE',  ( 31.24999999999998579, 21.50000000000000000, -70.50000000000000000 ) ) ;
#3363 = CARTESIAN_POINT ( 'NONE',  ( 19.00000000000000000, 0.000000000000000000, -98.45000000000000284 ) ) ;
#3364 = CARTESIAN_POINT ( 'NONE',  ( 31.24999999999998579, 23.00000000000000000, -54.75000000000000711 ) ) ;
#3365 = VECTOR ( 'NONE', #539, 1000.000000000000000 ) ;
#3366 = ORIENTED_EDGE ( 'NONE', *, *, #1037, .T. ) ;
#3367 = CARTESIAN_POINT ( 'NONE',  ( 108.0000000000000284, 0.000000000000000000, -5.000000000000035527 ) ) ;
#3368 = ORIENTED_EDGE ( 'NONE', *, *, #3694, .F. ) ;
#3369 = ORIENTED_EDGE ( 'NONE', *, *, #167, .F. ) ;
#3370 = CC_DESIGN_PERSON_AND_ORGANIZATION_ASSIGNMENT ( #1618, #2308, ( #3173 ) ) ;
#3371 = ADVANCED_FACE ( 'NONE', ( #1458 ), #3183, .F. ) ;
#3372 = ORIENTED_EDGE ( 'NONE', *, *, #1579, .F. ) ;
#3373 = FACE_OUTER_BOUND ( 'NONE', #2401, .T. ) ;
#3374 = VERTEX_POINT ( 'NONE', #2471 ) ;
#3375 = DIRECTION ( 'NONE',  ( -0.000000000000000000, 1.000000000000000000, -0.000000000000000000 ) ) ;
#3376 = DIRECTION ( 'NONE',  ( 1.000000000000000000, 0.000000000000000000, 0.000000000000000000 ) ) ;
#3377 = DIRECTION ( 'NONE',  ( -1.000000000000000000, 0.000000000000000000, -0.000000000000000000 ) ) ;
#3378 = LINE ( 'NONE', #2710, #3193 ) ;
#3379 = EDGE_CURVE ( 'NONE', #3736, #2677, #1755, .T. ) ;
#3380 = ORIENTED_EDGE ( 'NONE', *, *, #2773, .F. ) ;
#3381 = DIRECTION ( 'NONE',  ( 1.000000000000000000, 0.000000000000000000, 0.000000000000000000 ) ) ;
#3382 = LINE ( 'NONE', #1800, #4450 ) ;
#3383 = LINE ( 'NONE', #1001, #996 ) ;
#3384 = AXIS2_PLACEMENT_3D ( 'NONE', #4358, #2267, #3676 ) ;
#3385 = COORDINATED_UNIVERSAL_TIME_OFFSET ( 1, 0, .AHEAD. ) ;
#3386 = CARTESIAN_POINT ( 'NONE',  ( 31.24999999999998934, 23.00000000000000000, -64.50000000000000000 ) ) ;
#3387 = CARTESIAN_POINT ( 'NONE',  ( 31.24999999999998579, 21.50000000000000000, -69.75000000000000000 ) ) ;
#3388 = VERTEX_POINT ( 'NONE', #830 ) ;
#3389 = ORIENTED_EDGE ( 'NONE', *, *, #431, .T. ) ;
#3390 = ORIENTED_EDGE ( 'NONE', *, *, #442, .F. ) ;
#3391 = CARTESIAN_POINT ( 'NONE',  ( 76.74999999999998579, 21.50000000000000000, -62.25000000000000000 ) ) ;
#3392 = ORIENTED_EDGE ( 'NONE', *, *, #2266, .F. ) ;
#3393 = EDGE_CURVE ( 'NONE', #1857, #2631, #2492, .T. ) ;
#3394 = AXIS2_PLACEMENT_3D ( 'NONE', #636, #1242, #3359 ) ;
#3395 = CARTESIAN_POINT ( 'NONE',  ( 31.24999999999998579, 21.50000000000000000, -56.25000000000000000 ) ) ;
#3396 = DIRECTION ( 'NONE',  ( -0.000000000000000000, -1.000000000000000000, -0.000000000000000000 ) ) ;
#3397 = DIRECTION ( 'NONE',  ( -1.000000000000000000, 0.000000000000000000, 0.000000000000000000 ) ) ;
#3398 = CARTESIAN_POINT ( 'NONE',  ( 78.00000000000000000, 23.00000000000000000, -77.25000000000000000 ) ) ;
#3399 = ORIENTED_EDGE ( 'NONE', *, *, #3792, .T. ) ;
#3400 = CARTESIAN_POINT ( 'NONE',  ( 78.00000000000000000, 23.00000000000000000, -77.25000000000000000 ) ) ;
#3401 = CARTESIAN_POINT ( 'NONE',  ( 73.04999999999999716, 0.000000000000000000, -98.45000000000695195 ) ) ;
#3402 = DIRECTION ( 'NONE',  ( 0.000000000000000000, 0.000000000000000000, 1.000000000000000000 ) ) ;
#3403 = CALENDAR_DATE ( 2023, 28, 9 ) ;
#3404 = DIRECTION ( 'NONE',  ( -0.000000000000000000, 1.000000000000000000, -0.000000000000000000 ) ) ;
#3405 = PLANE ( 'NONE',  #2481 ) ;
#3406 = VECTOR ( 'NONE', #3010, 1000.000000000000000 ) ;
#3407 = ORIENTED_EDGE ( 'NONE', *, *, #1020, .T. ) ;
#3408 = EDGE_CURVE ( 'NONE', #3306, #3588, #1395, .T. ) ;
#3409 = EDGE_LOOP ( 'NONE', ( #3966, #1979 ) ) ;
#3410 = AXIS2_PLACEMENT_3D ( 'NONE', #379, #4437, #2747 ) ;
#3411 = EDGE_LOOP ( 'NONE', ( #3731, #3876, #1187, #831 ) ) ;
#3412 = PLANE ( 'NONE',  #1900 ) ;
#3413 = CIRCLE ( 'NONE', #1381, 0.7937499999999888534 ) ;
#3414 = ORIENTED_EDGE ( 'NONE', *, *, #1408, .F. ) ;
#3415 = DIRECTION ( 'NONE',  ( 0.000000000000000000, 1.000000000000000000, 0.000000000000000000 ) ) ;
#3416 = CYLINDRICAL_SURFACE ( 'NONE', #3410, 0.7500000000000006661 ) ;
#3417 = AXIS2_PLACEMENT_3D ( 'NONE', #2257, #4372, #2343 ) ;
#3418 = DIRECTION ( 'NONE',  ( -0.000000000000000000, 1.000000000000000000, -0.000000000000000000 ) ) ;
#3419 = CARTESIAN_POINT ( 'NONE',  ( 31.24999999999998579, 21.50000000000000000, -62.25000000000000000 ) ) ;
#3420 = FACE_OUTER_BOUND ( 'NONE', #1885, .T. ) ;
#3421 = ADVANCED_FACE ( 'NONE', ( #4266 ), #1524, .F. ) ;
#3422 = EDGE_CURVE ( 'NONE', #3906, #2238, #4439, .T. ) ;
#3423 = ORIENTED_EDGE ( 'NONE', *, *, #3723, .T. ) ;
#3424 = DIRECTION ( 'NONE',  ( -1.000000000000000000, -0.000000000000000000, 1.284980352575412699E-16 ) ) ;
#3425 = FACE_BOUND ( 'NONE', #3409, .T. ) ;
#3426 = AXIS2_PLACEMENT_3D ( 'NONE', #1216, #2638, #548 ) ;
#3427 = CARTESIAN_POINT ( 'NONE',  ( 86.49999999999998579, 23.00000000000000000, -24.49999999999999645 ) ) ;
#3428 = PERSON_AND_ORGANIZATION ( #3044, #4055 ) ;
#3429 = LINE ( 'NONE', #2352, #1528 ) ;
#3430 = LINE ( 'NONE', #331, #3722 ) ;
#3431 = VERTEX_POINT ( 'NONE', #1503 ) ;
#3432 = VERTEX_POINT ( 'NONE', #4247 ) ;
#3433 = VECTOR ( 'NONE', #2012, 1000.000000000000000 ) ;
#3434 = EDGE_CURVE ( 'NONE', #443, #3500, #2514, .T. ) ;
#3435 = ORIENTED_EDGE ( 'NONE', *, *, #321, .T. ) ;
#3436 = CARTESIAN_POINT ( 'NONE',  ( 98.45000000000000284, 19.00000000000000000, -73.04999999999999716 ) ) ;
#3437 = CIRCLE ( 'NONE', #4233, 0.7500000000000006661 ) ;
#3438 = ORIENTED_EDGE ( 'NONE', *, *, #2948, .F. ) ;
#3439 = FACE_BOUND ( 'NONE', #639, .T. ) ;
#3440 = DIRECTION ( 'NONE',  ( -1.000000000000000000, 0.000000000000000000, 0.000000000000000000 ) ) ;
#3441 = CARTESIAN_POINT ( 'NONE',  ( 73.04999999999999716, 19.00000000000000000, -101.6250000000069349 ) ) ;
#3442 = FACE_OUTER_BOUND ( 'NONE', #1386, .T. ) ;
#3443 = CARTESIAN_POINT ( 'NONE',  ( 34.95000000000001705, 0.000000000000000000, -6.375000000000001776 ) ) ;
#3444 = VERTEX_POINT ( 'NONE', #1836 ) ;
#3445 = LINE ( 'NONE', #3872, #1310 ) ;
#3446 = EDGE_CURVE ( 'NONE', #716, #3374, #2913, .T. ) ;
#3447 = DIRECTION ( 'NONE',  ( 0.000000000000000000, 0.000000000000000000, 1.000000000000000000 ) ) ;
#3448 = PLANE ( 'NONE',  #2099 ) ;
#3449 = CARTESIAN_POINT ( 'NONE',  ( 9.550000000000004263, 0.000000000000000000, -73.04999999999999716 ) ) ;
#3450 = ORIENTED_EDGE ( 'NONE', *, *, #2467, .F. ) ;
#3451 = ADVANCED_FACE ( 'NONE', ( #1162 ), #2534, .F. ) ;
#3452 = VERTEX_POINT ( 'NONE', #3159 ) ;
#3453 = AXIS2_PLACEMENT_3D ( 'NONE', #897, #2581, #3657 ) ;
#3454 = AXIS2_PLACEMENT_3D ( 'NONE', #3762, #2307, #3402 ) ;
#3455 = APPLICATION_CONTEXT ( 'configuration controlled 3d designs of mechanical parts and assemblies' ) ;
#3456 = ORIENTED_EDGE ( 'NONE', *, *, #627, .T. ) ;
#3457 = LINE ( 'NONE', #3072, #24 ) ;
#3458 = EDGE_LOOP ( 'NONE', ( #1256, #4146, #988, #373 ) ) ;
#3459 = CARTESIAN_POINT ( 'NONE',  ( 76.75000000000000000, 21.50000000000000000, -73.50000000000001421 ) ) ;
#3460 = FACE_BOUND ( 'NONE', #1574, .T. ) ;
#3461 = CARTESIAN_POINT ( 'NONE',  ( -1.387778780781445676E-14, 9.500000000000005329, -53.99999999999997868 ) ) ;
#3462 = LINE ( 'NONE', #1372, #2391 ) ;
#3463 = CARTESIAN_POINT ( 'NONE',  ( 83.49999999999997158, 23.00000000000000000, -24.49999999999999645 ) ) ;
#3464 = EDGE_CURVE ( 'NONE', #105, #1346, #2560, .T. ) ;
#3465 = EDGE_LOOP ( 'NONE', ( #2378, #1940, #3747, #3855 ) ) ;
#3466 = DIRECTION ( 'NONE',  ( 0.000000000000000000, 0.000000000000000000, -1.000000000000000000 ) ) ;
#3467 = AXIS2_PLACEMENT_3D ( 'NONE', #3857, #73, #1455 ) ;
#3468 = DIRECTION ( 'NONE',  ( 0.000000000000000000, 0.000000000000000000, 1.000000000000000000 ) ) ;
#3469 = EDGE_CURVE ( 'NONE', #2309, #2651, #1435, .T. ) ;
#3470 = DIRECTION ( 'NONE',  ( 0.000000000000000000, 1.000000000000000000, 0.000000000000000000 ) ) ;
#3471 = EDGE_LOOP ( 'NONE', ( #1462, #1802, #3133, #1502 ) ) ;
#3472 = ORIENTED_EDGE ( 'NONE', *, *, #3005, .F. ) ;
#3473 = CYLINDRICAL_SURFACE ( 'NONE', #1293, 2.250000000000001776 ) ;
#3474 = EDGE_CURVE ( 'NONE', #1017, #3284, #1096, .T. ) ;
#3475 = VECTOR ( 'NONE', #2349, 1000.000000000000000 ) ;
#3476 = VERTEX_POINT ( 'NONE', #3367 ) ;
#3477 = DIRECTION ( 'NONE',  ( 0.000000000000000000, 1.000000000000000000, 0.000000000000000000 ) ) ;
#3478 = EDGE_LOOP ( 'NONE', ( #3023, #3497, #2205, #212 ) ) ;
#3479 = CARTESIAN_POINT ( 'NONE',  ( 31.24999999999998579, 21.50000000000000000, -72.75000000000001421 ) ) ;
#3480 = AXIS2_PLACEMENT_3D ( 'NONE', #4338, #3300, #142 ) ;
#3481 = FACE_OUTER_BOUND ( 'NONE', #3279, .T. ) ;
#3482 = DIRECTION ( 'NONE',  ( 0.000000000000000000, 0.000000000000000000, 1.000000000000000000 ) ) ;
#3483 = DIRECTION ( 'NONE',  ( -0.000000000000000000, 0.000000000000000000, 1.000000000000000000 ) ) ;
#3484 = CIRCLE ( 'NONE', #3632, 5.143372999999999529 ) ;
#3485 = DIRECTION ( 'NONE',  ( -1.000000000000000000, 0.000000000000000000, 0.000000000000000000 ) ) ;
#3486 = VERTEX_POINT ( 'NONE', #962 ) ;
#3487 = CYLINDRICAL_SURFACE ( 'NONE', #2836, 0.7500000000000006661 ) ;
#3488 = ADVANCED_FACE ( 'NONE', ( #2650 ), #2997, .F. ) ;
#3489 = AXIS2_PLACEMENT_3D ( 'NONE', #2418, #29, #157 ) ;
#3490 = AXIS2_PLACEMENT_3D ( 'NONE', #2315, #2253, #4368 ) ;
#3491 = DIRECTION ( 'NONE',  ( 0.000000000000000000, 0.000000000000000000, -1.000000000000000000 ) ) ;
#3492 = VECTOR ( 'NONE', #1220, 1000.000000000000000 ) ;
#3493 = CARTESIAN_POINT ( 'NONE',  ( 76.74999999999998579, 21.50000000000000000, -67.50000000000000000 ) ) ;
#3494 = CIRCLE ( 'NONE', #1543, 0.7500000000000006661 ) ;
#3495 = ORIENTED_EDGE ( 'NONE', *, *, #442, .T. ) ;
#3496 = AXIS2_PLACEMENT_3D ( 'NONE', #1630, #3375, #2680 ) ;
#3497 = ORIENTED_EDGE ( 'NONE', *, *, #4393, .T. ) ;
#3498 = DIRECTION ( 'NONE',  ( -0.000000000000000000, -1.000000000000000000, -0.000000000000000000 ) ) ;
#3499 = CYLINDRICAL_SURFACE ( 'NONE', #439, 2.250000000000001776 ) ;
#3500 = VERTEX_POINT ( 'NONE', #262 ) ;
#3501 = DIRECTION ( 'NONE',  ( 0.000000000000000000, 1.000000000000000000, -0.000000000000000000 ) ) ;
#3502 = EDGE_LOOP ( 'NONE', ( #1841, #3749, #3631, #3954 ) ) ;
#3503 = VECTOR ( 'NONE', #3853, 1000.000000000000000 ) ;
#3504 = DIRECTION ( 'NONE',  ( 0.000000000000000000, 0.000000000000000000, 1.000000000000000000 ) ) ;
#3505 = EDGE_CURVE ( 'NONE', #4021, #4154, #4019, .T. ) ;
#3506 = VERTEX_POINT ( 'NONE', #2290 ) ;
#3507 = EDGE_CURVE ( 'NONE', #2222, #1643, #1477, .T. ) ;
#3508 = CARTESIAN_POINT ( 'NONE',  ( 5.000000000000035527, 19.00000000000000000, 0.000000000000000000 ) ) ;
#3509 = DIRECTION ( 'NONE',  ( -0.000000000000000000, 0.000000000000000000, 1.000000000000000000 ) ) ;
#3510 = VECTOR ( 'NONE', #1269, 1000.000000000000000 ) ;
#3511 = CARTESIAN_POINT ( 'NONE',  ( 31.24999999999998579, 23.00000000000000000, -65.25000000000000000 ) ) ;
#3512 = FACE_OUTER_BOUND ( 'NONE', #1391, .T. ) ;
#3513 = DIRECTION ( 'NONE',  ( 0.000000000000000000, 0.000000000000000000, -1.000000000000000000 ) ) ;
#3514 = EDGE_CURVE ( 'NONE', #1005, #3745, #2333, .T. ) ;
#3515 = ORIENTED_EDGE ( 'NONE', *, *, #186, .T. ) ;
#3516 = CARTESIAN_POINT ( 'NONE',  ( 108.0000000000000284, 19.00000000000000000, -5.000000000000035527 ) ) ;
#3517 = ADVANCED_FACE ( 'NONE', ( #2670 ), #874, .F. ) ;
#3518 = DIRECTION ( 'NONE',  ( 0.000000000000000000, 0.000000000000000000, 1.000000000000000000 ) ) ;
#3519 = LINE ( 'NONE', #415, #3867 ) ;
#3520 = VERTEX_POINT ( 'NONE', #216 ) ;
#3521 = EDGE_CURVE ( 'NONE', #4088, #1922, #2411, .T. ) ;
#3522 = DIRECTION ( 'NONE',  ( 0.000000000000000000, 0.000000000000000000, 1.000000000000000000 ) ) ;
#3523 = DIRECTION ( 'NONE',  ( -0.000000000000000000, -1.000000000000000000, -0.000000000000000000 ) ) ;
#3524 = VERTEX_POINT ( 'NONE', #1909 ) ;
#3525 = CARTESIAN_POINT ( 'NONE',  ( 103.0000000000000284, 19.00000000000000000, -5.000000000000000000 ) ) ;
#3526 = ORIENTED_EDGE ( 'NONE', *, *, #96, .T. ) ;
#3527 = CARTESIAN_POINT ( 'NONE',  ( 34.95000000000000284, 19.00000000000000000, -95.27500000000696900 ) ) ;
#3528 = CARTESIAN_POINT ( 'NONE',  ( 76.74999999999998579, 21.50000000000000000, -45.75000000000000000 ) ) ;
#3529 = ORIENTED_EDGE ( 'NONE', *, *, #2711, .F. ) ;
#3530 = AXIS2_PLACEMENT_3D ( 'NONE', #2217, #1159, #827 ) ;
#3531 = PLANE ( 'NONE',  #4142 ) ;
#3532 = EDGE_CURVE ( 'NONE', #2651, #1200, #3789, .T. ) ;
#3533 = DIRECTION ( 'NONE',  ( 0.000000000000000000, 1.000000000000000000, 0.000000000000000000 ) ) ;
#3534 = DIRECTION ( 'NONE',  ( -1.000000000000000000, 0.000000000000000000, 0.000000000000000000 ) ) ;
#3535 = ORIENTED_EDGE ( 'NONE', *, *, #2745, .T. ) ;
#3536 = CARTESIAN_POINT ( 'NONE',  ( 76.75000000000000000, 21.50000000000000000, -37.50000000000000000 ) ) ;
#3537 = DIRECTION ( 'NONE',  ( 0.000000000000000000, 0.000000000000000000, -1.000000000000000000 ) ) ;
#3538 = EDGE_CURVE ( 'NONE', #2014, #1017, #2628, .T. ) ;
#3539 = AXIS2_PLACEMENT_3D ( 'NONE', #293, #1673, #3055 ) ;
#3540 = DIRECTION ( 'NONE',  ( 0.000000000000000000, 0.000000000000000000, 1.000000000000000000 ) ) ;
#3541 = ORIENTED_EDGE ( 'NONE', *, *, #2037, .T. ) ;
#3542 = DIRECTION ( 'NONE',  ( -0.000000000000000000, 1.000000000000000000, -0.000000000000000000 ) ) ;
#3543 = FACE_OUTER_BOUND ( 'NONE', #691, .T. ) ;
#3544 = ORIENTED_EDGE ( 'NONE', *, *, #2641, .T. ) ;
#3545 = DIRECTION ( 'NONE',  ( -1.000000000000000000, 0.000000000000000000, -0.000000000000000000 ) ) ;
#3546 = EDGE_CURVE ( 'NONE', #2482, #3247, #4383, .T. ) ;
#3547 = ORIENTED_EDGE ( 'NONE', *, *, #821, .F. ) ;
#3548 = LINE ( 'NONE', #146, #390 ) ;
#3549 = CIRCLE ( 'NONE', #3111, 4.216400000000001924 ) ;
#3550 = DIRECTION ( 'NONE',  ( -0.000000000000000000, -1.000000000000000000, -0.000000000000000000 ) ) ;
#3551 = VERTEX_POINT ( 'NONE', #604 ) ;
#3552 = FACE_OUTER_BOUND ( 'NONE', #3160, .T. ) ;
#3553 = CARTESIAN_POINT ( 'NONE',  ( 86.49999999999998579, 19.00000000000000000, -24.49999999999999645 ) ) ;
#3554 = CARTESIAN_POINT ( 'NONE',  ( 31.24999999999998579, 23.00000000000000000, -29.25000000000000000 ) ) ;
#3555 = CIRCLE ( 'NONE', #2026, 2.250000000000001776 ) ;
#3556 = VERTEX_POINT ( 'NONE', #1553 ) ;
#3557 = CARTESIAN_POINT ( 'NONE',  ( 31.24999999999998579, 21.50000000000000000, -56.25000000000000000 ) ) ;
#3558 = CARTESIAN_POINT ( 'NONE',  ( 31.24999999999998934, 21.50000000000000000, -75.75000000000001421 ) ) ;
#3559 = CIRCLE ( 'NONE', #2530, 2.250000000000001776 ) ;
#3560 = DIRECTION ( 'NONE',  ( 0.000000000000000000, 0.000000000000000000, 1.000000000000000000 ) ) ;
#3561 = EDGE_CURVE ( 'NONE', #217, #2936, #3018, .T. ) ;
#3562 = CARTESIAN_POINT ( 'NONE',  ( 31.24999999999998579, 21.50000000000000000, -72.75000000000001421 ) ) ;
#3563 = ORIENTED_EDGE ( 'NONE', *, *, #2030, .T. ) ;
#3564 = AXIS2_PLACEMENT_3D ( 'NONE', #1531, #2138, #3955 ) ;
#3565 = AXIS2_PLACEMENT_3D ( 'NONE', #3780, #1424, #4187 ) ;
#3566 = CARTESIAN_POINT ( 'NONE',  ( 76.74999999999998579, 21.50000000000000000, -69.75000000000000000 ) ) ;
#3567 = CARTESIAN_POINT ( 'NONE',  ( 76.75000000000000000, 23.00000000000000000, -61.50000000000000000 ) ) ;
#3568 = ORIENTED_EDGE ( 'NONE', *, *, #4086, .F. ) ;
#3569 = AXIS2_PLACEMENT_3D ( 'NONE', #851, #103, #1141 ) ;
#3570 = FACE_OUTER_BOUND ( 'NONE', #1203, .T. ) ;
#3571 = EDGE_LOOP ( 'NONE', ( #1195, #3184, #2967, #773 ) ) ;
#3572 = DIRECTION ( 'NONE',  ( 0.000000000000000000, 0.000000000000000000, -1.000000000000000000 ) ) ;
#3573 = ADVANCED_FACE ( 'NONE', ( #1296 ), #1575, .T. ) ;
#3574 = DIRECTION ( 'NONE',  ( 1.000000000000000000, -0.000000000000000000, -0.000000000000000000 ) ) ;
#3575 = CIRCLE ( 'NONE', #2694, 0.7500000000000006661 ) ;
#3576 = ORIENTED_EDGE ( 'NONE', *, *, #1717, .F. ) ;
#3577 = LINE ( 'NONE', #2867, #3354 ) ;
#3578 = DIRECTION ( 'NONE',  ( 0.000000000000000000, 0.000000000000000000, 1.000000000000000000 ) ) ;
#3579 = AXIS2_PLACEMENT_3D ( 'NONE', #1342, #2036, #2399 ) ;
#3580 = ORIENTED_EDGE ( 'NONE', *, *, #4124, .T. ) ;
#3581 = DIRECTION ( 'NONE',  ( 0.000000000000000000, 0.000000000000000000, 1.000000000000000000 ) ) ;
#3582 = CARTESIAN_POINT ( 'NONE',  ( 76.75000000000000000, 21.50000000000000000, -61.50000000000000000 ) ) ;
#3583 = CARTESIAN_POINT ( 'NONE',  ( 31.24999999999998579, 23.00000000000000000, -44.25000000000000000 ) ) ;
#3584 = EDGE_CURVE ( 'NONE', #2016, #3556, #4362, .T. ) ;
#3585 = EDGE_LOOP ( 'NONE', ( #648, #3576, #875, #1547 ) ) ;
#3586 = DIRECTION ( 'NONE',  ( -0.000000000000000000, 1.000000000000000000, -0.000000000000000000 ) ) ;
#3587 = CARTESIAN_POINT ( 'NONE',  ( 31.24999999999998579, 21.50000000000000000, -57.75000000000000000 ) ) ;
#3588 = VERTEX_POINT ( 'NONE', #3725 ) ;
#3589 = DIRECTION ( 'NONE',  ( -0.000000000000000000, -1.000000000000000000, -0.000000000000000000 ) ) ;
#3590 = EDGE_CURVE ( 'NONE', #668, #4154, #1881, .T. ) ;
#3591 = ORIENTED_EDGE ( 'NONE', *, *, #3695, .T. ) ;
#3592 = CARTESIAN_POINT ( 'NONE',  ( 31.24999999999998579, 21.50000000000000000, -40.50000000000000000 ) ) ;
#3593 = EDGE_LOOP ( 'NONE', ( #1930, #97, #2201, #4342 ) ) ;
#3594 = CARTESIAN_POINT ( 'NONE',  ( 103.0000000000000284, 0.000000000000000000, -5.000000000000000000 ) ) ;
#3595 = ORIENTED_EDGE ( 'NONE', *, *, #3434, .F. ) ;
#3596 = CARTESIAN_POINT ( 'NONE',  ( 76.74999999999998579, 21.50000000000000000, -41.25000000000000000 ) ) ;
#3597 = CARTESIAN_POINT ( 'NONE',  ( 76.74999999999998579, 21.50000000000000000, -74.25000000000000000 ) ) ;
#3598 = PLANE ( 'NONE',  #2826 ) ;
#3599 = VECTOR ( 'NONE', #3608, 1000.000000000000000 ) ;
#3600 = VERTEX_POINT ( 'NONE', #2953 ) ;
#3601 = DIRECTION ( 'NONE',  ( 0.000000000000000000, 0.000000000000000000, 1.000000000000000000 ) ) ;
#3602 = EDGE_CURVE ( 'NONE', #1769, #3727, #472, .T. ) ;
#3603 = LINE ( 'NONE', #3939, #3861 ) ;
#3604 = EDGE_LOOP ( 'NONE', ( #4166, #3998, #2571, #2421 ) ) ;
#3605 = FACE_OUTER_BOUND ( 'NONE', #4428, .T. ) ;
#3606 = VECTOR ( 'NONE', #1892, 1000.000000000000000 ) ;
#3607 = ORIENTED_EDGE ( 'NONE', *, *, #2692, .F. ) ;
#3608 = DIRECTION ( 'NONE',  ( 1.000000000000000000, 0.000000000000000000, 0.000000000000000000 ) ) ;
#3609 = CARTESIAN_POINT ( 'NONE',  ( 76.74999999999998579, 21.50000000000000000, -55.50000000000000000 ) ) ;
#3610 = ORIENTED_EDGE ( 'NONE', *, *, #1837, .T. ) ;
#3611 = DIRECTION ( 'NONE',  ( 0.000000000000000000, 0.000000000000000000, -1.000000000000000000 ) ) ;
#3612 = ORIENTED_EDGE ( 'NONE', *, *, #4255, .T. ) ;
#3613 = DIRECTION ( 'NONE',  ( -0.000000000000000000, 1.000000000000000000, -0.000000000000000000 ) ) ;
#3614 = ORIENTED_EDGE ( 'NONE', *, *, #1380, .T. ) ;
#3615 = EDGE_CURVE ( 'NONE', #1367, #1664, #3216, .T. ) ;
#3616 = DIRECTION ( 'NONE',  ( 1.000000000000000000, 0.000000000000000000, 0.000000000000000000 ) ) ;
#3617 = VERTEX_POINT ( 'NONE', #1210 ) ;
#3618 = DIRECTION ( 'NONE',  ( 0.000000000000000000, 0.000000000000000000, -1.000000000000000000 ) ) ;
#3619 = ORIENTED_EDGE ( 'NONE', *, *, #1566, .T. ) ;
#3620 = LINE ( 'NONE', #2521, #3606 ) ;
#3621 = FACE_OUTER_BOUND ( 'NONE', #1929, .T. ) ;
#3622 = EDGE_LOOP ( 'NONE', ( #1323, #3828 ) ) ;
#3623 = DIRECTION ( 'NONE',  ( 0.000000000000000000, 0.000000000000000000, -1.000000000000000000 ) ) ;
#3624 = AXIS2_PLACEMENT_3D ( 'NONE', #3692, #620, #2348 ) ;
#3625 = CARTESIAN_POINT ( 'NONE',  ( 76.74999999999998579, 21.50000000000000000, -53.25000000000000000 ) ) ;
#3626 = AXIS2_PLACEMENT_3D ( 'NONE', #3865, #60, #811 ) ;
#3627 = ADVANCED_FACE ( 'NONE', ( #3764 ), #986, .T. ) ;
#3628 = ORIENTED_EDGE ( 'NONE', *, *, #2149, .T. ) ;
#3629 = VECTOR ( 'NONE', #2189, 1000.000000000000000 ) ;
#3630 = DIRECTION ( 'NONE',  ( -0.02992792722492255281, 0.000000000000000000, -0.9995520592605567911 ) ) ;
#3631 = ORIENTED_EDGE ( 'NONE', *, *, #708, .F. ) ;
#3632 = AXIS2_PLACEMENT_3D ( 'NONE', #2823, #1680, #3196 ) ;
#3633 = PLANE ( 'NONE',  #127 ) ;
#3634 =( LENGTH_UNIT ( ) NAMED_UNIT ( * ) SI_UNIT ( .MILLI., .METRE. ) );
#3635 = VERTEX_POINT ( 'NONE', #3088 ) ;
#3636 = CARTESIAN_POINT ( 'NONE',  ( 31.24999999999998579, 23.00000000000000000, -59.25000000000000000 ) ) ;
#3637 = ORIENTED_EDGE ( 'NONE', *, *, #3379, .F. ) ;
#3638 = ORIENTED_EDGE ( 'NONE', *, *, #752, .T. ) ;
#3639 = AXIS2_PLACEMENT_3D ( 'NONE', #2573, #3962, #1154 ) ;
#3640 = EDGE_LOOP ( 'NONE', ( #2473, #1629 ) ) ;
#3641 = CARTESIAN_POINT ( 'NONE',  ( 31.24999999999998579, 21.50000000000000000, -78.75000000000000000 ) ) ;
#3642 = ORIENTED_EDGE ( 'NONE', *, *, #2523, .T. ) ;
#3643 = EDGE_CURVE ( 'NONE', #1257, #576, #4375, .T. ) ;
#3644 = EDGE_CURVE ( 'NONE', #3432, #443, #4302, .T. ) ;
#3645 = FACE_OUTER_BOUND ( 'NONE', #3155, .T. ) ;
#3646 = FACE_OUTER_BOUND ( 'NONE', #3465, .T. ) ;
#3647 = CARTESIAN_POINT ( 'NONE',  ( 76.74999999999998579, 23.00000000000000000, -68.25000000000000000 ) ) ;
#3648 = AXIS2_PLACEMENT_3D ( 'NONE', #435, #2854, #2551 ) ;
#3649 = EDGE_CURVE ( 'NONE', #1582, #1499, #1404, .T. ) ;
#3650 = CARTESIAN_POINT ( 'NONE',  ( 48.85662700000002445, 9.500000000000000000, -108.0000000000000000 ) ) ;
#3651 = VERTEX_POINT ( 'NONE', #706 ) ;
#3652 = VECTOR ( 'NONE', #3630, 1000.000000000000227 ) ;
#3653 = CARTESIAN_POINT ( 'NONE',  ( 5.000000000000035527, 0.000000000000000000, -108.0000000000000000 ) ) ;
#3654 = EDGE_LOOP ( 'NONE', ( #4297, #1872, #2842, #557 ) ) ;
#3655 = EDGE_CURVE ( 'NONE', #1811, #1200, #2718, .T. ) ;
#3656 = DIRECTION ( 'NONE',  ( 0.000000000000000000, 0.000000000000000000, 1.000000000000000000 ) ) ;
#3657 = DIRECTION ( 'NONE',  ( 0.000000000000000000, 0.000000000000000000, 1.000000000000000000 ) ) ;
#3658 = DIRECTION ( 'NONE',  ( 0.000000000000000000, 0.000000000000000000, -1.000000000000000000 ) ) ;
#3659 = ORIENTED_EDGE ( 'NONE', *, *, #2828, .T. ) ;
#3660 = ADVANCED_FACE ( 'NONE', ( #1025 ), #3405, .F. ) ;
#3661 = EDGE_LOOP ( 'NONE', ( #900, #246 ) ) ;
#3662 = VERTEX_POINT ( 'NONE', #1723 ) ;
#3663 = CARTESIAN_POINT ( 'NONE',  ( 76.74999999999998579, 21.50000000000000000, -45.75000000000000000 ) ) ;
#3664 = ORIENTED_EDGE ( 'NONE', *, *, #199, .T. ) ;
#3665 = CARTESIAN_POINT ( 'NONE',  ( 108.0000000000000284, 0.000000000000000000, -102.9999999999999716 ) ) ;
#3666 = DIRECTION ( 'NONE',  ( 0.000000000000000000, 0.000000000000000000, -1.000000000000000000 ) ) ;
#3667 = EDGE_CURVE ( 'NONE', #3588, #3306, #2555, .T. ) ;
#3668 = LINE ( 'NONE', #932, #748 ) ;
#3669 = DIRECTION ( 'NONE',  ( -1.000000000000000000, 0.000000000000000000, 0.000000000000000000 ) ) ;
#3670 = EDGE_CURVE ( 'NONE', #3374, #3237, #4472, .T. ) ;
#3671 = EDGE_CURVE ( 'NONE', #1924, #967, #689, .T. ) ;
#3672 = VERTEX_POINT ( 'NONE', #4151 ) ;
#3673 = LINE ( 'NONE', #256, #3334 ) ;
#3674 = CARTESIAN_POINT ( 'NONE',  ( 76.74999999999998579, 21.50000000000000000, -39.75000000000000000 ) ) ;
#3675 = ORIENTED_EDGE ( 'NONE', *, *, #3464, .T. ) ;
#3676 = DIRECTION ( 'NONE',  ( 0.000000000000000000, 0.000000000000000000, 1.000000000000000000 ) ) ;
#3677 = ORIENTED_EDGE ( 'NONE', *, *, #2600, .F. ) ;
#3678 = DIRECTION ( 'NONE',  ( 0.000000000000000000, 1.000000000000000000, -0.000000000000000000 ) ) ;
#3679 = ORIENTED_EDGE ( 'NONE', *, *, #486, .F. ) ;
#3680 = ORIENTED_EDGE ( 'NONE', *, *, #3649, .T. ) ;
#3681 = EDGE_CURVE ( 'NONE', #2533, #2767, #3430, .T. ) ;
#3682 = VECTOR ( 'NONE', #1430, 1000.000000000000000 ) ;
#3683 = VERTEX_POINT ( 'NONE', #367 ) ;
#3684 = CARTESIAN_POINT ( 'NONE',  ( 31.24999999999998579, 23.00000000000000000, -48.75000000000000000 ) ) ;
#3685 = ORIENTED_EDGE ( 'NONE', *, *, #1538, .F. ) ;
#3686 = FACE_OUTER_BOUND ( 'NONE', #1868, .T. ) ;
#3687 = LINE ( 'NONE', #1960, #1743 ) ;
#3688 = DIRECTION ( 'NONE',  ( -0.000000000000000000, 1.000000000000000000, -0.000000000000000000 ) ) ;
#3689 = DIRECTION ( 'NONE',  ( -0.000000000000000000, -1.000000000000000000, -0.000000000000000000 ) ) ;
#3690 = VECTOR ( 'NONE', #3718, 1000.000000000000000 ) ;
#3691 = VERTEX_POINT ( 'NONE', #2697 ) ;
#3692 = CARTESIAN_POINT ( 'NONE',  ( 73.05000000000001137, 0.000000000000000000, -9.549999999999998934 ) ) ;
#3693 = DIRECTION ( 'NONE',  ( 0.000000000000000000, 0.000000000000000000, 1.000000000000000000 ) ) ;
#3694 = EDGE_CURVE ( 'NONE', #672, #1530, #1693, .T. ) ;
#3695 = EDGE_CURVE ( 'NONE', #3937, #2802, #2420, .T. ) ;
#3696 = DIRECTION ( 'NONE',  ( -1.000000000000000000, -0.000000000000000000, -0.000000000000000000 ) ) ;
#3697 = APPLICATION_PROTOCOL_DEFINITION ( 'international standard', 'config_control_design', 1994, #2231 ) ;
#3698 = FACE_OUTER_BOUND ( 'NONE', #2595, .T. ) ;
#3699 = DIRECTION ( 'NONE',  ( 0.000000000000000000, 0.000000000000000000, 1.000000000000000000 ) ) ;
#3700 = CONICAL_SURFACE ( 'NONE', #2681, 5.143372999999999529, 0.02993239667170210019 ) ;
#3701 = ORIENTED_EDGE ( 'NONE', *, *, #1891, .F. ) ;
#3702 = VERTEX_POINT ( 'NONE', #2062 ) ;
#3703 = ORIENTED_EDGE ( 'NONE', *, *, #2923, .F. ) ;
#3704 = AXIS2_PLACEMENT_3D ( 'NONE', #4026, #1264, #885 ) ;
#3705 = DIRECTION ( 'NONE',  ( -0.000000000000000000, -1.000000000000000000, -0.000000000000000000 ) ) ;
#3706 = VERTEX_POINT ( 'NONE', #1046 ) ;
#3707 = DIRECTION ( 'NONE',  ( -1.000000000000000000, 0.000000000000000000, -0.000000000000000000 ) ) ;
#3708 = EDGE_CURVE ( 'NONE', #3600, #3833, #1319, .T. ) ;
#3709 = AXIS2_PLACEMENT_3D ( 'NONE', #945, #611, #1980 ) ;
#3710 = AXIS2_PLACEMENT_3D ( 'NONE', #2871, #865, #4279 ) ;
#3711 = CARTESIAN_POINT ( 'NONE',  ( 31.24999999999998579, 21.50000000000000000, -48.75000000000000000 ) ) ;
#3712 = FACE_OUTER_BOUND ( 'NONE', #2849, .T. ) ;
#3713 = AXIS2_PLACEMENT_3D ( 'NONE', #2200, #2835, #3207 ) ;
#3714 = AXIS2_PLACEMENT_3D ( 'NONE', #2019, #3415, #2726 ) ;
#3715 = CARTESIAN_POINT ( 'NONE',  ( 31.24999999999998579, 23.00000000000000000, -42.75000000000000000 ) ) ;
#3716 = AXIS2_PLACEMENT_3D ( 'NONE', #3198, #1202, #92 ) ;
#3717 = ORIENTED_EDGE ( 'NONE', *, *, #478, .T. ) ;
#3718 = DIRECTION ( 'NONE',  ( -1.000000000000000000, -0.000000000000000000, -0.000000000000000000 ) ) ;
#3719 = CARTESIAN_POINT ( 'NONE',  ( 21.49999999999998579, 23.00000000000000000, -24.49999999999999645 ) ) ;
#3720 = VECTOR ( 'NONE', #3131, 1000.000000000000000 ) ;
#3721 = CARTESIAN_POINT ( 'NONE',  ( 31.24999999999998579, 21.50000000000000000, -33.75000000000000000 ) ) ;
#3722 = VECTOR ( 'NONE', #1361, 1000.000000000000000 ) ;
#3723 = EDGE_CURVE ( 'NONE', #3091, #3241, #4169, .T. ) ;
#3724 = CARTESIAN_POINT ( 'NONE',  ( 54.00000000000002842, 9.500000000000000000, -108.0000000000000000 ) ) ;
#3725 = CARTESIAN_POINT ( 'NONE',  ( 19.00000000000000000, 19.00000000000000000, -100.2749999999999915 ) ) ;
#3726 = ORIENTED_EDGE ( 'NONE', *, *, #2829, .T. ) ;
#3727 = VERTEX_POINT ( 'NONE', #2779 ) ;
#3728 = EDGE_CURVE ( 'NONE', #1924, #4341, #2848, .T. ) ;
#3729 = ORIENTED_EDGE ( 'NONE', *, *, #2058, .T. ) ;
#3730 = CARTESIAN_POINT ( 'NONE',  ( 98.45000000000000284, 0.000000000000000000, -34.94999999999999574 ) ) ;
#3731 = ORIENTED_EDGE ( 'NONE', *, *, #3799, .F. ) ;
#3732 = LINE ( 'NONE', #1605, #3360 ) ;
#3733 = CARTESIAN_POINT ( 'NONE',  ( 31.24999999999998579, 23.00000000000000000, -56.25000000000000000 ) ) ;
#3734 = DIRECTION ( 'NONE',  ( 0.000000000000000000, 0.000000000000000000, 1.000000000000000000 ) ) ;
#3735 = FACE_OUTER_BOUND ( 'NONE', #312, .T. ) ;
#3736 = VERTEX_POINT ( 'NONE', #4087 ) ;
#3737 = CARTESIAN_POINT ( 'NONE',  ( 9.550000000000007816, 19.00000000000000000, -31.77500000000001279 ) ) ;
#3738 = EDGE_CURVE ( 'NONE', #1423, #3388, #624, .T. ) ;
#3739 = CARTESIAN_POINT ( 'NONE',  ( 5.000000000000000000, 0.000000000000000000, -5.000000000000000000 ) ) ;
#3740 = FACE_OUTER_BOUND ( 'NONE', #2673, .T. ) ;
#3741 = APPROVAL ( #303, 'UNSPECIFIED' ) ;
#3742 = AXIS2_PLACEMENT_3D ( 'NONE', #1721, #1021, #3447 ) ;
#3743 = LINE ( 'NONE', #775, #3845 ) ;
#3744 = CARTESIAN_POINT ( 'NONE',  ( 76.74999999999998579, 21.50000000000000000, -73.50000000000001421 ) ) ;
#3745 = VERTEX_POINT ( 'NONE', #305 ) ;
#3746 = ORIENTED_EDGE ( 'NONE', *, *, #1338, .T. ) ;
#3747 = ORIENTED_EDGE ( 'NONE', *, *, #669, .F. ) ;
#3748 = DIRECTION ( 'NONE',  ( -0.000000000000000000, 0.000000000000000000, 1.000000000000000000 ) ) ;
#3749 = ORIENTED_EDGE ( 'NONE', *, *, #1904, .F. ) ;
#3750 = CIRCLE ( 'NONE', #791, 2.250000000000001776 ) ;
#3751 = DIRECTION ( 'NONE',  ( 0.000000000000000000, 0.000000000000000000, -1.000000000000000000 ) ) ;
#3752 = EDGE_CURVE ( 'NONE', #2158, #1313, #1681, .T. ) ;
#3753 = DIRECTION ( 'NONE',  ( -0.000000000000000000, -1.000000000000000000, -0.000000000000000000 ) ) ;
#3754 = LINE ( 'NONE', #2770, #3984 ) ;
#3755 = CARTESIAN_POINT ( 'NONE',  ( 54.00000000000001421, 9.500000000000000000, -62.52306688364686948 ) ) ;
#3756 = DIRECTION ( 'NONE',  ( -0.000000000000000000, -0.000000000000000000, -1.000000000000000000 ) ) ;
#3757 = VERTEX_POINT ( 'NONE', #1478 ) ;
#3758 = CARTESIAN_POINT ( 'NONE',  ( 54.00000000000002842, 9.500000000000000000, -108.0000000000000000 ) ) ;
#3759 = DIRECTION ( 'NONE',  ( 0.000000000000000000, 0.000000000000000000, -1.000000000000000000 ) ) ;
#3760 = EDGE_CURVE ( 'NONE', #344, #2677, #3875, .T. ) ;
#3761 = AXIS2_PLACEMENT_3D ( 'NONE', #3567, #3224, #2877 ) ;
#3762 = CARTESIAN_POINT ( 'NONE',  ( 5.000000000000000000, 19.00000000000000000, -5.000000000000000000 ) ) ;
#3763 = CARTESIAN_POINT ( 'NONE',  ( 31.24999999999998579, 21.50000000000000000, -60.75000000000000000 ) ) ;
#3764 = FACE_OUTER_BOUND ( 'NONE', #3848, .T. ) ;
#3765 = VERTEX_POINT ( 'NONE', #2801 ) ;
#3766 = VERTEX_POINT ( 'NONE', #2895 ) ;
#3767 = VERTEX_POINT ( 'NONE', #2464 ) ;
#3768 = FACE_OUTER_BOUND ( 'NONE', #2434, .T. ) ;
#3769 = VECTOR ( 'NONE', #318, 1000.000000000000000 ) ;
#3770 = ORIENTED_EDGE ( 'NONE', *, *, #3215, .F. ) ;
#3771 = CARTESIAN_POINT ( 'NONE',  ( 76.74999999999998579, 21.50000000000000000, -47.25000000000000000 ) ) ;
#3772 = PLANE ( 'NONE',  #742 ) ;
#3773 = VECTOR ( 'NONE', #1054, 1000.000000000000000 ) ;
#3774 = DIRECTION ( 'NONE',  ( -1.000000000000000000, -0.000000000000000000, -0.000000000000000000 ) ) ;
#3775 = DIRECTION ( 'NONE',  ( 1.000000000000000000, 0.000000000000000000, 0.000000000000000000 ) ) ;
#3776 = ADVANCED_FACE ( 'NONE', ( #117 ), #1809, .F. ) ;
#3777 = CARTESIAN_POINT ( 'NONE',  ( 76.74999999999998579, 21.50000000000000000, -53.25000000000000711 ) ) ;
#3778 = CONICAL_SURFACE ( 'NONE', #3280, 5.143372999999999529, 0.02993239667170210019 ) ;
#3779 = ORIENTED_EDGE ( 'NONE', *, *, #2609, .T. ) ;
#3780 = CARTESIAN_POINT ( 'NONE',  ( 30.00000000000000000, 8.890000000000000568, -30.00000000000000000 ) ) ;
#3781 = EDGE_CURVE ( 'NONE', #2860, #3068, #1136, .T. ) ;
#3782 = VECTOR ( 'NONE', #4326, 1000.000000000000000 ) ;
#3783 = LINE ( 'NONE', #3013, #781 ) ;
#3784 = SHAPE_DEFINITION_REPRESENTATION ( #1720, #23 ) ;
#3785 = CARTESIAN_POINT ( 'NONE',  ( 31.24999999999998579, 21.50000000000000000, -62.25000000000000000 ) ) ;
#3786 = DIRECTION ( 'NONE',  ( 1.000000000000000000, 0.000000000000000000, 0.000000000000000000 ) ) ;
#3787 = ORIENTED_EDGE ( 'NONE', *, *, #1712, .F. ) ;
#3788 = EDGE_LOOP ( 'NONE', ( #1916, #1224, #178, #2477 ) ) ;
#3789 = CIRCLE ( 'NONE', #1190, 3.174999999999983391 ) ;
#3790 = EDGE_LOOP ( 'NONE', ( #1107, #2469, #997, #4282 ) ) ;
#3791 = FACE_OUTER_BOUND ( 'NONE', #2377, .T. ) ;
#3792 = EDGE_CURVE ( 'NONE', #3305, #2904, #2337, .T. ) ;
#3793 = ORIENTED_EDGE ( 'NONE', *, *, #257, .F. ) ;
#3794 = DIRECTION ( 'NONE',  ( 1.000000000000000000, -0.000000000000000000, -1.284980352575412699E-16 ) ) ;
#3795 = DIRECTION ( 'NONE',  ( -0.000000000000000000, -1.000000000000000000, 0.000000000000000000 ) ) ;
#3796 = LINE ( 'NONE', #340, #2242 ) ;
#3797 = DIRECTION ( 'NONE',  ( 1.000000000000000000, 0.000000000000000000, 0.000000000000000000 ) ) ;
#3798 = CARTESIAN_POINT ( 'NONE',  ( 24.49999999999998224, 19.00000000000000000, -86.50000000000000000 ) ) ;
#3799 = EDGE_CURVE ( 'NONE', #1028, #1568, #2507, .T. ) ;
#3800 = EDGE_LOOP ( 'NONE', ( #1165, #1600, #3685, #369 ) ) ;
#3801 = CARTESIAN_POINT ( 'NONE',  ( 31.24999999999998579, 21.50000000000000000, -74.25000000000000000 ) ) ;
#3802 = EDGE_CURVE ( 'NONE', #3452, #1344, #1849, .T. ) ;
#3803 = CARTESIAN_POINT ( 'NONE',  ( 34.95000000000001705, 19.00000000000000000, -9.549999999999998934 ) ) ;
#3804 = DIRECTION ( 'NONE',  ( -0.000000000000000000, 1.000000000000000000, -0.000000000000000000 ) ) ;
#3805 = ORIENTED_EDGE ( 'NONE', *, *, #628, .F. ) ;
#3806 = ORIENTED_EDGE ( 'NONE', *, *, #1972, .F. ) ;
#3807 = CIRCLE ( 'NONE', #2098, 3.174999999999997158 ) ;
#3808 = DIRECTION ( 'NONE',  ( 0.000000000000000000, 0.000000000000000000, 1.000000000000000000 ) ) ;
#3809 = AXIS2_PLACEMENT_3D ( 'NONE', #1905, #871, #2243 ) ;
#3810 = ORIENTED_EDGE ( 'NONE', *, *, #3910, .T. ) ;
#3811 = DIRECTION ( 'NONE',  ( -1.000000000000000000, -0.000000000000000000, -0.000000000000000000 ) ) ;
#3812 = EDGE_LOOP ( 'NONE', ( #51, #3050, #3806, #1956 ) ) ;
#3813 = CARTESIAN_POINT ( 'NONE',  ( 31.24999999999998934, 21.50000000000000000, -52.50000000000000711 ) ) ;
#3814 = ORIENTED_EDGE ( 'NONE', *, *, #3836, .T. ) ;
#3815 = EDGE_CURVE ( 'NONE', #238, #3883, #4190, .T. ) ;
#3816 = CARTESIAN_POINT ( 'NONE',  ( 31.24999999999998579, 23.00000000000000000, -57.75000000000000000 ) ) ;
#3817 = CARTESIAN_POINT ( 'NONE',  ( 31.24999999999998579, 23.00000000000000000, -75.75000000000000000 ) ) ;
#3818 = LINE ( 'NONE', #1078, #3123 ) ;
#3819 = CIRCLE ( 'NONE', #2798, 1.824999999999993294 ) ;
#3820 = LINE ( 'NONE', #21, #1219 ) ;
#3821 = ORIENTED_EDGE ( 'NONE', *, *, #3271, .F. ) ;
#3822 = CARTESIAN_POINT ( 'NONE',  ( 73.05000000000001137, 19.00000000000000000, -9.549999999999998934 ) ) ;
#3823 = VECTOR ( 'NONE', #2857, 1000.000000000000000 ) ;
#3824 = DIRECTION ( 'NONE',  ( -0.000000000000000000, 1.000000000000000000, -0.000000000000000000 ) ) ;
#3825 = DIRECTION ( 'NONE',  ( -1.000000000000000000, 0.000000000000000000, 0.000000000000000000 ) ) ;
#3826 = EDGE_CURVE ( 'NONE', #2427, #490, #2922, .T. ) ;
#3827 = EDGE_CURVE ( 'NONE', #572, #1965, #799, .T. ) ;
#3828 = ORIENTED_EDGE ( 'NONE', *, *, #2999, .F. ) ;
#3829 = ORIENTED_EDGE ( 'NONE', *, *, #616, .T. ) ;
#3830 = DIRECTION ( 'NONE',  ( 0.000000000000000000, 0.000000000000000000, 1.000000000000000000 ) ) ;
#3831 = LINE ( 'NONE', #3878, #515 ) ;
#3832 = VECTOR ( 'NONE', #3523, 1000.000000000000000 ) ;
#3833 = VERTEX_POINT ( 'NONE', #757 ) ;
#3834 = AXIS2_PLACEMENT_3D ( 'NONE', #359, #3509, #3163 ) ;
#3835 = CARTESIAN_POINT ( 'NONE',  ( 76.74999999999998579, 21.50000000000000000, -35.25000000000000000 ) ) ;
#3836 = EDGE_CURVE ( 'NONE', #4040, #2184, #1830, .T. ) ;
#3837 = ORIENTED_EDGE ( 'NONE', *, *, #4262, .F. ) ;
#3838 = DIRECTION ( 'NONE',  ( -0.000000000000000000, 1.000000000000000000, -0.000000000000000000 ) ) ;
#3839 = AXIS2_PLACEMENT_3D ( 'NONE', #1820, #2496, #3210 ) ;
#3840 = CARTESIAN_POINT ( 'NONE',  ( 19.00000000000000000, 9.500000000000005329, -57.94999999999998153 ) ) ;
#3841 = CARTESIAN_POINT ( 'NONE',  ( 76.74999999999998579, 21.50000000000000000, -75.75000000000000000 ) ) ;
#3842 = AXIS2_PLACEMENT_3D ( 'NONE', #3822, #433, #724 ) ;
#3843 = CARTESIAN_POINT ( 'NONE',  ( 31.24999999999998579, 21.50000000000000000, -36.75000000000000711 ) ) ;
#3844 = DIRECTION ( 'NONE',  ( 0.000000000000000000, 0.000000000000000000, 1.000000000000000000 ) ) ;
#3845 = VECTOR ( 'NONE', #623, 1000.000000000000000 ) ;
#3846 = ADVANCED_FACE ( 'NONE', ( #1768 ), #2169, .T. ) ;
#3847 = CARTESIAN_POINT ( 'NONE',  ( 98.45000000000000284, 19.00000000000000000, -76.22499999999999432 ) ) ;
#3848 = EDGE_LOOP ( 'NONE', ( #873, #4325, #1484, #870 ) ) ;
#3849 = DIRECTION ( 'NONE',  ( -1.000000000000000000, -0.000000000000000000, -0.000000000000000000 ) ) ;
#3850 = AXIS2_PLACEMENT_3D ( 'NONE', #1709, #2766, #2447 ) ;
#3851 = DIRECTION ( 'NONE',  ( 1.000000000000000000, 0.000000000000000000, 0.000000000000000000 ) ) ;
#3852 = CIRCLE ( 'NONE', #4424, 2.250000000000001776 ) ;
#3853 = DIRECTION ( 'NONE',  ( 1.000000000000000000, -0.000000000000000000, -1.284980352575412699E-16 ) ) ;
#3854 = VECTOR ( 'NONE', #402, 1000.000000000000000 ) ;
#3855 = ORIENTED_EDGE ( 'NONE', *, *, #3474, .T. ) ;
#3856 = VECTOR ( 'NONE', #1130, 1000.000000000000000 ) ;
#3857 = CARTESIAN_POINT ( 'NONE',  ( 31.24999999999998579, 21.50000000000000000, -77.25000000000000000 ) ) ;
#3858 = EDGE_CURVE ( 'NONE', #2427, #150, #3152, .T. ) ;
#3859 = CARTESIAN_POINT ( 'NONE',  ( 31.24999999999998579, 21.50000000000000000, -44.25000000000000000 ) ) ;
#3860 = VERTEX_POINT ( 'NONE', #777 ) ;
#3861 = VECTOR ( 'NONE', #3985, 1000.000000000000000 ) ;
#3862 = CARTESIAN_POINT ( 'NONE',  ( 89.00000000000002842, 9.500000000000005329, -53.99999999999999289 ) ) ;
#3863 = VERTEX_POINT ( 'NONE', #2527 ) ;
#3864 = FACE_OUTER_BOUND ( 'NONE', #707, .T. ) ;
#3865 = CARTESIAN_POINT ( 'NONE',  ( 108.0000000000000284, 9.500000000000005329, -53.99999999999999289 ) ) ;
#3866 = ORIENTED_EDGE ( 'NONE', *, *, #1538, .T. ) ;
#3867 = VECTOR ( 'NONE', #3177, 1000.000000000000000 ) ;
#3868 = FACE_OUTER_BOUND ( 'NONE', #3654, .T. ) ;
#3869 = DIRECTION ( 'NONE',  ( -0.000000000000000000, 1.000000000000000000, -0.000000000000000000 ) ) ;
#3870 = PLANE ( 'NONE',  #3324 ) ;
#3871 = VERTEX_POINT ( 'NONE', #2487 ) ;
#3872 = CARTESIAN_POINT ( 'NONE',  ( 76.74999999999998579, 21.50000000000000000, -42.75000000000000000 ) ) ;
#3873 = LINE ( 'NONE', #3763, #1739 ) ;
#3874 = EDGE_CURVE ( 'NONE', #2493, #2277, #4306, .T. ) ;
#3875 = LINE ( 'NONE', #1115, #1762 ) ;
#3876 = ORIENTED_EDGE ( 'NONE', *, *, #321, .F. ) ;
#3877 = LINE ( 'NONE', #2804, #1151 ) ;
#3878 = CARTESIAN_POINT ( 'NONE',  ( 9.550000000000007816, 19.00000000000000000, -31.77500000000000568 ) ) ;
#3879 = ORIENTED_EDGE ( 'NONE', *, *, #3110, .F. ) ;
#3880 = DIRECTION ( 'NONE',  ( -0.000000000000000000, -1.000000000000000000, -0.000000000000000000 ) ) ;
#3881 = VERTEX_POINT ( 'NONE', #3583 ) ;
#3882 = DIRECTION ( 'NONE',  ( -0.000000000000000000, -1.000000000000000000, -0.000000000000000000 ) ) ;
#3883 = VERTEX_POINT ( 'NONE', #482 ) ;
#3884 = DIRECTION ( 'NONE',  ( -0.000000000000000000, 1.000000000000000000, -0.000000000000000000 ) ) ;
#3885 = ORIENTED_EDGE ( 'NONE', *, *, #3836, .F. ) ;
#3886 = CARTESIAN_POINT ( 'NONE',  ( 76.75000000000000000, 23.00000000000000000, -43.50000000000000000 ) ) ;
#3887 = CYLINDRICAL_SURFACE ( 'NONE', #224, 3.174999999999990496 ) ;
#3888 = EDGE_CURVE ( 'NONE', #1192, #1499, #3519, .T. ) ;
#3889 = EDGE_CURVE ( 'NONE', #2264, #629, #1450, .T. ) ;
#3890 = CARTESIAN_POINT ( 'NONE',  ( 5.000000000000035527, 19.00000000000000000, -108.0000000000000000 ) ) ;
#3891 = ORIENTED_EDGE ( 'NONE', *, *, #3188, .T. ) ;
#3892 = CARTESIAN_POINT ( 'NONE',  ( 5.000000000000035527, 19.00000000000000000, 0.000000000000000000 ) ) ;
#3893 = CARTESIAN_POINT ( 'NONE',  ( 31.24999999999998579, 21.50000000000000000, -72.75000000000001421 ) ) ;
#3894 = CARTESIAN_POINT ( 'NONE',  ( 9.550000000000004263, 19.00000000000000000, -73.04999999999999716 ) ) ;
#3895 = DIRECTION ( 'NONE',  ( 0.000000000000000000, 1.000000000000000000, -0.000000000000000000 ) ) ;
#3896 = EDGE_LOOP ( 'NONE', ( #690, #1213 ) ) ;
#3897 = EDGE_CURVE ( 'NONE', #3556, #2184, #1765, .T. ) ;
#3898 = CARTESIAN_POINT ( 'NONE',  ( 76.74999999999998579, 21.50000000000000000, -67.50000000000000000 ) ) ;
#3899 = CARTESIAN_POINT ( 'NONE',  ( 31.24999999999998579, 21.50000000000000000, -45.75000000000000000 ) ) ;
#3900 = ORIENTED_EDGE ( 'NONE', *, *, #2664, .F. ) ;
#3901 = CARTESIAN_POINT ( 'NONE',  ( 76.74999999999998579, 21.50000000000000000, -51.75000000000000711 ) ) ;
#3902 = VERTEX_POINT ( 'NONE', #4313 ) ;
#3903 = LINE ( 'NONE', #79, #2329 ) ;
#3904 = AXIS2_PLACEMENT_3D ( 'NONE', #4053, #3424, #1656 ) ;
#3905 = DIRECTION ( 'NONE',  ( -0.000000000000000000, 1.000000000000000000, -0.000000000000000000 ) ) ;
#3906 = VERTEX_POINT ( 'NONE', #3964 ) ;
#3907 = DIRECTION ( 'NONE',  ( -0.000000000000000000, 1.000000000000000000, -0.000000000000000000 ) ) ;
#3908 = AXIS2_PLACEMENT_3D ( 'NONE', #1226, #919, #1595 ) ;
#3909 = CARTESIAN_POINT ( 'NONE',  ( 31.24999999999998579, 23.00000000000000000, -77.25000000000000000 ) ) ;
#3910 = EDGE_CURVE ( 'NONE', #1576, #2515, #3989, .T. ) ;
#3911 = CIRCLE ( 'NONE', #2368, 3.174999999999983391 ) ;
#3912 = VERTEX_POINT ( 'NONE', #4379 ) ;
#3913 = DIRECTION ( 'NONE',  ( 0.000000000000000000, 1.000000000000000000, 0.000000000000000000 ) ) ;
#3914 = VECTOR ( 'NONE', #994, 1000.000000000000000 ) ;
#3915 = CARTESIAN_POINT ( 'NONE',  ( 108.0000000000000284, 9.500000000000005329, -53.99999999999999289 ) ) ;
#3916 = EDGE_CURVE ( 'NONE', #3524, #1508, #209, .T. ) ;
#3917 = DIRECTION ( 'NONE',  ( -0.000000000000000000, -1.000000000000000000, 0.000000000000000000 ) ) ;
#3918 = ORIENTED_EDGE ( 'NONE', *, *, #1819, .T. ) ;
#3919 = AXIS2_PLACEMENT_3D ( 'NONE', #630, #3705, #1235 ) ;
#3920 = CIRCLE ( 'NONE', #4436, 3.174999999999997158 ) ;
#3921 = DIRECTION ( 'NONE',  ( -0.000000000000000000, -1.000000000000000000, -0.000000000000000000 ) ) ;
#3922 = CARTESIAN_POINT ( 'NONE',  ( 31.24999999999998579, 23.00000000000000000, -45.75000000000000000 ) ) ;
#3923 = ORIENTED_EDGE ( 'NONE', *, *, #1205, .F. ) ;
#3924 = CIRCLE ( 'NONE', #3713, 3.174999999999997158 ) ;
#3925 = CARTESIAN_POINT ( 'NONE',  ( 31.24999999999998579, 21.50000000000000000, -66.75000000000000000 ) ) ;
#3926 = ORIENTED_EDGE ( 'NONE', *, *, #3408, .F. ) ;
#3927 = CARTESIAN_POINT ( 'NONE',  ( 9.550000000000007816, 19.00000000000000000, -38.12499999999997868 ) ) ;
#3928 = VERTEX_POINT ( 'NONE', #258 ) ;
#3929 = CARTESIAN_POINT ( 'NONE',  ( 30.00000000000000000, 23.00000000000000000, -29.25000000000000000 ) ) ;
#3930 = EDGE_CURVE ( 'NONE', #1499, #1582, #2632, .T. ) ;
#3931 = ORIENTED_EDGE ( 'NONE', *, *, #3590, .F. ) ;
#3932 = CARTESIAN_POINT ( 'NONE',  ( 76.74999999999998579, 21.50000000000000000, -60.75000000000000000 ) ) ;
#3933 = DIRECTION ( 'NONE',  ( -0.000000000000000000, -0.000000000000000000, -1.000000000000000000 ) ) ;
#3934 = PRODUCT_RELATED_PRODUCT_CATEGORY ( 'detail', '', ( #3173 ) ) ;
#3935 = FACE_OUTER_BOUND ( 'NONE', #2303, .T. ) ;
#3936 = VECTOR ( 'NONE', #667, 1000.000000000000000 ) ;
#3937 = VERTEX_POINT ( 'NONE', #3315 ) ;
#3938 = CARTESIAN_POINT ( 'NONE',  ( 103.0000000000000000, 19.00000000000000000, 2.602085213965210642E-15 ) ) ;
#3939 = CARTESIAN_POINT ( 'NONE',  ( 31.24999999999998579, 21.50000000000000000, -75.75000000000000000 ) ) ;
#3940 = EDGE_CURVE ( 'NONE', #1200, #2651, #1117, .T. ) ;
#3941 = EDGE_LOOP ( 'NONE', ( #3956, #1180, #2293, #1558 ) ) ;
#3942 = DIRECTION ( 'NONE',  ( 1.000000000000000000, 0.000000000000000000, 0.000000000000000000 ) ) ;
#3943 = EDGE_CURVE ( 'NONE', #3727, #2175, #2966, .T. ) ;
#3944 = ORIENTED_EDGE ( 'NONE', *, *, #2811, .F. ) ;
#3945 = EDGE_CURVE ( 'NONE', #4120, #2918, #2285, .T. ) ;
#3946 = LINE ( 'NONE', #1852, #4173 ) ;
#3947 = APPROVAL_ROLE ( '' ) ;
#3948 = EDGE_LOOP ( 'NONE', ( #4246, #768, #323, #3987 ) ) ;
#3949 = CARTESIAN_POINT ( 'NONE',  ( 31.24999999999998579, 21.50000000000000000, -51.75000000000000711 ) ) ;
#3950 = ORIENTED_EDGE ( 'NONE', *, *, #2845, .F. ) ;
#3951 = FACE_OUTER_BOUND ( 'NONE', #1848, .T. ) ;
#3952 = ORIENTED_EDGE ( 'NONE', *, *, #2845, .T. ) ;
#3953 = DIRECTION ( 'NONE',  ( 0.000000000000000000, 0.000000000000000000, 1.000000000000000000 ) ) ;
#3954 = ORIENTED_EDGE ( 'NONE', *, *, #2442, .T. ) ;
#3955 = DIRECTION ( 'NONE',  ( 0.000000000000000000, 0.000000000000000000, -1.000000000000000000 ) ) ;
#3956 = ORIENTED_EDGE ( 'NONE', *, *, #4430, .T. ) ;
#3957 = PLANE ( 'NONE',  #250 ) ;
#3958 = ADVANCED_FACE ( 'NONE', ( #4356 ), #505, .F. ) ;
#3959 = CARTESIAN_POINT ( 'NONE',  ( 78.00000000000000000, 23.00000000000000000, -78.00000000000000000 ) ) ;
#3960 = ORIENTED_EDGE ( 'NONE', *, *, #1609, .T. ) ;
#3961 = CARTESIAN_POINT ( 'NONE',  ( 31.24999999999998579, 21.50000000000000000, -77.25000000000000000 ) ) ;
#3962 = DIRECTION ( 'NONE',  ( -0.000000000000000000, -1.000000000000000000, -0.000000000000000000 ) ) ;
#3963 = EDGE_LOOP ( 'NONE', ( #1007, #2796, #493, #334 ) ) ;
#3964 = CARTESIAN_POINT ( 'NONE',  ( 19.00000000000000000, -1.331803394072744145E-15, -100.2749999999999915 ) ) ;
#3965 = VECTOR ( 'NONE', #3312, 1000.000000000000000 ) ;
#3966 = ORIENTED_EDGE ( 'NONE', *, *, #4086, .T. ) ;
#3967 = CARTESIAN_POINT ( 'NONE',  ( 19.00000000000000000, -1.331803394072744145E-15, -98.45000000000000284 ) ) ;
#3968 = CARTESIAN_POINT ( 'NONE',  ( 31.24999999999998579, 23.00000000000000000, -77.25000000000001421 ) ) ;
#3969 = EDGE_CURVE ( 'NONE', #1508, #1222, #687, .T. ) ;
#3970 = EDGE_CURVE ( 'NONE', #4088, #1367, #3337, .T. ) ;
#3971 = ORIENTED_EDGE ( 'NONE', *, *, #2969, .T. ) ;
#3972 = CARTESIAN_POINT ( 'NONE',  ( 76.74999999999998579, 21.50000000000000000, -31.50000000000000000 ) ) ;
#3973 = VERTEX_POINT ( 'NONE', #4034 ) ;
#3974 = ORIENTED_EDGE ( 'NONE', *, *, #3602, .T. ) ;
#3975 = ADVANCED_FACE ( 'NONE', ( #1615 ), #2991, .F. ) ;
#3976 = ORIENTED_EDGE ( 'NONE', *, *, #3802, .F. ) ;
#3977 = DIRECTION ( 'NONE',  ( -0.000000000000000000, 1.000000000000000000, -0.000000000000000000 ) ) ;
#3978 = ORIENTED_EDGE ( 'NONE', *, *, #2553, .T. ) ;
#3979 = CARTESIAN_POINT ( 'NONE',  ( 31.24999999999998934, 21.50000000000000000, -34.50000000000000000 ) ) ;
#3980 = DIRECTION ( 'NONE',  ( 0.000000000000000000, 0.000000000000000000, 1.000000000000000000 ) ) ;
#3981 = DIRECTION ( 'NONE',  ( 0.000000000000000000, 0.000000000000000000, -1.000000000000000000 ) ) ;
#3982 = EDGE_CURVE ( 'NONE', #3551, #4040, #398, .T. ) ;
#3983 = AXIS2_PLACEMENT_3D ( 'NONE', #2152, #4174, #1120 ) ;
#3984 = VECTOR ( 'NONE', #3418, 1000.000000000000000 ) ;
#3985 = DIRECTION ( 'NONE',  ( -1.000000000000000000, -0.000000000000000000, -0.000000000000000000 ) ) ;
#3986 = AXIS2_PLACEMENT_3D ( 'NONE', #2180, #3550, #741 ) ;
#3987 = ORIENTED_EDGE ( 'NONE', *, *, #257, .T. ) ;
#3988 = EDGE_CURVE ( 'NONE', #3388, #3883, #3437, .T. ) ;
#3989 = LINE ( 'NONE', #891, #550 ) ;
#3990 = VERTEX_POINT ( 'NONE', #597 ) ;
#3991 = CARTESIAN_POINT ( 'NONE',  ( 31.24999999999998579, 23.00000000000000000, -57.75000000000000000 ) ) ;
#3992 = VECTOR ( 'NONE', #3053, 1000.000000000000000 ) ;
#3993 = FACE_OUTER_BOUND ( 'NONE', #4269, .T. ) ;
#3994 = ORIENTED_EDGE ( 'NONE', *, *, #1712, .T. ) ;
#3995 = CARTESIAN_POINT ( 'NONE',  ( 54.00000000000002842, 9.500000000000000000, -107.0000000000000000 ) ) ;
#3996 = ORIENTED_EDGE ( 'NONE', *, *, #2030, .F. ) ;
#3997 = ADVANCED_FACE ( 'NONE', ( #1968 ), #1569, .F. ) ;
#3998 = ORIENTED_EDGE ( 'NONE', *, *, #1819, .F. ) ;
#3999 = AXIS2_PLACEMENT_3D ( 'NONE', #1008, #673, #3093 ) ;
#4000 = ORIENTED_EDGE ( 'NONE', *, *, #1341, .F. ) ;
#4001 = CARTESIAN_POINT ( 'NONE',  ( 89.00000000000002842, -1.331803394072744145E-15, -96.62500000000000000 ) ) ;
#4002 = ORIENTED_EDGE ( 'NONE', *, *, #47, .T. ) ;
#4003 = CARTESIAN_POINT ( 'NONE',  ( 0.000000000000000000, 0.000000000000000000, -5.000000000000035527 ) ) ;
#4004 = AXIS2_PLACEMENT_3D ( 'NONE', #3286, #3933, #3534 ) ;
#4005 = LINE ( 'NONE', #1585, #816 ) ;
#4006 = DIRECTION ( 'NONE',  ( 0.000000000000000000, 0.000000000000000000, -1.000000000000000000 ) ) ;
#4007 = AXIS2_PLACEMENT_3D ( 'NONE', #2223, #3613, #1776 ) ;
#4008 = CARTESIAN_POINT ( 'NONE',  ( 89.00000000000002842, -1.331803394072744145E-15, -98.45000000000000284 ) ) ;
#4009 = VECTOR ( 'NONE', #2247, 1000.000000000000000 ) ;
#4010 = EDGE_LOOP ( 'NONE', ( #795, #284, #2296, #3389 ) ) ;
#4011 = DIRECTION ( 'NONE',  ( -1.000000000000000000, -0.000000000000000000, -0.000000000000000000 ) ) ;
#4012 = AXIS2_PLACEMENT_3D ( 'NONE', #43, #1000, #956 ) ;
#4013 = CARTESIAN_POINT ( 'NONE',  ( 48.85662700000002445, 9.500000000000000000, -108.0000000000000000 ) ) ;
#4014 = ORIENTED_EDGE ( 'NONE', *, *, #1831, .F. ) ;
#4015 = ADVANCED_FACE ( 'NONE', ( #4398 ), #2556, .F. ) ;
#4016 = CARTESIAN_POINT ( 'NONE',  ( 49.78360000000002827, 9.500000000000000000, -96.37999999999999545 ) ) ;
#4017 =( NAMED_UNIT ( * ) PLANE_ANGLE_UNIT ( ) SI_UNIT ( $, .RADIAN. ) );
#4018 = ORIENTED_EDGE ( 'NONE', *, *, #3532, .T. ) ;
#4019 = LINE ( 'NONE', #1229, #3365 ) ;
#4020 = ORIENTED_EDGE ( 'NONE', *, *, #3827, .F. ) ;
#4021 = VERTEX_POINT ( 'NONE', #2214 ) ;
#4022 = EDGE_LOOP ( 'NONE', ( #2563, #4178, #4224, #1234 ) ) ;
#4023 = CARTESIAN_POINT ( 'NONE',  ( 31.24999999999998579, 21.50000000000000000, -54.75000000000000711 ) ) ;
#4024 = ORIENTED_EDGE ( 'NONE', *, *, #4293, .T. ) ;
#4025 = CARTESIAN_POINT ( 'NONE',  ( 98.45000000000000284, 0.000000000000000000, -38.12499999999999289 ) ) ;
#4026 = CARTESIAN_POINT ( 'NONE',  ( 83.49999999999997158, 19.00000000000000000, -24.49999999999999645 ) ) ;
#4027 = DIRECTION ( 'NONE',  ( 0.000000000000000000, 0.000000000000000000, 1.000000000000000000 ) ) ;
#4028 = ADVANCED_FACE ( 'NONE', ( #3605 ), #1873, .T. ) ;
#4029 = EDGE_CURVE ( 'NONE', #2762, #3765, #1223, .T. ) ;
#4030 = CARTESIAN_POINT ( 'NONE',  ( 31.24999999999998934, 21.50000000000000000, -69.75000000000000000 ) ) ;
#4031 = VECTOR ( 'NONE', #3696, 1000.000000000000000 ) ;
#4032 = VERTEX_POINT ( 'NONE', #4054 ) ;
#4033 = DIRECTION ( 'NONE',  ( -1.000000000000000000, 0.000000000000000000, 0.000000000000000000 ) ) ;
#4034 = CARTESIAN_POINT ( 'NONE',  ( 89.00000000000002842, 9.500000000000005329, -57.94999999999999574 ) ) ;
#4035 = DIRECTION ( 'NONE',  ( 0.000000000000000000, 0.000000000000000000, -1.000000000000000000 ) ) ;
#4036 = APPLICATION_PROTOCOL_DEFINITION ( 'international standard', 'config_control_design', 1994, #3455 ) ;
#4037 = ORIENTED_EDGE ( 'NONE', *, *, #2641, .F. ) ;
#4038 = CARTESIAN_POINT ( 'NONE',  ( 31.24999999999998579, 21.50000000000000000, -48.75000000000000000 ) ) ;
#4039 = EDGE_CURVE ( 'NONE', #4466, #1260, #3382, .T. ) ;
#4040 = VERTEX_POINT ( 'NONE', #770 ) ;
#4041 = ORIENTED_EDGE ( 'NONE', *, *, #4210, .F. ) ;
#4042 = AXIS2_PLACEMENT_3D ( 'NONE', #2831, #1410, #370 ) ;
#4043 = ORIENTED_EDGE ( 'NONE', *, *, #3643, .T. ) ;
#4044 = CARTESIAN_POINT ( 'NONE',  ( 76.75000000000000000, 21.50000000000000000, -61.50000000000000000 ) ) ;
#4045 = VERTEX_POINT ( 'NONE', #3719 ) ;
#4046 = DIRECTION ( 'NONE',  ( -0.000000000000000000, 0.000000000000000000, 1.000000000000000000 ) ) ;
#4047 = DIRECTION ( 'NONE',  ( -1.000000000000000000, -0.000000000000000000, -0.000000000000000000 ) ) ;
#4048 = CARTESIAN_POINT ( 'NONE',  ( 76.74999999999998579, 23.00000000000000000, -49.50000000000000000 ) ) ;
#4049 = DIRECTION ( 'NONE',  ( -0.000000000000000000, 1.000000000000000000, -0.000000000000000000 ) ) ;
#4050 = EDGE_CURVE ( 'NONE', #2341, #2722, #1480, .T. ) ;
#4051 = ORIENTED_EDGE ( 'NONE', *, *, #1446, .F. ) ;
#4052 = AXIS2_PLACEMENT_3D ( 'NONE', #4204, #2049, #2451 ) ;
#4053 = CARTESIAN_POINT ( 'NONE',  ( 89.00000000000002842, 9.500000000000005329, -53.99999999999999289 ) ) ;
#4054 = CARTESIAN_POINT ( 'NONE',  ( 108.0000000000000284, 19.00000000000000000, -102.9999999999999716 ) ) ;
#4055 = ORGANIZATION ( 'UNSPECIFIED', 'UNSPECIFIED', '' ) ;
#4056 = ADVANCED_FACE ( 'NONE', ( #1990 ), #1441, .F. ) ;
#4057 = DIRECTION ( 'NONE',  ( -0.000000000000000000, 1.000000000000000000, -0.000000000000000000 ) ) ;
#4058 = DATE_TIME_ROLE ( 'creation_date' ) ;
#4059 = CARTESIAN_POINT ( 'NONE',  ( 76.75000000000000000, 23.00000000000000000, -31.50000000000000000 ) ) ;
#4060 = DIRECTION ( 'NONE',  ( 0.000000000000000000, 0.000000000000000000, 1.000000000000000000 ) ) ;
#4061 = CIRCLE ( 'NONE', #1094, 3.000000000000002665 ) ;
#4062 = ORIENTED_EDGE ( 'NONE', *, *, #3874, .F. ) ;
#4063 = EDGE_LOOP ( 'NONE', ( #2830, #2720, #2370, #2143 ) ) ;
#4064 = ORIENTED_EDGE ( 'NONE', *, *, #128, .T. ) ;
#4065 = AXIS2_PLACEMENT_3D ( 'NONE', #1936, #1606, #2983 ) ;
#4066 = DIRECTION ( 'NONE',  ( -0.000000000000000000, 1.000000000000000000, -0.000000000000000000 ) ) ;
#4067 = ORIENTED_EDGE ( 'NONE', *, *, #1287, .F. ) ;
#4068 = LINE ( 'NONE', #3353, #2621 ) ;
#4069 = CIRCLE ( 'NONE', #2686, 0.7500000000000006661 ) ;
#4070 = VECTOR ( 'NONE', #1764, 1000.000000000000000 ) ;
#4071 = ADVANCED_FACE ( 'NONE', ( #3035 ), #2690, .F. ) ;
#4072 = LINE ( 'NONE', #3331, #670 ) ;
#4073 = FACE_OUTER_BOUND ( 'NONE', #2358, .T. ) ;
#4074 = CIRCLE ( 'NONE', #2166, 3.174999999999997158 ) ;
#4075 = VECTOR ( 'NONE', #793, 1000.000000000000000 ) ;
#4076 = DIRECTION ( 'NONE',  ( -1.000000000000000000, 0.000000000000000000, -0.000000000000000000 ) ) ;
#4077 = APPROVAL ( #329, 'UNSPECIFIED' ) ;
#4078 = VECTOR ( 'NONE', #491, 1000.000000000000000 ) ;
#4079 = VERTEX_POINT ( 'NONE', #641 ) ;
#4080 = FACE_OUTER_BOUND ( 'NONE', #4022, .T. ) ;
#4081 = CARTESIAN_POINT ( 'NONE',  ( 31.24999999999998579, 23.00000000000000000, -63.75000000000000000 ) ) ;
#4082 = VECTOR ( 'NONE', #1427, 1000.000000000000000 ) ;
#4083 = LINE ( 'NONE', #1991, #2947 ) ;
#4084 = VECTOR ( 'NONE', #1591, 1000.000000000000000 ) ;
#4085 = CARTESIAN_POINT ( 'NONE',  ( 86.49999999999997158, 19.00000000000000000, -83.49999999999998579 ) ) ;
#4086 = EDGE_CURVE ( 'NONE', #2703, #3662, #4074, .T. ) ;
#4087 = CARTESIAN_POINT ( 'NONE',  ( 30.00000000000000000, 8.890000000000000568, -30.75000000000000000 ) ) ;
#4088 = VERTEX_POINT ( 'NONE', #1657 ) ;
#4089 = ORIENTED_EDGE ( 'NONE', *, *, #2777, .F. ) ;
#4090 = ORIENTED_EDGE ( 'NONE', *, *, #2501, .T. ) ;
#4091 = CARTESIAN_POINT ( 'NONE',  ( 31.24999999999998579, 21.50000000000000000, -59.25000000000000000 ) ) ;
#4092 = VERTEX_POINT ( 'NONE', #4081 ) ;
#4093 = DIRECTION ( 'NONE',  ( 0.000000000000000000, 0.000000000000000000, 1.000000000000000000 ) ) ;
#4094 = DIRECTION ( 'NONE',  ( 0.000000000000000000, 0.000000000000000000, -1.000000000000000000 ) ) ;
#4095 = LINE ( 'NONE', #206, #451 ) ;
#4096 = EDGE_CURVE ( 'NONE', #2251, #2860, #365, .T. ) ;
#4097 = LINE ( 'NONE', #4374, #1937 ) ;
#4098 = ORIENTED_EDGE ( 'NONE', *, *, #2707, .F. ) ;
#4099 = CARTESIAN_POINT ( 'NONE',  ( 21.49999999999998579, 19.00000000000000000, -24.49999999999999645 ) ) ;
#4100 = FACE_BOUND ( 'NONE', #1996, .T. ) ;
#4101 = PLANE ( 'NONE',  #1850 ) ;
#4102 = VECTOR ( 'NONE', #4399, 1000.000000000000000 ) ;
#4103 = PERSON_AND_ORGANIZATION ( #3044, #4055 ) ;
#4104 = DIRECTION ( 'NONE',  ( -0.000000000000000000, -1.000000000000000000, 0.000000000000000000 ) ) ;
#4105 = DIRECTION ( 'NONE',  ( 1.000000000000000000, 0.000000000000000000, 0.000000000000000000 ) ) ;
#4106 = ORIENTED_EDGE ( 'NONE', *, *, #1286, .F. ) ;
#4107 = ORIENTED_EDGE ( 'NONE', *, *, #2374, .F. ) ;
#4108 = EDGE_CURVE ( 'NONE', #2787, #1125, #982, .T. ) ;
#4109 = EDGE_LOOP ( 'NONE', ( #2102, #130, #243, #4218, #509, #1072 ) ) ;
#4110 = DIRECTION ( 'NONE',  ( 0.000000000000000000, 0.000000000000000000, 1.000000000000000000 ) ) ;
#4111 = ORIENTED_EDGE ( 'NONE', *, *, #2195, .T. ) ;
#4112 = AXIS2_PLACEMENT_3D ( 'NONE', #3463, #2027, #362 ) ;
#4113 = CYLINDRICAL_SURFACE ( 'NONE', #4219, 3.174999999999997158 ) ;
#4114 = EDGE_CURVE ( 'NONE', #763, #1032, #1598, .T. ) ;
#4115 = DIRECTION ( 'NONE',  ( -0.000000000000000000, 1.000000000000000000, -0.000000000000000000 ) ) ;
#4116 = CARTESIAN_POINT ( 'NONE',  ( 31.24999999999998579, 21.50000000000000000, -63.75000000000000000 ) ) ;
#4117 = DIRECTION ( 'NONE',  ( 0.000000000000000000, 0.000000000000000000, 1.000000000000000000 ) ) ;
#4118 = DIRECTION ( 'NONE',  ( 0.000000000000000000, 0.000000000000000000, 1.000000000000000000 ) ) ;
#4119 = EDGE_CURVE ( 'NONE', #4363, #3881, #1699, .T. ) ;
#4120 = VERTEX_POINT ( 'NONE', #2794 ) ;
#4121 = CARTESIAN_POINT ( 'NONE',  ( 31.24999999999998579, 21.50000000000000000, -30.75000000000000000 ) ) ;
#4122 = AXIS2_PLACEMENT_3D ( 'NONE', #2139, #3533, #1292 ) ;
#4123 = CARTESIAN_POINT ( 'NONE',  ( 31.24999999999998579, 21.50000000000000000, -39.75000000000000000 ) ) ;
#4124 = EDGE_CURVE ( 'NONE', #3902, #3757, #801, .T. ) ;
#4125 = COORDINATED_UNIVERSAL_TIME_OFFSET ( 1, 0, .AHEAD. ) ;
#4126 = CARTESIAN_POINT ( 'NONE',  ( 76.74999999999998579, 23.00000000000000000, -29.25000000000000000 ) ) ;
#4127 = CARTESIAN_POINT ( 'NONE',  ( 24.49999999999998224, 23.00000000000000000, -21.50000000000000000 ) ) ;
#4128 = ORIENTED_EDGE ( 'NONE', *, *, #3943, .F. ) ;
#4129 = ORIENTED_EDGE ( 'NONE', *, *, #4274, .T. ) ;
#4130 = CIRCLE ( 'NONE', #593, 0.7937499999999888534 ) ;
#4131 = ORIENTED_EDGE ( 'NONE', *, *, #3728, .T. ) ;
#4132 = CARTESIAN_POINT ( 'NONE',  ( 31.24999999999998579, 21.50000000000000000, -47.25000000000000000 ) ) ;
#4133 = AXIS2_PLACEMENT_3D ( 'NONE', #1332, #4006, #3377 ) ;
#4134 = ORIENTED_EDGE ( 'NONE', *, *, #3602, .F. ) ;
#4135 = EDGE_CURVE ( 'NONE', #1889, #1407, #725, .T. ) ;
#4136 = DIRECTION ( 'NONE',  ( 0.000000000000000000, 0.000000000000000000, -1.000000000000000000 ) ) ;
#4137 = CARTESIAN_POINT ( 'NONE',  ( 34.95000000000000284, 19.00000000000000000, -95.27500000000695479 ) ) ;
#4138 = CIRCLE ( 'NONE', #1816, 3.174999999999997158 ) ;
#4139 = FACE_OUTER_BOUND ( 'NONE', #3812, .T. ) ;
#4140 = FACE_OUTER_BOUND ( 'NONE', #3323, .T. ) ;
#4141 = ADVANCED_FACE ( 'NONE', ( #2327, #4445, #325, #4100, #3083, #298, #1337, #2714, #661, #3425, #3512, #1781, #3166 ), #2479, .F. ) ;
#4142 = AXIS2_PLACEMENT_3D ( 'NONE', #519, #3190, #1169 ) ;
#4143 = CARTESIAN_POINT ( 'NONE',  ( 108.0000000000000284, 9.500000000000005329, -50.04999999999999005 ) ) ;
#4144 = AXIS2_PLACEMENT_3D ( 'NONE', #2776, #388, #3125 ) ;
#4145 = CIRCLE ( 'NONE', #2693, 2.999999999999999112 ) ;
#4146 = ORIENTED_EDGE ( 'NONE', *, *, #2523, .F. ) ;
#4147 = DIRECTION ( 'NONE',  ( 0.000000000000000000, 0.000000000000000000, 1.000000000000000000 ) ) ;
#4148 = CIRCLE ( 'NONE', #753, 0.7500000000000006661 ) ;
#4149 = FACE_OUTER_BOUND ( 'NONE', #1290, .T. ) ;
#4150 = PERSON_AND_ORGANIZATION ( #3044, #4055 ) ;
#4151 = CARTESIAN_POINT ( 'NONE',  ( 30.00000000000000000, 8.890000000000000568, -26.82500000000000284 ) ) ;
#4152 = ORIENTED_EDGE ( 'NONE', *, *, #692, .T. ) ;
#4153 = ADVANCED_FACE ( 'NONE', ( #2667 ), #3887, .F. ) ;
#4154 = VERTEX_POINT ( 'NONE', #2499 ) ;
#4155 = VECTOR ( 'NONE', #729, 1000.000000000000000 ) ;
#4156 = EDGE_LOOP ( 'NONE', ( #32, #1561, #4386, #336 ) ) ;
#4157 = DIRECTION ( 'NONE',  ( 0.000000000000000000, 0.000000000000000000, 1.000000000000000000 ) ) ;
#4158 = ORIENTED_EDGE ( 'NONE', *, *, #2009, .T. ) ;
#4159 = PLANE ( 'NONE',  #3287 ) ;
#4160 = LINE ( 'NONE', #3143, #1308 ) ;
#4161 = LINE ( 'NONE', #1055, #1520 ) ;
#4162 = CARTESIAN_POINT ( 'NONE',  ( 58.21640000000002857, 9.500000000000000000, -107.0000000000000000 ) ) ;
#4163 = CARTESIAN_POINT ( 'NONE',  ( 31.24999999999998579, 21.50000000000000000, -76.50000000000001421 ) ) ;
#4164 = EDGE_CURVE ( 'NONE', #892, #76, #2844, .T. ) ;
#4165 = EDGE_CURVE ( 'NONE', #2904, #2992, #4235, .T. ) ;
#4166 = ORIENTED_EDGE ( 'NONE', *, *, #3969, .T. ) ;
#4167 = FACE_OUTER_BOUND ( 'NONE', #133, .T. ) ;
#4168 = CARTESIAN_POINT ( 'NONE',  ( 31.24999999999998579, 21.50000000000000000, -56.25000000000000000 ) ) ;
#4169 = LINE ( 'NONE', #4452, #1628 ) ;
#4170 = ORIENTED_EDGE ( 'NONE', *, *, #958, .F. ) ;
#4171 = VERTEX_POINT ( 'NONE', #1823 ) ;
#4172 = CARTESIAN_POINT ( 'NONE',  ( 54.00000000000002842, 9.500000000000000000, -107.0000000000000000 ) ) ;
#4173 = VECTOR ( 'NONE', #3921, 1000.000000000000000 ) ;
#4174 = DIRECTION ( 'NONE',  ( -0.000000000000000000, -1.000000000000000000, -0.000000000000000000 ) ) ;
#4175 = ADVANCED_FACE ( 'NONE', ( #4080 ), #640, .T. ) ;
#4176 = ORIENTED_EDGE ( 'NONE', *, *, #1149, .F. ) ;
#4177 = DIRECTION ( 'NONE',  ( 0.000000000000000000, 0.000000000000000000, 1.000000000000000000 ) ) ;
#4178 = ORIENTED_EDGE ( 'NONE', *, *, #1592, .F. ) ;
#4179 = CARTESIAN_POINT ( 'NONE',  ( 19.00000000000000000, 0.000000000000000000, -100.2749999999999915 ) ) ;
#4180 = CARTESIAN_POINT ( 'NONE',  ( 89.00000000000002842, 0.000000000000000000, -98.45000000000000284 ) ) ;
#4181 = DIRECTION ( 'NONE',  ( -0.000000000000000000, 1.000000000000000000, -0.000000000000000000 ) ) ;
#4182 = DIRECTION ( 'NONE',  ( -1.000000000000000000, 0.000000000000000000, -0.000000000000000000 ) ) ;
#4183 = VECTOR ( 'NONE', #2433, 1000.000000000000000 ) ;
#4184 = DIRECTION ( 'NONE',  ( -0.000000000000000000, -1.000000000000000000, 0.000000000000000000 ) ) ;
#4185 = LINE ( 'NONE', #3148, #2151 ) ;
#4186 = ORIENTED_EDGE ( 'NONE', *, *, #1119, .F. ) ;
#4187 = DIRECTION ( 'NONE',  ( 0.000000000000000000, 0.000000000000000000, 1.000000000000000000 ) ) ;
#4188 = EDGE_CURVE ( 'NONE', #4045, #4191, #3033, .T. ) ;
#4189 = CARTESIAN_POINT ( 'NONE',  ( 31.24999999999998579, 21.50000000000000000, -77.25000000000000000 ) ) ;
#4190 = LINE ( 'NONE', #1181, #393 ) ;
#4191 = VERTEX_POINT ( 'NONE', #4099 ) ;
#4192 = ORIENTED_EDGE ( 'NONE', *, *, #682, .F. ) ;
#4193 = CYLINDRICAL_SURFACE ( 'NONE', #1511, 3.950000000000001954 ) ;
#4194 = DIRECTION ( 'NONE',  ( -1.000000000000000000, 0.000000000000000000, -0.000000000000000000 ) ) ;
#4195 = AXIS2_PLACEMENT_3D ( 'NONE', #3060, #4444, #1336 ) ;
#4196 = EDGE_LOOP ( 'NONE', ( #890, #1684 ) ) ;
#4197 = VECTOR ( 'NONE', #698, 1000.000000000000000 ) ;
#4198 = DIRECTION ( 'NONE',  ( -0.000000000000000000, 1.000000000000000000, -0.000000000000000000 ) ) ;
#4199 = ORIENTED_EDGE ( 'NONE', *, *, #1861, .F. ) ;
#4200 = CARTESIAN_POINT ( 'NONE',  ( 31.24999999999998579, 21.50000000000000000, -32.25000000000000000 ) ) ;
#4201 = ORIENTED_EDGE ( 'NONE', *, *, #1579, .T. ) ;
#4202 = AXIS2_PLACEMENT_3D ( 'NONE', #4180, #3396, #2450 ) ;
#4203 = DIRECTION ( 'NONE',  ( -0.000000000000000000, 1.000000000000000000, -0.000000000000000000 ) ) ;
#4204 = CARTESIAN_POINT ( 'NONE',  ( 76.74999999999998579, 21.50000000000000000, -61.50000000000000000 ) ) ;
#4205 = CIRCLE ( 'NONE', #3197, 2.250000000000001776 ) ;
#4206 = DIRECTION ( 'NONE',  ( 0.000000000000000000, 1.000000000000000000, -0.000000000000000000 ) ) ;
#4207 = DIRECTION ( 'NONE',  ( -0.000000000000000000, -1.000000000000000000, -0.000000000000000000 ) ) ;
#4208 = DIRECTION ( 'NONE',  ( 0.000000000000000000, 0.000000000000000000, 1.000000000000000000 ) ) ;
#4209 = ADVANCED_FACE ( 'NONE', ( #2989 ), #998, .F. ) ;
#4210 = EDGE_CURVE ( 'NONE', #1152, #3020, #3673, .T. ) ;
#4211 = ORIENTED_EDGE ( 'NONE', *, *, #292, .T. ) ;
#4212 = CARTESIAN_POINT ( 'NONE',  ( 31.24999999999998579, 21.50000000000000000, -41.25000000000000000 ) ) ;
#4213 = DIRECTION ( 'NONE',  ( -0.000000000000000000, -1.000000000000000000, -0.000000000000000000 ) ) ;
#4214 = CIRCLE ( 'NONE', #2259, 5.000000000000004441 ) ;
#4215 = DIRECTION ( 'NONE',  ( -0.000000000000000000, 0.000000000000000000, 1.000000000000000000 ) ) ;
#4216 = CIRCLE ( 'NONE', #1321, 3.174999999999983391 ) ;
#4217 = DIRECTION ( 'NONE',  ( 0.000000000000000000, 1.000000000000000000, -0.000000000000000000 ) ) ;
#4218 = ORIENTED_EDGE ( 'NONE', *, *, #999, .F. ) ;
#4219 = AXIS2_PLACEMENT_3D ( 'NONE', #1368, #2744, #4136 ) ;
#4220 = LINE ( 'NONE', #1118, #2672 ) ;
#4221 = EDGE_CURVE ( 'NONE', #1922, #1664, #2666, .T. ) ;
#4222 = CARTESIAN_POINT ( 'NONE',  ( 19.00000000000000000, 0.000000000000000000, -96.62500000000000000 ) ) ;
#4223 = EDGE_CURVE ( 'NONE', #2936, #1324, #657, .T. ) ;
#4224 = ORIENTED_EDGE ( 'NONE', *, *, #1853, .F. ) ;
#4225 = AXIS2_PLACEMENT_3D ( 'NONE', #1134, #3264, #2921 ) ;
#4226 = DIRECTION ( 'NONE',  ( 0.000000000000000000, 0.000000000000000000, -1.000000000000000000 ) ) ;
#4227 = ORIENTED_EDGE ( 'NONE', *, *, #2025, .F. ) ;
#4228 = AXIS2_PLACEMENT_3D ( 'NONE', #4292, #510, #1188 ) ;
#4229 = DIRECTION ( 'NONE',  ( 1.000000000000000000, -0.000000000000000000, -0.000000000000000000 ) ) ;
#4230 = ORIENTED_EDGE ( 'NONE', *, *, #4350, .T. ) ;
#4231 = DIRECTION ( 'NONE',  ( -1.000000000000000000, -0.000000000000000000, -0.000000000000000000 ) ) ;
#4232 = ORIENTED_EDGE ( 'NONE', *, *, #4050, .F. ) ;
#4233 = AXIS2_PLACEMENT_3D ( 'NONE', #4333, #3297, #3693 ) ;
#4234 = CARTESIAN_POINT ( 'NONE',  ( 89.00000000000002842, 19.00000000000000000, -98.45000000000000284 ) ) ;
#4235 = LINE ( 'NONE', #453, #3262 ) ;
#4236 = DIRECTION ( 'NONE',  ( 1.000000000000000000, -0.000000000000000000, -1.284980352575412699E-16 ) ) ;
#4237 = ORIENTED_EDGE ( 'NONE', *, *, #136, .F. ) ;
#4238 = CARTESIAN_POINT ( 'NONE',  ( 103.0000000000000284, 19.00000000000000000, -5.000000000000000000 ) ) ;
#4239 = EDGE_CURVE ( 'NONE', #967, #2275, #1950, .T. ) ;
#4240 = DIRECTION ( 'NONE',  ( -0.000000000000000000, -0.000000000000000000, -1.000000000000000000 ) ) ;
#4241 = FACE_OUTER_BOUND ( 'NONE', #1414, .T. ) ;
#4242 = DIRECTION ( 'NONE',  ( 0.000000000000000000, 0.000000000000000000, 1.000000000000000000 ) ) ;
#4243 = ORIENTED_EDGE ( 'NONE', *, *, #931, .T. ) ;
#4244 = LINE ( 'NONE', #3203, #3682 ) ;
#4245 = CARTESIAN_POINT ( 'NONE',  ( 9.550000000000007816, 19.00000000000000000, -34.94999999999999574 ) ) ;
#4246 = ORIENTED_EDGE ( 'NONE', *, *, #2898, .T. ) ;
#4247 = CARTESIAN_POINT ( 'NONE',  ( 76.74999999999998579, 21.50000000000000000, -47.25000000000000000 ) ) ;
#4248 = ORIENTED_EDGE ( 'NONE', *, *, #4255, .F. ) ;
#4249 = PLANE ( 'NONE',  #2915 ) ;
#4250 = EDGE_CURVE ( 'NONE', #1965, #3274, #3041, .T. ) ;
#4251 = CARTESIAN_POINT ( 'NONE',  ( 9.550000000000004263, 19.00000000000000000, -76.22499999999999432 ) ) ;
#4252 = VERTEX_POINT ( 'NONE', #3400 ) ;
#4253 = DIRECTION ( 'NONE',  ( 1.000000000000000000, 0.000000000000000000, 0.000000000000000000 ) ) ;
#4254 = DIRECTION ( 'NONE',  ( -1.284980352575417383E-16, 0.000000000000000000, -1.000000000000000000 ) ) ;
#4255 = EDGE_CURVE ( 'NONE', #3081, #3153, #1314, .T. ) ;
#4256 = ORIENTED_EDGE ( 'NONE', *, *, #2024, .F. ) ;
#4257 = CARTESIAN_POINT ( 'NONE',  ( 98.45000000000000284, 0.000000000000000000, -73.04999999999999716 ) ) ;
#4258 = FACE_OUTER_BOUND ( 'NONE', #3941, .T. ) ;
#4259 = AXIS2_PLACEMENT_3D ( 'NONE', #2510, #3498, #1812 ) ;
#4260 = CARTESIAN_POINT ( 'NONE',  ( 76.74999999999998579, 21.50000000000000000, -57.75000000000000000 ) ) ;
#4261 = ORIENTED_EDGE ( 'NONE', *, *, #4029, .F. ) ;
#4262 = EDGE_CURVE ( 'NONE', #2910, #2264, #1519, .T. ) ;
#4263 = FACE_OUTER_BOUND ( 'NONE', #4156, .T. ) ;
#4264 = LINE ( 'NONE', #3587, #1805 ) ;
#4265 = ORIENTED_EDGE ( 'NONE', *, *, #3505, .F. ) ;
#4266 = FACE_OUTER_BOUND ( 'NONE', #445, .T. ) ;
#4267 = ORIENTED_EDGE ( 'NONE', *, *, #463, .T. ) ;
#4268 = FACE_OUTER_BOUND ( 'NONE', #3963, .T. ) ;
#4269 = EDGE_LOOP ( 'NONE', ( #2338, #856, #35, #788 ) ) ;
#4270 = CIRCLE ( 'NONE', #1734, 3.174999999999983391 ) ;
#4271 = FACE_OUTER_BOUND ( 'NONE', #2784, .T. ) ;
#4272 = ORIENTED_EDGE ( 'NONE', *, *, #1148, .T. ) ;
#4273 = DIRECTION ( 'NONE',  ( 0.000000000000000000, 1.000000000000000000, 0.000000000000000000 ) ) ;
#4274 = EDGE_CURVE ( 'NONE', #1270, #1686, #1988, .T. ) ;
#4275 = VECTOR ( 'NONE', #1273, 1000.000000000000000 ) ;
#4276 = CARTESIAN_POINT ( 'NONE',  ( 0.000000000000000000, 9.500000000000005329, -53.99999999999997868 ) ) ;
#4277 = VERTEX_POINT ( 'NONE', #3737 ) ;
#4278 = EDGE_CURVE ( 'NONE', #805, #3486, #3336, .T. ) ;
#4279 = DIRECTION ( 'NONE',  ( 0.000000000000000000, 0.000000000000000000, -1.000000000000000000 ) ) ;
#4280 = VECTOR ( 'NONE', #4451, 1000.000000000000000 ) ;
#4281 = DIRECTION ( 'NONE',  ( 0.000000000000000000, 0.000000000000000000, 1.000000000000000000 ) ) ;
#4282 = ORIENTED_EDGE ( 'NONE', *, *, #2140, .T. ) ;
#4283 = CIRCLE ( 'NONE', #2323, 3.000000000000002665 ) ;
#4284 = DIRECTION ( 'NONE',  ( 0.000000000000000000, 0.000000000000000000, -1.000000000000000000 ) ) ;
#4285 = EDGE_LOOP ( 'NONE', ( #109, #683, #2806, #1101 ) ) ;
#4286 = VECTOR ( 'NONE', #565, 1000.000000000000000 ) ;
#4287 = CIRCLE ( 'NONE', #3059, 3.174999999999997158 ) ;
#4288 = DIRECTION ( 'NONE',  ( 1.000000000000000000, 0.000000000000000000, -1.284980352575412699E-16 ) ) ;
#4289 = FACE_OUTER_BOUND ( 'NONE', #3178, .T. ) ;
#4290 = ORIENTED_EDGE ( 'NONE', *, *, #589, .T. ) ;
#4291 = AXIS2_PLACEMENT_3D ( 'NONE', #3525, #2154, #1122 ) ;
#4292 = CARTESIAN_POINT ( 'NONE',  ( 76.74999999999998579, 21.50000000000000000, -49.50000000000000000 ) ) ;
#4293 = EDGE_CURVE ( 'NONE', #4458, #3244, #4270, .T. ) ;
#4294 = CIRCLE ( 'NONE', #3063, 3.174999999999997158 ) ;
#4295 = ORIENTED_EDGE ( 'NONE', *, *, #822, .F. ) ;
#4296 = CYLINDRICAL_SURFACE ( 'NONE', #1329, 3.174999999999997158 ) ;
#4297 = ORIENTED_EDGE ( 'NONE', *, *, #1831, .T. ) ;
#4298 = LINE ( 'NONE', #3528, #1237 ) ;
#4299 = VECTOR ( 'NONE', #2494, 1000.000000000000000 ) ;
#4300 = ORIENTED_EDGE ( 'NONE', *, *, #1752, .T. ) ;
#4301 = CARTESIAN_POINT ( 'NONE',  ( 30.00000000000000000, 23.00000000000000000, -30.00000000000000000 ) ) ;
#4302 = CIRCLE ( 'NONE', #3579, 2.250000000000001776 ) ;
#4303 = EDGE_LOOP ( 'NONE', ( #4107, #287, #3289, #1662 ) ) ;
#4304 = CARTESIAN_POINT ( 'NONE',  ( 5.000000000000000000, 19.00000000000000000, -103.0000000000000000 ) ) ;
#4305 = DIRECTION ( 'NONE',  ( -0.000000000000000000, -1.000000000000000000, -0.000000000000000000 ) ) ;
#4306 = CIRCLE ( 'NONE', #2853, 0.7500000000000006661 ) ;
#4307 = ORIENTED_EDGE ( 'NONE', *, *, #1624, .T. ) ;
#4308 = FACE_OUTER_BOUND ( 'NONE', #538, .T. ) ;
#4309 = CARTESIAN_POINT ( 'NONE',  ( 76.74999999999998579, 23.00000000000000000, -54.75000000000000000 ) ) ;
#4310 = EDGE_CURVE ( 'NONE', #3486, #143, #2311, .T. ) ;
#4311 = ADVANCED_FACE ( 'NONE', ( #914 ), #2371, .F. ) ;
#4312 = EDGE_LOOP ( 'NONE', ( #3994, #421, #125, #3071 ) ) ;
#4313 = CARTESIAN_POINT ( 'NONE',  ( 76.74999999999998579, 21.50000000000000000, -68.25000000000000000 ) ) ;
#4314 = ORIENTED_EDGE ( 'NONE', *, *, #766, .F. ) ;
#4315 = EDGE_CURVE ( 'NONE', #25, #3990, #595, .T. ) ;
#4316 = LINE ( 'NONE', #141, #3015 ) ;
#4317 = DIRECTION ( 'NONE',  ( 0.000000000000000000, 0.000000000000000000, 1.000000000000000000 ) ) ;
#4318 = VERTEX_POINT ( 'NONE', #936 ) ;
#4319 = DIRECTION ( 'NONE',  ( -1.000000000000000000, 0.000000000000000000, 0.000000000000000000 ) ) ;
#4320 = VERTEX_POINT ( 'NONE', #1268 ) ;
#4321 = ORIENTED_EDGE ( 'NONE', *, *, #4310, .T. ) ;
#4322 = ADVANCED_FACE ( 'NONE', ( #324, #4354, #1614, #2644, #2304, #468, #782, #2859, #1411, #1432, #1791, #1501 ), #1093, .T. ) ;
#4323 = VERTEX_POINT ( 'NONE', #2131 ) ;
#4324 = CARTESIAN_POINT ( 'NONE',  ( 31.24999999999998579, 23.00000000000000000, -39.75000000000000000 ) ) ;
#4325 = ORIENTED_EDGE ( 'NONE', *, *, #431, .F. ) ;
#4326 = DIRECTION ( 'NONE',  ( 1.000000000000000000, 0.000000000000000000, 0.000000000000000000 ) ) ;
#4327 = EDGE_CURVE ( 'NONE', #2870, #2992, #3549, .T. ) ;
#4328 = CARTESIAN_POINT ( 'NONE',  ( 19.00000000000000000, 9.500000000000005329, -53.99999999999997868 ) ) ;
#4329 = VECTOR ( 'NONE', #1678, 1000.000000000000000 ) ;
#4330 = LINE ( 'NONE', #2919, #1106 ) ;
#4331 = DIRECTION ( 'NONE',  ( 1.000000000000000000, 0.000000000000000000, -1.284980352575412699E-16 ) ) ;
#4332 = ORIENTED_EDGE ( 'NONE', *, *, #2773, .T. ) ;
#4333 = CARTESIAN_POINT ( 'NONE',  ( 31.24999999999998934, 23.00000000000000000, -70.50000000000000000 ) ) ;
#4334 = ADVANCED_FACE ( 'NONE', ( #1069 ), #2468, .F. ) ;
#4335 = AXIS2_PLACEMENT_3D ( 'NONE', #2121, #2730, #4208 ) ;
#4336 = ORIENTED_EDGE ( 'NONE', *, *, #2208, .F. ) ;
#4337 = DIRECTION ( 'NONE',  ( 0.000000000000000000, 0.000000000000000000, -1.000000000000000000 ) ) ;
#4338 = CARTESIAN_POINT ( 'NONE',  ( 31.24999999999998934, 21.50000000000000000, -76.50000000000001421 ) ) ;
#4339 = ORIENTED_EDGE ( 'NONE', *, *, #1571, .T. ) ;
#4340 = CARTESIAN_POINT ( 'NONE',  ( 76.74999999999998579, 21.50000000000000000, -33.75000000000000000 ) ) ;
#4341 = VERTEX_POINT ( 'NONE', #2532 ) ;
#4342 = ORIENTED_EDGE ( 'NONE', *, *, #3970, .F. ) ;
#4343 = EDGE_LOOP ( 'NONE', ( #659, #4336 ) ) ;
#4344 = CARTESIAN_POINT ( 'NONE',  ( 54.00000000000002842, 9.500000000000000000, -108.0000000000000000 ) ) ;
#4345 = ORIENTED_EDGE ( 'NONE', *, *, #4239, .T. ) ;
#4346 = DIRECTION ( 'NONE',  ( 0.000000000000000000, 0.000000000000000000, -1.000000000000000000 ) ) ;
#4347 = CARTESIAN_POINT ( 'NONE',  ( 76.74999999999998579, 21.50000000000000000, -35.25000000000000000 ) ) ;
#4348 = FACE_OUTER_BOUND ( 'NONE', #140, .T. ) ;
#4349 = CC_DESIGN_APPROVAL ( #4077, ( #2385 ) ) ;
#4350 = EDGE_CURVE ( 'NONE', #2699, #3766, #3186, .T. ) ;
#4351 = DIRECTION ( 'NONE',  ( 0.000000000000000000, 0.000000000000000000, 1.000000000000000000 ) ) ;
#4352 = CONICAL_SURFACE ( 'NONE', #1604, 0.7937499999999888534, 1.029744258676632995 ) ;
#4353 = ORIENTED_EDGE ( 'NONE', *, *, #1945, .T. ) ;
#4354 = FACE_BOUND ( 'NONE', #464, .T. ) ;
#4355 = VECTOR ( 'NONE', #1694, 1000.000000000000000 ) ;
#4356 = FACE_OUTER_BOUND ( 'NONE', #925, .T. ) ;
#4357 = ORIENTED_EDGE ( 'NONE', *, *, #2961, .T. ) ;
#4358 = CARTESIAN_POINT ( 'NONE',  ( 9.550000000000007816, 19.00000000000000000, -34.94999999999999574 ) ) ;
#4359 = AXIS2_PLACEMENT_3D ( 'NONE', #3803, #2077, #3468 ) ;
#4360 = FACE_BOUND ( 'NONE', #514, .T. ) ;
#4361 = ORIENTED_EDGE ( 'NONE', *, *, #3168, .F. ) ;
#4362 = LINE ( 'NONE', #3636, #618 ) ;
#4363 = VERTEX_POINT ( 'NONE', #3859 ) ;
#4364 = ORIENTED_EDGE ( 'NONE', *, *, #1263, .F. ) ;
#4365 = EDGE_CURVE ( 'NONE', #1857, #2064, #2512, .T. ) ;
#4366 = VECTOR ( 'NONE', #1864, 1000.000000000000000 ) ;
#4367 = EDGE_LOOP ( 'NONE', ( #1299, #2513, #3194, #2719 ) ) ;
#4368 = DIRECTION ( 'NONE',  ( 0.000000000000000000, 0.000000000000000000, 1.000000000000000000 ) ) ;
#4369 = ORIENTED_EDGE ( 'NONE', *, *, #3897, .F. ) ;
#4370 = DIRECTION ( 'NONE',  ( 0.8571673007021127777, 1.049727191138619189E-16, -0.5150380749100533784 ) ) ;
#4371 = VECTOR ( 'NONE', #13, 1000.000000000000000 ) ;
#4372 = DIRECTION ( 'NONE',  ( 0.000000000000000000, 1.000000000000000000, 0.000000000000000000 ) ) ;
#4373 = CYLINDRICAL_SURFACE ( 'NONE', #813, 0.7500000000000006661 ) ;
#4374 = CARTESIAN_POINT ( 'NONE',  ( 24.49999999999998224, 23.00000000000000000, -86.50000000000000000 ) ) ;
#4375 = CIRCLE ( 'NONE', #756, 0.7500000000000006661 ) ;
#4376 = ADVANCED_FACE ( 'NONE', ( #3543 ), #1160, .F. ) ;
#4377 = ORIENTED_EDGE ( 'NONE', *, *, #722, .F. ) ;
#4378 = DIRECTION ( 'NONE',  ( -0.000000000000000000, -0.000000000000000000, -1.000000000000000000 ) ) ;
#4379 = CARTESIAN_POINT ( 'NONE',  ( 31.24999999999998579, 21.50000000000000000, -32.25000000000000000 ) ) ;
#4380 = EDGE_LOOP ( 'NONE', ( #2583, #3339, #1736, #3423 ) ) ;
#4381 = PLANE ( 'NONE',  #2360 ) ;
#4382 = CARTESIAN_POINT ( 'NONE',  ( 98.45000000000000284, 0.000000000000000000, -34.94999999999999574 ) ) ;
#4383 = LINE ( 'NONE', #2582, #2268 ) ;
#4384 = ORIENTED_EDGE ( 'NONE', *, *, #3670, .T. ) ;
#4385 = EDGE_LOOP ( 'NONE', ( #2314, #3568, #1725, #2028 ) ) ;
#4386 = ORIENTED_EDGE ( 'NONE', *, *, #3826, .F. ) ;
#4387 = DIRECTION ( 'NONE',  ( 0.000000000000000000, 0.000000000000000000, -1.000000000000000000 ) ) ;
#4388 = VERTEX_POINT ( 'NONE', #121 ) ;
#4389 = EDGE_CURVE ( 'NONE', #3691, #1409, #441, .T. ) ;
#4390 = CARTESIAN_POINT ( 'NONE',  ( 83.49999999999995737, 19.00000000000000000, -86.50000000000000000 ) ) ;
#4391 = CARTESIAN_POINT ( 'NONE',  ( 31.24999999999998579, 23.00000000000000000, -63.75000000000000000 ) ) ;
#4392 = LINE ( 'NONE', #2366, #1961 ) ;
#4393 = EDGE_CURVE ( 'NONE', #3306, #2238, #485, .T. ) ;
#4394 = FACE_OUTER_BOUND ( 'NONE', #2488, .T. ) ;
#4395 = CONICAL_SURFACE ( 'NONE', #1498, 0.7937499999999888534, 1.029744258676632995 ) ;
#4396 = ORIENTED_EDGE ( 'NONE', *, *, #3338, .T. ) ;
#4397 = DIRECTION ( 'NONE',  ( 1.000000000000000000, 0.000000000000000000, 0.000000000000000000 ) ) ;
#4398 = FACE_OUTER_BOUND ( 'NONE', #4285, .T. ) ;
#4399 = DIRECTION ( 'NONE',  ( -1.000000000000000000, -0.000000000000000000, -0.000000000000000000 ) ) ;
#4400 = AXIS2_PLACEMENT_3D ( 'NONE', #4163, #2074, #3167 ) ;
#4401 = ORIENTED_EDGE ( 'NONE', *, *, #1752, .F. ) ;
#4402 = DIRECTION ( 'NONE',  ( 1.000000000000000000, 0.000000000000000000, 0.000000000000000000 ) ) ;
#4403 = ORIENTED_EDGE ( 'NONE', *, *, #2141, .F. ) ;
#4404 = EDGE_CURVE ( 'NONE', #3182, #4277, #3831, .T. ) ;
#4405 = ORIENTED_EDGE ( 'NONE', *, *, #2162, .F. ) ;
#4406 = AXIS2_PLACEMENT_3D ( 'NONE', #2489, #34, #467 ) ;
#4407 = VERTEX_POINT ( 'NONE', #1813 ) ;
#4408 = PLANE ( 'NONE',  #533 ) ;
#4409 = ORIENTED_EDGE ( 'NONE', *, *, #1149, .T. ) ;
#4410 = LINE ( 'NONE', #567, #680 ) ;
#4411 = DIRECTION ( 'NONE',  ( -0.000000000000000000, 1.000000000000000000, -0.000000000000000000 ) ) ;
#4412 = ADVANCED_FACE ( 'NONE', ( #3204 ), #420, .F. ) ;
#4413 = DIRECTION ( 'NONE',  ( 0.000000000000000000, 0.000000000000000000, -1.000000000000000000 ) ) ;
#4414 = DIRECTION ( 'NONE',  ( -0.000000000000000000, 1.000000000000000000, -0.000000000000000000 ) ) ;
#4415 = ADVANCED_FACE ( 'NONE', ( #2198 ), #1139, .F. ) ;
#4416 = AXIS2_PLACEMENT_3D ( 'NONE', #1103, #4184, #2008 ) ;
#4417 = ORIENTED_EDGE ( 'NONE', *, *, #571, .F. ) ;
#4418 = AXIS2_PLACEMENT_3D ( 'NONE', #1077, #4181, #1397 ) ;
#4419 = CARTESIAN_POINT ( 'NONE',  ( 59.14337300000002529, 9.500000000000000000, -108.0000000000000000 ) ) ;
#4420 = CARTESIAN_POINT ( 'NONE',  ( 30.00000000000000000, 0.000000000000000000, -33.17499999999999716 ) ) ;
#4421 = LOCAL_TIME ( 13, 10, 23.00000000000000000, #3106 ) ;
#4422 = VECTOR ( 'NONE', #2115, 1000.000000000000000 ) ;
#4423 = LINE ( 'NONE', #938, #419 ) ;
#4424 = AXIS2_PLACEMENT_3D ( 'NONE', #116, #1495, #2872 ) ;
#4425 = LINE ( 'NONE', #2851, #528 ) ;
#4426 = CARTESIAN_POINT ( 'NONE',  ( 30.00000000000000000, 23.00000000000000000, -30.00000000000000000 ) ) ;
#4427 = AXIS2_PLACEMENT_3D ( 'NONE', #1360, #1993, #413 ) ;
#4428 = EDGE_LOOP ( 'NONE', ( #3974, #2075, #2975, #1492 ) ) ;
#4429 = ORIENTED_EDGE ( 'NONE', *, *, #752, .F. ) ;
#4430 = EDGE_CURVE ( 'NONE', #2123, #2422, #1230, .T. ) ;
#4431 = ORIENTED_EDGE ( 'NONE', *, *, #2208, .T. ) ;
#4432 = CARTESIAN_POINT ( 'NONE',  ( 24.49999999999998224, 19.00000000000000000, -24.49999999999999645 ) ) ;
#4433 = EDGE_LOOP ( 'NONE', ( #2885, #4002 ) ) ;
#4434 = FACE_OUTER_BOUND ( 'NONE', #158, .T. ) ;
#4435 = AXIS2_PLACEMENT_3D ( 'NONE', #2229, #1196, #2937 ) ;
#4436 = AXIS2_PLACEMENT_3D ( 'NONE', #3150, #2460, #4147 ) ;
#4437 = DIRECTION ( 'NONE',  ( -0.000000000000000000, 1.000000000000000000, -0.000000000000000000 ) ) ;
#4438 = DIRECTION ( 'NONE',  ( -1.000000000000000000, 0.000000000000000000, 0.000000000000000000 ) ) ;
#4439 = CIRCLE ( 'NONE', #2113, 1.824999999999993294 ) ;
#4440 = VECTOR ( 'NONE', #1073, 1000.000000000000000 ) ;
#4441 = DIRECTION ( 'NONE',  ( -0.000000000000000000, 1.000000000000000000, -0.000000000000000000 ) ) ;
#4442 = CIRCLE ( 'NONE', #2334, 3.174999999999983391 ) ;
#4443 = ORIENTED_EDGE ( 'NONE', *, *, #2700, .F. ) ;
#4444 = DIRECTION ( 'NONE',  ( 0.000000000000000000, 1.000000000000000000, 0.000000000000000000 ) ) ;
#4445 = FACE_BOUND ( 'NONE', #2107, .T. ) ;
#4446 = AXIS2_PLACEMENT_3D ( 'NONE', #2270, #2310, #3699 ) ;
#4447 = EDGE_CURVE ( 'NONE', #2699, #1137, #4264, .T. ) ;
#4448 = ADVANCED_FACE ( 'NONE', ( #2106 ), #3499, .F. ) ;
#4449 = LINE ( 'NONE', #3427, #1281 ) ;
#4450 = VECTOR ( 'NONE', #408, 1000.000000000000000 ) ;
#4451 = DIRECTION ( 'NONE',  ( -0.000000000000000000, -0.000000000000000000, -1.000000000000000000 ) ) ;
#4452 = CARTESIAN_POINT ( 'NONE',  ( 76.74999999999998579, 21.50000000000000000, -30.75000000000000000 ) ) ;
#4453 = VERTEX_POINT ( 'NONE', #3968 ) ;
#4454 = EDGE_CURVE ( 'NONE', #4032, #1769, #1551, .T. ) ;
#4455 = ORIENTED_EDGE ( 'NONE', *, *, #974, .T. ) ;
#4456 = ORIENTED_EDGE ( 'NONE', *, *, #1717, .T. ) ;
#4457 = DIRECTION ( 'NONE',  ( 0.000000000000000000, 0.000000000000000000, 1.000000000000000000 ) ) ;
#4458 = VERTEX_POINT ( 'NONE', #236 ) ;
#4459 = DIRECTION ( 'NONE',  ( 0.000000000000000000, 0.000000000000000000, -1.000000000000000000 ) ) ;
#4460 = ADVANCED_FACE ( 'NONE', ( #1250 ), #579, .T. ) ;
#4461 = CARTESIAN_POINT ( 'NONE',  ( 54.00000000000002842, 9.500000000000000000, -63.00000000000000000 ) ) ;
#4462 = LINE ( 'NONE', #1371, #295 ) ;
#4463 = DIRECTION ( 'NONE',  ( 0.000000000000000000, 1.000000000000000000, 0.000000000000000000 ) ) ;
#4464 = DIRECTION ( 'NONE',  ( -1.000000000000000000, -0.000000000000000000, -0.000000000000000000 ) ) ;
#4465 = ADVANCED_FACE ( 'NONE', ( #4289 ), #2929, .F. ) ;
#4466 = VERTEX_POINT ( 'NONE', #194 ) ;
#4467 = LINE ( 'NONE', #3516, #1390 ) ;
#4468 = DIRECTION ( 'NONE',  ( 0.000000000000000000, 0.000000000000000000, 1.000000000000000000 ) ) ;
#4469 = PERSON_AND_ORGANIZATION ( #3044, #4055 ) ;
#4470 = EDGE_CURVE ( 'NONE', #3305, #2870, #2580, .T. ) ;
#4471 = CARTESIAN_POINT ( 'NONE',  ( 21.49999999999998579, 23.00000000000000000, -83.49999999999998579 ) ) ;
#4472 = LINE ( 'NONE', #1994, #2050 ) ;
#4473 = ORIENTED_EDGE ( 'NONE', *, *, #2037, .F. ) ;
#4474 = ORIENTED_EDGE ( 'NONE', *, *, #4119, .T. ) ;
#4475 = ADVANCED_FACE ( 'NONE', ( #3993 ), #3319, .F. ) ;
#4476 = ORIENTED_EDGE ( 'NONE', *, *, #3012, .T. ) ;
#4477 = CARTESIAN_POINT ( 'NONE',  ( 31.24999999999998579, 23.00000000000000000, -66.75000000000000000 ) ) ;
#4478 = ORIENTED_EDGE ( 'NONE', *, *, #4108, .T. ) ;
#4479 = CIRCLE ( 'NONE', #4112, 2.999999999999999112 ) ;
#4480 = DIRECTION ( 'NONE',  ( 0.000000000000000000, 0.000000000000000000, -1.000000000000000000 ) ) ;
#4481 = DIRECTION ( 'NONE',  ( -1.000000000000000000, -0.000000000000000000, -0.000000000000000000 ) ) ;
#4482 = DIRECTION ( 'NONE',  ( 1.000000000000000000, 0.000000000000000000, -1.284980352575412699E-16 ) ) ;
#4483 = DIRECTION ( 'NONE',  ( -0.000000000000000000, -1.000000000000000000, -0.000000000000000000 ) ) ;
#4484 = DIRECTION ( 'NONE',  ( 0.000000000000000000, 1.000000000000000000, -0.000000000000000000 ) ) ;
#4485 = ORIENTED_EDGE ( 'NONE', *, *, #3507, .F. ) ;
#4486 = FACE_OUTER_BOUND ( 'NONE', #3308, .T. ) ;
#4487 = ADVANCED_FACE ( 'NONE', ( #2599, #4360 ), #849, .F. ) ;
ENDSEC;
END-ISO-10303-21;
