ISO-10303-21;
HEADER;
FILE_DESCRIPTION (( 'STEP AP203' ),
    '1' );
FILE_NAME ('electrolyteChamber_rectangularMask_v02.2.2_20210521_STEP-AP203.STEP',
    '2021-06-09T13:01:45',
    ( '' ),
    ( '' ),
    'SwSTEP 2.0',
    'SolidWorks 2020',
    '' );
FILE_SCHEMA (( 'CONFIG_CONTROL_DESIGN' ));
ENDSEC;

DATA;
#1 = DIRECTION ( 'NONE',  ( -1.000000000000000000, -1.568111616702198598E-16, 0.0000000000000000000 ) ) ;
#2 = CARTESIAN_POINT ( 'NONE',  ( -27.49999999999997513, -22.49999999999997868, -4.500000000000000000 ) ) ;
#3 = ORIENTED_EDGE ( 'NONE', *, *, #762, .T. ) ;
#4 = DIRECTION ( 'NONE',  ( 1.000000000000000000, -0.0000000000000000000, 0.0000000000000000000 ) ) ;
#5 = FACE_OUTER_BOUND ( 'NONE', #3496, .T. ) ;
#6 = EDGE_CURVE ( 'NONE', #3014, #3513, #1566, .T. ) ;
#7 = CARTESIAN_POINT ( 'NONE',  ( 27.50000000000002487, 1.000000000000004441, 0.0000000000000000000 ) ) ;
#8 = FACE_BOUND ( 'NONE', #1213, .T. ) ;
#9 = EDGE_LOOP ( 'NONE', ( #12, #2671, #1874, #3579 ) ) ;
#10 = CARTESIAN_POINT ( 'NONE',  ( 27.39334680621136187, -27.49999999999997868, -0.03655000699394375663 ) ) ;
#11 = DIRECTION ( 'NONE',  ( -1.000000000000000000, 0.0000000000000000000, 0.0000000000000000000 ) ) ;
#12 = ORIENTED_EDGE ( 'NONE', *, *, #1538, .F. ) ;
#13 = DIRECTION ( 'NONE',  ( 1.000000000000000000, 0.0000000000000000000, 0.0000000000000000000 ) ) ;
#14 = PERSON ( 'UNSPECIFIED', 'UNSPECIFIED', 'UNSPECIFIED', ('UNSPECIFIED'), ('UNSPECIFIED'), ('UNSPECIFIED') ) ;
#15 = CARTESIAN_POINT ( 'NONE',  ( 27.28259103063486535, 27.50000000000002487, -0.003613161993120142697 ) ) ;
#16 = EDGE_CURVE ( 'NONE', #937, #827, #1875, .T. ) ;
#17 = CARTESIAN_POINT ( 'NONE',  ( -53.19999999999999574, -23.20000000000001705, -5.000000000000000000 ) ) ;
#18 = VERTEX_POINT ( 'NONE', #3045 ) ;
#19 = DIRECTION ( 'NONE',  ( 1.000000000000000000, -0.0000000000000000000, -0.0000000000000000000 ) ) ;
#20 = CYLINDRICAL_SURFACE ( 'NONE', #23, 1.000000000000000888 ) ;
#21 = DIRECTION ( 'NONE',  ( 1.000000000000000000, 0.0000000000000000000, 0.0000000000000000000 ) ) ;
#22 = CARTESIAN_POINT ( 'NONE',  ( 60.31000000000002359, 29.98090081228328785, 1.008788647599787371E-15 ) ) ;
#23 = AXIS2_PLACEMENT_3D ( 'NONE', #3356, #3084, #1683 ) ;
#24 = ORIENTED_EDGE ( 'NONE', *, *, #840, .F. ) ;
#25 = AXIS2_PLACEMENT_3D ( 'NONE', #2702, #1082, #995 ) ;
#26 = CARTESIAN_POINT ( 'NONE',  ( 27.25800028808955489, -27.49999999999997868, -0.01715806060710312400 ) ) ;
#27 = CARTESIAN_POINT ( 'NONE',  ( 26.50000000000002487, 11.81550105478153867, -2.000000000000000000 ) ) ;
#28 = ORIENTED_EDGE ( 'NONE', *, *, #2621, .F. ) ;
#29 = FACE_BOUND ( 'NONE', #951, .T. ) ;
#30 = VECTOR ( 'NONE', #2868, 1000.000000000000000 ) ;
#31 = CARTESIAN_POINT ( 'NONE',  ( 27.28401809389486488, 27.50000000000002487, -0.0008511248015834902087 ) ) ;
#32 = AXIS2_PLACEMENT_3D ( 'NONE', #1466, #2577, #2058 ) ;
#33 = CARTESIAN_POINT ( 'NONE',  ( 26.58127354941991882, 27.50000000000002487, -0.5441980695756937214 ) ) ;
#34 = VECTOR ( 'NONE', #176, 1000.000000000000000 ) ;
#35 = DIRECTION ( 'NONE',  ( 1.133806193448893442E-16, -1.000000000000000000, -0.0000000000000000000 ) ) ;
#36 = ORIENTED_EDGE ( 'NONE', *, *, #1487, .F. ) ;
#37 = CARTESIAN_POINT ( 'NONE',  ( 32.59999999999999432, -29.59999999999999076, 1.999999999999999556 ) ) ;
#38 = AXIS2_PLACEMENT_3D ( 'NONE', #1412, #2527, #3099 ) ;
#39 = CARTESIAN_POINT ( 'NONE',  ( -22.49999999999997513, -22.49999999999997868, 4.500000000000000000 ) ) ;
#40 = CARTESIAN_POINT ( 'NONE',  ( -16.63412551730302624, 16.21724947260923955, 0.0000000000000000000 ) ) ;
#41 = EDGE_CURVE ( 'NONE', #2336, #3454, #2169, .T. ) ;
#42 = EDGE_CURVE ( 'NONE', #3338, #1257, #314, .T. ) ;
#43 = DIRECTION ( 'NONE',  ( 0.0000000000000000000, 0.0000000000000000000, -1.000000000000000000 ) ) ;
#44 = ORIENTED_EDGE ( 'NONE', *, *, #2377, .T. ) ;
#45 = CARTESIAN_POINT ( 'NONE',  ( 27.50006690422091182, -27.46874190727071863, 0.1246203378894342184 ) ) ;
#46 = DIRECTION ( 'NONE',  ( -0.0000000000000000000, 0.0000000000000000000, -1.000000000000000000 ) ) ;
#47 = ORIENTED_EDGE ( 'NONE', *, *, #6, .F. ) ;
#48 = LINE ( 'NONE', #3093, #81 ) ;
#49 = CARTESIAN_POINT ( 'NONE',  ( 27.39333151009052614, 27.50000000000002132, -0.02229333814340906522 ) ) ;
#50 = CARTESIAN_POINT ( 'NONE',  ( -27.49999999999997513, -2.934498945218459554, 1.999999999999999556 ) ) ;
#51 = EDGE_LOOP ( 'NONE', ( #3132, #726, #1534, #854 ) ) ;
#52 = CARTESIAN_POINT ( 'NONE',  ( 69.20000000000003126, 8.859251995394472435E-15, -3.174999999999998934 ) ) ;
#53 = LINE ( 'NONE', #2279, #2410 ) ;
#54 = LINE ( 'NONE', #2513, #1673 ) ;
#55 = CARTESIAN_POINT ( 'NONE',  ( 69.20000000000003126, 8.859251995394472435E-15, 5.000000000000000000 ) ) ;
#56 = ORIENTED_EDGE ( 'NONE', *, *, #510, .T. ) ;
#57 = ADVANCED_FACE ( 'NONE', ( #3001 ), #803, .T. ) ;
#58 = CARTESIAN_POINT ( 'NONE',  ( 27.50000809372301447, -27.43569463056866553, -0.2851918345909426056 ) ) ;
#59 = FACE_BOUND ( 'NONE', #1088, .T. ) ;
#60 = ORIENTED_EDGE ( 'NONE', *, *, #2023, .F. ) ;
#61 = ADVANCED_FACE ( 'NONE', ( #2150 ), #2961, .F. ) ;
#62 = CARTESIAN_POINT ( 'NONE',  ( -19.05000000000000071, 44.45000000000000284, 4.500000000000000000 ) ) ;
#63 = CARTESIAN_POINT ( 'NONE',  ( 27.49999835449749952, 27.11044907385616298, 0.7785892046440193726 ) ) ;
#64 = CARTESIAN_POINT ( 'NONE',  ( 22.22500000000000142, 44.45000000000000284, 4.500000000000000000 ) ) ;
#65 = ORIENTED_EDGE ( 'NONE', *, *, #2631, .T. ) ;
#66 = EDGE_CURVE ( 'NONE', #3320, #904, #178, .T. ) ;
#67 = LINE ( 'NONE', #2589, #1010 ) ;
#68 = CYLINDRICAL_SURFACE ( 'NONE', #2290, 5.000000000000000888 ) ;
#69 = CYLINDRICAL_SURFACE ( 'NONE', #728, 3.175000000000000711 ) ;
#70 = DIRECTION ( 'NONE',  ( 1.000000000000000000, 0.0000000000000000000, 0.0000000000000000000 ) ) ;
#71 = VERTEX_POINT ( 'NONE', #1607 ) ;
#72 = CARTESIAN_POINT ( 'NONE',  ( 27.39483435073463724, -27.49999999999997868, -0.2935487517359401943 ) ) ;
#73 = VECTOR ( 'NONE', #2264, 1000.000000000000000 ) ;
#74 = LINE ( 'NONE', #1499, #611 ) ;
#75 = EDGE_LOOP ( 'NONE', ( #1403, #997, #1328, #2043 ) ) ;
#76 = VECTOR ( 'NONE', #2662, 1000.000000000000000 ) ;
#77 = PLANE ( 'NONE',  #1539 ) ;
#78 = CC_DESIGN_APPROVAL ( #3291, ( #3175 ) ) ;
#79 = CARTESIAN_POINT ( 'NONE',  ( 27.07327604013657663, 27.50000000000002487, 0.09149896332014713363 ) ) ;
#80 = EDGE_CURVE ( 'NONE', #211, #2645, #2775, .T. ) ;
#81 = VECTOR ( 'NONE', #303, 1000.000000000000000 ) ;
#82 = VECTOR ( 'NONE', #2164, 1000.000000000000000 ) ;
#83 = DIRECTION ( 'NONE',  ( -1.000000000000000000, -1.280238727658160256E-16, 0.0000000000000000000 ) ) ;
#84 = VECTOR ( 'NONE', #2296, 1000.000000000000000 ) ;
#85 = VECTOR ( 'NONE', #3143, 1000.000000000000000 ) ;
#86 = ORIENTED_EDGE ( 'NONE', *, *, #356, .T. ) ;
#87 = CARTESIAN_POINT ( 'NONE',  ( 26.50000000000002487, 26.50000000000002487, -2.000000000000000000 ) ) ;
#88 = DIRECTION ( 'NONE',  ( 0.9961946980917452121, -0.08715574274766223206, -0.0000000000000000000 ) ) ;
#89 = DIRECTION ( 'NONE',  ( -0.0000000000000000000, -0.0000000000000000000, -1.000000000000000000 ) ) ;
#90 = APPROVAL ( #2165, 'UNSPECIFIED' ) ;
#91 = LINE ( 'NONE', #2317, #3426 ) ;
#92 = AXIS2_PLACEMENT_3D ( 'NONE', #264, #296, #2559 ) ;
#93 = ORIENTED_EDGE ( 'NONE', *, *, #2061, .T. ) ;
#94 = CARTESIAN_POINT ( 'NONE',  ( 27.40290618823793167, -27.49999999999997868, -0.6373382032336902814 ) ) ;
#95 = VECTOR ( 'NONE', #360, 1000.000000000000000 ) ;
#96 = CARTESIAN_POINT ( 'NONE',  ( 69.20000000000003126, 9.248077354123756846E-15, 3.174999999999999822 ) ) ;
#97 = VERTEX_POINT ( 'NONE', #2196 ) ;
#98 = PLANE ( 'NONE',  #658 ) ;
#99 = ADVANCED_FACE ( 'NONE', ( #3324 ), #2665, .F. ) ;
#100 = CARTESIAN_POINT ( 'NONE',  ( 27.15040293293797191, 27.50000000000003553, 0.05720434118448365635 ) ) ;
#101 = EDGE_CURVE ( 'NONE', #1222, #2693, #3355, .T. ) ;
#102 = ORIENTED_EDGE ( 'NONE', *, *, #41, .F. ) ;
#103 = CARTESIAN_POINT ( 'NONE',  ( -29.60000000000000497, -29.60000000000001208, 1.999999999999999556 ) ) ;
#104 = CARTESIAN_POINT ( 'NONE',  ( 44.45000000000000284, -19.04999999999999716, 4.500000000000000000 ) ) ;
#105 = FACE_OUTER_BOUND ( 'NONE', #890, .T. ) ;
#106 = CARTESIAN_POINT ( 'NONE',  ( 19.05000000000000071, -44.45000000000000284, -4.500000000000000000 ) ) ;
#107 = VERTEX_POINT ( 'NONE', #3341 ) ;
#108 = CARTESIAN_POINT ( 'NONE',  ( 27.50000082275128932, -27.21693052562757487, -0.6727984360713782364 ) ) ;
#109 = LINE ( 'NONE', #3483, #1485 ) ;
#110 = ORIENTED_EDGE ( 'NONE', *, *, #2061, .F. ) ;
#111 = CARTESIAN_POINT ( 'NONE',  ( 27.49999999985352872, -26.50711292535742203, 0.9994294903665026375 ) ) ;
#112 = CARTESIAN_POINT ( 'NONE',  ( 47.62500000000000000, 19.04999999999999716, 4.500000000000000000 ) ) ;
#113 = EDGE_CURVE ( 'NONE', #256, #3541, #2838, .T. ) ;
#114 = ORIENTED_EDGE ( 'NONE', *, *, #305, .F. ) ;
#115 = CARTESIAN_POINT ( 'NONE',  ( 26.50000000000002487, -12.74999999999997868, -2.000000000000000000 ) ) ;
#116 = CARTESIAN_POINT ( 'NONE',  ( -26.49999999999997513, -2.934498945218459554, 2.000000000000000000 ) ) ;
#117 = CARTESIAN_POINT ( 'NONE',  ( 27.02775963653112612, -27.49999999999998579, 0.1137777442681899703 ) ) ;
#118 = ADVANCED_FACE ( 'NONE', ( #1663 ), #2006, .F. ) ;
#119 = ADVANCED_FACE ( 'NONE', ( #1682 ), #3404, .T. ) ;
#120 = DIRECTION ( 'NONE',  ( 1.000000000000000000, -6.938893903907222067E-15, 0.0000000000000000000 ) ) ;
#121 = ORIENTED_EDGE ( 'NONE', *, *, #1620, .T. ) ;
#122 = ORIENTED_EDGE ( 'NONE', *, *, #1052, .F. ) ;
#123 = CARTESIAN_POINT ( 'NONE',  ( 27.21787462171843686, -27.49999999999997868, -0.03189834168533027536 ) ) ;
#124 = ORIENTED_EDGE ( 'NONE', *, *, #3375, .T. ) ;
#125 = CARTESIAN_POINT ( 'NONE',  ( 19.05000000000000071, 44.45000000000000284, -4.500000000000000000 ) ) ;
#126 = VERTEX_POINT ( 'NONE', #835 ) ;
#127 = CARTESIAN_POINT ( 'NONE',  ( 0.0000000000000000000, -27.49999999999997868, 4.500000000000000000 ) ) ;
#128 = EDGE_CURVE ( 'NONE', #1675, #357, #3133, .T. ) ;
#129 = CIRCLE ( 'NONE', #2052, 2.999999999999999112 ) ;
#130 = CC_DESIGN_APPROVAL ( #90, ( #3363 ) ) ;
#131 = DIRECTION ( 'NONE',  ( 0.0000000000000000000, 0.0000000000000000000, -1.000000000000000000 ) ) ;
#132 = CARTESIAN_POINT ( 'NONE',  ( 26.50000000000002487, 16.75000000000001066, -2.000000000000000000 ) ) ;
#133 = EDGE_LOOP ( 'NONE', ( #3220, #3283 ) ) ;
#134 = AXIS2_PLACEMENT_3D ( 'NONE', #2679, #2447, #448 ) ;
#135 = DIRECTION ( 'NONE',  ( 0.0000000000000000000, 1.000000000000000000, -0.0000000000000000000 ) ) ;
#136 = AXIS2_PLACEMENT_3D ( 'NONE', #2486, #1677, #13 ) ;
#137 = VECTOR ( 'NONE', #3030, 1000.000000000000000 ) ;
#138 = CARTESIAN_POINT ( 'NONE',  ( 60.31000000000003070, 28.33927229735236963, -1.999999999999999778 ) ) ;
#139 = ORIENTED_EDGE ( 'NONE', *, *, #2586, .F. ) ;
#140 = EDGE_LOOP ( 'NONE', ( #3477, #3533 ) ) ;
#141 = VECTOR ( 'NONE', #1719, 1000.000000000000000 ) ;
#142 = EDGE_CURVE ( 'NONE', #2318, #3320, #706, .T. ) ;
#143 = CARTESIAN_POINT ( 'NONE',  ( 27.48197474660019068, -27.49999999999997868, -0.9909470657328695031 ) ) ;
#144 = EDGE_CURVE ( 'NONE', #1222, #2079, #195, .T. ) ;
#145 = ORIENTED_EDGE ( 'NONE', *, *, #2288, .T. ) ;
#146 = CARTESIAN_POINT ( 'NONE',  ( 27.26782106287788920, 27.50000000000002487, 0.01292407764378125830 ) ) ;
#147 = CIRCLE ( 'NONE', #615, 1.000000000000000888 ) ;
#148 = FACE_BOUND ( 'NONE', #1343, .T. ) ;
#149 = EDGE_LOOP ( 'NONE', ( #247, #2418, #661, #959 ) ) ;
#150 = VECTOR ( 'NONE', #1155, 1000.000000000000000 ) ;
#151 = CARTESIAN_POINT ( 'NONE',  ( 26.65233301087073059, -27.49999999999997868, 0.4567509641602453541 ) ) ;
#152 = ORIENTED_EDGE ( 'NONE', *, *, #1518, .T. ) ;
#153 = DIRECTION ( 'NONE',  ( 1.000000000000000000, 0.0000000000000000000, 0.0000000000000000000 ) ) ;
#154 = CC_DESIGN_PERSON_AND_ORGANIZATION_ASSIGNMENT ( #3567, #3293, ( #3363 ) ) ;
#155 = CARTESIAN_POINT ( 'NONE',  ( 27.49999999985353938, 26.50711292535790875, -0.9994294903664555640 ) ) ;
#156 = DIRECTION ( 'NONE',  ( 0.0000000000000000000, 0.0000000000000000000, 1.000000000000000000 ) ) ;
#157 = CARTESIAN_POINT ( 'NONE',  ( -22.22500000000000142, -44.45000000000000284, 4.500000000000000000 ) ) ;
#158 = DIRECTION ( 'NONE',  ( 0.0000000000000000000, -0.0000000000000000000, 1.000000000000000000 ) ) ;
#159 = CARTESIAN_POINT ( 'NONE',  ( 60.31000000000003070, 30.34691197243905947, -2.000000000000000000 ) ) ;
#160 = ORIENTED_EDGE ( 'NONE', *, *, #3606, .F. ) ;
#161 = ORIENTED_EDGE ( 'NONE', *, *, #481, .F. ) ;
#162 = CARTESIAN_POINT ( 'NONE',  ( 27.49999996809606984, -26.68526062342829519, -0.9776807807025089669 ) ) ;
#163 = ORIENTED_EDGE ( 'NONE', *, *, #356, .F. ) ;
#164 = CARTESIAN_POINT ( 'NONE',  ( 27.02277899198539401, 27.50000000000002487, 0.1178384537858593317 ) ) ;
#165 = DIRECTION ( 'NONE',  ( -0.0000000000000000000, 0.0000000000000000000, 1.000000000000000000 ) ) ;
#166 = ADVANCED_FACE ( 'NONE', ( #2805 ), #573, .F. ) ;
#167 = ORIENTED_EDGE ( 'NONE', *, *, #1693, .F. ) ;
#168 = DIRECTION ( 'NONE',  ( -1.000000000000000000, -1.960139520877748248E-16, 0.0000000000000000000 ) ) ;
#169 = ORIENTED_EDGE ( 'NONE', *, *, #673, .F. ) ;
#170 = CARTESIAN_POINT ( 'NONE',  ( 32.59999999999999432, -29.59999999999999076, -1.999999999999999556 ) ) ;
#171 = CARTESIAN_POINT ( 'NONE',  ( 27.00291800477806348, 27.50000000000002487, -0.1291413874964011665 ) ) ;
#172 = LINE ( 'NONE', #2466, #947 ) ;
#173 = SHAPE_DEFINITION_REPRESENTATION ( #2416, #616 ) ;
#174 = DIRECTION ( 'NONE',  ( -0.0000000000000000000, 0.0000000000000000000, -1.000000000000000000 ) ) ;
#175 = EDGE_CURVE ( 'NONE', #2918, #107, #2511, .T. ) ;
#176 = DIRECTION ( 'NONE',  ( -0.0000000000000000000, -0.0000000000000000000, 1.000000000000000000 ) ) ;
#177 = ORIENTED_EDGE ( 'NONE', *, *, #1174, .T. ) ;
#178 = LINE ( 'NONE', #2747, #2005 ) ;
#179 = LINE ( 'NONE', #1876, #420 ) ;
#180 = LINE ( 'NONE', #2704, #3066 ) ;
#181 = VERTEX_POINT ( 'NONE', #1445 ) ;
#182 = CARTESIAN_POINT ( 'NONE',  ( -47.62500000000000000, 19.04999999999999716, 4.500000000000000000 ) ) ;
#183 = DIRECTION ( 'NONE',  ( 1.000000000000000000, -0.0000000000000000000, -0.0000000000000000000 ) ) ;
#184 = ORIENTED_EDGE ( 'NONE', *, *, #269, .T. ) ;
#185 = ORIENTED_EDGE ( 'NONE', *, *, #3606, .T. ) ;
#186 = CARTESIAN_POINT ( 'NONE',  ( 27.49999996440863370, -26.68968008772317191, 0.9767480382317521581 ) ) ;
#187 = ORIENTED_EDGE ( 'NONE', *, *, #1793, .F. ) ;
#188 = CARTESIAN_POINT ( 'NONE',  ( 29.59999999999997655, -32.60000000000000853, 1.999999999999999556 ) ) ;
#189 = EDGE_CURVE ( 'NONE', #2176, #2818, #3082, .T. ) ;
#190 = DIRECTION ( 'NONE',  ( 0.0000000000000000000, 0.0000000000000000000, 1.000000000000000000 ) ) ;
#191 = CARTESIAN_POINT ( 'NONE',  ( 26.50000000000002487, -17.68449894521845422, -2.000000000000000000 ) ) ;
#192 = AXIS2_PLACEMENT_3D ( 'NONE', #1563, #174, #1312 ) ;
#193 = CARTESIAN_POINT ( 'NONE',  ( 0.0000000000000000000, 0.0000000000000000000, 0.0000000000000000000 ) ) ;
#194 = CARTESIAN_POINT ( 'NONE',  ( 27.07208628423534336, -27.49999999999997513, -0.09097382099118209164 ) ) ;
#195 = CIRCLE ( 'NONE', #1007, 1.000000000000000888 ) ;
#196 = CARTESIAN_POINT ( 'NONE',  ( 32.59999999999999432, -29.59999999999999076, 1.999999999999999556 ) ) ;
#197 = EDGE_LOOP ( 'NONE', ( #1805, #1799, #1045, #2282 ) ) ;
#198 = AXIS2_PLACEMENT_3D ( 'NONE', #1127, #507, #1096 ) ;
#199 = CARTESIAN_POINT ( 'NONE',  ( -22.49999999999997513, -22.49999999999997868, 1.999999999999999556 ) ) ;
#200 = CARTESIAN_POINT ( 'NONE',  ( 60.31000000000003070, 28.33927229735236608, 1.131253327514522716E-15 ) ) ;
#201 = CIRCLE ( 'NONE', #2593, 3.000000000000002665 ) ;
#202 = FACE_OUTER_BOUND ( 'NONE', #2107, .T. ) ;
#203 = PRODUCT_RELATED_PRODUCT_CATEGORY ( 'detail', '', ( #1762 ) ) ;
#204 = CARTESIAN_POINT ( 'NONE',  ( 27.49686316594326385, 27.50000000000022382, 0.9995417500508610997 ) ) ;
#205 = FACE_BOUND ( 'NONE', #2060, .T. ) ;
#206 = AXIS2_PLACEMENT_3D ( 'NONE', #1962, #2251, #1685 ) ;
#207 = ORIENTED_EDGE ( 'NONE', *, *, #3258, .T. ) ;
#208 = ORIENTED_EDGE ( 'NONE', *, *, #968, .F. ) ;
#209 = CARTESIAN_POINT ( 'NONE',  ( 27.49999868772259148, -27.25903935073629825, 0.6225985155653437353 ) ) ;
#210 = CIRCLE ( 'NONE', #1087, 2.999999999999999112 ) ;
#211 = VERTEX_POINT ( 'NONE', #2214 ) ;
#212 = ORIENTED_EDGE ( 'NONE', *, *, #3416, .T. ) ;
#213 = AXIS2_PLACEMENT_3D ( 'NONE', #1995, #316, #606 ) ;
#214 = LINE ( 'NONE', #1653, #1373 ) ;
#215 = CARTESIAN_POINT ( 'NONE',  ( 27.42777167318383036, 27.49999999999997868, -0.8578343473478901027 ) ) ;
#216 = EDGE_CURVE ( 'NONE', #2233, #1713, #1152, .T. ) ;
#217 = EDGE_CURVE ( 'NONE', #1227, #1264, #3390, .T. ) ;
#218 = DIRECTION ( 'NONE',  ( 1.000000000000000000, 0.0000000000000000000, 0.0000000000000000000 ) ) ;
#219 = PERSON_AND_ORGANIZATION_ROLE ( 'creator' ) ;
#220 = CARTESIAN_POINT ( 'NONE',  ( 26.50000000000002487, -11.74999999999997868, -2.000000000000000000 ) ) ;
#221 = LINE ( 'NONE', #1955, #277 ) ;
#222 = ORIENTED_EDGE ( 'NONE', *, *, #1235, .T. ) ;
#223 = EDGE_LOOP ( 'NONE', ( #1336, #2374, #2881, #60 ) ) ;
#224 = DIRECTION ( 'NONE',  ( 1.000000000000000000, 0.0000000000000000000, 0.0000000000000000000 ) ) ;
#225 = DIRECTION ( 'NONE',  ( 0.0000000000000000000, 0.0000000000000000000, -1.000000000000000000 ) ) ;
#226 = CARTESIAN_POINT ( 'NONE',  ( 26.65023090755104107, 27.50000000000002487, 0.4600271514846722143 ) ) ;
#227 = CARTESIAN_POINT ( 'NONE',  ( 0.0000000000000000000, 0.0000000000000000000, 4.500000000000000000 ) ) ;
#228 =( BOUNDED_CURVE ( )  B_SPLINE_CURVE ( 3, ( #1429, #554, #1665, #2789 ),
 .UNSPECIFIED., .F., .T. ) 
 B_SPLINE_CURVE_WITH_KNOTS ( ( 4, 4 ),
 ( 3.141592653589793116, 4.739698983637945062 ),
 .UNSPECIFIED. ) 
 CURVE ( )  GEOMETRIC_REPRESENTATION_ITEM ( )  RATIONAL_B_SPLINE_CURVE ( ( 1.000000000000000000, 0.7982570765234699994, 0.7982570765234699994, 1.000000000000000000 ) ) 
 REPRESENTATION_ITEM ( '' )  );
#229 = ORIENTED_EDGE ( 'NONE', *, *, #2181, .T. ) ;
#230 = ORIENTED_EDGE ( 'NONE', *, *, #2856, .F. ) ;
#231 = CARTESIAN_POINT ( 'NONE',  ( 27.42777167319236398, -27.49999999999998934, 0.8578343473889032955 ) ) ;
#232 = VERTEX_POINT ( 'NONE', #2764 ) ;
#233 = ORIENTED_EDGE ( 'NONE', *, *, #1105, .T. ) ;
#234 = LINE ( 'NONE', #291, #2944 ) ;
#235 = CARTESIAN_POINT ( 'NONE',  ( 27.49999956882111363, 27.08537024314939146, -0.7930310666121228591 ) ) ;
#236 = CARTESIAN_POINT ( 'NONE',  ( 32.59999999999999432, 29.59999999999997655, -1.999999999999999556 ) ) ;
#237 = COORDINATED_UNIVERSAL_TIME_OFFSET ( 1, 0, .AHEAD. ) ;
#238 = CARTESIAN_POINT ( 'NONE',  ( 27.28369072692814257, -27.49999999999998579, 0.002883759737907715028 ) ) ;
#239 = DIRECTION ( 'NONE',  ( 0.0000000000000000000, 0.0000000000000000000, 1.000000000000000000 ) ) ;
#240 = EDGE_LOOP ( 'NONE', ( #1794, #2116, #500, #442 ) ) ;
#241 = ORIENTED_EDGE ( 'NONE', *, *, #637, .F. ) ;
#242 = CARTESIAN_POINT ( 'NONE',  ( 29.59999999999999787, 29.59999999999999787, 4.500000000000000000 ) ) ;
#243 = CARTESIAN_POINT ( 'NONE',  ( 55.85831239517769831, 54.20000000000001705, 5.000000000000000000 ) ) ;
#244 = CARTESIAN_POINT ( 'NONE',  ( 27.45681005330641256, 27.49999999999992895, 0.9534402993784738545 ) ) ;
#245 = EDGE_CURVE ( 'NONE', #1069, #550, #2525, .T. ) ;
#246 = CARTESIAN_POINT ( 'NONE',  ( 27.50000000000002487, -26.49999999999997868, -1.999999999999999112 ) ) ;
#247 = ORIENTED_EDGE ( 'NONE', *, *, #1487, .T. ) ;
#248 = ORIENTED_EDGE ( 'NONE', *, *, #1174, .F. ) ;
#249 = CARTESIAN_POINT ( 'NONE',  ( 27.07856521989753062, -27.49999999999997868, 0.08892647653552901432 ) ) ;
#250 = VERTEX_POINT ( 'NONE', #1974 ) ;
#251 = CARTESIAN_POINT ( 'NONE',  ( 44.45000000000000284, 19.04999999999999716, 4.500000000000000000 ) ) ;
#252 = EDGE_LOOP ( 'NONE', ( #1548, #1063, #1617, #2872 ) ) ;
#253 = DIRECTION ( 'NONE',  ( -1.000000000000000000, 0.0000000000000000000, 0.0000000000000000000 ) ) ;
#254 = CARTESIAN_POINT ( 'NONE',  ( 27.19754421631311914, 27.50000000000002487, -0.03931895133513715196 ) ) ;
#255 = CARTESIAN_POINT ( 'NONE',  ( -41.27500000000000568, -19.04999999999999716, 4.500000000000000000 ) ) ;
#256 = VERTEX_POINT ( 'NONE', #552 ) ;
#257 = VECTOR ( 'NONE', #3391, 1000.000000000000000 ) ;
#258 = CARTESIAN_POINT ( 'NONE',  ( -54.20100000000002893, -6.939021927779998036E-15, 0.0000000000000000000 ) ) ;
#259 = ORIENTED_EDGE ( 'NONE', *, *, #2193, .F. ) ;
#260 = CIRCLE ( 'NONE', #3068, 3.174999999999999378 ) ;
#261 = DIRECTION ( 'NONE',  ( -0.9977097021176764002, -0.06764133573679165234, 0.0000000000000000000 ) ) ;
#262 = CC_DESIGN_APPROVAL ( #1722, ( #487 ) ) ;
#263 = DIRECTION ( 'NONE',  ( -0.0000000000000000000, -0.0000000000000000000, -1.000000000000000000 ) ) ;
#264 = CARTESIAN_POINT ( 'NONE',  ( 19.05000000000000071, -44.45000000000000284, 4.500000000000000000 ) ) ;
#265 = AXIS2_PLACEMENT_3D ( 'NONE', #2992, #3626, #253 ) ;
#266 = LINE ( 'NONE', #1413, #2490 ) ;
#267 = ORIENTED_EDGE ( 'NONE', *, *, #533, .T. ) ;
#268 = VECTOR ( 'NONE', #1, 1000.000000000000000 ) ;
#269 = EDGE_CURVE ( 'NONE', #3431, #2233, #960, .T. ) ;
#270 = EDGE_CURVE ( 'NONE', #3282, #696, #2714, .T. ) ;
#271 = CARTESIAN_POINT ( 'NONE',  ( 27.41261241100093571, -27.49999999999997868, 0.7617928030740708234 ) ) ;
#272 = VECTOR ( 'NONE', #626, 1000.000000000000000 ) ;
#273 = PLANE ( 'NONE',  #2365 ) ;
#274 = ORIENTED_EDGE ( 'NONE', *, *, #113, .F. ) ;
#275 = CYLINDRICAL_SURFACE ( 'NONE', #1009, 1.000000000000000888 ) ;
#276 = CARTESIAN_POINT ( 'NONE',  ( 27.39388344031445754, 27.50000000000002132, -0.1722758074483069224 ) ) ;
#277 = VECTOR ( 'NONE', #3080, 1000.000000000000000 ) ;
#278 = DIRECTION ( 'NONE',  ( -1.000000000000000000, -1.133806193448893442E-16, 0.0000000000000000000 ) ) ;
#279 = AXIS2_PLACEMENT_3D ( 'NONE', #3474, #923, #345 ) ;
#280 = DIRECTION ( 'NONE',  ( 0.9977097021176764002, 0.06764133573679165234, -0.0000000000000000000 ) ) ;
#281 = ORIENTED_EDGE ( 'NONE', *, *, #1209, .F. ) ;
#282 = CARTESIAN_POINT ( 'NONE',  ( -53.19999999999999574, 49.20000000000000284, -5.000000000000000000 ) ) ;
#283 = CARTESIAN_POINT ( 'NONE',  ( 32.59999999999999432, 29.59999999999997655, 1.999999999999999556 ) ) ;
#284 = DIRECTION ( 'NONE',  ( 0.0000000000000000000, 0.0000000000000000000, -1.000000000000000000 ) ) ;
#285 = CARTESIAN_POINT ( 'NONE',  ( -19.05000000000000071, -44.45000000000000284, 4.500000000000000000 ) ) ;
#286 = EDGE_LOOP ( 'NONE', ( #2629, #3042, #267, #2921, #2355, #536, #3517, #2046 ) ) ;
#287 = CARTESIAN_POINT ( 'NONE',  ( 27.28104731265405292, -27.49999999999997868, 0.005245953586523151475 ) ) ;
#288 = EDGE_CURVE ( 'NONE', #3431, #2966, #1989, .T. ) ;
#289 = CARTESIAN_POINT ( 'NONE',  ( 15.81764133573681441, 0.9367892431008167931, -2.000000000000000000 ) ) ;
#290 = ORIENTED_EDGE ( 'NONE', *, *, #2479, .F. ) ;
#291 = CARTESIAN_POINT ( 'NONE',  ( -48.20000000000000284, 54.20000000000000284, 4.500000000000000000 ) ) ;
#292 = CARTESIAN_POINT ( 'NONE',  ( 27.21773851051277404, 27.50000000000002487, -0.03197282364431857510 ) ) ;
#293 = DIRECTION ( 'NONE',  ( -0.0000000000000000000, -0.0000000000000000000, -1.000000000000000000 ) ) ;
#294 = ORIENTED_EDGE ( 'NONE', *, *, #3019, .F. ) ;
#295 = DIRECTION ( 'NONE',  ( 0.0000000000000000000, 0.0000000000000000000, -1.000000000000000000 ) ) ;
#296 = DIRECTION ( 'NONE',  ( -0.0000000000000000000, -0.0000000000000000000, -1.000000000000000000 ) ) ;
#297 = ADVANCED_FACE ( 'NONE', ( #2070 ), #2853, .F. ) ;
#298 = FACE_OUTER_BOUND ( 'NONE', #2737, .T. ) ;
#299 = VERTEX_POINT ( 'NONE', #358 ) ;
#300 = CARTESIAN_POINT ( 'NONE',  ( 27.27897027727307844, -27.49999999999997868, 0.006934840595402585149 ) ) ;
#301 = DIRECTION ( 'NONE',  ( -1.000000000000000000, 0.0000000000000000000, 0.0000000000000000000 ) ) ;
#302 = ORIENTED_EDGE ( 'NONE', *, *, #795, .T. ) ;
#303 = DIRECTION ( 'NONE',  ( 0.0000000000000000000, 1.000000000000000000, -0.0000000000000000000 ) ) ;
#304 = CARTESIAN_POINT ( 'NONE',  ( 27.21787462164236970, 27.50000000000002487, 0.03189834171272683955 ) ) ;
#305 = EDGE_CURVE ( 'NONE', #2675, #3306, #3492, .T. ) ;
#306 = CARTESIAN_POINT ( 'NONE',  ( 26.50000000000002487, 27.50000000000002132, -0.7698779064253390425 ) ) ;
#307 = DIRECTION ( 'NONE',  ( 1.000000000000000000, 0.0000000000000000000, 0.0000000000000000000 ) ) ;
#308 = ORIENTED_EDGE ( 'NONE', *, *, #965, .F. ) ;
#309 = CARTESIAN_POINT ( 'NONE',  ( 27.50000000000002487, 26.50000000000002487, -0.9996271050385656665 ) ) ;
#310 = CARTESIAN_POINT ( 'NONE',  ( -29.59999999999998366, -32.60000000000000853, -1.999999999999999556 ) ) ;
#311 = LINE ( 'NONE', #2497, #1490 ) ;
#312 = CARTESIAN_POINT ( 'NONE',  ( 69.20000000000003126, -29.98090081228328785, 1.008788647599787371E-15 ) ) ;
#313 = ORIENTED_EDGE ( 'NONE', *, *, #2378, .F. ) ;
#314 = CIRCLE ( 'NONE', #2347, 3.174999999999997158 ) ;
#315 = CARTESIAN_POINT ( 'NONE',  ( 27.49993309577913436, -27.46346042892467310, 0.1612580780279788406 ) ) ;
#316 = DIRECTION ( 'NONE',  ( -0.0000000000000000000, 0.0000000000000000000, 1.000000000000000000 ) ) ;
#317 = VECTOR ( 'NONE', #1760, 1000.000000000000000 ) ;
#318 = EDGE_LOOP ( 'NONE', ( #1826, #1565, #281, #1144 ) ) ;
#319 = AXIS2_PLACEMENT_3D ( 'NONE', #929, #1536, #2908 ) ;
#320 = DIRECTION ( 'NONE',  ( 1.000000000000000000, 0.0000000000000000000, 0.0000000000000000000 ) ) ;
#321 = AXIS2_PLACEMENT_3D ( 'NONE', #103, #2342, #2571 ) ;
#322 = CARTESIAN_POINT ( 'NONE',  ( 27.50006518167777969, 27.47218394213695447, 0.09354081540874385758 ) ) ;
#323 = VECTOR ( 'NONE', #1879, 1000.000000000000000 ) ;
#324 = CYLINDRICAL_SURFACE ( 'NONE', #551, 2.999999999999999112 ) ;
#325 = VECTOR ( 'NONE', #2167, 1000.000000000000000 ) ;
#326 = EDGE_CURVE ( 'NONE', #3424, #521, #1182, .T. ) ;
#327 = EDGE_CURVE ( 'NONE', #2460, #880, #972, .T. ) ;
#328 = EDGE_LOOP ( 'NONE', ( #2093, #1238 ) ) ;
#329 = DIRECTION ( 'NONE',  ( 0.0000000000000000000, 0.0000000000000000000, 1.000000000000000000 ) ) ;
#330 = AXIS2_PLACEMENT_3D ( 'NONE', #1972, #3353, #832 ) ;
#331 = DIRECTION ( 'NONE',  ( -0.0000000000000000000, 0.0000000000000000000, 1.000000000000000000 ) ) ;
#332 = FACE_OUTER_BOUND ( 'NONE', #2285, .T. ) ;
#333 = EDGE_CURVE ( 'NONE', #2494, #1956, #905, .T. ) ;
#334 = DIRECTION ( 'NONE',  ( -0.0000000000000000000, -0.0000000000000000000, 1.000000000000000000 ) ) ;
#335 = ORIENTED_EDGE ( 'NONE', *, *, #2081, .F. ) ;
#336 = CARTESIAN_POINT ( 'NONE',  ( 27.28331254655989113, -27.49999999999997868, -0.002658820115535573403 ) ) ;
#337 = DIRECTION ( 'NONE',  ( 1.000000000000000000, 0.0000000000000000000, 0.0000000000000000000 ) ) ;
#338 = ORIENTED_EDGE ( 'NONE', *, *, #826, .F. ) ;
#339 = DIRECTION ( 'NONE',  ( -1.000000000000000000, 0.0000000000000000000, 0.0000000000000000000 ) ) ;
#340 = CARTESIAN_POINT ( 'NONE',  ( 27.28387784481856571, 27.50000000000002487, 0.001412811469785857062 ) ) ;
#341 = CARTESIAN_POINT ( 'NONE',  ( 27.18487932169729504, 27.50000000000001776, -0.04391956690937513091 ) ) ;
#342 = ORIENTED_EDGE ( 'NONE', *, *, #2236, .T. ) ;
#343 = CARTESIAN_POINT ( 'NONE',  ( -26.49999999999997513, 3.000000000000014655, 4.500000000000000000 ) ) ;
#344 = DIRECTION ( 'NONE',  ( -1.960139520877748556E-17, -1.000000000000000000, 0.0000000000000000000 ) ) ;
#345 = DIRECTION ( 'NONE',  ( 1.000000000000000000, 0.0000000000000000000, 0.0000000000000000000 ) ) ;
#346 = CARTESIAN_POINT ( 'NONE',  ( 60.31000000000002359, 29.98090081228328785, -3.174999999999996270 ) ) ;
#347 = ORIENTED_EDGE ( 'NONE', *, *, #627, .T. ) ;
#348 = ADVANCED_FACE ( 'NONE', ( #2025 ), #1795, .F. ) ;
#349 = CARTESIAN_POINT ( 'NONE',  ( 27.49999190627703527, -27.40743716661061669, -0.3668319338861651402 ) ) ;
#350 = EDGE_CURVE ( 'NONE', #3096, #3454, #67, .T. ) ;
#351 = CARTESIAN_POINT ( 'NONE',  ( 27.50000000000002487, 0.0000000000000000000, -1.999999999999999112 ) ) ;
#352 = ORIENTED_EDGE ( 'NONE', *, *, #1116, .T. ) ;
#353 = FACE_OUTER_BOUND ( 'NONE', #2158, .T. ) ;
#354 = CARTESIAN_POINT ( 'NONE',  ( 27.49996278950148465, 27.47412400780557817, 0.07068957945227538620 ) ) ;
#355 = LINE ( 'NONE', #1179, #3006 ) ;
#356 = EDGE_CURVE ( 'NONE', #1284, #1556, #373, .T. ) ;
#357 = VERTEX_POINT ( 'NONE', #2314 ) ;
#358 = CARTESIAN_POINT ( 'NONE',  ( 27.50000000000002487, -11.74999999999997868, -1.999999999999999112 ) ) ;
#359 = CARTESIAN_POINT ( 'NONE',  ( 26.50000000000002487, 27.50000000000002487, 0.9996271050385675538 ) ) ;
#360 = DIRECTION ( 'NONE',  ( -0.0000000000000000000, -0.0000000000000000000, 1.000000000000000000 ) ) ;
#361 = CARTESIAN_POINT ( 'NONE',  ( -32.60000000000000142, -29.59999999999999076, 4.500000000000000000 ) ) ;
#362 = ORIENTED_EDGE ( 'NONE', *, *, #1388, .T. ) ;
#363 = CARTESIAN_POINT ( 'NONE',  ( 27.49999999578763976, -26.56435244723040867, -0.9959337818085546301 ) ) ;
#364 = AXIS2_PLACEMENT_3D ( 'NONE', #1397, #3405, #587 ) ;
#365 = CYLINDRICAL_SURFACE ( 'NONE', #32, 3.000000000000002665 ) ;
#366 = EDGE_CURVE ( 'NONE', #2709, #1500, #1113, .T. ) ;
#367 = EDGE_CURVE ( 'NONE', #1713, #717, #2351, .T. ) ;
#368 = ORIENTED_EDGE ( 'NONE', *, *, #461, .T. ) ;
#369 = AXIS2_PLACEMENT_3D ( 'NONE', #2104, #2698, #2130 ) ;
#370 = CARTESIAN_POINT ( 'NONE',  ( 27.50000000000002487, 0.0000000000000000000, 4.500000000000000000 ) ) ;
#371 = APPROVAL_PERSON_ORGANIZATION ( #2467, #1722, #712 ) ;
#372 = CIRCLE ( 'NONE', #1893, 30.00000000000000000 ) ;
#373 = CIRCLE ( 'NONE', #3183, 1.000000000000000888 ) ;
#374 = DIRECTION ( 'NONE',  ( 0.0000000000000000000, 0.0000000000000000000, 1.000000000000000000 ) ) ;
#375 = AXIS2_PLACEMENT_3D ( 'NONE', #3304, #1631, #2751 ) ;
#376 = ORIENTED_EDGE ( 'NONE', *, *, #80, .F. ) ;
#377 = LINE ( 'NONE', #933, #2831 ) ;
#378 = CIRCLE ( 'NONE', #2304, 3.174999999999998046 ) ;
#379 = DIRECTION ( 'NONE',  ( -0.0000000000000000000, -0.0000000000000000000, 1.000000000000000000 ) ) ;
#380 = CARTESIAN_POINT ( 'NONE',  ( -29.59999999999998366, 32.59999999999999432, 1.999999999999999556 ) ) ;
#381 = DIRECTION ( 'NONE',  ( -0.0000000000000000000, -0.0000000000000000000, -1.000000000000000000 ) ) ;
#382 = CIRCLE ( 'NONE', #724, 1.000000000000000888 ) ;
#383 = ORIENTED_EDGE ( 'NONE', *, *, #878, .F. ) ;
#384 = CARTESIAN_POINT ( 'NONE',  ( 27.50000033273501288, -27.05676182108217631, -0.8149887298198541519 ) ) ;
#385 = PLANE ( 'NONE',  #3369 ) ;
#386 = ORIENTED_EDGE ( 'NONE', *, *, #1405, .F. ) ;
#387 = LINE ( 'NONE', #2337, #1431 ) ;
#388 = ADVANCED_FACE ( 'NONE', ( #1747 ), #1252, .F. ) ;
#389 = LINE ( 'NONE', #1503, #3297 ) ;
#390 = EDGE_CURVE ( 'NONE', #3296, #2876, #2037, .T. ) ;
#391 = EDGE_LOOP ( 'NONE', ( #3149, #3237, #248, #3035 ) ) ;
#392 = DIRECTION ( 'NONE',  ( 0.0000000000000000000, -0.0000000000000000000, 1.000000000000000000 ) ) ;
#393 = DIRECTION ( 'NONE',  ( 1.000000000000000000, 0.0000000000000000000, 0.0000000000000000000 ) ) ;
#394 = CARTESIAN_POINT ( 'NONE',  ( 27.50000000000002487, -12.74999999999997868, 2.000000000000000000 ) ) ;
#395 = CYLINDRICAL_SURFACE ( 'NONE', #3314, 2.999999999999999112 ) ;
#396 = ORIENTED_EDGE ( 'NONE', *, *, #839, .F. ) ;
#397 = ORIENTED_EDGE ( 'NONE', *, *, #795, .F. ) ;
#398 = CARTESIAN_POINT ( 'NONE',  ( 27.39754026927822039, -27.49999999999997513, -0.4925896703523312548 ) ) ;
#399 = EDGE_CURVE ( 'NONE', #2004, #3431, #1477, .T. ) ;
#400 = CARTESIAN_POINT ( 'NONE',  ( -54.20100000000002893, 0.9999999999999940048, 0.0000000000000000000 ) ) ;
#401 = ORIENTED_EDGE ( 'NONE', *, *, #1105, .F. ) ;
#402 = DIRECTION ( 'NONE',  ( -0.0000000000000000000, -0.0000000000000000000, -1.000000000000000000 ) ) ;
#403 = DIRECTION ( 'NONE',  ( -0.0000000000000000000, -0.0000000000000000000, -1.000000000000000000 ) ) ;
#404 = CARTESIAN_POINT ( 'NONE',  ( 26.65233301088937168, 27.50000000000002487, -0.4567509641297516354 ) ) ;
#405 = EDGE_LOOP ( 'NONE', ( #28, #1324, #2848, #313 ) ) ;
#406 = EDGE_CURVE ( 'NONE', #3073, #2143, #377, .T. ) ;
#407 = ADVANCED_FACE ( 'NONE', ( #3179 ), #619, .F. ) ;
#408 = CARTESIAN_POINT ( 'NONE',  ( 41.27500000000000568, 19.04999999999999716, 4.500000000000000000 ) ) ;
#409 = DIRECTION ( 'NONE',  ( 1.000000000000000000, 0.0000000000000000000, 0.0000000000000000000 ) ) ;
#410 = CARTESIAN_POINT ( 'NONE',  ( 27.15811402948944320, -27.49999999999997513, 0.05411099439518082810 ) ) ;
#411 = ORIENTED_EDGE ( 'NONE', *, *, #3479, .F. ) ;
#412 = ORIENTED_EDGE ( 'NONE', *, *, #1581, .F. ) ;
#413 = CARTESIAN_POINT ( 'NONE',  ( 27.19111991010905882, -27.49999999999997868, -0.04169581110401661406 ) ) ;
#414 = EDGE_LOOP ( 'NONE', ( #943, #525, #2237, #2988 ) ) ;
#415 = CARTESIAN_POINT ( 'NONE',  ( 27.50000809372453858, 27.43569462984055107, 0.2851918370033910133 ) ) ;
#416 = FACE_BOUND ( 'NONE', #3266, .T. ) ;
#417 = VERTEX_POINT ( 'NONE', #115 ) ;
#418 = CARTESIAN_POINT ( 'NONE',  ( 26.50000000000002487, 27.50000000000002487, 1.999999999999999556 ) ) ;
#419 = AXIS2_PLACEMENT_3D ( 'NONE', #538, #3028, #1629 ) ;
#420 = VECTOR ( 'NONE', #2409, 1000.000000000000114 ) ;
#421 = ORGANIZATION ( 'UNSPECIFIED', 'UNSPECIFIED', '' ) ;
#422 = DIRECTION ( 'NONE',  ( 1.000000000000000000, 0.0000000000000000000, 0.0000000000000000000 ) ) ;
#423 = CARTESIAN_POINT ( 'NONE',  ( -48.20000000000000284, 54.20000000000000284, -4.500000000000000000 ) ) ;
#424 = VERTEX_POINT ( 'NONE', #1231 ) ;
#425 = VECTOR ( 'NONE', #3566, 1000.000000000000000 ) ;
#426 = CARTESIAN_POINT ( 'NONE',  ( 29.59999999999999787, -29.60000000000001208, 1.999999999999999556 ) ) ;
#427 = CIRCLE ( 'NONE', #1308, 2.999999999999999112 ) ;
#428 = LINE ( 'NONE', #3493, #2534 ) ;
#429 = CARTESIAN_POINT ( 'NONE',  ( -26.56764133573677356, -1.936789243100783819, -2.000000000000000000 ) ) ;
#430 = CIRCLE ( 'NONE', #375, 1.000000000000000888 ) ;
#431 = EDGE_CURVE ( 'NONE', #1444, #1848, #3471, .T. ) ;
#432 = CYLINDRICAL_SURFACE ( 'NONE', #1724, 1.000000000000000888 ) ;
#433 = ORIENTED_EDGE ( 'NONE', *, *, #269, .F. ) ;
#434 = ORIENTED_EDGE ( 'NONE', *, *, #2479, .T. ) ;
#435 = AXIS2_PLACEMENT_3D ( 'NONE', #3095, #778, #2493 ) ;
#436 = CARTESIAN_POINT ( 'NONE',  ( 27.49999966726503686, -26.96597501547201148, -0.8725205073977858605 ) ) ;
#437 = ORIENTED_EDGE ( 'NONE', *, *, #2539, .T. ) ;
#438 = CARTESIAN_POINT ( 'NONE',  ( 26.50000000000002487, 27.50000000000002487, 0.9996271050385679979 ) ) ;
#439 = EDGE_CURVE ( 'NONE', #2441, #3044, #2886, .T. ) ;
#440 = VECTOR ( 'NONE', #1967, 1000.000000000000000 ) ;
#441 = FACE_BOUND ( 'NONE', #818, .T. ) ;
#442 = ORIENTED_EDGE ( 'NONE', *, *, #431, .T. ) ;
#443 = CARTESIAN_POINT ( 'NONE',  ( 47.62500000000000000, -19.04999999999999716, 4.500000000000000000 ) ) ;
#444 = ORIENTED_EDGE ( 'NONE', *, *, #2986, .F. ) ;
#445 = DIRECTION ( 'NONE',  ( 0.0000000000000000000, -1.000000000000000000, -0.0000000000000000000 ) ) ;
#446 = CARTESIAN_POINT ( 'NONE',  ( 27.41261241098914070, 27.50000000000002132, -0.7617928029836580350 ) ) ;
#447 = EDGE_CURVE ( 'NONE', #1505, #1742, #2242, .T. ) ;
#448 = DIRECTION ( 'NONE',  ( 1.000000000000000000, 8.673617379884027583E-16, 0.0000000000000000000 ) ) ;
#449 = APPROVAL_DATE_TIME ( #2957, #1722 ) ;
#450 = DIRECTION ( 'NONE',  ( 1.000000000000000000, 0.0000000000000000000, -0.0000000000000000000 ) ) ;
#451 = CYLINDRICAL_SURFACE ( 'NONE', #899, 3.174999999999997158 ) ;
#452 = ORIENTED_EDGE ( 'NONE', *, *, #627, .F. ) ;
#453 = VERTEX_POINT ( 'NONE', #1331 ) ;
#454 = DIRECTION ( 'NONE',  ( 0.0000000000000000000, 1.000000000000000000, 0.0000000000000000000 ) ) ;
#455 = CARTESIAN_POINT ( 'NONE',  ( -22.22500000000000142, 44.45000000000000284, 4.500000000000000000 ) ) ;
#456 = EDGE_LOOP ( 'NONE', ( #397, #572, #650, #3582, #2616, #459, #1919, #1354 ) ) ;
#457 = CARTESIAN_POINT ( 'NONE',  ( 26.92590894161795489, 27.50000000000002487, 0.1773172449325071121 ) ) ;
#458 = FACE_OUTER_BOUND ( 'NONE', #2947, .T. ) ;
#459 = ORIENTED_EDGE ( 'NONE', *, *, #3230, .T. ) ;
#460 = ORIENTED_EDGE ( 'NONE', *, *, #2154, .F. ) ;
#461 = EDGE_CURVE ( 'NONE', #3277, #2494, #3241, .T. ) ;
#462 = DIRECTION ( 'NONE',  ( -1.000000000000000000, 0.0000000000000000000, 0.0000000000000000000 ) ) ;
#463 = ORIENTED_EDGE ( 'NONE', *, *, #2402, .T. ) ;
#464 = DIRECTION ( 'NONE',  ( 1.000000000000000000, 0.0000000000000000000, 0.0000000000000000000 ) ) ;
#465 = CARTESIAN_POINT ( 'NONE',  ( 27.49999997503538651, 26.61751674366749043, -0.9901320029542096668 ) ) ;
#466 = DIRECTION ( 'NONE',  ( 1.000000000000000000, 0.0000000000000000000, 0.0000000000000000000 ) ) ;
#467 =( NAMED_UNIT ( * ) SI_UNIT ( $, .STERADIAN. ) SOLID_ANGLE_UNIT ( ) );
#468 = CARTESIAN_POINT ( 'NONE',  ( 27.50000000000002487, -27.47640892215336095, 1.131253327514522716E-15 ) ) ;
#469 = DIRECTION ( 'NONE',  ( 1.000000000000000000, 0.0000000000000000000, 0.0000000000000000000 ) ) ;
#470 = EDGE_LOOP ( 'NONE', ( #2085, #982, #1360, #1215 ) ) ;
#471 = DIRECTION ( 'NONE',  ( -0.0000000000000000000, -0.0000000000000000000, -1.000000000000000000 ) ) ;
#472 = CARTESIAN_POINT ( 'NONE',  ( 27.50000000000002842, 27.07515468964038163, 0.9839755089138721988 ) ) ;
#473 = DIRECTION ( 'NONE',  ( -1.000000000000000000, -1.133806193448893442E-16, 0.0000000000000000000 ) ) ;
#474 = LINE ( 'NONE', #3302, #1730 ) ;
#475 = CARTESIAN_POINT ( 'NONE',  ( -23.19999999999999574, -53.20000000000000995, 4.500000000000000000 ) ) ;
#476 = ORIENTED_EDGE ( 'NONE', *, *, #2249, .F. ) ;
#477 = ORIENTED_EDGE ( 'NONE', *, *, #580, .F. ) ;
#478 = CARTESIAN_POINT ( 'NONE',  ( 27.50000020462702821, -27.05854304314856051, 0.8124797170817821268 ) ) ;
#479 = VERTEX_POINT ( 'NONE', #1349 ) ;
#480 = ADVANCED_FACE ( 'NONE', ( #2429 ), #2741, .T. ) ;
#481 = EDGE_CURVE ( 'NONE', #696, #2600, #1074, .T. ) ;
#482 = DIRECTION ( 'NONE',  ( 0.0000000000000000000, 0.0000000000000000000, 1.000000000000000000 ) ) ;
#483 = FACE_OUTER_BOUND ( 'NONE', #1573, .T. ) ;
#484 = AXIS2_PLACEMENT_3D ( 'NONE', #2437, #344, #1697 ) ;
#485 = DIRECTION ( 'NONE',  ( 0.0000000000000000000, 0.0000000000000000000, 1.000000000000000000 ) ) ;
#486 = APPLICATION_PROTOCOL_DEFINITION ( 'international standard', 'config_control_design', 1994, #529 ) ;
#487 = SECURITY_CLASSIFICATION ( '', '', #3510 ) ;
#488 = CARTESIAN_POINT ( 'NONE',  ( 27.27031645233334700, -27.49999999999997868, -0.01187756020831957568 ) ) ;
#489 = DIRECTION ( 'NONE',  ( -1.000000000000000000, 0.0000000000000000000, 0.0000000000000000000 ) ) ;
#490 = ORIENTED_EDGE ( 'NONE', *, *, #2449, .F. ) ;
#491 = AXIS2_PLACEMENT_3D ( 'NONE', #1788, #657, #2633 ) ;
#492 = DIRECTION ( 'NONE',  ( 0.0000000000000000000, -1.000000000000000000, 0.0000000000000000000 ) ) ;
#493 = CARTESIAN_POINT ( 'NONE',  ( 15.75000000000002132, 2.000000000000013767, 2.000000000000000000 ) ) ;
#494 = AXIS2_PLACEMENT_3D ( 'NONE', #662, #2899, #2622 ) ;
#495 = CARTESIAN_POINT ( 'NONE',  ( -19.05000000000000071, 44.45000000000000284, 4.500000000000000000 ) ) ;
#496 = CARTESIAN_POINT ( 'NONE',  ( 27.50000000000002487, 26.50319554861611593, 0.9995401452494668826 ) ) ;
#497 = DIRECTION ( 'NONE',  ( 1.000000000000000000, 0.0000000000000000000, 0.0000000000000000000 ) ) ;
#498 = CIRCLE ( 'NONE', #3246, 3.175000000000000711 ) ;
#499 = VERTEX_POINT ( 'NONE', #692 ) ;
#500 = ORIENTED_EDGE ( 'NONE', *, *, #3148, .F. ) ;
#501 = CARTESIAN_POINT ( 'NONE',  ( 27.14414751392762781, -27.49999999999997868, 0.06001565305621264779 ) ) ;
#502 = VECTOR ( 'NONE', #2406, 1000.000000000000000 ) ;
#503 = ORIENTED_EDGE ( 'NONE', *, *, #2428, .T. ) ;
#504 = EDGE_LOOP ( 'NONE', ( #3348, #957, #1110, #2701 ) ) ;
#505 = VECTOR ( 'NONE', #1381, 1000.000000000000000 ) ;
#506 = EDGE_CURVE ( 'NONE', #181, #1856, #2059, .T. ) ;
#507 = DIRECTION ( 'NONE',  ( -2.168404344971006649E-16, 0.0000000000000000000, -1.000000000000000000 ) ) ;
#508 = CARTESIAN_POINT ( 'NONE',  ( 27.39443898854323578, 27.50000000000002487, -0.2479458003801914556 ) ) ;
#509 = DIRECTION ( 'NONE',  ( -0.0000000000000000000, -0.0000000000000000000, 1.000000000000000000 ) ) ;
#510 = EDGE_CURVE ( 'NONE', #1327, #3027, #2697, .T. ) ;
#511 = EDGE_CURVE ( 'NONE', #2336, #3499, #172, .T. ) ;
#512 = PERSON_AND_ORGANIZATION_ROLE ( 'design_supplier' ) ;
#513 = FACE_OUTER_BOUND ( 'NONE', #286, .T. ) ;
#514 = DIRECTION ( 'NONE',  ( -0.0000000000000000000, -0.0000000000000000000, -1.000000000000000000 ) ) ;
#515 = ORIENTED_EDGE ( 'NONE', *, *, #1306, .F. ) ;
#516 = DIRECTION ( 'NONE',  ( -1.000000000000000000, 0.0000000000000000000, 0.0000000000000000000 ) ) ;
#517 = DIRECTION ( 'NONE',  ( -0.0000000000000000000, -0.0000000000000000000, 1.000000000000000000 ) ) ;
#518 = CARTESIAN_POINT ( 'NONE',  ( 32.59999999999999432, -29.59999999999999076, -4.500000000000000000 ) ) ;
#519 = CARTESIAN_POINT ( 'NONE',  ( 27.50000000104717301, 26.55368826691796613, 0.9967667370286976691 ) ) ;
#520 = DIRECTION ( 'NONE',  ( 1.000000000000000000, -0.0000000000000000000, -0.0000000000000000000 ) ) ;
#521 = VERTEX_POINT ( 'NONE', #3526 ) ;
#522 = ORIENTED_EDGE ( 'NONE', *, *, #2132, .F. ) ;
#523 = EDGE_CURVE ( 'NONE', #1556, #2485, #2721, .T. ) ;
#524 = CARTESIAN_POINT ( 'NONE',  ( 27.42406092772456816, -27.49999999999998579, 0.8393916199881842344 ) ) ;
#525 = ORIENTED_EDGE ( 'NONE', *, *, #510, .F. ) ;
#526 = ORIENTED_EDGE ( 'NONE', *, *, #618, .F. ) ;
#527 = CYLINDRICAL_SURFACE ( 'NONE', #136, 4.999999999999997335 ) ;
#528 = CARTESIAN_POINT ( 'NONE',  ( 27.27435907691307904, 27.50000000000002487, -0.009697777005259788571 ) ) ;
#529 = APPLICATION_CONTEXT ( 'configuration controlled 3d designs of mechanical parts and assemblies' ) ;
#530 = DIRECTION ( 'NONE',  ( 1.000000000000000000, 0.0000000000000000000, 0.0000000000000000000 ) ) ;
#531 = CALENDAR_DATE ( 2021, 9, 6 ) ;
#532 = ORIENTED_EDGE ( 'NONE', *, *, #2319, .F. ) ;
#533 = EDGE_CURVE ( 'NONE', #2675, #1444, #844, .T. ) ;
#534 = CARTESIAN_POINT ( 'NONE',  ( 69.20000000000003126, 8.859251995394472435E-15, -5.000000000000000000 ) ) ;
#535 = ORIENTED_EDGE ( 'NONE', *, *, #333, .T. ) ;
#536 = ORIENTED_EDGE ( 'NONE', *, *, #1405, .T. ) ;
#537 = CARTESIAN_POINT ( 'NONE',  ( -32.60000000000000142, -29.59999999999999076, -1.999999999999999556 ) ) ;
#538 = CARTESIAN_POINT ( 'NONE',  ( -26.49999999999997513, 3.000000000000014655, -2.000000000000000000 ) ) ;
#539 = CARTESIAN_POINT ( 'NONE',  ( -29.60000000000000497, -29.60000000000001208, 4.500000000000000000 ) ) ;
#540 = CARTESIAN_POINT ( 'NONE',  ( 27.50000000000002487, -11.74999999999997868, 1.999999999999999556 ) ) ;
#541 = ORIENTED_EDGE ( 'NONE', *, *, #533, .F. ) ;
#542 = CARTESIAN_POINT ( 'NONE',  ( 27.40069233467736609, -27.49999999999998224, 0.5923922292662451294 ) ) ;
#543 = DIRECTION ( 'NONE',  ( 1.000000000000000000, -0.0000000000000000000, -0.0000000000000000000 ) ) ;
#544 = ORIENTED_EDGE ( 'NONE', *, *, #1464, .T. ) ;
#545 = DIRECTION ( 'NONE',  ( 0.0000000000000000000, 0.0000000000000000000, 1.000000000000000000 ) ) ;
#546 = CARTESIAN_POINT ( 'NONE',  ( 27.25804299017232069, 27.50000000000002487, -0.01705448915290627004 ) ) ;
#547 = DIRECTION ( 'NONE',  ( 1.000000000000000000, 0.0000000000000000000, 0.0000000000000000000 ) ) ;
#548 = ORIENTED_EDGE ( 'NONE', *, *, #2502, .F. ) ;
#549 = CARTESIAN_POINT ( 'NONE',  ( -22.22500000000000142, 44.45000000000000284, 4.500000000000000000 ) ) ;
#550 = VERTEX_POINT ( 'NONE', #1271 ) ;
#551 = AXIS2_PLACEMENT_3D ( 'NONE', #1709, #3128, #985 ) ;
#552 = CARTESIAN_POINT ( 'NONE',  ( 22.22500000000000142, -44.45000000000000284, 4.500000000000000000 ) ) ;
#553 = EDGE_CURVE ( 'NONE', #2459, #1133, #2384, .T. ) ;
#554 = CARTESIAN_POINT ( 'NONE',  ( 27.50000000000002487, -25.46876924706666756, -0.5985507879119654762 ) ) ;
#555 = CARTESIAN_POINT ( 'NONE',  ( -44.45000000000000284, 19.04999999999999716, 4.500000000000000000 ) ) ;
#556 = VECTOR ( 'NONE', #600, 1000.000000000000000 ) ;
#557 = VECTOR ( 'NONE', #1146, 1000.000000000000000 ) ;
#558 = CARTESIAN_POINT ( 'NONE',  ( 60.31000000000002359, -29.98090081228328785, 3.174999999999998046 ) ) ;
#559 = ORIENTED_EDGE ( 'NONE', *, *, #3221, .T. ) ;
#560 = AXIS2_PLACEMENT_3D ( 'NONE', #773, #3021, #1622 ) ;
#561 = CARTESIAN_POINT ( 'NONE',  ( 27.00291800472126624, -27.49999999999997868, 0.1291413875296457403 ) ) ;
#562 = VECTOR ( 'NONE', #2900, 1000.000000000000000 ) ;
#563 = FACE_OUTER_BOUND ( 'NONE', #1626, .T. ) ;
#564 = ORIENTED_EDGE ( 'NONE', *, *, #553, .T. ) ;
#565 = AXIS2_PLACEMENT_3D ( 'NONE', #1660, #1641, #3025 ) ;
#566 = CARTESIAN_POINT ( 'NONE',  ( 27.50000000000002487, 26.50000000000002487, -0.9996271050385656665 ) ) ;
#567 = CARTESIAN_POINT ( 'NONE',  ( 27.50005536833505815, 27.46050009503623457, -0.1780154803662124807 ) ) ;
#568 = CIRCLE ( 'NONE', #1024, 2.999999999999999112 ) ;
#569 = LINE ( 'NONE', #3335, #1374 ) ;
#570 = EDGE_CURVE ( 'NONE', #2313, #2077, #1192, .T. ) ;
#571 = CARTESIAN_POINT ( 'NONE',  ( 29.59999999999999787, -29.60000000000001208, -1.999999999999999556 ) ) ;
#572 = ORIENTED_EDGE ( 'NONE', *, *, #1693, .T. ) ;
#573 = PLANE ( 'NONE',  #3072 ) ;
#574 = PLANE ( 'NONE',  #2109 ) ;
#575 = FACE_OUTER_BOUND ( 'NONE', #739, .T. ) ;
#576 = CARTESIAN_POINT ( 'NONE',  ( 29.59999999999997655, 32.59999999999999432, -1.999999999999999556 ) ) ;
#577 = VERTEX_POINT ( 'NONE', #1289 ) ;
#578 = CARTESIAN_POINT ( 'NONE',  ( 27.39556461286319688, -27.49999999999998224, -0.3652878634794551882 ) ) ;
#579 = DIRECTION ( 'NONE',  ( -0.9977097021176764002, 0.06764133573679152744, 0.0000000000000000000 ) ) ;
#580 = EDGE_CURVE ( 'NONE', #550, #2752, #1078, .T. ) ;
#581 = EDGE_LOOP ( 'NONE', ( #2637, #1583 ) ) ;
#582 = DIRECTION ( 'NONE',  ( 1.261617073437677999E-16, -1.000000000000000000, 0.0000000000000000000 ) ) ;
#583 = CARTESIAN_POINT ( 'NONE',  ( 27.40217336185049746, 27.50000000000002487, -0.6234833894888952566 ) ) ;
#584 = CARTESIAN_POINT ( 'NONE',  ( 0.0000000000000000000, -27.49999999999997868, 1.999999999999999556 ) ) ;
#585 = ORIENTED_EDGE ( 'NONE', *, *, #101, .F. ) ;
#586 = CARTESIAN_POINT ( 'NONE',  ( 27.50000000000002487, 25.46876924706666756, -0.5985507879119866814 ) ) ;
#587 = DIRECTION ( 'NONE',  ( -1.000000000000000000, 0.0000000000000000000, 0.0000000000000000000 ) ) ;
#588 = LINE ( 'NONE', #40, #150 ) ;
#589 = DIRECTION ( 'NONE',  ( -1.000000000000000000, 0.0000000000000000000, 0.0000000000000000000 ) ) ;
#590 = EDGE_LOOP ( 'NONE', ( #476, #971, #1590, #1640 ) ) ;
#591 = CARTESIAN_POINT ( 'NONE',  ( 27.28259103058092094, -27.49999999999997868, 0.003613162060882969297 ) ) ;
#592 = CARTESIAN_POINT ( 'NONE',  ( 69.20000000000003126, -29.98090081228328785, 3.174999999999998046 ) ) ;
#593 = ORIENTED_EDGE ( 'NONE', *, *, #1597, .T. ) ;
#594 = CARTESIAN_POINT ( 'NONE',  ( 54.20000000000000995, -53.20000000000000284, -4.500000000000000000 ) ) ;
#595 = EDGE_CURVE ( 'NONE', #299, #1094, #3509, .T. ) ;
#596 = CARTESIAN_POINT ( 'NONE',  ( 27.39458545747148577, 27.50000000000002487, 0.2667796866425284352 ) ) ;
#597 = ADVANCED_FACE ( 'NONE', ( #2403 ), #710, .F. ) ;
#598 = DIRECTION ( 'NONE',  ( 1.000000000000000000, 0.0000000000000000000, 0.0000000000000000000 ) ) ;
#599 = VERTEX_POINT ( 'NONE', #734 ) ;
#600 = DIRECTION ( 'NONE',  ( 1.000000000000000000, 1.280238727658160503E-16, -0.0000000000000000000 ) ) ;
#601 = FACE_OUTER_BOUND ( 'NONE', #470, .T. ) ;
#602 = CYLINDRICAL_SURFACE ( 'NONE', #38, 3.174999999999997158 ) ;
#603 = FACE_BOUND ( 'NONE', #2981, .T. ) ;
#604 = VERTEX_POINT ( 'NONE', #2976 ) ;
#605 = CARTESIAN_POINT ( 'NONE',  ( 27.39341045915428907, -27.49999999999997868, 0.06449635997311871372 ) ) ;
#606 = DIRECTION ( 'NONE',  ( 1.000000000000000000, 0.0000000000000000000, 0.0000000000000000000 ) ) ;
#607 = VECTOR ( 'NONE', #1852, 1000.000000000000000 ) ;
#608 = VERTEX_POINT ( 'NONE', #1579 ) ;
#609 = CIRCLE ( 'NONE', #3466, 1.000000000000000888 ) ;
#610 = CARTESIAN_POINT ( 'NONE',  ( -27.49999999999997513, -2.934498945218459554, 1.999999999999999556 ) ) ;
#611 = VECTOR ( 'NONE', #3206, 1000.000000000000000 ) ;
#612 = CARTESIAN_POINT ( 'NONE',  ( 27.15130684664108074, 27.50000000000002487, 0.05710624871970339245 ) ) ;
#613 = VECTOR ( 'NONE', #2858, 1000.000000000000000 ) ;
#614 = CARTESIAN_POINT ( 'NONE',  ( 27.27513148639391005, 27.50000000000002842, -0.009327554265605782213 ) ) ;
#615 = AXIS2_PLACEMENT_3D ( 'NONE', #1923, #2248, #1940 ) ;
#616 = ADVANCED_BREP_SHAPE_REPRESENTATION ( 'electrolyteChamber_rectangularMask_v02.2.2_20210521_STEP-AP203', ( #1165, #2483 ), #2933 ) ;
#617 = ORIENTED_EDGE ( 'NONE', *, *, #80, .T. ) ;
#618 = EDGE_CURVE ( 'NONE', #2459, #686, #1537, .T. ) ;
#619 = CYLINDRICAL_SURFACE ( 'NONE', #494, 1.000000000000000888 ) ;
#620 = VECTOR ( 'NONE', #2369, 1000.000000000000000 ) ;
#621 = FACE_OUTER_BOUND ( 'NONE', #1649, .T. ) ;
#622 = FACE_OUTER_BOUND ( 'NONE', #197, .T. ) ;
#623 = CARTESIAN_POINT ( 'NONE',  ( 60.31000000000003070, -28.33927229735236963, -1.999999999999999778 ) ) ;
#624 = ORIENTED_EDGE ( 'NONE', *, *, #2209, .F. ) ;
#625 = CARTESIAN_POINT ( 'NONE',  ( 27.49974734259194165, -27.45034804513050375, -0.2372031794172365371 ) ) ;
#626 = DIRECTION ( 'NONE',  ( 0.0000000000000000000, -1.000000000000000000, 0.0000000000000000000 ) ) ;
#627 = EDGE_CURVE ( 'NONE', #3144, #1733, #3367, .T. ) ;
#628 = EDGE_LOOP ( 'NONE', ( #2683, #3484 ) ) ;
#629 = DIRECTION ( 'NONE',  ( -0.0000000000000000000, 0.0000000000000000000, 1.000000000000000000 ) ) ;
#630 = CARTESIAN_POINT ( 'NONE',  ( 27.28366579848210804, 27.50000000000002487, 0.001864858822329900408 ) ) ;
#631 = CARTESIAN_POINT ( 'NONE',  ( -44.45000000000000284, -19.04999999999999716, 4.500000000000000000 ) ) ;
#632 = ORIENTED_EDGE ( 'NONE', *, *, #1810, .T. ) ;
#633 = DIRECTION ( 'NONE',  ( 1.000000000000000000, 0.0000000000000000000, 0.0000000000000000000 ) ) ;
#634 = CARTESIAN_POINT ( 'NONE',  ( 22.22500000000000142, -44.45000000000000284, -4.500000000000000000 ) ) ;
#635 = CARTESIAN_POINT ( 'NONE',  ( 26.79572192258534713, -27.49999999999997868, 0.2798622136465124255 ) ) ;
#636 = EDGE_CURVE ( 'NONE', #2213, #827, #2801, .T. ) ;
#637 = EDGE_CURVE ( 'NONE', #1323, #1755, #3612, .T. ) ;
#638 = DIRECTION ( 'NONE',  ( 1.000000000000000000, -0.0000000000000000000, -0.0000000000000000000 ) ) ;
#639 = ORIENTED_EDGE ( 'NONE', *, *, #570, .F. ) ;
#640 = CARTESIAN_POINT ( 'NONE',  ( 27.50006316435204567, -27.46505510810915851, -0.1509031862985900363 ) ) ;
#641 = FACE_OUTER_BOUND ( 'NONE', #2668, .T. ) ;
#642 = EDGE_LOOP ( 'NONE', ( #433, #1845, #152, #290, #1929 ) ) ;
#643 = FACE_BOUND ( 'NONE', #1837, .T. ) ;
#644 = CARTESIAN_POINT ( 'NONE',  ( 27.28331254651492443, 27.50000000000002487, 0.002658820190267317200 ) ) ;
#645 = CARTESIAN_POINT ( 'NONE',  ( 26.79572192263083608, 27.50000000000001776, -0.2798622136002810179 ) ) ;
#646 = EDGE_LOOP ( 'NONE', ( #1467, #682, #639, #2763, #2048 ) ) ;
#647 = DIRECTION ( 'NONE',  ( -0.0000000000000000000, -1.000000000000000000, -0.0000000000000000000 ) ) ;
#648 = CARTESIAN_POINT ( 'NONE',  ( 54.19999999999999574, 54.20000000000001705, 4.500000000000000000 ) ) ;
#649 = LINE ( 'NONE', #2887, #1253 ) ;
#650 = ORIENTED_EDGE ( 'NONE', *, *, #2562, .T. ) ;
#651 = EDGE_CURVE ( 'NONE', #1076, #1027, #201, .T. ) ;
#652 = CARTESIAN_POINT ( 'NONE',  ( 27.50000003190397990, -26.73848934627598695, -0.9646654240971853644 ) ) ;
#653 = VECTOR ( 'NONE', #263, 1000.000000000000000 ) ;
#654 = LINE ( 'NONE', #351, #272 ) ;
#655 = EDGE_LOOP ( 'NONE', ( #585, #2253, #1907, #1497 ) ) ;
#656 = VECTOR ( 'NONE', #2472, 1000.000000000000000 ) ;
#657 = DIRECTION ( 'NONE',  ( -0.0000000000000000000, -0.0000000000000000000, -1.000000000000000000 ) ) ;
#658 = AXIS2_PLACEMENT_3D ( 'NONE', #1162, #2533, #3414 ) ;
#659 = DIRECTION ( 'NONE',  ( -0.0000000000000000000, 0.0000000000000000000, -1.000000000000000000 ) ) ;
#660 = AXIS2_PLACEMENT_3D ( 'NONE', #1941, #1399, #2232 ) ;
#661 = ORIENTED_EDGE ( 'NONE', *, *, #2744, .F. ) ;
#662 = CARTESIAN_POINT ( 'NONE',  ( 26.50000000000002487, -11.74999999999997868, 2.000000000000000000 ) ) ;
#663 = CIRCLE ( 'NONE', #1145, 3.000000000000002665 ) ;
#664 = DIRECTION ( 'NONE',  ( -0.0000000000000000000, 0.0000000000000000000, -1.000000000000000000 ) ) ;
#665 = CYLINDRICAL_SURFACE ( 'NONE', #2955, 1.000000000000000888 ) ;
#666 = DIRECTION ( 'NONE',  ( -0.08715574274766037244, 0.9961946980917453232, 0.0000000000000000000 ) ) ;
#667 = ORIENTED_EDGE ( 'NONE', *, *, #2055, .T. ) ;
#668 = CARTESIAN_POINT ( 'NONE',  ( 27.41343225629448099, -27.49999999999998224, -0.7686339467006110260 ) ) ;
#669 = DIRECTION ( 'NONE',  ( 0.0000000000000000000, 0.0000000000000000000, 1.000000000000000000 ) ) ;
#670 = ORIENTED_EDGE ( 'NONE', *, *, #797, .T. ) ;
#671 = LINE ( 'NONE', #1806, #1599 ) ;
#672 = EDGE_CURVE ( 'NONE', #1027, #993, #569, .T. ) ;
#673 = EDGE_CURVE ( 'NONE', #3276, #925, #3040, .T. ) ;
#674 = DIRECTION ( 'NONE',  ( -0.0000000000000000000, 0.0000000000000000000, 1.000000000000000000 ) ) ;
#675 = CARTESIAN_POINT ( 'NONE',  ( 27.41646078459429248, 27.50000000000002487, -0.7909339057237114723 ) ) ;
#676 = ORIENTED_EDGE ( 'NONE', *, *, #741, .F. ) ;
#677 = DIRECTION ( 'NONE',  ( -1.000000000000000000, 1.960139520877748248E-17, -0.0000000000000000000 ) ) ;
#678 = CARTESIAN_POINT ( 'NONE',  ( -60.67195572236983026, -19.76236235553591669, 1.131253327514522716E-15 ) ) ;
#679 = DIRECTION ( 'NONE',  ( -1.000000000000000000, 0.0000000000000000000, 0.0000000000000000000 ) ) ;
#680 = DIRECTION ( 'NONE',  ( -0.0000000000000000000, -0.0000000000000000000, -1.000000000000000000 ) ) ;
#681 = ORIENTED_EDGE ( 'NONE', *, *, #1116, .F. ) ;
#682 = ORIENTED_EDGE ( 'NONE', *, *, #2288, .F. ) ;
#683 = CARTESIAN_POINT ( 'NONE',  ( 27.23131090262067389, -27.49999999999997868, -0.02714137895617715554 ) ) ;
#684 = ORIENTED_EDGE ( 'NONE', *, *, #595, .T. ) ;
#685 = CARTESIAN_POINT ( 'NONE',  ( -29.59999999999998366, 32.59999999999999432, 1.999999999999999556 ) ) ;
#686 = VERTEX_POINT ( 'NONE', #2210 ) ;
#687 = CARTESIAN_POINT ( 'NONE',  ( -23.19999999999999574, -53.20000000000000995, -4.500000000000000000 ) ) ;
#688 = EDGE_CURVE ( 'NONE', #1003, #1118, #1482, .T. ) ;
#689 = DIRECTION ( 'NONE',  ( 1.000000000000000000, 0.0000000000000000000, 0.0000000000000000000 ) ) ;
#690 = LINE ( 'NONE', #2696, #2788 ) ;
#691 = ORIENTED_EDGE ( 'NONE', *, *, #3562, .T. ) ;
#692 = CARTESIAN_POINT ( 'NONE',  ( 69.20000000000003126, -29.98090081228328785, -3.174999999999996270 ) ) ;
#693 = CARTESIAN_POINT ( 'NONE',  ( -6.938893903907229955E-15, 54.20000000000000995, 4.500000000000000000 ) ) ;
#694 = DIRECTION ( 'NONE',  ( 0.9977097021176764002, -0.06764133573679152744, 0.0000000000000000000 ) ) ;
#695 = ORIENTED_EDGE ( 'NONE', *, *, #481, .T. ) ;
#696 = VERTEX_POINT ( 'NONE', #1639 ) ;
#697 = CARTESIAN_POINT ( 'NONE',  ( 6.031848949148114413E-15, -53.20000000000000995, -4.500000000000000000 ) ) ;
#698 = EDGE_LOOP ( 'NONE', ( #3365, #684, #2390, #2195 ) ) ;
#699 = CARTESIAN_POINT ( 'NONE',  ( 27.39418182672798707, 27.50000000000002132, 0.2150130906887434135 ) ) ;
#700 = DIRECTION ( 'NONE',  ( 0.0000000000000000000, 0.0000000000000000000, 1.000000000000000000 ) ) ;
#701 = EDGE_LOOP ( 'NONE', ( #2182, #3251, #1863, #875, #2381, #793, #3553, #1946, #808, #1739, #2349, #2272, #2715, #2510, #2804, #632, #1526, #2907, #766, #3379, #823, #2389, #1594, #2323, #858, #3008, #1695, #1823 ) ) ;
#702 = CARTESIAN_POINT ( 'NONE',  ( 26.75943884506371262, -27.49999999999997868, 0.3245151170481090919 ) ) ;
#703 = ORIENTED_EDGE ( 'NONE', *, *, #965, .T. ) ;
#704 = AXIS2_PLACEMENT_3D ( 'NONE', #3507, #674, #948 ) ;
#705 = FACE_OUTER_BOUND ( 'NONE', #2687, .T. ) ;
#706 = CIRCLE ( 'NONE', #2588, 1.000000000000000888 ) ;
#707 = PLANE ( 'NONE',  #1090 ) ;
#708 = AXIS2_PLACEMENT_3D ( 'NONE', #1006, #131, #1248 ) ;
#709 = AXIS2_PLACEMENT_3D ( 'NONE', #2188, #3351, #1951 ) ;
#710 = PLANE ( 'NONE',  #3126 ) ;
#711 = CIRCLE ( 'NONE', #3359, 1.000000000000000888 ) ;
#712 = APPROVAL_ROLE ( '' ) ;
#713 = CARTESIAN_POINT ( 'NONE',  ( 27.18487932160190468, -27.49999999999998224, 0.04391956694495711272 ) ) ;
#714 = AXIS2_PLACEMENT_3D ( 'NONE', #285, #807, #3621 ) ;
#715 = EDGE_CURVE ( 'NONE', #1899, #2793, #3318, .T. ) ;
#716 = LINE ( 'NONE', #3216, #2252 ) ;
#717 = VERTEX_POINT ( 'NONE', #2225 ) ;
#718 = CARTESIAN_POINT ( 'NONE',  ( 60.31000000000002359, 29.98090081228328785, 1.008788647599787371E-15 ) ) ;
#719 = AXIS2_PLACEMENT_3D ( 'NONE', #2194, #2450, #3569 ) ;
#720 = LINE ( 'NONE', #537, #2177 ) ;
#721 = CARTESIAN_POINT ( 'NONE',  ( -29.60000000000000497, -29.60000000000001208, 1.999999999999999556 ) ) ;
#722 = VERTEX_POINT ( 'NONE', #1371 ) ;
#723 = DIRECTION ( 'NONE',  ( 0.08715574274766037244, 0.9961946980917453232, 0.0000000000000000000 ) ) ;
#724 = AXIS2_PLACEMENT_3D ( 'NONE', #27, #847, #1945 ) ;
#725 = FACE_BOUND ( 'NONE', #3212, .T. ) ;
#726 = ORIENTED_EDGE ( 'NONE', *, *, #688, .F. ) ;
#727 = ORIENTED_EDGE ( 'NONE', *, *, #938, .F. ) ;
#728 = AXIS2_PLACEMENT_3D ( 'NONE', #1184, #89, #679 ) ;
#729 = CARTESIAN_POINT ( 'NONE',  ( 26.50000000000002487, -27.49999999999997868, 0.9996271050385697743 ) ) ;
#730 = ORIENTED_EDGE ( 'NONE', *, *, #399, .F. ) ;
#731 = CC_DESIGN_PERSON_AND_ORGANIZATION_ASSIGNMENT ( #1054, #753, ( #1762 ) ) ;
#732 = DIRECTION ( 'NONE',  ( -0.0000000000000000000, 0.0000000000000000000, 1.000000000000000000 ) ) ;
#733 = CARTESIAN_POINT ( 'NONE',  ( 27.49999999789030980, 26.52874117214399874, -0.9985797540715523057 ) ) ;
#734 = CARTESIAN_POINT ( 'NONE',  ( 32.59999999999999432, -29.59999999999999076, -1.999999999999999556 ) ) ;
#735 = CALENDAR_DATE ( 2021, 9, 6 ) ;
#736 = CARTESIAN_POINT ( 'NONE',  ( 26.59442136634134357, -27.49999999999997513, -0.5602412247403353307 ) ) ;
#737 = DIRECTION ( 'NONE',  ( 1.000000000000000000, 0.0000000000000000000, 0.0000000000000000000 ) ) ;
#738 = ORIENTED_EDGE ( 'NONE', *, *, #878, .T. ) ;
#739 = EDGE_LOOP ( 'NONE', ( #1297, #2359, #452, #932 ) ) ;
#740 = CARTESIAN_POINT ( 'NONE',  ( -15.87500000000000000, -44.45000000000000284, -4.500000000000000000 ) ) ;
#741 = EDGE_CURVE ( 'NONE', #993, #3087, #1657, .T. ) ;
#742 = CARTESIAN_POINT ( 'NONE',  ( 22.22500000000000142, 44.45000000000000284, 4.500000000000000000 ) ) ;
#743 = ADVANCED_FACE ( 'NONE', ( #830 ), #1114, .F. ) ;
#744 = CARTESIAN_POINT ( 'NONE',  ( 27.43919959855676538, 27.50000000000002132, 0.9069536145451058129 ) ) ;
#745 = CARTESIAN_POINT ( 'NONE',  ( 27.50000000000002487, 0.0000000000000000000, 1.999999999999999556 ) ) ;
#746 = ORIENTED_EDGE ( 'NONE', *, *, #3160, .T. ) ;
#747 = ORIENTED_EDGE ( 'NONE', *, *, #2269, .F. ) ;
#748 = CARTESIAN_POINT ( 'NONE',  ( 27.21773851043655768, -27.49999999999997868, 0.03197282367191629088 ) ) ;
#749 = ORIENTED_EDGE ( 'NONE', *, *, #688, .T. ) ;
#750 = CARTESIAN_POINT ( 'NONE',  ( 69.20000000000003126, 8.859251995394472435E-15, -3.174999999999999378 ) ) ;
#751 = CARTESIAN_POINT ( 'NONE',  ( 26.49999999396754902, 27.50000000000002487, -0.8853452144040259153 ) ) ;
#752 = DIRECTION ( 'NONE',  ( 1.000000000000000000, 0.0000000000000000000, 0.0000000000000000000 ) ) ;
#753 = PERSON_AND_ORGANIZATION_ROLE ( 'design_owner' ) ;
#754 = CARTESIAN_POINT ( 'NONE',  ( 27.21706372459480505, -27.49999999999997513, -0.03219073394395199211 ) ) ;
#755 = FACE_OUTER_BOUND ( 'NONE', #456, .T. ) ;
#756 = EDGE_LOOP ( 'NONE', ( #2826, #1686, #541, #2942 ) ) ;
#757 = CARTESIAN_POINT ( 'NONE',  ( -32.60000000000000142, -29.59999999999999076, -4.500000000000000000 ) ) ;
#758 = CARTESIAN_POINT ( 'NONE',  ( 69.20000000000003126, 8.859251995394472435E-15, 0.0000000000000000000 ) ) ;
#759 = CARTESIAN_POINT ( 'NONE',  ( 26.50000000000002487, -12.74999999999997868, 2.000000000000000000 ) ) ;
#760 = LINE ( 'NONE', #2414, #2723 ) ;
#761 = CARTESIAN_POINT ( 'NONE',  ( 27.50000000000002487, -26.49999999999997868, 4.500000000000000000 ) ) ;
#762 = EDGE_CURVE ( 'NONE', #3408, #3092, #1954, .T. ) ;
#763 = EDGE_LOOP ( 'NONE', ( #1099, #2029, #3034, #1417 ) ) ;
#764 = ORIENTED_EDGE ( 'NONE', *, *, #3191, .T. ) ;
#765 = CARTESIAN_POINT ( 'NONE',  ( 27.24467548595253064, -27.49999999999997868, 0.02220476693038533553 ) ) ;
#766 = ORIENTED_EDGE ( 'NONE', *, *, #1334, .T. ) ;
#767 = EDGE_CURVE ( 'NONE', #3403, #232, #1741, .T. ) ;
#768 = ADVANCED_FACE ( 'NONE', ( #927 ), #385, .F. ) ;
#769 = VERTEX_POINT ( 'NONE', #2892 ) ;
#770 = PLANE ( 'NONE',  #3238 ) ;
#771 = CARTESIAN_POINT ( 'NONE',  ( 27.25470872979749615, 27.50000000000002487, -0.01836262236869573572 ) ) ;
#772 = LOCAL_TIME ( 15, 1, 45.00000000000000000, #1033 ) ;
#773 = CARTESIAN_POINT ( 'NONE',  ( 26.50000000000002487, -26.49999999999997868, 0.9996271050385456824 ) ) ;
#774 = PERSON_AND_ORGANIZATION ( #14, #421 ) ;
#775 = CARTESIAN_POINT ( 'NONE',  ( 27.50000000000003197, -27.47640892215336095, 0.5731797882573852476 ) ) ;
#776 = VECTOR ( 'NONE', #3150, 1000.000000000000114 ) ;
#777 = ADVANCED_FACE ( 'NONE', ( #1453 ), #2846, .F. ) ;
#778 = DIRECTION ( 'NONE',  ( 0.0000000000000000000, -0.0000000000000000000, 1.000000000000000000 ) ) ;
#779 = ORIENTED_EDGE ( 'NONE', *, *, #1671, .F. ) ;
#780 = AXIS2_PLACEMENT_3D ( 'NONE', #1244, #2654, #1266 ) ;
#781 = ORIENTED_EDGE ( 'NONE', *, *, #637, .T. ) ;
#782 = LINE ( 'NONE', #2170, #2002 ) ;
#783 = AXIS2_PLACEMENT_3D ( 'NONE', #2945, #165, #1281 ) ;
#784 = LINE ( 'NONE', #1084, #653 ) ;
#785 = CARTESIAN_POINT ( 'NONE',  ( 27.50000000000002487, 26.50000000000002487, 0.9996271050385675538 ) ) ;
#786 = DIRECTION ( 'NONE',  ( 0.0000000000000000000, 0.0000000000000000000, -1.000000000000000000 ) ) ;
#787 = CIRCLE ( 'NONE', #1776, 1.000000000000000888 ) ;
#788 = ORIENTED_EDGE ( 'NONE', *, *, #1811, .T. ) ;
#789 = ORIENTED_EDGE ( 'NONE', *, *, #3486, .T. ) ;
#790 = CARTESIAN_POINT ( 'NONE',  ( 27.25804299009452336, -27.49999999999997868, 0.01705448918399768768 ) ) ;
#791 = CIRCLE ( 'NONE', #2126, 1.000000000000000888 ) ;
#792 = EDGE_LOOP ( 'NONE', ( #3247, #3552, #368, #535, #93, #1809, #1026, #2605, #2175, #1400, #2960, #703, #1001, #86, #2632, #2341, #2168, #788, #3267, #65, #1720, #1230, #3622, #3540, #2893, #2221, #695, #2859 ) ) ;
#793 = ORIENTED_EDGE ( 'NONE', *, *, #2310, .T. ) ;
#794 = AXIS2_PLACEMENT_3D ( 'NONE', #2155, #2688, #2394 ) ;
#795 = EDGE_CURVE ( 'NONE', #453, #71, #109, .T. ) ;
#796 = CARTESIAN_POINT ( 'NONE',  ( 27.39482784961385775, 27.50000000000002132, -0.2932367420986909945 ) ) ;
#797 = EDGE_CURVE ( 'NONE', #1376, #3513, #1242, .T. ) ;
#798 = CARTESIAN_POINT ( 'NONE',  ( 29.59999999999997655, -32.60000000000000853, -4.500000000000000000 ) ) ;
#799 = ORIENTED_EDGE ( 'NONE', *, *, #2673, .F. ) ;
#800 = DIRECTION ( 'NONE',  ( 1.000000000000000000, 0.0000000000000000000, 0.0000000000000000000 ) ) ;
#801 = LINE ( 'NONE', #1375, #3020 ) ;
#802 = ORIENTED_EDGE ( 'NONE', *, *, #3615, .F. ) ;
#803 = PLANE ( 'NONE',  #2710 ) ;
#804 = DIRECTION ( 'NONE',  ( 0.0000000000000000000, -0.0000000000000000000, 1.000000000000000000 ) ) ;
#805 = CYLINDRICAL_SURFACE ( 'NONE', #3422, 3.175000000000000711 ) ;
#806 = CARTESIAN_POINT ( 'NONE',  ( 27.50000000421240287, 26.59531796973675100, 0.9926190965268385513 ) ) ;
#807 = DIRECTION ( 'NONE',  ( -0.0000000000000000000, 0.0000000000000000000, 1.000000000000000000 ) ) ;
#808 = ORIENTED_EDGE ( 'NONE', *, *, #553, .F. ) ;
#809 = CARTESIAN_POINT ( 'NONE',  ( 27.39430559317977298, -27.49999999999998224, 0.2315011248841793157 ) ) ;
#810 = DIRECTION ( 'NONE',  ( 1.000000000000000000, 0.0000000000000000000, 0.0000000000000000000 ) ) ;
#811 = VERTEX_POINT ( 'NONE', #96 ) ;
#812 = CYLINDRICAL_SURFACE ( 'NONE', #265, 3.175000000000000711 ) ;
#813 = CARTESIAN_POINT ( 'NONE',  ( 27.49999588237414372, 27.38097449722446797, -0.4270257304775439411 ) ) ;
#814 = EDGE_CURVE ( 'NONE', #3218, #417, #74, .T. ) ;
#815 = CARTESIAN_POINT ( 'NONE',  ( 55.85831239517771252, -53.20000000000000284, 2.000000000000000000 ) ) ;
#816 = ORIENTED_EDGE ( 'NONE', *, *, #390, .F. ) ;
#817 = DIRECTION ( 'NONE',  ( 0.0000000000000000000, 0.0000000000000000000, -1.000000000000000000 ) ) ;
#818 = EDGE_LOOP ( 'NONE', ( #1211, #2211 ) ) ;
#819 = CARTESIAN_POINT ( 'NONE',  ( 29.59999999999997655, 32.59999999999999432, -1.999999999999999556 ) ) ;
#820 = DIRECTION ( 'NONE',  ( 1.000000000000000000, 0.0000000000000000000, 0.0000000000000000000 ) ) ;
#821 = DIRECTION ( 'NONE',  ( -0.0000000000000000000, 0.0000000000000000000, 1.000000000000000000 ) ) ;
#822 = DIRECTION ( 'NONE',  ( 0.9977097021176764002, -0.06764133573679137479, 0.0000000000000000000 ) ) ;
#823 = ORIENTED_EDGE ( 'NONE', *, *, #1209, .T. ) ;
#824 = CARTESIAN_POINT ( 'NONE',  ( 27.39506971941098712, -27.49999999999998224, 0.3175398322540691765 ) ) ;
#825 = CARTESIAN_POINT ( 'NONE',  ( -15.74999999999997158, 16.75000000000000355, 2.000000000000000000 ) ) ;
#826 = EDGE_CURVE ( 'NONE', #3178, #2077, #1225, .T. ) ;
#827 = VERTEX_POINT ( 'NONE', #3462 ) ;
#828 = DIRECTION ( 'NONE',  ( -1.000000000000000000, 0.0000000000000000000, 0.0000000000000000000 ) ) ;
#829 = CARTESIAN_POINT ( 'NONE',  ( 27.28175129674936983, 27.50000000000002487, -0.004649468148198219672 ) ) ;
#830 = FACE_OUTER_BOUND ( 'NONE', #414, .T. ) ;
#831 = VECTOR ( 'NONE', #379, 1000.000000000000000 ) ;
#832 = DIRECTION ( 'NONE',  ( 1.000000000000000000, 0.0000000000000000000, 0.0000000000000000000 ) ) ;
#833 = ORIENTED_EDGE ( 'NONE', *, *, #2965, .F. ) ;
#834 = VECTOR ( 'NONE', #3209, 1000.000000000000000 ) ;
#835 = CARTESIAN_POINT ( 'NONE',  ( -47.62500000000000000, -19.04999999999999716, -4.500000000000000000 ) ) ;
#836 = AXIS2_PLACEMENT_3D ( 'NONE', #1796, #1473, #3444 ) ;
#837 = CYLINDRICAL_SURFACE ( 'NONE', #1129, 1.000000000000001110 ) ;
#838 = DIRECTION ( 'NONE',  ( -0.0000000000000000000, -0.0000000000000000000, -1.000000000000000000 ) ) ;
#839 = EDGE_CURVE ( 'NONE', #1027, #2262, #2335, .T. ) ;
#840 = EDGE_CURVE ( 'NONE', #2079, #1237, #963, .T. ) ;
#841 = VECTOR ( 'NONE', #1418, 1000.000000000000000 ) ;
#842 = DIRECTION ( 'NONE',  ( 0.0000000000000000000, 0.0000000000000000000, -1.000000000000000000 ) ) ;
#843 = ORIENTED_EDGE ( 'NONE', *, *, #2236, .F. ) ;
#844 = CIRCLE ( 'NONE', #2121, 2.999999999999999112 ) ;
#845 = CARTESIAN_POINT ( 'NONE',  ( 27.28301263630180173, -27.49999999999997868, -0.003042622807507852720 ) ) ;
#846 = AXIS2_PLACEMENT_3D ( 'NONE', #2615, #669, #2599 ) ;
#847 = DIRECTION ( 'NONE',  ( 0.0000000000000000000, -0.0000000000000000000, 1.000000000000000000 ) ) ;
#848 = EDGE_LOOP ( 'NONE', ( #2950, #691, #2888, #294 ) ) ;
#849 = CIRCLE ( 'NONE', #2015, 3.174999999999997158 ) ;
#850 = CARTESIAN_POINT ( 'NONE',  ( 47.62500000000000000, 19.04999999999999716, -4.500000000000000000 ) ) ;
#851 = CARTESIAN_POINT ( 'NONE',  ( 27.50006690422057076, 27.46874190773884195, -0.1246203341974004702 ) ) ;
#852 = CIRCLE ( 'NONE', #3252, 3.174999999999997158 ) ;
#853 = LINE ( 'NONE', #584, #2784 ) ;
#854 = ORIENTED_EDGE ( 'NONE', *, *, #1959, .T. ) ;
#855 = DIRECTION ( 'NONE',  ( -1.280238727658160256E-16, 1.000000000000000000, -0.0000000000000000000 ) ) ;
#856 = LINE ( 'NONE', #1121, #1321 ) ;
#857 = PLANE ( 'NONE',  #3539 ) ;
#858 = ORIENTED_EDGE ( 'NONE', *, *, #3615, .T. ) ;
#859 = ADVANCED_FACE ( 'NONE', ( #59, #2322 ), #2906, .T. ) ;
#860 = EDGE_CURVE ( 'NONE', #1802, #1284, #1016, .T. ) ;
#861 = CARTESIAN_POINT ( 'NONE',  ( 27.39602533797370754, -27.49999999999997513, -0.3998198251532453229 ) ) ;
#862 = DIRECTION ( 'NONE',  ( 0.0000000000000000000, 0.0000000000000000000, -1.000000000000000000 ) ) ;
#863 = ORIENTED_EDGE ( 'NONE', *, *, #2207, .F. ) ;
#864 = CARTESIAN_POINT ( 'NONE',  ( -32.60000000000000142, -29.59999999999999076, 4.500000000000000000 ) ) ;
#865 = CARTESIAN_POINT ( 'NONE',  ( 27.39556461281653199, 27.50000000000003553, 0.3652878632253490632 ) ) ;
#866 = CARTESIAN_POINT ( 'NONE',  ( 27.15811402958184928, 27.50000000000001421, -0.05411099435842024047 ) ) ;
#867 = ORIENTED_EDGE ( 'NONE', *, *, #814, .T. ) ;
#868 = CARTESIAN_POINT ( 'NONE',  ( -26.49999999999997513, -2.934498945218459554, -2.000000000000000000 ) ) ;
#869 = CARTESIAN_POINT ( 'NONE',  ( 26.56764133573682329, 12.81321075689921507, 2.000000000000000000 ) ) ;
#870 = CARTESIAN_POINT ( 'NONE',  ( 15.87500000000000000, 44.45000000000000284, 4.500000000000000000 ) ) ;
#871 = CARTESIAN_POINT ( 'NONE',  ( 27.50000000000002487, -0.9999999999999974465, 1.224646799147356658E-16 ) ) ;
#872 = VERTEX_POINT ( 'NONE', #942 ) ;
#873 = CARTESIAN_POINT ( 'NONE',  ( 27.49994368038834480, -27.47119145247215144, 0.1039358518085793104 ) ) ;
#874 = FACE_OUTER_BOUND ( 'NONE', #1476, .T. ) ;
#875 = ORIENTED_EDGE ( 'NONE', *, *, #142, .T. ) ;
#876 = LINE ( 'NONE', #1195, #1953 ) ;
#877 = CARTESIAN_POINT ( 'NONE',  ( 27.19111991003493145, 27.50000000000002487, 0.04169581113156568125 ) ) ;
#878 = EDGE_CURVE ( 'NONE', #2419, #937, #1725, .T. ) ;
#879 = CARTESIAN_POINT ( 'NONE',  ( 26.64974525604239730, 27.50000000000002132, 0.4607953012295310513 ) ) ;
#880 = VERTEX_POINT ( 'NONE', #892 ) ;
#881 = CARTESIAN_POINT ( 'NONE',  ( 55.85831239517770541, 7.151197478993434373E-15, -2.000000000000000000 ) ) ;
#882 = DESIGN_CONTEXT ( 'detailed design', #529, 'design' ) ;
#883 = DIRECTION ( 'NONE',  ( -0.0000000000000000000, -0.0000000000000000000, 1.000000000000000000 ) ) ;
#884 = AXIS2_PLACEMENT_3D ( 'NONE', #2215, #2171, #3301 ) ;
#885 = CARTESIAN_POINT ( 'NONE',  ( -29.59999999999998366, -32.60000000000000853, -4.500000000000000000 ) ) ;
#886 = ADVANCED_FACE ( 'NONE', ( #641 ), #2861, .T. ) ;
#887 = CIRCLE ( 'NONE', #3527, 2.999999999999999112 ) ;
#888 = CARTESIAN_POINT ( 'NONE',  ( -19.05000000000000071, 44.45000000000000284, 4.500000000000000000 ) ) ;
#889 = AXIS2_PLACEMENT_3D ( 'NONE', #2640, #2591, #409 ) ;
#890 = EDGE_LOOP ( 'NONE', ( #2244, #867, #1964, #3460 ) ) ;
#891 = CARTESIAN_POINT ( 'NONE',  ( 27.39418182672080704, -27.49999999999997868, -0.2150130897866624202 ) ) ;
#892 = CARTESIAN_POINT ( 'NONE',  ( 27.50000000000002487, 26.50000000000002487, 1.999999999999999556 ) ) ;
#893 = VECTOR ( 'NONE', #547, 1000.000000000000000 ) ;
#894 = EDGE_LOOP ( 'NONE', ( #3394, #44, #460, #2350 ) ) ;
#895 = AXIS2_PLACEMENT_3D ( 'NONE', #1790, #2910, #1269 ) ;
#896 = CARTESIAN_POINT ( 'NONE',  ( -22.22500000000000142, -44.45000000000000284, 4.500000000000000000 ) ) ;
#897 = CIRCLE ( 'NONE', #1958, 3.174999999999997158 ) ;
#898 = CARTESIAN_POINT ( 'NONE',  ( 27.13815008371626902, 27.50000000000002487, 0.06249887945063963002 ) ) ;
#899 = AXIS2_PLACEMENT_3D ( 'NONE', #1256, #680, #2643 ) ;
#900 = EDGE_CURVE ( 'NONE', #1713, #97, #654, .T. ) ;
#901 = CARTESIAN_POINT ( 'NONE',  ( 27.27031645223404865, 27.50000000000002132, 0.01187756025561921384 ) ) ;
#902 = ADVANCED_FACE ( 'NONE', ( #3449 ), #365, .T. ) ;
#903 = AXIS2_PLACEMENT_3D ( 'NONE', #2235, #2811, #2756 ) ;
#904 = VERTEX_POINT ( 'NONE', #1588 ) ;
#905 = LINE ( 'NONE', #1734, #1894 ) ;
#906 = CIRCLE ( 'NONE', #2200, 3.175000000000000711 ) ;
#907 = DIRECTION ( 'NONE',  ( 0.0000000000000000000, 0.0000000000000000000, -1.000000000000000000 ) ) ;
#908 = DIRECTION ( 'NONE',  ( 1.000000000000000000, 1.960139520877748248E-16, 0.0000000000000000000 ) ) ;
#909 = FACE_OUTER_BOUND ( 'NONE', #1181, .T. ) ;
#910 = ORIENTED_EDGE ( 'NONE', *, *, #3375, .F. ) ;
#911 = ADVANCED_FACE ( 'NONE', ( #458, #725, #441, #1844, #1299, #416, #2707, #2173, #2689, #205 ), #2732, .T. ) ;
#912 = CARTESIAN_POINT ( 'NONE',  ( 27.49996278950479933, -27.47412400810233990, -0.07068957529061373202 ) ) ;
#913 = CARTESIAN_POINT ( 'NONE',  ( 26.50000000000002487, -27.49999999999997868, 4.500000000000000000 ) ) ;
#914 = VERTEX_POINT ( 'NONE', #3281 ) ;
#915 = LINE ( 'NONE', #896, #557 ) ;
#916 = CARTESIAN_POINT ( 'NONE',  ( 27.50011263922076665, 27.47625954274751692, -0.04343105331854979489 ) ) ;
#917 = DIRECTION ( 'NONE',  ( -0.0000000000000000000, 0.0000000000000000000, 1.000000000000000000 ) ) ;
#918 = EDGE_CURVE ( 'NONE', #1979, #3424, #3131, .T. ) ;
#919 = ORIENTED_EDGE ( 'NONE', *, *, #2427, .F. ) ;
#920 = DIRECTION ( 'NONE',  ( -1.000000000000000000, 0.0000000000000000000, 0.0000000000000000000 ) ) ;
#921 = UNCERTAINTY_MEASURE_WITH_UNIT (LENGTH_MEASURE( 1.000000000000000082E-05 ), #1254, 'distance_accuracy_value', 'NONE');
#922 = DIRECTION ( 'NONE',  ( 1.000000000000000000, 0.0000000000000000000, 0.0000000000000000000 ) ) ;
#923 = DIRECTION ( 'NONE',  ( -0.0000000000000000000, 0.0000000000000000000, 1.000000000000000000 ) ) ;
#924 = DIRECTION ( 'NONE',  ( 0.0000000000000000000, 1.000000000000000000, 0.0000000000000000000 ) ) ;
#925 = VERTEX_POINT ( 'NONE', #2095 ) ;
#926 = CARTESIAN_POINT ( 'NONE',  ( 26.59485110698214783, -27.49999999999997868, -0.5593375122057500093 ) ) ;
#927 = FACE_OUTER_BOUND ( 'NONE', #2565, .T. ) ;
#928 = ORIENTED_EDGE ( 'NONE', *, *, #2847, .T. ) ;
#929 = CARTESIAN_POINT ( 'NONE',  ( -48.20000000000000284, 49.20000000000000995, 4.500000000000000000 ) ) ;
#930 = EDGE_CURVE ( 'NONE', #2548, #1361, #498, .T. ) ;
#931 = CARTESIAN_POINT ( 'NONE',  ( 27.23879331852494090, 27.50000000000002842, -0.02447885778923946862 ) ) ;
#932 = ORIENTED_EDGE ( 'NONE', *, *, #3088, .F. ) ;
#933 = CARTESIAN_POINT ( 'NONE',  ( -3.469446951953617344E-15, 27.50000000000002132, 1.999999999999999556 ) ) ;
#934 = CARTESIAN_POINT ( 'NONE',  ( 69.20000000000003126, 29.98090081228328785, 3.174999999999998046 ) ) ;
#935 = DIRECTION ( 'NONE',  ( 1.960139520877748248E-16, -1.000000000000000000, 0.0000000000000000000 ) ) ;
#936 = LINE ( 'NONE', #1738, #613 ) ;
#937 = VERTEX_POINT ( 'NONE', #1025 ) ;
#938 = EDGE_CURVE ( 'NONE', #2313, #1675, #2417, .T. ) ;
#939 = CARTESIAN_POINT ( 'NONE',  ( 26.49999998431643888, -27.49999999999997868, -0.8850190768444534672 ) ) ;
#940 = AXIS2_PLACEMENT_3D ( 'NONE', #3439, #917, #598 ) ;
#941 = VECTOR ( 'NONE', #2609, 1000.000000000000000 ) ;
#942 = CARTESIAN_POINT ( 'NONE',  ( 27.50000000000002487, 11.81550105478153867, -1.999999999999999112 ) ) ;
#943 = ORIENTED_EDGE ( 'NONE', *, *, #1420, .F. ) ;
#944 = VECTOR ( 'NONE', #1164, 1000.000000000000000 ) ;
#945 = DIRECTION ( 'NONE',  ( -0.0000000000000000000, 0.0000000000000000000, 1.000000000000000000 ) ) ;
#946 = VECTOR ( 'NONE', #1177, 1000.000000000000114 ) ;
#947 = VECTOR ( 'NONE', #2930, 1000.000000000000114 ) ;
#948 = DIRECTION ( 'NONE',  ( 1.000000000000000000, 0.0000000000000000000, 0.0000000000000000000 ) ) ;
#949 = DIRECTION ( 'NONE',  ( 0.0000000000000000000, 1.000000000000000000, 0.0000000000000000000 ) ) ;
#950 = VECTOR ( 'NONE', #2031, 1000.000000000000000 ) ;
#951 = EDGE_LOOP ( 'NONE', ( #177, #2728 ) ) ;
#952 = CARTESIAN_POINT ( 'NONE',  ( 32.59999999999999432, -29.59999999999999076, 1.999999999999999556 ) ) ;
#953 = AXIS2_PLACEMENT_3D ( 'NONE', #55, #1170, #2281 ) ;
#954 = LINE ( 'NONE', #934, #1423 ) ;
#955 = CARTESIAN_POINT ( 'NONE',  ( 26.50000000000002487, 26.50000000000002487, 2.000000000000000000 ) ) ;
#956 = DIRECTION ( 'NONE',  ( 0.0000000000000000000, 1.000000000000000000, 0.0000000000000000000 ) ) ;
#957 = ORIENTED_EDGE ( 'NONE', *, *, #3382, .T. ) ;
#958 = CIRCLE ( 'NONE', #903, 3.175000000000000711 ) ;
#959 = ORIENTED_EDGE ( 'NONE', *, *, #3221, .F. ) ;
#960 =( BOUNDED_CURVE ( )  B_SPLINE_CURVE ( 3, ( #3097, #586, #2819, #309 ),
 .UNSPECIFIED., .F., .T. ) 
 B_SPLINE_CURVE_WITH_KNOTS ( ( 4, 4 ),
 ( 3.141592653589793116, 4.739698983637990359 ),
 .UNSPECIFIED. ) 
 CURVE ( )  GEOMETRIC_REPRESENTATION_ITEM ( )  RATIONAL_B_SPLINE_CURVE ( ( 1.000000000000000000, 0.7982570765234592303, 0.7982570765234592303, 1.000000000000000000 ) ) 
 REPRESENTATION_ITEM ( '' )  );
#961 = CARTESIAN_POINT ( 'NONE',  ( 26.51920820943348645, -27.49999999999997868, -0.7737950209479645958 ) ) ;
#962 = ORIENTED_EDGE ( 'NONE', *, *, #814, .F. ) ;
#963 = LINE ( 'NONE', #400, #950 ) ;
#964 = ADVANCED_FACE ( 'NONE', ( #1341 ), #2114, .F. ) ;
#965 = EDGE_CURVE ( 'NONE', #577, #1802, #3007, .T. ) ;
#966 = ORIENTED_EDGE ( 'NONE', *, *, #3191, .F. ) ;
#967 = FACE_OUTER_BOUND ( 'NONE', #2504, .T. ) ;
#968 = EDGE_CURVE ( 'NONE', #1592, #2463, #1571, .T. ) ;
#969 = LINE ( 'NONE', #170, #834 ) ;
#970 = CARTESIAN_POINT ( 'NONE',  ( 27.49281362029249820, 27.50000000000022027, -0.9985004148318117334 ) ) ;
#971 = ORIENTED_EDGE ( 'NONE', *, *, #1285, .F. ) ;
#972 = LINE ( 'NONE', #1472, #1771 ) ;
#973 = DIRECTION ( 'NONE',  ( 1.000000000000000000, -0.0000000000000000000, -0.0000000000000000000 ) ) ;
#974 = CARTESIAN_POINT ( 'NONE',  ( 27.22527469696585811, -27.49999999999997158, 0.02923477989496551729 ) ) ;
#975 = PLANE ( 'NONE',  #3482 ) ;
#976 = ORIENTED_EDGE ( 'NONE', *, *, #3627, .T. ) ;
#977 = ORIENTED_EDGE ( 'NONE', *, *, #1670, .F. ) ;
#978 = DIRECTION ( 'NONE',  ( 0.0000000000000000000, 1.000000000000000000, 0.0000000000000000000 ) ) ;
#979 = EDGE_LOOP ( 'NONE', ( #3599, #2301, #187, #444 ) ) ;
#980 = CARTESIAN_POINT ( 'NONE',  ( 27.41343225630360081, 27.50000000000002132, 0.7686339467809931714 ) ) ;
#981 = DIRECTION ( 'NONE',  ( -0.0000000000000000000, 0.0000000000000000000, 1.000000000000000000 ) ) ;
#982 = ORIENTED_EDGE ( 'NONE', *, *, #3458, .T. ) ;
#983 = CARTESIAN_POINT ( 'NONE',  ( 27.47505791002294728, -27.49999999999998224, 0.9847803176527062385 ) ) ;
#984 = EDGE_LOOP ( 'NONE', ( #3205, #1514, #3451, #2627 ) ) ;
#985 = DIRECTION ( 'NONE',  ( -1.000000000000000000, 0.0000000000000000000, 0.0000000000000000000 ) ) ;
#986 = EDGE_CURVE ( 'NONE', #1094, #2969, #3265, .T. ) ;
#987 = CARTESIAN_POINT ( 'NONE',  ( 26.93058644232898757, 27.50000000000002487, -0.1740299591839246929 ) ) ;
#988 = EDGE_CURVE ( 'NONE', #2876, #2371, #2376, .T. ) ;
#989 = CARTESIAN_POINT ( 'NONE',  ( 27.50000000000002487, -11.74999999999997868, 4.500000000000000000 ) ) ;
#990 = PERSON_AND_ORGANIZATION_ROLE ( 'classification_officer' ) ;
#991 = DIRECTION ( 'NONE',  ( -1.000000000000000000, 0.0000000000000000000, 0.0000000000000000000 ) ) ;
#992 = DIRECTION ( 'NONE',  ( -0.0000000000000000000, -0.0000000000000000000, 1.000000000000000000 ) ) ;
#993 = VERTEX_POINT ( 'NONE', #475 ) ;
#994 = VERTEX_POINT ( 'NONE', #685 ) ;
#995 = DIRECTION ( 'NONE',  ( 0.0000000000000000000, 0.0000000000000000000, 1.000000000000000000 ) ) ;
#996 = CARTESIAN_POINT ( 'NONE',  ( 27.49999988917121030, -26.77122061549392384, -0.9559620162709184799 ) ) ;
#997 = ORIENTED_EDGE ( 'NONE', *, *, #1835, .F. ) ;
#998 = EDGE_CURVE ( 'NONE', #357, #2459, #1612, .T. ) ;
#999 = DIRECTION ( 'NONE',  ( 0.9961946980917453232, -0.08715574274766224594, -0.0000000000000000000 ) ) ;
#1000 = DIRECTION ( 'NONE',  ( 1.280238727658160256E-16, -1.000000000000000000, 0.0000000000000000000 ) ) ;
#1001 = ORIENTED_EDGE ( 'NONE', *, *, #860, .T. ) ;
#1002 = FACE_OUTER_BOUND ( 'NONE', #848, .T. ) ;
#1003 = VERTEX_POINT ( 'NONE', #2439 ) ;
#1004 = CIRCLE ( 'NONE', #1885, 3.000000000000002665 ) ;
#1005 = AXIS2_PLACEMENT_3D ( 'NONE', #1355, #1338, #2962 ) ;
#1006 = CARTESIAN_POINT ( 'NONE',  ( 15.75000000000002132, 1.934498945218493526, 2.000000000000000000 ) ) ;
#1007 = AXIS2_PLACEMENT_3D ( 'NONE', #2245, #1696, #329 ) ;
#1008 = CARTESIAN_POINT ( 'NONE',  ( 27.50000000105488240, 26.55434210874415868, -0.9967145358947107070 ) ) ;
#1009 = AXIS2_PLACEMENT_3D ( 'NONE', #2183, #1329, #2162 ) ;
#1010 = VECTOR ( 'NONE', #647, 1000.000000000000000 ) ;
#1011 = EDGE_CURVE ( 'NONE', #2485, #2862, #787, .T. ) ;
#1012 = ADVANCED_FACE ( 'NONE', ( #2651, #148 ), #3501, .F. ) ;
#1013 = CARTESIAN_POINT ( 'NONE',  ( 27.50000000000002487, 0.0000000000000000000, -1.999999999999999112 ) ) ;
#1014 = COORDINATED_UNIVERSAL_TIME_OFFSET ( 1, 0, .AHEAD. ) ;
#1015 = CARTESIAN_POINT ( 'NONE',  ( 29.59999999999997655, 32.59999999999999432, 1.999999999999999556 ) ) ;
#1016 = CIRCLE ( 'NONE', #1142, 1.000000000000000888 ) ;
#1017 = FACE_OUTER_BOUND ( 'NONE', #1261, .T. ) ;
#1018 = ORIENTED_EDGE ( 'NONE', *, *, #2735, .F. ) ;
#1019 = DIRECTION ( 'NONE',  ( -0.0000000000000000000, -1.000000000000000000, 0.0000000000000000000 ) ) ;
#1020 = CIRCLE ( 'NONE', #1317, 1.000000000000000888 ) ;
#1021 = CARTESIAN_POINT ( 'NONE',  ( -53.19999999999999574, -23.20000000000001705, -4.500000000000000000 ) ) ;
#1022 = DIRECTION ( 'NONE',  ( 1.000000000000000000, 0.0000000000000000000, 0.0000000000000000000 ) ) ;
#1023 = CARTESIAN_POINT ( 'NONE',  ( -27.49999999999997513, 0.0000000000000000000, -1.999999999999999112 ) ) ;
#1024 = AXIS2_PLACEMENT_3D ( 'NONE', #539, #3406, #3114 ) ;
#1025 = CARTESIAN_POINT ( 'NONE',  ( 29.59999999999997655, -32.60000000000000853, -1.999999999999999556 ) ) ;
#1026 = ORIENTED_EDGE ( 'NONE', *, *, #1752, .T. ) ;
#1027 = VERTEX_POINT ( 'NONE', #1822 ) ;
#1028 = CARTESIAN_POINT ( 'NONE',  ( 27.18411643500961006, -27.49999999999997868, 0.04430177140745369252 ) ) ;
#1029 = ORIENTED_EDGE ( 'NONE', *, *, #1959, .F. ) ;
#1030 = CARTESIAN_POINT ( 'NONE',  ( -27.49999999999997513, 3.000000000000014655, -1.999999999999999112 ) ) ;
#1031 = CARTESIAN_POINT ( 'NONE',  ( 69.20000000000001705, -53.20000000000000284, -5.000000000000000000 ) ) ;
#1032 = DIRECTION ( 'NONE',  ( 1.000000000000000000, 0.0000000000000000000, 0.0000000000000000000 ) ) ;
#1033 = COORDINATED_UNIVERSAL_TIME_OFFSET ( 1, 0, .AHEAD. ) ;
#1034 = CARTESIAN_POINT ( 'NONE',  ( 27.27832934047444624, -27.49999999999998934, 0.007626248600095922141 ) ) ;
#1035 = EDGE_CURVE ( 'NONE', #1361, #2548, #3015, .T. ) ;
#1036 = LINE ( 'NONE', #3512, #34 ) ;
#1037 = ORIENTED_EDGE ( 'NONE', *, *, #1835, .T. ) ;
#1038 = ORIENTED_EDGE ( 'NONE', *, *, #2062, .T. ) ;
#1039 = DIRECTION ( 'NONE',  ( -0.0000000000000000000, -1.000000000000000000, 0.0000000000000000000 ) ) ;
#1040 = DIRECTION ( 'NONE',  ( -1.000000000000000000, 0.0000000000000000000, 0.0000000000000000000 ) ) ;
#1041 = DIRECTION ( 'NONE',  ( 1.000000000000000000, -0.0000000000000000000, -0.0000000000000000000 ) ) ;
#1042 = EDGE_CURVE ( 'NONE', #880, #2004, #2395, .T. ) ;
#1043 = EDGE_CURVE ( 'NONE', #608, #181, #2834, .T. ) ;
#1044 = DIRECTION ( 'NONE',  ( -0.0000000000000000000, 0.0000000000000000000, 1.000000000000000000 ) ) ;
#1045 = ORIENTED_EDGE ( 'NONE', *, *, #2986, .T. ) ;
#1046 = ORIENTED_EDGE ( 'NONE', *, *, #2103, .F. ) ;
#1047 = CARTESIAN_POINT ( 'NONE',  ( 27.50000006195413249, -26.85180013943195121, 0.9262578955406024495 ) ) ;
#1048 = EDGE_LOOP ( 'NONE', ( #3026, #1884, #2332, #3313 ) ) ;
#1049 = ORIENTED_EDGE ( 'NONE', *, *, #767, .T. ) ;
#1050 = CARTESIAN_POINT ( 'NONE',  ( 69.20000000000001705, 54.20000000000001705, 5.000000000000000000 ) ) ;
#1051 = CARTESIAN_POINT ( 'NONE',  ( 27.39337764454084123, 27.50000000000001776, -0.05379076982562525089 ) ) ;
#1052 = EDGE_CURVE ( 'NONE', #1251, #126, #1086, .T. ) ;
#1053 = CARTESIAN_POINT ( 'NONE',  ( -27.49999999999997513, 0.0000000000000000000, 4.500000000000000000 ) ) ;
#1054 = PERSON_AND_ORGANIZATION ( #14, #421 ) ;
#1055 = FACE_BOUND ( 'NONE', #792, .T. ) ;
#1056 = CARTESIAN_POINT ( 'NONE',  ( -48.20000000000000284, 54.20000000000000284, 4.500000000000000000 ) ) ;
#1057 = ORIENTED_EDGE ( 'NONE', *, *, #2614, .T. ) ;
#1058 = ORIENTED_EDGE ( 'NONE', *, *, #367, .F. ) ;
#1059 = CARTESIAN_POINT ( 'NONE',  ( 29.59999999999997655, 32.59999999999999432, 4.500000000000000000 ) ) ;
#1060 = LINE ( 'NONE', #518, #2476 ) ;
#1061 = CARTESIAN_POINT ( 'NONE',  ( 69.20000000000003126, -29.98090081228328785, 1.008788647599787371E-15 ) ) ;
#1062 = CARTESIAN_POINT ( 'NONE',  ( 19.05000000000000071, 44.45000000000000284, 4.500000000000000000 ) ) ;
#1063 = ORIENTED_EDGE ( 'NONE', *, *, #797, .F. ) ;
#1064 = EDGE_LOOP ( 'NONE', ( #2022, #362, #2036, #3224, #1767, #184, #2444 ) ) ;
#1065 = ADVANCED_FACE ( 'NONE', ( #1648 ), #3086, .F. ) ;
#1066 = EDGE_CURVE ( 'NONE', #1937, #2645, #1667, .T. ) ;
#1067 = CARTESIAN_POINT ( 'NONE',  ( 27.15741927203932704, -27.49999999999997868, 0.05465301473836668006 ) ) ;
#1068 = ORIENTED_EDGE ( 'NONE', *, *, #3575, .T. ) ;
#1069 = VERTEX_POINT ( 'NONE', #576 ) ;
#1070 = DIRECTION ( 'NONE',  ( 0.0000000000000000000, 0.0000000000000000000, 1.000000000000000000 ) ) ;
#1071 = CIRCLE ( 'NONE', #2769, 3.175000000000000711 ) ;
#1072 = CARTESIAN_POINT ( 'NONE',  ( 27.39346037521582033, 27.50000000000002132, -0.08374895985836437740 ) ) ;
#1073 = CIRCLE ( 'NONE', #3122, 5.000000000000000888 ) ;
#1074 = LINE ( 'NONE', #1601, #82 ) ;
#1075 = APPROVAL_ROLE ( '' ) ;
#1076 = VERTEX_POINT ( 'NONE', #2808 ) ;
#1077 = CARTESIAN_POINT ( 'NONE',  ( 44.45000000000000284, 19.04999999999999716, -4.500000000000000000 ) ) ;
#1078 = CIRCLE ( 'NONE', #1309, 2.999999999999999112 ) ;
#1079 = DIRECTION ( 'NONE',  ( 1.000000000000000000, -0.0000000000000000000, -0.0000000000000000000 ) ) ;
#1080 = ORIENTED_EDGE ( 'NONE', *, *, #1710, .F. ) ;
#1081 = DIRECTION ( 'NONE',  ( -0.0000000000000000000, -0.0000000000000000000, -1.000000000000000000 ) ) ;
#1082 = DIRECTION ( 'NONE',  ( 1.000000000000000000, -0.0000000000000000000, -0.0000000000000000000 ) ) ;
#1083 = VECTOR ( 'NONE', #497, 1000.000000000000000 ) ;
#1084 = CARTESIAN_POINT ( 'NONE',  ( 15.87500000000000000, -44.45000000000000284, 4.500000000000000000 ) ) ;
#1085 = CARTESIAN_POINT ( 'NONE',  ( 27.49999997633194582, 26.61510462760338314, 0.9904434069304713928 ) ) ;
#1086 = LINE ( 'NONE', #3049, #3310 ) ;
#1087 = AXIS2_PLACEMENT_3D ( 'NONE', #2699, #992, #3551 ) ;
#1088 = EDGE_LOOP ( 'NONE', ( #3081, #1800 ) ) ;
#1089 = CARTESIAN_POINT ( 'NONE',  ( 27.39702444941820758, -27.49999999999998224, 0.4606773638039765584 ) ) ;
#1090 = AXIS2_PLACEMENT_3D ( 'NONE', #2927, #949, #2993 ) ;
#1091 = ORIENTED_EDGE ( 'NONE', *, *, #1732, .T. ) ;
#1092 = ADVANCED_FACE ( 'NONE', ( #8, #2768 ), #857, .F. ) ;
#1093 = CARTESIAN_POINT ( 'NONE',  ( -29.60000000000000497, -29.60000000000001208, -1.999999999999999556 ) ) ;
#1094 = VERTEX_POINT ( 'NONE', #540 ) ;
#1095 = VECTOR ( 'NONE', #2610, 1000.000000000000000 ) ;
#1096 = DIRECTION ( 'NONE',  ( -1.000000000000000000, 0.0000000000000000000, 2.168404344971006896E-16 ) ) ;
#1097 = CARTESIAN_POINT ( 'NONE',  ( 27.49999876387153819, 27.17973211086587071, -0.7121235619446159015 ) ) ;
#1098 = DIRECTION ( 'NONE',  ( 0.0000000000000000000, 0.0000000000000000000, -1.000000000000000000 ) ) ;
#1099 = ORIENTED_EDGE ( 'NONE', *, *, #2289, .F. ) ;
#1100 = CARTESIAN_POINT ( 'NONE',  ( -41.27500000000000568, 19.04999999999999716, 4.500000000000000000 ) ) ;
#1101 = VERTEX_POINT ( 'NONE', #1139 ) ;
#1102 = DIRECTION ( 'NONE',  ( -1.280238727658160256E-16, 1.000000000000000000, 0.0000000000000000000 ) ) ;
#1103 = DIRECTION ( 'NONE',  ( 0.0000000000000000000, 0.0000000000000000000, -1.000000000000000000 ) ) ;
#1104 = DIRECTION ( 'NONE',  ( 1.000000000000000000, -0.0000000000000000000, -0.0000000000000000000 ) ) ;
#1105 = EDGE_CURVE ( 'NONE', #18, #453, #3598, .T. ) ;
#1106 = DIRECTION ( 'NONE',  ( -0.0000000000000000000, -0.0000000000000000000, -1.000000000000000000 ) ) ;
#1107 = ORIENTED_EDGE ( 'NONE', *, *, #2081, .T. ) ;
#1108 = CARTESIAN_POINT ( 'NONE',  ( 27.25470872971971659, -27.49999999999997868, 0.01836262239907151400 ) ) ;
#1109 = DIRECTION ( 'NONE',  ( -0.0000000000000000000, -0.0000000000000000000, -1.000000000000000000 ) ) ;
#1110 = ORIENTED_EDGE ( 'NONE', *, *, #1572, .T. ) ;
#1111 = LINE ( 'NONE', #1404, #2489 ) ;
#1112 = CARTESIAN_POINT ( 'NONE',  ( 27.50000627098983941, 27.44413959795948088, -0.2527576523846812306 ) ) ;
#1113 =( BOUNDED_CURVE ( )  B_SPLINE_CURVE ( 3, ( #2914, #2608, #1202, #1459 ),
 .UNSPECIFIED., .F., .T. ) 
 B_SPLINE_CURVE_WITH_KNOTS ( ( 4, 4 ),
 ( 4.739698983637945062, 6.283185307179586232 ),
 .UNSPECIFIED. ) 
 CURVE ( )  GEOMETRIC_REPRESENTATION_ITEM ( )  RATIONAL_B_SPLINE_CURVE ( ( 1.000000000000000000, 0.8111307354427590433, 0.8111307354427590433, 1.000000000000000000 ) ) 
 REPRESENTATION_ITEM ( '' )  );
#1114 = CYLINDRICAL_SURFACE ( 'NONE', #709, 2.999999999999999112 ) ;
#1115 = ADVANCED_FACE ( 'NONE', ( #298 ), #1432, .F. ) ;
#1116 = EDGE_CURVE ( 'NONE', #1257, #3338, #897, .T. ) ;
#1117 = FACE_OUTER_BOUND ( 'NONE', #3057, .T. ) ;
#1118 = VERTEX_POINT ( 'NONE', #558 ) ;
#1119 = DIRECTION ( 'NONE',  ( 1.000000000000000000, 0.0000000000000000000, 0.0000000000000000000 ) ) ;
#1120 = CARTESIAN_POINT ( 'NONE',  ( 69.20000000000001705, -53.20000000000000284, 5.000000000000000000 ) ) ;
#1121 = CARTESIAN_POINT ( 'NONE',  ( 69.20000000000003126, 29.98090081228328785, -3.174999999999996270 ) ) ;
#1122 = CARTESIAN_POINT ( 'NONE',  ( 69.20000000000001705, -53.20000000000000284, -5.000000000000000000 ) ) ;
#1123 = EDGE_LOOP ( 'NONE', ( #749, #1817 ) ) ;
#1124 = CARTESIAN_POINT ( 'NONE',  ( 27.28411786252646110, -27.49999999999997868, -0.0001526362805150096246 ) ) ;
#1125 = DIRECTION ( 'NONE',  ( -0.0000000000000000000, -0.0000000000000000000, -1.000000000000000000 ) ) ;
#1126 = ORIENTED_EDGE ( 'NONE', *, *, #175, .F. ) ;
#1127 = CARTESIAN_POINT ( 'NONE',  ( 26.50000000000002487, 26.50000000000002487, -0.9996271050385654444 ) ) ;
#1128 = CARTESIAN_POINT ( 'NONE',  ( 27.28291223768021112, 27.50000000000002487, -0.003260839261047981594 ) ) ;
#1129 = AXIS2_PLACEMENT_3D ( 'NONE', #1960, #1168, #3113 ) ;
#1130 = EDGE_CURVE ( 'NONE', #1293, #1636, #2652, .T. ) ;
#1131 = EDGE_CURVE ( 'NONE', #3412, #2969, #430, .T. ) ;
#1132 = CYLINDRICAL_SURFACE ( 'NONE', #2720, 1.000000000000000888 ) ;
#1133 = VERTEX_POINT ( 'NONE', #246 ) ;
#1134 = AXIS2_PLACEMENT_3D ( 'NONE', #1295, #517, #224 ) ;
#1135 = CIRCLE ( 'NONE', #1305, 3.175000000000000711 ) ;
#1136 = CARTESIAN_POINT ( 'NONE',  ( 15.87500000000000000, 44.45000000000000284, -4.500000000000000000 ) ) ;
#1137 = CARTESIAN_POINT ( 'NONE',  ( 26.56764133573682329, 12.81321075689921507, -2.000000000000000000 ) ) ;
#1138 = AXIS2_PLACEMENT_3D ( 'NONE', #3249, #462, #2118 ) ;
#1139 = CARTESIAN_POINT ( 'NONE',  ( -22.22500000000000142, -44.45000000000000284, -4.500000000000000000 ) ) ;
#1140 = ORIENTED_EDGE ( 'NONE', *, *, #3485, .F. ) ;
#1141 = CARTESIAN_POINT ( 'NONE',  ( 27.49999397479663443, -27.35276254787739347, -0.4849492566995618481 ) ) ;
#1142 = AXIS2_PLACEMENT_3D ( 'NONE', #1770, #1786, #2357 ) ;
#1143 = LINE ( 'NONE', #2774, #440 ) ;
#1144 = ORIENTED_EDGE ( 'NONE', *, *, #1389, .F. ) ;
#1145 = AXIS2_PLACEMENT_3D ( 'NONE', #2785, #1394, #2226 ) ;
#1146 = DIRECTION ( 'NONE',  ( -0.0000000000000000000, -0.0000000000000000000, -1.000000000000000000 ) ) ;
#1147 = CARTESIAN_POINT ( 'NONE',  ( 27.49974734259391695, 27.45034804444867049, 0.2372031820353119047 ) ) ;
#1148 = VECTOR ( 'NONE', #3264, 1000.000000000000000 ) ;
#1149 = PLANE ( 'NONE',  #2113 ) ;
#1150 = DIRECTION ( 'NONE',  ( -1.000000000000000000, 0.0000000000000000000, 0.0000000000000000000 ) ) ;
#1151 = EDGE_LOOP ( 'NONE', ( #3399, #3269, #1303, #207, #2293, #3171, #2482, #1616 ) ) ;
#1152 = LINE ( 'NONE', #1643, #2882 ) ;
#1153 = EDGE_CURVE ( 'NONE', #3332, #2713, #266, .T. ) ;
#1154 = PLANE ( 'NONE',  #1662 ) ;
#1155 = DIRECTION ( 'NONE',  ( 0.0000000000000000000, 0.0000000000000000000, -1.000000000000000000 ) ) ;
#1156 = DIRECTION ( 'NONE',  ( 1.000000000000000000, -0.0000000000000000000, -0.0000000000000000000 ) ) ;
#1157 = EDGE_LOOP ( 'NONE', ( #802, #515, #1784, #2619 ) ) ;
#1158 = EDGE_CURVE ( 'NONE', #1880, #2371, #2528, .T. ) ;
#1159 = CARTESIAN_POINT ( 'NONE',  ( 27.39402789761012968, -27.49999999999997513, 0.1934259185263740577 ) ) ;
#1160 = FACE_OUTER_BOUND ( 'NONE', #2524, .T. ) ;
#1161 = EDGE_LOOP ( 'NONE', ( #2904, #3287, #308, #2032 ) ) ;
#1162 = CARTESIAN_POINT ( 'NONE',  ( 0.0000000000000000000, 0.0000000000000000000, -4.500000000000000000 ) ) ;
#1163 = CARTESIAN_POINT ( 'NONE',  ( 27.39359135719002580, 27.50000000000002842, 0.1239568053674547365 ) ) ;
#1164 = DIRECTION ( 'NONE',  ( -0.0000000000000000000, -0.0000000000000000000, 1.000000000000000000 ) ) ;
#1165 = MANIFOLD_SOLID_BREP ( 'Fillet5', #1478 ) ;
#1166 = ORIENTED_EDGE ( 'NONE', *, *, #860, .F. ) ;
#1167 = CARTESIAN_POINT ( 'NONE',  ( 16.75000000000002132, 1.000000000000017319, 2.000000000000000000 ) ) ;
#1168 = DIRECTION ( 'NONE',  ( 0.9961946980917453232, 0.08715574274766224594, -0.0000000000000000000 ) ) ;
#1169 = DIRECTION ( 'NONE',  ( -0.0000000000000000000, -0.0000000000000000000, -1.000000000000000000 ) ) ;
#1170 = DIRECTION ( 'NONE',  ( 1.000000000000000000, 1.280238727658160256E-16, -0.0000000000000000000 ) ) ;
#1171 = ORIENTED_EDGE ( 'NONE', *, *, #3038, .F. ) ;
#1172 = CARTESIAN_POINT ( 'NONE',  ( 27.28023094337736865, -27.49999999999997868, -0.005976923631895077367 ) ) ;
#1173 = CARTESIAN_POINT ( 'NONE',  ( 54.20000000000000284, 6.938893903907229955E-15, 4.500000000000000000 ) ) ;
#1174 = EDGE_CURVE ( 'NONE', #521, #2938, #2946, .T. ) ;
#1175 = EDGE_CURVE ( 'NONE', #769, #3504, #2302, .T. ) ;
#1176 = ORIENTED_EDGE ( 'NONE', *, *, #1153, .T. ) ;
#1177 = DIRECTION ( 'NONE',  ( 0.9977097021176764002, -0.06764133573679137479, 0.0000000000000000000 ) ) ;
#1178 = CARTESIAN_POINT ( 'NONE',  ( 27.39483435076029849, 27.50000000000001421, 0.2935487526113558787 ) ) ;
#1179 = CARTESIAN_POINT ( 'NONE',  ( -6.938893903907229955E-15, 54.20000000000000995, -4.500000000000000000 ) ) ;
#1180 = CC_DESIGN_PERSON_AND_ORGANIZATION_ASSIGNMENT ( #774, #512, ( #3363 ) ) ;
#1181 = EDGE_LOOP ( 'NONE', ( #2257, #843, #3340, #2700 ) ) ;
#1182 = LINE ( 'NONE', #408, #2184 ) ;
#1183 = CARTESIAN_POINT ( 'NONE',  ( 60.31000000000003070, -30.34691197243905947, 2.000000000000002220 ) ) ;
#1184 = CARTESIAN_POINT ( 'NONE',  ( -19.05000000000000071, -44.45000000000000284, 4.500000000000000000 ) ) ;
#1185 = AXIS2_PLACEMENT_3D ( 'NONE', #2191, #454, #804 ) ;
#1186 = FACE_OUTER_BOUND ( 'NONE', #642, .T. ) ;
#1187 = ORIENTED_EDGE ( 'NONE', *, *, #1052, .T. ) ;
#1188 = VECTOR ( 'NONE', #1081, 1000.000000000000000 ) ;
#1189 = CARTESIAN_POINT ( 'NONE',  ( 27.28401809387698762, -27.49999999999997868, 0.0008511248850796300069 ) ) ;
#1190 = AXIS2_PLACEMENT_3D ( 'NONE', #1484, #3145, #1756 ) ;
#1191 = DIRECTION ( 'NONE',  ( 0.0000000000000000000, 0.0000000000000000000, 1.000000000000000000 ) ) ;
#1192 = CIRCLE ( 'NONE', #560, 1.000000000000000888 ) ;
#1193 = ORIENTED_EDGE ( 'NONE', *, *, #1518, .F. ) ;
#1194 = CIRCLE ( 'NONE', #2122, 3.174999999999997158 ) ;
#1195 = CARTESIAN_POINT ( 'NONE',  ( -29.59999999999998366, 32.59999999999999432, -1.999999999999999556 ) ) ;
#1196 = AXIS2_PLACEMENT_3D ( 'NONE', #2305, #3170, #2016 ) ;
#1197 = EDGE_CURVE ( 'NONE', #1556, #3412, #1382, .T. ) ;
#1198 = CARTESIAN_POINT ( 'NONE',  ( 27.23131090254374342, 27.50000000000002487, 0.02714137898354839623 ) ) ;
#1199 = AXIS2_PLACEMENT_3D ( 'NONE', #3201, #1236, #737 ) ;
#1200 = CARTESIAN_POINT ( 'NONE',  ( 27.25885038122492077, 27.50000000000002487, -0.01676485643864854616 ) ) ;
#1201 = ORIENTED_EDGE ( 'NONE', *, *, #1334, .F. ) ;
#1202 = CARTESIAN_POINT ( 'NONE',  ( 27.50000000000002842, -27.47640892215336095, -0.5731797882573834713 ) ) ;
#1203 = VECTOR ( 'NONE', #1749, 1000.000000000000000 ) ;
#1204 = DIRECTION ( 'NONE',  ( -0.0000000000000000000, 0.0000000000000000000, 1.000000000000000000 ) ) ;
#1205 = CARTESIAN_POINT ( 'NONE',  ( -32.60000000000000142, 29.59999999999997655, 1.999999999999999556 ) ) ;
#1206 = FACE_BOUND ( 'NONE', #628, .T. ) ;
#1207 = EDGE_LOOP ( 'NONE', ( #2755, #2929, #738, #2903 ) ) ;
#1208 = CARTESIAN_POINT ( 'NONE',  ( 27.42851196205993958, -27.49999999999997868, -0.8613597485659501007 ) ) ;
#1209 = EDGE_CURVE ( 'NONE', #1899, #97, #2246, .T. ) ;
#1210 = DIRECTION ( 'NONE',  ( -1.280238727658160256E-16, 1.000000000000000000, 0.0000000000000000000 ) ) ;
#1211 = ORIENTED_EDGE ( 'NONE', *, *, #1035, .F. ) ;
#1212 = FACE_OUTER_BOUND ( 'NONE', #1372, .T. ) ;
#1213 = EDGE_LOOP ( 'NONE', ( #3009, #3436 ) ) ;
#1214 = CARTESIAN_POINT ( 'NONE',  ( 26.59442136630085329, 27.50000000000002842, 0.5602412248338101142 ) ) ;
#1215 = ORIENTED_EDGE ( 'NONE', *, *, #523, .T. ) ;
#1216 = EDGE_CURVE ( 'NONE', #1003, #499, #3358, .T. ) ;
#1217 = ADVANCED_FACE ( 'NONE', ( #1186 ), #3429, .F. ) ;
#1218 = CARTESIAN_POINT ( 'NONE',  ( -15.74999999999997158, 16.68449894521847909, 2.000000000000000000 ) ) ;
#1219 = LINE ( 'NONE', #2932, #562 ) ;
#1220 = CARTESIAN_POINT ( 'NONE',  ( -26.49999999999997513, 2.000000000000014655, 1.999999999999999556 ) ) ;
#1221 = CARTESIAN_POINT ( 'NONE',  ( -60.58479997962216856, 18.76616765744416782, 1.008788647599787371E-15 ) ) ;
#1222 = VERTEX_POINT ( 'NONE', #871 ) ;
#1223 =( BOUNDED_CURVE ( )  B_SPLINE_CURVE ( 3, ( #3165, #2330, #1764, #1474 ),
 .UNSPECIFIED., .F., .T. ) 
 B_SPLINE_CURVE_WITH_KNOTS ( ( 4, 4 ),
 ( 1.543486323541640948, 3.141592653589793116 ),
 .UNSPECIFIED. ) 
 CURVE ( )  GEOMETRIC_REPRESENTATION_ITEM ( )  RATIONAL_B_SPLINE_CURVE ( ( 1.000000000000000000, 0.7982570765234699994, 0.7982570765234699994, 1.000000000000000000 ) ) 
 REPRESENTATION_ITEM ( '' )  );
#1224 = CARTESIAN_POINT ( 'NONE',  ( 27.41724538691368807, -27.49999999999998224, -0.7965589926746642346 ) ) ;
#1225 = LINE ( 'NONE', #913, #85 ) ;
#1226 = EDGE_CURVE ( 'NONE', #769, #2443, #936, .T. ) ;
#1227 = VERTEX_POINT ( 'NONE', #2594 ) ;
#1228 = CARTESIAN_POINT ( 'NONE',  ( 26.59554083107598643, -27.49999999999997868, 0.5579930298856632387 ) ) ;
#1229 = CARTESIAN_POINT ( 'NONE',  ( -47.62500000000000000, 19.04999999999999716, -4.500000000000000000 ) ) ;
#1230 = ORIENTED_EDGE ( 'NONE', *, *, #1670, .T. ) ;
#1231 = CARTESIAN_POINT ( 'NONE',  ( 26.50000000000002487, -27.49999999999997868, -0.9996271050385666657 ) ) ;
#1232 = LINE ( 'NONE', #3427, #2878 ) ;
#1233 = CARTESIAN_POINT ( 'NONE',  ( 27.07901868547710578, -27.49999999999998579, 0.08760781875847425959 ) ) ;
#1234 = EDGE_CURVE ( 'NONE', #3541, #1614, #1542, .T. ) ;
#1235 = EDGE_CURVE ( 'NONE', #2440, #1264, #91, .T. ) ;
#1236 = DIRECTION ( 'NONE',  ( -0.0000000000000000000, 0.0000000000000000000, 1.000000000000000000 ) ) ;
#1237 = VERTEX_POINT ( 'NONE', #2011 ) ;
#1238 = ORIENTED_EDGE ( 'NONE', *, *, #2224, .T. ) ;
#1239 = CARTESIAN_POINT ( 'NONE',  ( 27.50000012094502111, -26.92934010555887525, -0.8911590087449756670 ) ) ;
#1240 = ORIENTED_EDGE ( 'NONE', *, *, #2603, .T. ) ;
#1241 = VECTOR ( 'NONE', #991, 1000.000000000000000 ) ;
#1242 = LINE ( 'NONE', #3156, #3478 ) ;
#1243 = ORIENTED_EDGE ( 'NONE', *, *, #2974, .F. ) ;
#1244 = CARTESIAN_POINT ( 'NONE',  ( -29.60000000000000497, 29.59999999999999787, -4.500000000000000000 ) ) ;
#1245 = AXIS2_PLACEMENT_3D ( 'NONE', #1895, #3585, #2956 ) ;
#1246 = VECTOR ( 'NONE', #978, 1000.000000000000000 ) ;
#1247 = AXIS2_PLACEMENT_3D ( 'NONE', #2284, #1513, #1191 ) ;
#1248 = DIRECTION ( 'NONE',  ( -1.000000000000000000, 0.0000000000000000000, 0.0000000000000000000 ) ) ;
#1249 = CARTESIAN_POINT ( 'NONE',  ( 27.10461399025840379, 27.50000000000002487, -0.07678945368631863444 ) ) ;
#1250 = AXIS2_PLACEMENT_3D ( 'NONE', #106, #2331, #2053 ) ;
#1251 = VERTEX_POINT ( 'NONE', #1496 ) ;
#1252 = CYLINDRICAL_SURFACE ( 'NONE', #2778, 1.000000000000000888 ) ;
#1253 = VECTOR ( 'NONE', #1766, 1000.000000000000000 ) ;
#1254 =( LENGTH_UNIT ( ) NAMED_UNIT ( * ) SI_UNIT ( .MILLI., .METRE. ) );
#1255 = DIRECTION ( 'NONE',  ( -1.000000000000000000, 0.0000000000000000000, 0.0000000000000000000 ) ) ;
#1256 = CARTESIAN_POINT ( 'NONE',  ( -44.45000000000000284, 19.04999999999999716, 4.500000000000000000 ) ) ;
#1257 = VERTEX_POINT ( 'NONE', #346 ) ;
#1258 = AXIS2_PLACEMENT_3D ( 'NONE', #1703, #46, #810 ) ;
#1259 = ORIENTED_EDGE ( 'NONE', *, *, #2062, .F. ) ;
#1260 = CARTESIAN_POINT ( 'NONE',  ( 27.49999999985056576, -26.50702286632240501, -0.9994324958159199745 ) ) ;
#1261 = EDGE_LOOP ( 'NONE', ( #1259, #1574, #2462, #376 ) ) ;
#1262 = CARTESIAN_POINT ( 'NONE',  ( 27.50000177554397141, 27.32736858749786535, 0.5259722315663849512 ) ) ;
#1263 = DIRECTION ( 'NONE',  ( 0.0000000000000000000, 0.0000000000000000000, -1.000000000000000000 ) ) ;
#1264 = VERTEX_POINT ( 'NONE', #2611 ) ;
#1265 = EDGE_CURVE ( 'NONE', #1819, #3197, #2321, .T. ) ;
#1266 = DIRECTION ( 'NONE',  ( 1.000000000000000000, 0.0000000000000000000, 0.0000000000000000000 ) ) ;
#1267 = ORIENTED_EDGE ( 'NONE', *, *, #2310, .F. ) ;
#1268 = APPLICATION_CONTEXT ( 'configuration controlled 3d designs of mechanical parts and assemblies' ) ;
#1269 = DIRECTION ( 'NONE',  ( 0.0000000000000000000, 0.0000000000000000000, -1.000000000000000000 ) ) ;
#1270 = CARTESIAN_POINT ( 'NONE',  ( -60.58479997962216856, -18.76616765744416782, 1.008788647599787371E-15 ) ) ;
#1271 = CARTESIAN_POINT ( 'NONE',  ( -29.59999999999998366, 32.59999999999999432, -1.999999999999999556 ) ) ;
#1272 = PERSON_AND_ORGANIZATION ( #14, #421 ) ;
#1273 = CARTESIAN_POINT ( 'NONE',  ( 29.59999999999997655, 32.59999999999999432, -4.500000000000000000 ) ) ;
#1274 = DIRECTION ( 'NONE',  ( -0.0000000000000000000, 0.0000000000000000000, 1.000000000000000000 ) ) ;
#1275 = ORIENTED_EDGE ( 'NONE', *, *, #2562, .F. ) ;
#1276 = ORIENTED_EDGE ( 'NONE', *, *, #2974, .T. ) ;
#1277 = FACE_OUTER_BOUND ( 'NONE', #1048, .T. ) ;
#1278 = CARTESIAN_POINT ( 'NONE',  ( 26.92590894165715909, -27.49999999999997868, -0.1773172449036593823 ) ) ;
#1279 = ORIENTED_EDGE ( 'NONE', *, *, #333, .F. ) ;
#1280 = PLANE ( 'NONE',  #794 ) ;
#1281 = DIRECTION ( 'NONE',  ( 1.000000000000000000, 0.0000000000000000000, 0.0000000000000000000 ) ) ;
#1282 = EDGE_LOOP ( 'NONE', ( #110, #863, #1988, #2500 ) ) ;
#1283 = PLANE ( 'NONE',  #3602 ) ;
#1284 = VERTEX_POINT ( 'NONE', #3184 ) ;
#1285 = EDGE_CURVE ( 'NONE', #3587, #3073, #2902, .T. ) ;
#1286 = ADVANCED_FACE ( 'NONE', ( #909 ), #395, .F. ) ;
#1287 = CARTESIAN_POINT ( 'NONE',  ( 19.05000000000000071, -44.45000000000000284, -4.500000000000000000 ) ) ;
#1288 = CARTESIAN_POINT ( 'NONE',  ( 27.14414751399793246, 27.50000000000002487, -0.06001565302729194862 ) ) ;
#1289 = CARTESIAN_POINT ( 'NONE',  ( 26.50000000000002487, 16.75000000000001066, 2.000000000000000000 ) ) ;
#1290 = PLANE ( 'NONE',  #1765 ) ;
#1291 = EDGE_CURVE ( 'NONE', #424, #2463, #649, .T. ) ;
#1292 = CARTESIAN_POINT ( 'NONE',  ( 27.50000000000002487, 17.75000000000001066, 4.500000000000000000 ) ) ;
#1293 = VERTEX_POINT ( 'NONE', #3446 ) ;
#1294 = CARTESIAN_POINT ( 'NONE',  ( -16.74999999999997158, -13.74999999999998401, 2.000000000000000000 ) ) ;
#1295 = CARTESIAN_POINT ( 'NONE',  ( 29.59999999999999787, -29.60000000000001208, 1.999999999999999556 ) ) ;
#1296 = CARTESIAN_POINT ( 'NONE',  ( 60.31000000000002359, 9.248077354123756846E-15, 3.174999999999998046 ) ) ;
#1297 = ORIENTED_EDGE ( 'NONE', *, *, #439, .T. ) ;
#1298 = DIRECTION ( 'NONE',  ( 0.0000000000000000000, -1.000000000000000000, 0.0000000000000000000 ) ) ;
#1299 = FACE_BOUND ( 'NONE', #1315, .T. ) ;
#1300 = ORIENTED_EDGE ( 'NONE', *, *, #245, .F. ) ;
#1301 = ORIENTED_EDGE ( 'NONE', *, *, #270, .F. ) ;
#1302 = CARTESIAN_POINT ( 'NONE',  ( 27.40540113392384924, -27.49999999999998224, 0.6779939004848520856 ) ) ;
#1303 = ORIENTED_EDGE ( 'NONE', *, *, #2856, .T. ) ;
#1304 = AXIS2_PLACEMENT_3D ( 'NONE', #1307, #659, #2065 ) ;
#1305 = AXIS2_PLACEMENT_3D ( 'NONE', #1521, #1204, #922 ) ;
#1306 = EDGE_CURVE ( 'NONE', #2143, #250, #2300, .T. ) ;
#1307 = CARTESIAN_POINT ( 'NONE',  ( 26.50000000000002487, 17.75000000000001066, 2.000000000000000000 ) ) ;
#1308 = AXIS2_PLACEMENT_3D ( 'NONE', #3583, #2739, #2206 ) ;
#1309 = AXIS2_PLACEMENT_3D ( 'NONE', #1870, #509, #218 ) ;
#1310 = DIRECTION ( 'NONE',  ( 0.0000000000000000000, -0.0000000000000000000, 1.000000000000000000 ) ) ;
#1311 = DATE_AND_TIME ( #1602, #1712 ) ;
#1312 = DIRECTION ( 'NONE',  ( 1.000000000000000000, 0.0000000000000000000, 0.0000000000000000000 ) ) ;
#1313 = VECTOR ( 'NONE', #822, 1000.000000000000114 ) ;
#1314 = DIRECTION ( 'NONE',  ( 1.000000000000000000, 0.0000000000000000000, 0.0000000000000000000 ) ) ;
#1315 = EDGE_LOOP ( 'NONE', ( #624, #3121 ) ) ;
#1316 = ORIENTED_EDGE ( 'NONE', *, *, #42, .T. ) ;
#1317 = AXIS2_PLACEMENT_3D ( 'NONE', #2762, #2523, #1625 ) ;
#1318 = DIRECTION ( 'NONE',  ( -0.0000000000000000000, 0.0000000000000000000, 1.000000000000000000 ) ) ;
#1319 = PLANE ( 'NONE',  #484 ) ;
#1320 = CARTESIAN_POINT ( 'NONE',  ( 27.42479870549497178, 27.50000000000002842, 0.8433145716035147510 ) ) ;
#1321 = VECTOR ( 'NONE', #1104, 1000.000000000000000 ) ;
#1322 = DIRECTION ( 'NONE',  ( 0.0000000000000000000, 0.0000000000000000000, -1.000000000000000000 ) ) ;
#1323 = VERTEX_POINT ( 'NONE', #2028 ) ;
#1324 = ORIENTED_EDGE ( 'NONE', *, *, #918, .T. ) ;
#1325 = ADVANCED_FACE ( 'NONE', ( #2042 ), #3153, .F. ) ;
#1326 = CARTESIAN_POINT ( 'NONE',  ( 27.50000001248233872, -26.66896316226142361, 0.9808320913903274541 ) ) ;
#1327 = VERTEX_POINT ( 'NONE', #2871 ) ;
#1328 = ORIENTED_EDGE ( 'NONE', *, *, #189, .T. ) ;
#1329 = DIRECTION ( 'NONE',  ( 0.0000000000000000000, -0.0000000000000000000, -1.000000000000000000 ) ) ;
#1330 = CARTESIAN_POINT ( 'NONE',  ( 27.28361890631938280, 27.50000000000002487, -0.002082238509475664925 ) ) ;
#1331 = CARTESIAN_POINT ( 'NONE',  ( 55.85831239517769831, 54.20000000000001705, -5.000000000000000000 ) ) ;
#1332 = DIRECTION ( 'NONE',  ( 1.000000000000000000, 0.0000000000000000000, 0.0000000000000000000 ) ) ;
#1333 = CARTESIAN_POINT ( 'NONE',  ( -15.87500000000000000, 44.45000000000000284, 4.500000000000000000 ) ) ;
#1334 = EDGE_CURVE ( 'NONE', #2862, #2793, #791, .T. ) ;
#1335 = CARTESIAN_POINT ( 'NONE',  ( -22.49999999999997513, -27.49999999999997868, -1.999999999999999112 ) ) ;
#1336 = ORIENTED_EDGE ( 'NONE', *, *, #1035, .T. ) ;
#1337 = CARTESIAN_POINT ( 'NONE',  ( 26.50000000000002487, -26.49999999999997868, 4.500000000000000000 ) ) ;
#1338 = DIRECTION ( 'NONE',  ( 1.000000000000000000, -0.0000000000000000000, -0.0000000000000000000 ) ) ;
#1339 = CARTESIAN_POINT ( 'NONE',  ( 69.20000000000003126, 29.98090081228328785, 1.008788647599787371E-15 ) ) ;
#1340 = CARTESIAN_POINT ( 'NONE',  ( 27.49999999790572858, 26.52837131610025168, 0.9985971035800627060 ) ) ;
#1341 = FACE_OUTER_BOUND ( 'NONE', #51, .T. ) ;
#1342 = VERTEX_POINT ( 'NONE', #361 ) ;
#1343 = EDGE_LOOP ( 'NONE', ( #3389, #1193 ) ) ;
#1344 = CARTESIAN_POINT ( 'NONE',  ( 27.19754421623833807, -27.49999999999997868, 0.03931895136268797469 ) ) ;
#1345 = EDGE_LOOP ( 'NONE', ( #1511, #2580, #167, #401 ) ) ;
#1346 = EDGE_LOOP ( 'NONE', ( #2761, #185, #3162, #2924, #212 ) ) ;
#1347 = LINE ( 'NONE', #2718, #2241 ) ;
#1348 = CARTESIAN_POINT ( 'NONE',  ( 27.39366808397022979, 27.50000000000002842, -0.1325354719545657201 ) ) ;
#1349 = CARTESIAN_POINT ( 'NONE',  ( -53.19999999999999574, -23.20000000000001705, 4.500000000000000000 ) ) ;
#1350 = DATE_TIME_ROLE ( 'classification_date' ) ;
#1351 = CARTESIAN_POINT ( 'NONE',  ( 27.25720049885831031, -27.49999999999998579, -0.01746969439799257034 ) ) ;
#1352 = CARTESIAN_POINT ( 'NONE',  ( 27.50000000000002487, -26.49999999999997868, 1.999999999999999556 ) ) ;
#1353 = ORIENTED_EDGE ( 'NONE', *, *, #2207, .T. ) ;
#1354 = ORIENTED_EDGE ( 'NONE', *, *, #2041, .T. ) ;
#1355 = CARTESIAN_POINT ( 'NONE',  ( 69.20000000000003126, 8.859251995394472435E-15, 0.0000000000000000000 ) ) ;
#1356 = ADVANCED_FACE ( 'NONE', ( #2266, #1475, #1206, #603 ), #2560, .T. ) ;
#1357 = CARTESIAN_POINT ( 'NONE',  ( 32.59999999999999432, -29.59999999999999076, -4.500000000000000000 ) ) ;
#1358 = CARTESIAN_POINT ( 'NONE',  ( 27.41724538692372093, 27.50000000000002487, 0.7965589927471586895 ) ) ;
#1359 = DIRECTION ( 'NONE',  ( 0.0000000000000000000, 0.0000000000000000000, -1.000000000000000000 ) ) ;
#1360 = ORIENTED_EDGE ( 'NONE', *, *, #1197, .F. ) ;
#1361 = VERTEX_POINT ( 'NONE', #3407 ) ;
#1362 = EDGE_CURVE ( 'NONE', #3261, #2999, #2655, .T. ) ;
#1363 = CARTESIAN_POINT ( 'NONE',  ( 27.26794843465392759, -27.49999999999997868, 0.01288875928261403250 ) ) ;
#1364 = EDGE_LOOP ( 'NONE', ( #1632, #1635, #477, #1300, #1530, #1774, #1080, #383 ) ) ;
#1365 = PLANE ( 'NONE',  #213 ) ;
#1366 = EDGE_LOOP ( 'NONE', ( #2570, #1862, #2451, #2115 ) ) ;
#1367 = CARTESIAN_POINT ( 'NONE',  ( 27.50000000000002487, 0.0000000000000000000, -1.999999999999999112 ) ) ;
#1368 = AXIS2_PLACEMENT_3D ( 'NONE', #1339, #2496, #1380 ) ;
#1369 = CARTESIAN_POINT ( 'NONE',  ( 27.50000061806426999, 27.23822424285024013, -0.6473780578414947140 ) ) ;
#1370 = CIRCLE ( 'NONE', #369, 3.174999999999997158 ) ;
#1371 = CARTESIAN_POINT ( 'NONE',  ( 29.59999999999997655, 32.59999999999999432, -4.500000000000000000 ) ) ;
#1372 = EDGE_LOOP ( 'NONE', ( #412, #1409, #145, #1911, #208, #2140 ) ) ;
#1373 = VECTOR ( 'NONE', #3075, 1000.000000000000000 ) ;
#1374 = VECTOR ( 'NONE', #278, 1000.000000000000000 ) ;
#1375 = CARTESIAN_POINT ( 'NONE',  ( 16.75000000000002132, 1.000000000000017319, -2.000000000000000000 ) ) ;
#1376 = VERTEX_POINT ( 'NONE', #2148 ) ;
#1377 = AXIS2_PLACEMENT_3D ( 'NONE', #1287, #1777, #689 ) ;
#1378 = CARTESIAN_POINT ( 'NONE',  ( 22.22500000000000142, -44.45000000000000284, 4.500000000000000000 ) ) ;
#1379 = AXIS2_PLACEMENT_3D ( 'NONE', #3223, #2670, #700 ) ;
#1380 = DIRECTION ( 'NONE',  ( 0.0000000000000000000, 0.0000000000000000000, -1.000000000000000000 ) ) ;
#1381 = DIRECTION ( 'NONE',  ( 1.000000000000000000, -0.0000000000000000000, -0.0000000000000000000 ) ) ;
#1382 = LINE ( 'NONE', #3344, #1313 ) ;
#1383 = VECTOR ( 'NONE', #2089, 1000.000000000000000 ) ;
#1384 = EDGE_LOOP ( 'NONE', ( #2408, #114, #2939, #3372 ) ) ;
#1385 = CARTESIAN_POINT ( 'NONE',  ( 27.49999987609180963, -26.77930199791791566, 0.9535678286326800812 ) ) ;
#1386 = AXIS2_PLACEMENT_3D ( 'NONE', #2256, #190, #1808 ) ;
#1387 = FACE_OUTER_BOUND ( 'NONE', #1390, .T. ) ;
#1388 = EDGE_CURVE ( 'NONE', #97, #2460, #1582, .T. ) ;
#1389 = EDGE_CURVE ( 'NONE', #577, #1899, #1815, .T. ) ;
#1390 = EDGE_LOOP ( 'NONE', ( #1058, #3578, #1889, #3497 ) ) ;
#1391 = CARTESIAN_POINT ( 'NONE',  ( -19.05000000000000071, 44.45000000000000284, 4.500000000000000000 ) ) ;
#1392 = CARTESIAN_POINT ( 'NONE',  ( 27.28104731271804795, 27.50000000000002487, -0.005245953529980231823 ) ) ;
#1393 = DIRECTION ( 'NONE',  ( -0.0000000000000000000, -0.0000000000000000000, 1.000000000000000000 ) ) ;
#1394 = DIRECTION ( 'NONE',  ( -1.280238727658160256E-16, 1.000000000000000000, -0.0000000000000000000 ) ) ;
#1395 = ORIENTED_EDGE ( 'NONE', *, *, #2796, .F. ) ;
#1396 = DIRECTION ( 'NONE',  ( -0.0000000000000000000, -0.0000000000000000000, 1.000000000000000000 ) ) ;
#1397 = CARTESIAN_POINT ( 'NONE',  ( -29.60000000000000497, 29.59999999999999787, -1.999999999999999556 ) ) ;
#1398 = DIRECTION ( 'NONE',  ( 1.000000000000000000, 0.0000000000000000000, 0.0000000000000000000 ) ) ;
#1399 = DIRECTION ( 'NONE',  ( 0.0000000000000000000, -0.0000000000000000000, 1.000000000000000000 ) ) ;
#1400 = ORIENTED_EDGE ( 'NONE', *, *, #327, .F. ) ;
#1401 = CARTESIAN_POINT ( 'NONE',  ( 27.50011263922338500, -27.47625954256116998, 0.04343105745464913292 ) ) ;
#1402 = DIRECTION ( 'NONE',  ( 0.06764133573679154132, 0.9977097021176765113, -0.0000000000000000000 ) ) ;
#1403 = ORIENTED_EDGE ( 'NONE', *, *, #1998, .F. ) ;
#1404 = CARTESIAN_POINT ( 'NONE',  ( 69.20000000000003126, -29.98090081228328785, 3.174999999999998046 ) ) ;
#1405 = EDGE_CURVE ( 'NONE', #2306, #994, #3475, .T. ) ;
#1406 = CARTESIAN_POINT ( 'NONE',  ( 27.50000020462714900, 27.05854304331573346, -0.8124797169578166223 ) ) ;
#1407 = ADVANCED_FACE ( 'NONE', ( #1017 ), #451, .F. ) ;
#1408 = FACE_OUTER_BOUND ( 'NONE', #3157, .T. ) ;
#1409 = ORIENTED_EDGE ( 'NONE', *, *, #826, .T. ) ;
#1410 = CARTESIAN_POINT ( 'NONE',  ( 27.50000000000002487, 0.0000000000000000000, 1.999999999999999556 ) ) ;
#1411 = CARTESIAN_POINT ( 'NONE',  ( 60.31000000000003070, -30.34691197243906302, 1.131253327514522716E-15 ) ) ;
#1412 = CARTESIAN_POINT ( 'NONE',  ( 44.45000000000000284, 19.04999999999999716, 4.500000000000000000 ) ) ;
#1413 = CARTESIAN_POINT ( 'NONE',  ( -27.49999999999997513, 3.000000000000014655, -1.999999999999999112 ) ) ;
#1414 = EDGE_LOOP ( 'NONE', ( #2987, #676, #1549, #779 ) ) ;
#1415 = CARTESIAN_POINT ( 'NONE',  ( 27.27107734354375168, -27.49999999999997868, -0.01144017082260284819 ) ) ;
#1416 = CARTESIAN_POINT ( 'NONE',  ( 32.59999999999999432, -29.59999999999999076, 4.500000000000000000 ) ) ;
#1417 = ORIENTED_EDGE ( 'NONE', *, *, #2963, .T. ) ;
#1418 = DIRECTION ( 'NONE',  ( -0.0000000000000000000, -1.000000000000000000, -0.0000000000000000000 ) ) ;
#1419 = CARTESIAN_POINT ( 'NONE',  ( 27.49993481832226649, 27.46780332803454883, 0.1322104339271565898 ) ) ;
#1420 = EDGE_CURVE ( 'NONE', #3027, #722, #210, .T. ) ;
#1421 = CARTESIAN_POINT ( 'NONE',  ( 27.28461061130238718, 27.50000000000002487, 0.001395935085808616130 ) ) ;
#1422 = AXIS2_PLACEMENT_3D ( 'NONE', #220, #158, #2386 ) ;
#1423 = VECTOR ( 'NONE', #973, 1000.000000000000000 ) ;
#1424 = CARTESIAN_POINT ( 'NONE',  ( 27.50000000000002487, 26.50000000000002487, -1.999999999999999112 ) ) ;
#1425 = ORIENTED_EDGE ( 'NONE', *, *, #2312, .T. ) ;
#1426 = EDGE_CURVE ( 'NONE', #717, #3053, #1564, .T. ) ;
#1427 = EDGE_CURVE ( 'NONE', #2752, #3014, #716, .T. ) ;
#1428 = DIRECTION ( 'NONE',  ( 1.000000000000000000, 0.0000000000000000000, 0.0000000000000000000 ) ) ;
#1429 = CARTESIAN_POINT ( 'NONE',  ( 27.50000000000002487, -25.46876924706666756, 1.008788647599787371E-15 ) ) ;
#1430 = DIRECTION ( 'NONE',  ( -0.0000000000000000000, -0.0000000000000000000, -1.000000000000000000 ) ) ;
#1431 = VECTOR ( 'NONE', #168, 1000.000000000000000 ) ;
#1432 = CYLINDRICAL_SURFACE ( 'NONE', #2187, 1.000000000000000888 ) ;
#1433 = ORIENTED_EDGE ( 'NONE', *, *, #1671, .T. ) ;
#1434 = AXIS2_PLACEMENT_3D ( 'NONE', #199, #3373, #1428 ) ;
#1435 = CARTESIAN_POINT ( 'NONE',  ( 27.28335103388614868, -27.49999999999997868, 0.002498704740385572325 ) ) ;
#1436 = VECTOR ( 'NONE', #2514, 1000.000000000000000 ) ;
#1437 = FACE_OUTER_BOUND ( 'NONE', #318, .T. ) ;
#1438 = ORIENTED_EDGE ( 'NONE', *, *, #1158, .F. ) ;
#1439 = AXIS2_PLACEMENT_3D ( 'NONE', #1918, #1079, #1898 ) ;
#1440 = FACE_BOUND ( 'NONE', #2990, .T. ) ;
#1441 = CARTESIAN_POINT ( 'NONE',  ( 27.39334680621408324, 27.50000000000002132, 0.03655000914747792706 ) ) ;
#1442 = AXIS2_PLACEMENT_3D ( 'NONE', #571, #2817, #307 ) ;
#1443 = FACE_OUTER_BOUND ( 'NONE', #3522, .T. ) ;
#1444 = VERTEX_POINT ( 'NONE', #196 ) ;
#1445 = CARTESIAN_POINT ( 'NONE',  ( 16.63412551730307243, 1.467249472609253758, -2.000000000000000000 ) ) ;
#1446 = DIRECTION ( 'NONE',  ( 1.000000000000000000, 0.0000000000000000000, 0.0000000000000000000 ) ) ;
#1447 = FACE_OUTER_BOUND ( 'NONE', #3476, .T. ) ;
#1448 = ADVANCED_FACE ( 'NONE', ( #2370 ), #432, .F. ) ;
#1449 = ADVANCED_FACE ( 'NONE', ( #3259 ), #2348, .T. ) ;
#1450 = DIRECTION ( 'NONE',  ( -0.0000000000000000000, -0.0000000000000000000, 1.000000000000000000 ) ) ;
#1451 = ORIENTED_EDGE ( 'NONE', *, *, #988, .T. ) ;
#1452 = CARTESIAN_POINT ( 'NONE',  ( 27.49993481832235176, -27.46780332850912743, -0.1322104304001836816 ) ) ;
#1453 = FACE_OUTER_BOUND ( 'NONE', #590, .T. ) ;
#1454 = EDGE_LOOP ( 'NONE', ( #919, #799, #3345, #3031 ) ) ;
#1455 = FACE_BOUND ( 'NONE', #3570, .T. ) ;
#1456 = CARTESIAN_POINT ( 'NONE',  ( 27.50000082275128577, 27.21693052518025269, 0.6727984365564855240 ) ) ;
#1457 = CARTESIAN_POINT ( 'NONE',  ( 26.50000000000003197, 27.50000000000002487, 0.8853468046135019032 ) ) ;
#1458 = EDGE_LOOP ( 'NONE', ( #3, #2407 ) ) ;
#1459 = CARTESIAN_POINT ( 'NONE',  ( 27.50000000000002487, -27.47640892215336095, 1.131253327514522716E-15 ) ) ;
#1460 = FACE_OUTER_BOUND ( 'NONE', #2970, .T. ) ;
#1461 = CARTESIAN_POINT ( 'NONE',  ( 60.31000000000002359, 8.859251995394472435E-15, -3.174999999999998046 ) ) ;
#1462 = CARTESIAN_POINT ( 'NONE',  ( 60.31000000000003070, -28.33927229735236608, 1.008788647599787371E-15 ) ) ;
#1463 = ORIENTED_EDGE ( 'NONE', *, *, #1887, .F. ) ;
#1464 = EDGE_CURVE ( 'NONE', #1133, #2709, #1036, .T. ) ;
#1465 = CARTESIAN_POINT ( 'NONE',  ( 27.27576997672522552, -27.49999999999997868, -0.008904049837896674605 ) ) ;
#1466 = CARTESIAN_POINT ( 'NONE',  ( 55.85831239517770541, 7.151197478993434373E-15, 2.000000000000000000 ) ) ;
#1467 = ORIENTED_EDGE ( 'NONE', *, *, #2991, .T. ) ;
#1468 = DIRECTION ( 'NONE',  ( -1.000000000000000000, 0.0000000000000000000, 0.0000000000000000000 ) ) ;
#1469 = CARTESIAN_POINT ( 'NONE',  ( 27.49999397480252838, 27.35276254746218072, 0.4849492573673764850 ) ) ;
#1470 = CARTESIAN_POINT ( 'NONE',  ( 27.23049991200212716, 27.50000000000002842, 0.02743014687064316767 ) ) ;
#1471 = ORIENTED_EDGE ( 'NONE', *, *, #1524, .T. ) ;
#1472 = CARTESIAN_POINT ( 'NONE',  ( 27.50000000000002487, 0.0000000000000000000, 1.999999999999999556 ) ) ;
#1473 = DIRECTION ( 'NONE',  ( -0.0000000000000000000, -0.0000000000000000000, 1.000000000000000000 ) ) ;
#1474 = CARTESIAN_POINT ( 'NONE',  ( 27.50000000000002487, -25.46876924706666756, 1.008788647599787371E-15 ) ) ;
#1475 = FACE_BOUND ( 'NONE', #1846, .T. ) ;
#1476 = EDGE_LOOP ( 'NONE', ( #3614, #3384, #2515, #1726 ) ) ;
#1477 =( BOUNDED_CURVE ( )  B_SPLINE_CURVE ( 3, ( #2367, #2638, #2086, #1506 ),
 .UNSPECIFIED., .F., .T. ) 
 B_SPLINE_CURVE_WITH_KNOTS ( ( 4, 4 ),
 ( 1.543486323541595873, 3.141592653589793116 ),
 .UNSPECIFIED. ) 
 CURVE ( )  GEOMETRIC_REPRESENTATION_ITEM ( )  RATIONAL_B_SPLINE_CURVE ( ( 1.000000000000000000, 0.7982570765234592303, 0.7982570765234592303, 1.000000000000000000 ) ) 
 REPRESENTATION_ITEM ( '' )  );
#1478 = CLOSED_SHELL ( 'NONE', ( #1065, #1926, #3550, #1217, #2456, #1688, #2268, #2909, #1803, #2131, #1325, #2837, #3063, #2117, #597, #768, #3115, #2936, #3017, #859, #3064, #3388, #3523, #2935, #1486, #1407, #2578, #2250, #2040, #3089, #2069, #3311, #1789, #911, #1356, #1791, #2678, #2273, #2672, #1864, #2298, #1935, #166, #3337, #3433, #3441, #1448, #2873, #2815, #3421, #1012, #3210, #1944, #1092, #964, #348, #2569, #1286, #2387, #118, #99, #2457, #2717, #1772, #1886, #2620, #2911, #743, #57, #3352, #886, #2765, #1737, #2802, #480, #119, #902, #297, #3380, #1621, #2783, #61, #3140, #2152, #388, #407, #1115, #1449, #2896, #1773, #1865, #1934, #777 ) ) ;
#1479 = CARTESIAN_POINT ( 'NONE',  ( 26.65023090755277124, -27.49999999999997868, -0.4600271514747619750 ) ) ;
#1480 = CIRCLE ( 'NONE', #3532, 3.175000000000000711 ) ;
#1481 = DIRECTION ( 'NONE',  ( -1.000000000000000000, 0.0000000000000000000, 0.0000000000000000000 ) ) ;
#1482 = CIRCLE ( 'NONE', #1827, 3.174999999999997158 ) ;
#1483 = ORIENTED_EDGE ( 'NONE', *, *, #2521, .F. ) ;
#1484 = CARTESIAN_POINT ( 'NONE',  ( 32.59999999999999432, -29.59999999999999076, -1.999999999999999556 ) ) ;
#1485 = VECTOR ( 'NONE', #2630, 1000.000000000000000 ) ;
#1486 = ADVANCED_FACE ( 'NONE', ( #755 ), #975, .F. ) ;
#1487 = EDGE_CURVE ( 'NONE', #914, #256, #3134, .T. ) ;
#1488 = VECTOR ( 'NONE', #3043, 1000.000000000000000 ) ;
#1489 = CARTESIAN_POINT ( 'NONE',  ( 16.63412551730307243, 1.467249472609253758, 0.0000000000000000000 ) ) ;
#1490 = VECTOR ( 'NONE', #838, 1000.000000000000000 ) ;
#1491 = ORIENTED_EDGE ( 'NONE', *, *, #1811, .F. ) ;
#1492 = DIRECTION ( 'NONE',  ( -0.0000000000000000000, -0.0000000000000000000, -1.000000000000000000 ) ) ;
#1493 = DIRECTION ( 'NONE',  ( -0.0000000000000000000, 0.0000000000000000000, 1.000000000000000000 ) ) ;
#1494 = FACE_OUTER_BOUND ( 'NONE', #223, .T. ) ;
#1495 = CC_DESIGN_DATE_AND_TIME_ASSIGNMENT ( #2995, #3023, ( #3175 ) ) ;
#1496 = CARTESIAN_POINT ( 'NONE',  ( -47.62500000000000000, -19.04999999999999716, 4.500000000000000000 ) ) ;
#1497 = ORIENTED_EDGE ( 'NONE', *, *, #3167, .T. ) ;
#1498 = CARTESIAN_POINT ( 'NONE',  ( 27.17779079804106601, -27.49999999999997868, -0.04670256103889887378 ) ) ;
#1499 = CARTESIAN_POINT ( 'NONE',  ( 26.50000000000002487, -12.74999999999997868, 2.000000000000000000 ) ) ;
#1500 = VERTEX_POINT ( 'NONE', #1798 ) ;
#1501 = CARTESIAN_POINT ( 'NONE',  ( 27.50000000000002487, -26.49999999999997868, 0.9996271050385688861 ) ) ;
#1502 = EDGE_CURVE ( 'NONE', #3454, #686, #2682, .T. ) ;
#1503 = CARTESIAN_POINT ( 'NONE',  ( -16.74999999999997158, -13.74999999999998401, 2.000000000000000000 ) ) ;
#1504 = EDGE_CURVE ( 'NONE', #3203, #2176, #378, .T. ) ;
#1505 = VERTEX_POINT ( 'NONE', #1873 ) ;
#1506 = CARTESIAN_POINT ( 'NONE',  ( 27.50000000000002487, 25.46876924706666756, 1.131253327514522716E-15 ) ) ;
#1507 = DIRECTION ( 'NONE',  ( 0.9961946980917452121, -0.08715574274766223206, -0.0000000000000000000 ) ) ;
#1508 = DIRECTION ( 'NONE',  ( -0.0000000000000000000, 0.0000000000000000000, 1.000000000000000000 ) ) ;
#1509 = CARTESIAN_POINT ( 'NONE',  ( -15.74999999999997158, 15.75000000000000355, -2.000000000000000000 ) ) ;
#1510 = ORIENTED_EDGE ( 'NONE', *, *, #3038, .T. ) ;
#1511 = ORIENTED_EDGE ( 'NONE', *, *, #1732, .F. ) ;
#1512 = CARTESIAN_POINT ( 'NONE',  ( 27.02277899205705225, -27.49999999999997868, -0.1178384537461387022 ) ) ;
#1513 = DIRECTION ( 'NONE',  ( -1.000000000000000000, 0.0000000000000000000, 0.0000000000000000000 ) ) ;
#1514 = ORIENTED_EDGE ( 'NONE', *, *, #2951, .F. ) ;
#1515 = DIRECTION ( 'NONE',  ( -0.0000000000000000000, -0.0000000000000000000, -1.000000000000000000 ) ) ;
#1516 = FACE_OUTER_BOUND ( 'NONE', #1454, .T. ) ;
#1517 = CARTESIAN_POINT ( 'NONE',  ( 69.20000000000001705, -53.20000000000000284, -5.000000000000000000 ) ) ;
#1518 = EDGE_CURVE ( 'NONE', #2966, #3591, #3469, .T. ) ;
#1519 = ORIENTED_EDGE ( 'NONE', *, *, #3127, .T. ) ;
#1520 = CARTESIAN_POINT ( 'NONE',  ( 0.0000000000000000000, 54.20000000000001705, 5.000000000000000000 ) ) ;
#1521 = CARTESIAN_POINT ( 'NONE',  ( -19.05000000000000071, -44.45000000000000284, 4.500000000000000000 ) ) ;
#1522 = CARTESIAN_POINT ( 'NONE',  ( 26.50000000000002487, -26.49999999999997868, 4.500000000000000000 ) ) ;
#1523 = EDGE_CURVE ( 'NONE', #1251, #1323, #849, .T. ) ;
#1524 = EDGE_CURVE ( 'NONE', #3261, #2111, #2509, .T. ) ;
#1525 = CARTESIAN_POINT ( 'NONE',  ( 60.31000000000003070, 28.33927229735236608, 1.131253327514522716E-15 ) ) ;
#1526 = ORIENTED_EDGE ( 'NONE', *, *, #2997, .F. ) ;
#1527 = VERTEX_POINT ( 'NONE', #1056 ) ;
#1528 = VECTOR ( 'NONE', #88, 1000.000000000000114 ) ;
#1529 = CARTESIAN_POINT ( 'NONE',  ( 26.75696721313553539, -27.49999999999997868, -0.3272427690561159896 ) ) ;
#1530 = ORIENTED_EDGE ( 'NONE', *, *, #2507, .F. ) ;
#1531 = CARTESIAN_POINT ( 'NONE',  ( 27.27730533800647805, 27.50000000000002487, 0.008009983886323382776 ) ) ;
#1532 = CIRCLE ( 'NONE', #3361, 1.000000000000000888 ) ;
#1533 = DIRECTION ( 'NONE',  ( 1.000000000000000000, 0.0000000000000000000, 0.0000000000000000000 ) ) ;
#1534 = ORIENTED_EDGE ( 'NONE', *, *, #1216, .T. ) ;
#1535 = VECTOR ( 'NONE', #2542, 1000.000000000000000 ) ;
#1536 = DIRECTION ( 'NONE',  ( -0.0000000000000000000, 0.0000000000000000000, 1.000000000000000000 ) ) ;
#1537 = CIRCLE ( 'NONE', #3600, 1.000000000000000888 ) ;
#1538 = EDGE_CURVE ( 'NONE', #2463, #1133, #2891, .T. ) ;
#1539 = AXIS2_PLACEMENT_3D ( 'NONE', #2274, #582, #1691 ) ;
#1540 = DIRECTION ( 'NONE',  ( -0.0000000000000000000, -1.000000000000000000, -0.0000000000000000000 ) ) ;
#1541 = CARTESIAN_POINT ( 'NONE',  ( 27.46152349351377708, 27.50000000000001776, -0.9623953471332127307 ) ) ;
#1542 = CIRCLE ( 'NONE', #1250, 3.175000000000000711 ) ;
#1543 = CARTESIAN_POINT ( 'NONE',  ( -23.19999999999999929, -23.20000000000001705, -5.000000000000000000 ) ) ;
#1544 = CIRCLE ( 'NONE', #1611, 3.174999999999997158 ) ;
#1545 = LINE ( 'NONE', #2661, #84 ) ;
#1546 = CARTESIAN_POINT ( 'NONE',  ( 26.79189504172204295, -27.49999999999997868, -0.2836284305879582801 ) ) ;
#1547 = DIRECTION ( 'NONE',  ( 1.000000000000000000, -0.0000000000000000000, -0.0000000000000000000 ) ) ;
#1548 = ORIENTED_EDGE ( 'NONE', *, *, #3284, .F. ) ;
#1549 = ORIENTED_EDGE ( 'NONE', *, *, #3039, .F. ) ;
#1550 = EDGE_CURVE ( 'NONE', #3587, #2004, #3543, .T. ) ;
#1551 = CARTESIAN_POINT ( 'NONE',  ( 27.49999997633194582, -26.61510462762113249, -0.9904434069286528475 ) ) ;
#1552 = EDGE_CURVE ( 'NONE', #1779, #499, #1963, .T. ) ;
#1553 = EDGE_LOOP ( 'NONE', ( #3502, #1510, #1471, #548 ) ) ;
#1554 = CARTESIAN_POINT ( 'NONE',  ( 26.75696721309554604, 27.50000000000002487, 0.3272427691019823559 ) ) ;
#1555 = DIRECTION ( 'NONE',  ( -0.0000000000000000000, 0.0000000000000000000, 1.000000000000000000 ) ) ;
#1556 = VERTEX_POINT ( 'NONE', #3339 ) ;
#1557 = CARTESIAN_POINT ( 'NONE',  ( -29.60000000000000497, 29.59999999999999787, 1.999999999999999556 ) ) ;
#1558 = ORIENTED_EDGE ( 'NONE', *, *, #1426, .T. ) ;
#1559 = DIRECTION ( 'NONE',  ( 0.0000000000000000000, 0.0000000000000000000, -1.000000000000000000 ) ) ;
#1560 = CARTESIAN_POINT ( 'NONE',  ( 27.49999987609178476, 26.77930199802533195, -0.9535678285996543879 ) ) ;
#1561 = DIRECTION ( 'NONE',  ( -0.0000000000000000000, 0.0000000000000000000, 1.000000000000000000 ) ) ;
#1562 = MECHANICAL_CONTEXT ( 'NONE', #1268, 'mechanical' ) ;
#1563 = CARTESIAN_POINT ( 'NONE',  ( 26.50000000000002487, -26.49999999999997868, 2.000000000000000000 ) ) ;
#1564 = LINE ( 'NONE', #3275, #1383 ) ;
#1565 = ORIENTED_EDGE ( 'NONE', *, *, #1388, .F. ) ;
#1566 = LINE ( 'NONE', #757, #1888 ) ;
#1567 = FACE_OUTER_BOUND ( 'NONE', #756, .T. ) ;
#1568 = CARTESIAN_POINT ( 'NONE',  ( -29.59999999999998366, -32.60000000000000853, 1.999999999999999556 ) ) ;
#1569 = ORIENTED_EDGE ( 'NONE', *, *, #1158, .T. ) ;
#1570 = FACE_BOUND ( 'NONE', #701, .T. ) ;
#1571 = LINE ( 'NONE', #3245, #1083 ) ;
#1572 = EDGE_CURVE ( 'NONE', #2318, #1856, #801, .T. ) ;
#1573 = EDGE_LOOP ( 'NONE', ( #928, #2529, #1933, #3581, #3202 ) ) ;
#1574 = ORIENTED_EDGE ( 'NONE', *, *, #2082, .T. ) ;
#1575 = FACE_OUTER_BOUND ( 'NONE', #1669, .T. ) ;
#1576 = ORIENTED_EDGE ( 'NONE', *, *, #1306, .T. ) ;
#1577 = CARTESIAN_POINT ( 'NONE',  ( 27.50000000000002487, -26.49999999999997868, -0.9996271050385666657 ) ) ;
#1578 = CARTESIAN_POINT ( 'NONE',  ( 27.40713941892003191, 27.50000000000002487, -0.7007435398117405345 ) ) ;
#1579 = CARTESIAN_POINT ( 'NONE',  ( 15.75000000000002132, 2.000000000000013767, -2.000000000000000000 ) ) ;
#1580 = CARTESIAN_POINT ( 'NONE',  ( 27.50000000000003197, -27.07515468964035676, 0.9839755089138986222 ) ) ;
#1581 = EDGE_CURVE ( 'NONE', #3178, #3282, #853, .T. ) ;
#1582 = LINE ( 'NONE', #1292, #2064 ) ;
#1583 = ORIENTED_EDGE ( 'NONE', *, *, #2502, .T. ) ;
#1584 = ORIENTED_EDGE ( 'NONE', *, *, #42, .F. ) ;
#1585 = CARTESIAN_POINT ( 'NONE',  ( 27.50000000000002487, -17.68449894521845422, -1.999999999999999112 ) ) ;
#1586 = CARTESIAN_POINT ( 'NONE',  ( 29.59999999999997655, -32.60000000000000853, 4.500000000000000000 ) ) ;
#1587 = DIRECTION ( 'NONE',  ( 0.0000000000000000000, 0.0000000000000000000, -1.000000000000000000 ) ) ;
#1588 = CARTESIAN_POINT ( 'NONE',  ( -27.49999999999997513, -22.49999999999997868, -1.999999999999999112 ) ) ;
#1589 = VERTEX_POINT ( 'NONE', #1100 ) ;
#1590 = ORIENTED_EDGE ( 'NONE', *, *, #1550, .T. ) ;
#1591 = CARTESIAN_POINT ( 'NONE',  ( 27.50000013947255439, -26.94645984036943176, 0.8823418285144707385 ) ) ;
#1592 = VERTEX_POINT ( 'NONE', #1335 ) ;
#1593 = VECTOR ( 'NONE', #2448, 1000.000000000000000 ) ;
#1594 = ORIENTED_EDGE ( 'NONE', *, *, #367, .T. ) ;
#1595 = CARTESIAN_POINT ( 'NONE',  ( 27.50000000000002842, 27.47640892215336095, -0.5731797882573625991 ) ) ;
#1596 =( BOUNDED_CURVE ( )  B_SPLINE_CURVE ( 3, ( #2136, #2982, #472, #2108 ),
 .UNSPECIFIED., .F., .T. ) 
 B_SPLINE_CURVE_WITH_KNOTS ( ( 4, 4 ),
 ( 0.0000000000000000000, 1.543486323541595873 ),
 .UNSPECIFIED. ) 
 CURVE ( )  GEOMETRIC_REPRESENTATION_ITEM ( )  RATIONAL_B_SPLINE_CURVE ( ( 1.000000000000000000, 0.8111307354427694793, 0.8111307354427694793, 1.000000000000000000 ) ) 
 REPRESENTATION_ITEM ( '' )  );
#1597 = EDGE_CURVE ( 'NONE', #71, #1880, #3590, .T. ) ;
#1598 = DIRECTION ( 'NONE',  ( 0.9961946980917453232, -0.08715574274766224594, -0.0000000000000000000 ) ) ;
#1599 = VECTOR ( 'NONE', #402, 1000.000000000000000 ) ;
#1600 = AXIS2_PLACEMENT_3D ( 'NONE', #343, #3163, #3455 ) ;
#1601 = CARTESIAN_POINT ( 'NONE',  ( -27.49999999999997513, 0.0000000000000000000, 1.999999999999999556 ) ) ;
#1602 = CALENDAR_DATE ( 2021, 9, 6 ) ;
#1603 = CARTESIAN_POINT ( 'NONE',  ( 27.50000000000002487, -26.49999999999997868, 0.9996271050385684420 ) ) ;
#1604 = AXIS2_PLACEMENT_3D ( 'NONE', #2968, #1044, #3577 ) ;
#1605 = DIRECTION ( 'NONE',  ( -0.0000000000000000000, -0.0000000000000000000, 1.000000000000000000 ) ) ;
#1606 = ORIENTED_EDGE ( 'NONE', *, *, #2865, .F. ) ;
#1607 = CARTESIAN_POINT ( 'NONE',  ( 69.20000000000001705, 54.20000000000001705, -5.000000000000000000 ) ) ;
#1608 = CARTESIAN_POINT ( 'NONE',  ( 15.75000000000002132, 1.934498945218493526, 2.000000000000000000 ) ) ;
#1609 = CARTESIAN_POINT ( 'NONE',  ( 26.50000000000002487, -27.49999999999997868, 1.999999999999999556 ) ) ;
#1610 = CARTESIAN_POINT ( 'NONE',  ( 27.49999999985056576, 26.50702286632334648, 0.9994324958158790073 ) ) ;
#1611 = AXIS2_PLACEMENT_3D ( 'NONE', #1646, #821, #21 ) ;
#1612 = LINE ( 'NONE', #1804, #3423 ) ;
#1613 = ORIENTED_EDGE ( 'NONE', *, *, #1710, .T. ) ;
#1614 = VERTEX_POINT ( 'NONE', #3322 ) ;
#1615 = CARTESIAN_POINT ( 'NONE',  ( 27.50000043117893611, -27.14599072479593644, 0.7426446213566468835 ) ) ;
#1616 = ORIENTED_EDGE ( 'NONE', *, *, #6, .T. ) ;
#1617 = ORIENTED_EDGE ( 'NONE', *, *, #1699, .T. ) ;
#1618 = CARTESIAN_POINT ( 'NONE',  ( 69.20000000000003126, 8.859251995394472435E-15, 0.0000000000000000000 ) ) ;
#1619 = CARTESIAN_POINT ( 'NONE',  ( 27.50000006195414315, 26.85180013956841449, -0.9262578954854756574 ) ) ;
#1620 = EDGE_CURVE ( 'NONE', #696, #904, #3295, .T. ) ;
#1621 = ADVANCED_FACE ( 'NONE', ( #1408 ), #2469, .T. ) ;
#1622 = DIRECTION ( 'NONE',  ( 1.000000000000000000, 0.0000000000000000000, 2.341876692568687369E-14 ) ) ;
#1623 = PERSON_AND_ORGANIZATION ( #14, #421 ) ;
#1624 = DIRECTION ( 'NONE',  ( -1.000000000000000000, 0.0000000000000000000, 0.0000000000000000000 ) ) ;
#1625 = DIRECTION ( 'NONE',  ( 1.000000000000000000, 0.0000000000000000000, 0.0000000000000000000 ) ) ;
#1626 = EDGE_LOOP ( 'NONE', ( #2372, #2277, #2733, #1917 ) ) ;
#1627 = ORIENTED_EDGE ( 'NONE', *, *, #741, .T. ) ;
#1628 = DIRECTION ( 'NONE',  ( 1.000000000000000000, 0.0000000000000000000, 0.0000000000000000000 ) ) ;
#1629 = DIRECTION ( 'NONE',  ( 1.000000000000000000, 0.0000000000000000000, 0.0000000000000000000 ) ) ;
#1630 = CARTESIAN_POINT ( 'NONE',  ( 26.79649254203148701, 27.50000000000002487, 0.2858428283435406336 ) ) ;
#1631 = DIRECTION ( 'NONE',  ( -0.0000000000000000000, 0.0000000000000000000, -1.000000000000000000 ) ) ;
#1632 = ORIENTED_EDGE ( 'NONE', *, *, #1699, .F. ) ;
#1633 = ORIENTED_EDGE ( 'NONE', *, *, #1647, .F. ) ;
#1634 = CARTESIAN_POINT ( 'NONE',  ( 27.39482784959541917, -27.49999999999997513, 0.2932367423032158360 ) ) ;
#1635 = ORIENTED_EDGE ( 'NONE', *, *, #2413, .F. ) ;
#1636 = VERTEX_POINT ( 'NONE', #3058 ) ;
#1637 = CARTESIAN_POINT ( 'NONE',  ( 27.50000000000002487, 27.47640892215336095, 1.008788647599787371E-15 ) ) ;
#1638 = CARTESIAN_POINT ( 'NONE',  ( 27.26794843473084029, 27.50000000000002487, -0.01288875924798819558 ) ) ;
#1639 = CARTESIAN_POINT ( 'NONE',  ( -27.49999999999997513, -22.49999999999997868, 1.999999999999999556 ) ) ;
#1640 = ORIENTED_EDGE ( 'NONE', *, *, #1042, .F. ) ;
#1641 = DIRECTION ( 'NONE',  ( 1.000000000000000000, -0.0000000000000000000, -0.0000000000000000000 ) ) ;
#1642 = ORIENTED_EDGE ( 'NONE', *, *, #3505, .T. ) ;
#1643 = CARTESIAN_POINT ( 'NONE',  ( 27.50000000000002487, 26.50000000000002487, -1.999999999999999112 ) ) ;
#1644 = CARTESIAN_POINT ( 'NONE',  ( 27.02119039872436801, 27.50000000000003553, 0.1174042845170705784 ) ) ;
#1645 = CYLINDRICAL_SURFACE ( 'NONE', #1368, 3.174999999999997158 ) ;
#1646 = CARTESIAN_POINT ( 'NONE',  ( -44.45000000000000284, 19.04999999999999716, 4.500000000000000000 ) ) ;
#1647 = EDGE_CURVE ( 'NONE', #811, #2818, #1668, .T. ) ;
#1648 = FACE_OUTER_BOUND ( 'NONE', #3360, .T. ) ;
#1649 = EDGE_LOOP ( 'NONE', ( #1267, #3463, #1301, #1942 ) ) ;
#1650 = CARTESIAN_POINT ( 'NONE',  ( 27.10461399019144935, -27.49999999999997868, 0.07678945371659938457 ) ) ;
#1651 = DIRECTION ( 'NONE',  ( 0.0000000000000000000, 0.0000000000000000000, -1.000000000000000000 ) ) ;
#1652 = ORIENTED_EDGE ( 'NONE', *, *, #3491, .F. ) ;
#1653 = CARTESIAN_POINT ( 'NONE',  ( -27.49999999999997513, 2.000000000000014655, -2.000000000000000000 ) ) ;
#1654 = CARTESIAN_POINT ( 'NONE',  ( 27.50000411762590247, 27.40892698415176199, -0.3621799087377540194 ) ) ;
#1655 = EDGE_CURVE ( 'NONE', #1069, #722, #1680, .T. ) ;
#1656 = AXIS2_PLACEMENT_3D ( 'NONE', #188, #445, #1559 ) ;
#1657 = LINE ( 'NONE', #2508, #3535 ) ;
#1658 = VECTOR ( 'NONE', #2553, 1000.000000000000000 ) ;
#1659 = VECTOR ( 'NONE', #2146, 1000.000000000000000 ) ;
#1660 = CARTESIAN_POINT ( 'NONE',  ( 69.20000000000003126, 8.859251995394472435E-15, 0.0000000000000000000 ) ) ;
#1661 = ORIENTED_EDGE ( 'NONE', *, *, #1131, .F. ) ;
#1662 = AXIS2_PLACEMENT_3D ( 'NONE', #1716, #1735, #2854 ) ;
#1663 = FACE_OUTER_BOUND ( 'NONE', #3101, .T. ) ;
#1664 = AXIS2_PLACEMENT_3D ( 'NONE', #2217, #1156, #2792 ) ;
#1665 = CARTESIAN_POINT ( 'NONE',  ( 27.50000000000002487, -25.89938689446437436, -1.015971497120121247 ) ) ;
#1666 = DIRECTION ( 'NONE',  ( 0.0000000000000000000, -0.0000000000000000000, -1.000000000000000000 ) ) ;
#1667 = LINE ( 'NONE', #2822, #1721 ) ;
#1668 = CIRCLE ( 'NONE', #565, 3.174999999999999378 ) ;
#1669 = EDGE_LOOP ( 'NONE', ( #564, #544, #2852, #259, #2190, #2753, #2161 ) ) ;
#1670 = EDGE_CURVE ( 'NONE', #3499, #357, #1020, .T. ) ;
#1671 = EDGE_CURVE ( 'NONE', #2440, #479, #2745, .T. ) ;
#1672 = CARTESIAN_POINT ( 'NONE',  ( 26.93058644227962972, -27.49999999999997868, 0.1740299592185967636 ) ) ;
#1673 = VECTOR ( 'NONE', #1169, 1000.000000000000000 ) ;
#1674 = CYLINDRICAL_SURFACE ( 'NONE', #1905, 3.174999999999997158 ) ;
#1675 = VERTEX_POINT ( 'NONE', #1352 ) ;
#1676 = AXIS2_PLACEMENT_3D ( 'NONE', #3152, #2346, #2051 ) ;
#1677 = DIRECTION ( 'NONE',  ( 0.0000000000000000000, 0.0000000000000000000, 1.000000000000000000 ) ) ;
#1678 = CARTESIAN_POINT ( 'NONE',  ( 27.18411643508331821, 27.50000000000002487, -0.04430177137962022782 ) ) ;
#1679 = CARTESIAN_POINT ( 'NONE',  ( 27.50000000000002487, 16.75000000000001066, -2.000000000000000000 ) ) ;
#1680 = LINE ( 'NONE', #2243, #2598 ) ;
#1681 = ORIENTED_EDGE ( 'NONE', *, *, #66, .F. ) ;
#1682 = FACE_OUTER_BOUND ( 'NONE', #1345, .T. ) ;
#1683 = DIRECTION ( 'NONE',  ( 1.000000000000000000, 0.0000000000000000000, 0.0000000000000000000 ) ) ;
#1684 = CYLINDRICAL_SURFACE ( 'NONE', #2791, 3.174999999999997158 ) ;
#1685 = DIRECTION ( 'NONE',  ( 1.000000000000000000, -1.734723475976805517E-15, 0.0000000000000000000 ) ) ;
#1686 = ORIENTED_EDGE ( 'NONE', *, *, #431, .F. ) ;
#1687 = CARTESIAN_POINT ( 'NONE',  ( 27.49999644891373762, -27.25683966773336664, -0.6297673677264747916 ) ) ;
#1688 = ADVANCED_FACE ( 'NONE', ( #1117 ), #1132, .F. ) ;
#1689 = CYLINDRICAL_SURFACE ( 'NONE', #1386, 1.000000000000000888 ) ;
#1690 = VERTEX_POINT ( 'NONE', #3371 ) ;
#1691 = DIRECTION ( 'NONE',  ( 1.000000000000000000, 1.261617073437677999E-16, 0.0000000000000000000 ) ) ;
#1692 = CARTESIAN_POINT ( 'NONE',  ( 27.27276810818083774, 27.50000000000002487, -0.01052400651092856750 ) ) ;
#1693 = EDGE_CURVE ( 'NONE', #453, #107, #663, .T. ) ;
#1694 = DIRECTION ( 'NONE',  ( -1.000000000000000000, 0.0000000000000000000, 0.0000000000000000000 ) ) ;
#1695 = ORIENTED_EDGE ( 'NONE', *, *, #3190, .T. ) ;
#1696 = DIRECTION ( 'NONE',  ( 1.000000000000000000, -0.0000000000000000000, -0.0000000000000000000 ) ) ;
#1697 = DIRECTION ( 'NONE',  ( 1.000000000000000000, -1.960139520877748556E-17, 0.0000000000000000000 ) ) ;
#1698 = FACE_OUTER_BOUND ( 'NONE', #405, .T. ) ;
#1699 = EDGE_CURVE ( 'NONE', #1376, #2419, #3188, .T. ) ;
#1700 = DIRECTION ( 'NONE',  ( -0.0000000000000000000, -0.0000000000000000000, 1.000000000000000000 ) ) ;
#1701 = ORIENTED_EDGE ( 'NONE', *, *, #144, .F. ) ;
#1702 = CARTESIAN_POINT ( 'NONE',  ( 27.28175129668614929, -27.49999999999997868, 0.004649468209299135665 ) ) ;
#1703 = CARTESIAN_POINT ( 'NONE',  ( 26.50000000000002487, -11.74999999999997868, 2.000000000000000000 ) ) ;
#1704 = ORIENTED_EDGE ( 'NONE', *, *, #3573, .T. ) ;
#1705 = B_SPLINE_CURVE_WITH_KNOTS ( 'NONE', 3,
 ( #1782, #3200, #2916, #635, #2624, #117, #1233, #410, #713, #974, #1872, #2958, #2934, #2681, #1034, #238, #3215, #3235, #488, #1351, #2147, #3494, #754, #3511, #1834, #194, #2166, #3274, #1546, #3568, #736, #3548, #1896, #3024 ),
 .UNSPECIFIED., .F., .F.,
 ( 4, 2, 2, 2, 2, 2, 2, 2, 2, 2, 2, 2, 2, 2, 2, 2, 4 ),
 ( 0.0000000000000000000, 0.0006880926094602247576, 0.001032138914190333830, 0.001204162066555392865, 0.001290173642737922491, 0.001333179430829187087, 0.001354682324874819602, 0.001365433771897640305, 0.001376185218920461225, 0.001397688112966109786, 0.001419191007011758130, 0.001462196795103065444, 0.001548208371285689396, 0.001720231523650937299, 0.002064277828381423999, 0.002408324133111911132, 0.002752370437842398265 ),
 .UNSPECIFIED. ) ;
#1706 = DIRECTION ( 'NONE',  ( 0.0000000000000000000, 0.0000000000000000000, -1.000000000000000000 ) ) ;
#1707 = CARTESIAN_POINT ( 'NONE',  ( 27.39404270744936554, 27.50000000000001776, 0.1960493520712153215 ) ) ;
#1708 = EDGE_CURVE ( 'NONE', #686, #3499, #221, .T. ) ;
#1709 = CARTESIAN_POINT ( 'NONE',  ( 29.59999999999999787, -29.60000000000001208, -1.999999999999999556 ) ) ;
#1710 = EDGE_CURVE ( 'NONE', #937, #599, #1727, .T. ) ;
#1711 = VECTOR ( 'NONE', #403, 1000.000000000000000 ) ;
#1712 = LOCAL_TIME ( 15, 1, 45.00000000000000000, #1014 ) ;
#1713 = VERTEX_POINT ( 'NONE', #1424 ) ;
#1714 = AXIS2_PLACEMENT_3D ( 'NONE', #3593, #2452, #1839 ) ;
#1715 = DIRECTION ( 'NONE',  ( 0.0000000000000000000, -0.0000000000000000000, 1.000000000000000000 ) ) ;
#1716 = CARTESIAN_POINT ( 'NONE',  ( -16.74999999999997158, 15.75000000000000355, 2.000000000000000000 ) ) ;
#1717 = CARTESIAN_POINT ( 'NONE',  ( -22.49999999999997513, 27.50000000000001776, 1.999999999999999556 ) ) ;
#1718 = AXIS2_PLACEMENT_3D ( 'NONE', #1543, #1812, #3213 ) ;
#1719 = DIRECTION ( 'NONE',  ( 0.0000000000000000000, 0.0000000000000000000, -1.000000000000000000 ) ) ;
#1720 = ORIENTED_EDGE ( 'NONE', *, *, #511, .T. ) ;
#1721 = VECTOR ( 'NONE', #1106, 1000.000000000000000 ) ;
#1722 = APPROVAL ( #2680, 'UNSPECIFIED' ) ;
#1723 = CARTESIAN_POINT ( 'NONE',  ( 27.39388344032349210, -27.49999999999998224, 0.1722758085870683964 ) ) ;
#1724 = AXIS2_PLACEMENT_3D ( 'NONE', #2133, #2726, #956 ) ;
#1725 = LINE ( 'NONE', #2875, #2123 ) ;
#1726 = ORIENTED_EDGE ( 'NONE', *, *, #2722, .F. ) ;
#1727 = CIRCLE ( 'NONE', #1442, 2.999999999999999112 ) ;
#1728 = FACE_OUTER_BOUND ( 'NONE', #1064, .T. ) ;
#1729 = CARTESIAN_POINT ( 'NONE',  ( 27.50000005541443215, 26.84002287532729270, 0.9309186653203024298 ) ) ;
#1730 = VECTOR ( 'NONE', #1904, 1000.000000000000000 ) ;
#1731 = CARTESIAN_POINT ( 'NONE',  ( -32.60000000000000142, -29.59999999999999076, 1.999999999999999556 ) ) ;
#1732 = EDGE_CURVE ( 'NONE', #2918, #18, #2550, .T. ) ;
#1733 = VERTEX_POINT ( 'NONE', #3383 ) ;
#1734 = CARTESIAN_POINT ( 'NONE',  ( -27.49999999999997513, 2.000000000000014655, 2.000000000000000000 ) ) ;
#1735 = DIRECTION ( 'NONE',  ( 0.06764133573679138867, 0.9977097021176765113, -0.0000000000000000000 ) ) ;
#1736 = DIRECTION ( 'NONE',  ( 0.0000000000000000000, 0.0000000000000000000, -1.000000000000000000 ) ) ;
#1737 = ADVANCED_FACE ( 'NONE', ( #1160 ), #2204, .F. ) ;
#1738 = CARTESIAN_POINT ( 'NONE',  ( -15.87500000000000000, -44.45000000000000284, 4.500000000000000000 ) ) ;
#1739 = ORIENTED_EDGE ( 'NONE', *, *, #618, .T. ) ;
#1740 = CARTESIAN_POINT ( 'NONE',  ( 27.39341380339836718, -27.49999999999997513, -0.06852290723051868149 ) ) ;
#1741 = LINE ( 'NONE', #1754, #2013 ) ;
#1742 = VERTEX_POINT ( 'NONE', #3331 ) ;
#1743 = DIRECTION ( 'NONE',  ( 1.000000000000000000, 0.0000000000000000000, 0.0000000000000000000 ) ) ;
#1744 = CARTESIAN_POINT ( 'NONE',  ( 27.50000033273485300, 27.05676182078700975, 0.8149887300256211109 ) ) ;
#1745 = CARTESIAN_POINT ( 'NONE',  ( 55.85831239517771252, -53.20000000000000284, 5.000000000000000000 ) ) ;
#1746 = ORIENTED_EDGE ( 'NONE', *, *, #2951, .T. ) ;
#1747 = FACE_OUTER_BOUND ( 'NONE', #3166, .T. ) ;
#1748 = DIRECTION ( 'NONE',  ( 1.000000000000000000, 0.0000000000000000000, 0.0000000000000000000 ) ) ;
#1749 = DIRECTION ( 'NONE',  ( -0.0000000000000000000, -0.0000000000000000000, 1.000000000000000000 ) ) ;
#1750 = CARTESIAN_POINT ( 'NONE',  ( -29.60000000000000497, 29.59999999999999787, 1.999999999999999556 ) ) ;
#1751 = EDGE_LOOP ( 'NONE', ( #1037, #1908 ) ) ;
#1752 = EDGE_CURVE ( 'NONE', #604, #2143, #1778, .T. ) ;
#1753 = CARTESIAN_POINT ( 'NONE',  ( 27.46183768982221096, -27.49999999999988276, -0.9629779128938209531 ) ) ;
#1754 = CARTESIAN_POINT ( 'NONE',  ( 32.59999999999999432, 29.59999999999997655, 1.999999999999999556 ) ) ;
#1755 = VERTEX_POINT ( 'NONE', #2825 ) ;
#1756 = DIRECTION ( 'NONE',  ( 0.0000000000000000000, 0.0000000000000000000, 1.000000000000000000 ) ) ;
#1757 = CARTESIAN_POINT ( 'NONE',  ( 27.39341380340277254, 27.50000000000002487, 0.06852290907421229593 ) ) ;
#1758 = CARTESIAN_POINT ( 'NONE',  ( 27.02775963660781855, 27.50000000000003197, -0.1137777442259240573 ) ) ;
#1759 = ORIENTED_EDGE ( 'NONE', *, *, #1523, .T. ) ;
#1760 = DIRECTION ( 'NONE',  ( 1.000000000000000000, 0.0000000000000000000, 0.0000000000000000000 ) ) ;
#1761 = LINE ( 'NONE', #693, #941 ) ;
#1762 = PRODUCT ( 'electrolyteChamber_rectangularMask_v02.2.2_20210521_STEP-AP203', 'electrolyteChamber_rectangularMask_v02.2.2_20210521_STEP-AP203', '', ( #1562 ) ) ;
#1763 = AXIS2_PLACEMENT_3D ( 'NONE', #3181, #907, #2026 ) ;
#1764 = CARTESIAN_POINT ( 'NONE',  ( 27.50000000000002487, -25.46876924706666756, 0.5985507879119678076 ) ) ;
#1765 = AXIS2_PLACEMENT_3D ( 'NONE', #3294, #2088, #450 ) ;
#1766 = DIRECTION ( 'NONE',  ( 0.0000000000000000000, 0.0000000000000000000, -1.000000000000000000 ) ) ;
#1767 = ORIENTED_EDGE ( 'NONE', *, *, #399, .T. ) ;
#1768 = CARTESIAN_POINT ( 'NONE',  ( 27.49289827416604837, -27.49999999999997513, -0.9985387085224375348 ) ) ;
#1769 = AXIS2_PLACEMENT_3D ( 'NONE', #1618, #3609, #1947 ) ;
#1770 = CARTESIAN_POINT ( 'NONE',  ( -15.74999999999997158, 15.75000000000000355, 2.000000000000000000 ) ) ;
#1771 = VECTOR ( 'NONE', #135, 1000.000000000000000 ) ;
#1772 = ADVANCED_FACE ( 'NONE', ( #3347 ), #2503, .F. ) ;
#1773 = ADVANCED_FACE ( 'NONE', ( #1437 ), #3071, .F. ) ;
#1774 = ORIENTED_EDGE ( 'NONE', *, *, #1983, .F. ) ;
#1775 = CARTESIAN_POINT ( 'NONE',  ( 27.49688576748233615, -27.49999999999997158, 0.9995423645178483918 ) ) ;
#1776 = AXIS2_PLACEMENT_3D ( 'NONE', #3557, #2923, #1533 ) ;
#1777 = DIRECTION ( 'NONE',  ( -0.0000000000000000000, 0.0000000000000000000, 1.000000000000000000 ) ) ;
#1778 = CIRCLE ( 'NONE', #2656, 5.000000000000000888 ) ;
#1779 = VERTEX_POINT ( 'NONE', #592 ) ;
#1780 = DIRECTION ( 'NONE',  ( 0.0000000000000000000, 0.0000000000000000000, -1.000000000000000000 ) ) ;
#1781 = DIRECTION ( 'NONE',  ( 1.000000000000000000, -0.0000000000000000000, -0.0000000000000000000 ) ) ;
#1782 = CARTESIAN_POINT ( 'NONE',  ( 26.50000000000002487, -27.49999999999997868, 0.9996271050385684420 ) ) ;
#1783 = DIRECTION ( 'NONE',  ( -1.000000000000000000, 0.0000000000000000000, 0.0000000000000000000 ) ) ;
#1784 = ORIENTED_EDGE ( 'NONE', *, *, #1752, .F. ) ;
#1785 = CARTESIAN_POINT ( 'NONE',  ( 27.50000000000002487, -26.50319554861632909, -0.9995401452494773187 ) ) ;
#1786 = DIRECTION ( 'NONE',  ( 0.0000000000000000000, -0.0000000000000000000, 1.000000000000000000 ) ) ;
#1787 = ORIENTED_EDGE ( 'NONE', *, *, #350, .T. ) ;
#1788 = CARTESIAN_POINT ( 'NONE',  ( 44.45000000000000284, -19.04999999999999716, 4.500000000000000000 ) ) ;
#1789 = ADVANCED_FACE ( 'NONE', ( #874 ), #3120, .F. ) ;
#1790 = CARTESIAN_POINT ( 'NONE',  ( -53.19999999999999574, -53.20000000000001705, -5.000000000000000000 ) ) ;
#1791 = ADVANCED_FACE ( 'NONE', ( #2795 ), #1365, .T. ) ;
#1792 = CARTESIAN_POINT ( 'NONE',  ( 27.50000000000002487, 27.50000000000002487, -0.9996271050385653334 ) ) ;
#1793 = EDGE_CURVE ( 'NONE', #1101, #2443, #958, .T. ) ;
#1794 = ORIENTED_EDGE ( 'NONE', *, *, #2319, .T. ) ;
#1795 = CYLINDRICAL_SURFACE ( 'NONE', #321, 2.999999999999999112 ) ;
#1796 = CARTESIAN_POINT ( 'NONE',  ( -22.49999999999997513, 22.50000000000001776, -1.999999999999999112 ) ) ;
#1797 = DIRECTION ( 'NONE',  ( 1.000000000000000000, 0.0000000000000000000, 0.0000000000000000000 ) ) ;
#1798 = CARTESIAN_POINT ( 'NONE',  ( 27.50000000000002487, -27.47640892215336095, 1.131253327514522716E-15 ) ) ;
#1799 = ORIENTED_EDGE ( 'NONE', *, *, #1175, .T. ) ;
#1800 = ORIENTED_EDGE ( 'NONE', *, *, #144, .T. ) ;
#1801 = CARTESIAN_POINT ( 'NONE',  ( 27.49999987905502863, -26.86630921222591795, -0.9205233890565888144 ) ) ;
#1802 = VERTEX_POINT ( 'NONE', #825 ) ;
#1803 = ADVANCED_FACE ( 'NONE', ( #2517 ), #1674, .F. ) ;
#1804 = CARTESIAN_POINT ( 'NONE',  ( 27.50000000000002487, -17.68449894521845422, 4.500000000000000000 ) ) ;
#1805 = ORIENTED_EDGE ( 'NONE', *, *, #1226, .F. ) ;
#1806 = CARTESIAN_POINT ( 'NONE',  ( 41.27500000000000568, -19.04999999999999716, 4.500000000000000000 ) ) ;
#1807 = CARTESIAN_POINT ( 'NONE',  ( -15.74999999999997158, 16.75000000000000355, -2.000000000000000000 ) ) ;
#1808 = DIRECTION ( 'NONE',  ( 1.000000000000000000, 0.0000000000000000000, 0.0000000000000000000 ) ) ;
#1809 = ORIENTED_EDGE ( 'NONE', *, *, #2965, .T. ) ;
#1810 = EDGE_CURVE ( 'NONE', #872, #2012, #382, .T. ) ;
#1811 = EDGE_CURVE ( 'NONE', #1094, #3218, #3374, .T. ) ;
#1812 = DIRECTION ( 'NONE',  ( 0.0000000000000000000, 0.0000000000000000000, 1.000000000000000000 ) ) ;
#1813 = DIRECTION ( 'NONE',  ( 0.0000000000000000000, 0.0000000000000000000, -1.000000000000000000 ) ) ;
#1814 = CARTESIAN_POINT ( 'NONE',  ( -22.49999999999997513, -22.49999999999997868, -1.999999999999999112 ) ) ;
#1815 = LINE ( 'NONE', #2388, #502 ) ;
#1816 = ORIENTED_EDGE ( 'NONE', *, *, #2003, .F. ) ;
#1817 = ORIENTED_EDGE ( 'NONE', *, *, #3231, .T. ) ;
#1818 = CARTESIAN_POINT ( 'NONE',  ( 27.50000000000002487, -27.49999999999997868, -0.9996271050385668877 ) ) ;
#1819 = VERTEX_POINT ( 'NONE', #1928 ) ;
#1820 = CARTESIAN_POINT ( 'NONE',  ( 27.39337321806824832, 27.50000000000002842, 0.04830914751349956598 ) ) ;
#1821 = VECTOR ( 'NONE', #2897, 1000.000000000000000 ) ;
#1822 = CARTESIAN_POINT ( 'NONE',  ( 54.20000000000000995, -53.20000000000000284, 4.500000000000000000 ) ) ;
#1823 = ORIENTED_EDGE ( 'NONE', *, *, #2895, .F. ) ;
#1824 = CARTESIAN_POINT ( 'NONE',  ( 27.46152349351778810, -27.49999999999997868, 0.9623953471406324622 ) ) ;
#1825 = AXIS2_PLACEMENT_3D ( 'NONE', #2519, #545, #2799 ) ;
#1826 = ORIENTED_EDGE ( 'NONE', *, *, #2743, .F. ) ;
#1827 = AXIS2_PLACEMENT_3D ( 'NONE', #3078, #1932, #1098 ) ;
#1828 = CIRCLE ( 'NONE', #3173, 2.999999999999999112 ) ;
#1829 = CARTESIAN_POINT ( 'NONE',  ( -16.74999999999997158, -13.74999999999998401, 2.000000000000000000 ) ) ;
#1830 = DIRECTION ( 'NONE',  ( 0.08715574274766037244, 0.9961946980917453232, 0.0000000000000000000 ) ) ;
#1831 = CARTESIAN_POINT ( 'NONE',  ( -29.60000000000000497, 29.59999999999999787, 4.500000000000000000 ) ) ;
#1832 = AXIS2_PLACEMENT_3D ( 'NONE', #1093, #1125, #3396 ) ;
#1833 = CALENDAR_DATE ( 2021, 9, 6 ) ;
#1834 = CARTESIAN_POINT ( 'NONE',  ( 27.15040293303479402, -27.49999999999997513, -0.05720434114538116427 ) ) ;
#1835 = EDGE_CURVE ( 'NONE', #2176, #3203, #2430, .T. ) ;
#1836 = CARTESIAN_POINT ( 'NONE',  ( -44.45000000000000284, -19.04999999999999716, 4.500000000000000000 ) ) ;
#1837 = EDGE_LOOP ( 'NONE', ( #2327, #617 ) ) ;
#1838 = AXIS2_PLACEMENT_3D ( 'NONE', #555, #1430, #1961 ) ;
#1839 = DIRECTION ( 'NONE',  ( 1.000000000000000000, 0.0000000000000000000, 0.0000000000000000000 ) ) ;
#1840 = DIRECTION ( 'NONE',  ( 1.000000000000000000, 0.0000000000000000000, 0.0000000000000000000 ) ) ;
#1841 = CARTESIAN_POINT ( 'NONE',  ( 15.75000000000002132, 2.000000000000013767, 2.000000000000000000 ) ) ;
#1842 = ORIENTED_EDGE ( 'NONE', *, *, #1216, .F. ) ;
#1843 = CARTESIAN_POINT ( 'NONE',  ( 27.49999996809606628, 26.68526062336358251, 0.9776807807161966846 ) ) ;
#1844 = FACE_BOUND ( 'NONE', #2541, .T. ) ;
#1845 = ORIENTED_EDGE ( 'NONE', *, *, #288, .T. ) ;
#1846 = EDGE_LOOP ( 'NONE', ( #1029, #3607 ) ) ;
#1847 = CARTESIAN_POINT ( 'NONE',  ( -44.45000000000000284, -19.04999999999999716, 4.500000000000000000 ) ) ;
#1848 = VERTEX_POINT ( 'NONE', #1416 ) ;
#1849 = DIRECTION ( 'NONE',  ( 1.000000000000000000, 0.0000000000000000000, 0.0000000000000000000 ) ) ;
#1850 = CARTESIAN_POINT ( 'NONE',  ( 27.50000000438035386, 26.59711605485730601, -0.9924043279397763984 ) ) ;
#1851 = EDGE_CURVE ( 'NONE', #3309, #3096, #1143, .T. ) ;
#1852 = DIRECTION ( 'NONE',  ( 0.0000000000000000000, 0.0000000000000000000, -1.000000000000000000 ) ) ;
#1853 = DATE_AND_TIME ( #735, #3415 ) ;
#1854 = DIRECTION ( 'NONE',  ( -0.0000000000000000000, -0.0000000000000000000, 1.000000000000000000 ) ) ;
#1855 = CARTESIAN_POINT ( 'NONE',  ( -6.938893903907229955E-15, 54.20000000000000995, 4.500000000000000000 ) ) ;
#1856 = VERTEX_POINT ( 'NONE', #289 ) ;
#1857 = CARTESIAN_POINT ( 'NONE',  ( 29.59999999999997655, -32.60000000000000853, -1.999999999999999556 ) ) ;
#1858 = CARTESIAN_POINT ( 'NONE',  ( -19.05000000000000071, 44.45000000000000284, -4.500000000000000000 ) ) ;
#1859 = CARTESIAN_POINT ( 'NONE',  ( 60.31000000000002359, -29.98090081228328785, 1.008788647599787371E-15 ) ) ;
#1860 = CARTESIAN_POINT ( 'NONE',  ( 27.44548014256319135, 27.50000000000012079, 0.9250357617842833724 ) ) ;
#1861 = DIRECTION ( 'NONE',  ( 0.0000000000000000000, 1.000000000000000000, -0.0000000000000000000 ) ) ;
#1862 = ORIENTED_EDGE ( 'NONE', *, *, #217, .F. ) ;
#1863 = ORIENTED_EDGE ( 'NONE', *, *, #1572, .F. ) ;
#1864 = ADVANCED_FACE ( 'NONE', ( #563 ), #273, .F. ) ;
#1865 = ADVANCED_FACE ( 'NONE', ( #1387 ), #1689, .F. ) ;
#1866 = CARTESIAN_POINT ( 'NONE',  ( 27.22447842763586223, -27.49999999999997868, 0.02954477913933191771 ) ) ;
#1867 = ORIENTED_EDGE ( 'NONE', *, *, #672, .T. ) ;
#1868 = FACE_BOUND ( 'NONE', #140, .T. ) ;
#1869 = CARTESIAN_POINT ( 'NONE',  ( 27.42406092771595283, 27.50000000000002132, -0.8393916199410834666 ) ) ;
#1870 = CARTESIAN_POINT ( 'NONE',  ( -29.60000000000000497, 29.59999999999999787, -1.999999999999999556 ) ) ;
#1871 = PERSON_AND_ORGANIZATION ( #14, #421 ) ;
#1872 = CARTESIAN_POINT ( 'NONE',  ( 27.23879331842545781, -27.49999999999997868, 0.02447885782719846220 ) ) ;
#1873 = CARTESIAN_POINT ( 'NONE',  ( -29.59999999999998366, 32.59999999999999432, 4.500000000000000000 ) ) ;
#1874 = ORIENTED_EDGE ( 'NONE', *, *, #2991, .F. ) ;
#1875 = LINE ( 'NONE', #1857, #3125 ) ;
#1876 = CARTESIAN_POINT ( 'NONE',  ( -60.67195572236983026, 19.76236235553591669, 1.008788647599787371E-15 ) ) ;
#1877 = DIRECTION ( 'NONE',  ( 1.000000000000000000, -0.0000000000000000000, -0.0000000000000000000 ) ) ;
#1878 = LINE ( 'NONE', #1023, #3430 ) ;
#1879 = DIRECTION ( 'NONE',  ( -0.0000000000000000000, -0.0000000000000000000, 1.000000000000000000 ) ) ;
#1880 = VERTEX_POINT ( 'NONE', #1517 ) ;
#1881 = EDGE_LOOP ( 'NONE', ( #230, #2532, #1613, #3260 ) ) ;
#1882 = AXIS2_PLACEMENT_3D ( 'NONE', #1858, #1318, #1628 ) ;
#1883 = CARTESIAN_POINT ( 'NONE',  ( 27.39651718499336042, -27.49999999999999289, 0.4325870151337962155 ) ) ;
#1884 = ORIENTED_EDGE ( 'NONE', *, *, #1998, .T. ) ;
#1885 = AXIS2_PLACEMENT_3D ( 'NONE', #3004, #2964, #3619 ) ;
#1886 = ADVANCED_FACE ( 'NONE', ( #3489 ), #707, .T. ) ;
#1887 = EDGE_CURVE ( 'NONE', #1880, #18, #2401, .T. ) ;
#1888 = VECTOR ( 'NONE', #1019, 1000.000000000000000 ) ;
#1889 = ORIENTED_EDGE ( 'NONE', *, *, #2847, .F. ) ;
#1890 = DIRECTION ( 'NONE',  ( 0.0000000000000000000, 1.000000000000000000, 0.0000000000000000000 ) ) ;
#1891 = AXIS2_PLACEMENT_3D ( 'NONE', #3232, #1561, #3547 ) ;
#1892 = CARTESIAN_POINT ( 'NONE',  ( 27.39578609053515379, 27.50000000000001776, -0.3801527716839524507 ) ) ;
#1893 = AXIS2_PLACEMENT_3D ( 'NONE', #2617, #945, #3194 ) ;
#1894 = VECTOR ( 'NONE', #677, 1000.000000000000000 ) ;
#1895 = CARTESIAN_POINT ( 'NONE',  ( 15.75000000000002132, 1.000000000000013989, 2.000000000000000000 ) ) ;
#1896 = CARTESIAN_POINT ( 'NONE',  ( 26.50000000000002487, -27.49999999999997158, -0.8853468046084836951 ) ) ;
#1897 = VECTOR ( 'NONE', #1000, 1000.000000000000000 ) ;
#1898 = DIRECTION ( 'NONE',  ( 0.0000000000000000000, 0.0000000000000000000, -1.000000000000000000 ) ) ;
#1899 = VERTEX_POINT ( 'NONE', #132 ) ;
#1900 = ORIENTED_EDGE ( 'NONE', *, *, #3479, .T. ) ;
#1901 = VECTOR ( 'NONE', #334, 1000.000000000000000 ) ;
#1902 = DIRECTION ( 'NONE',  ( -1.000000000000000000, -1.960139520877748248E-16, 0.0000000000000000000 ) ) ;
#1903 = DIRECTION ( 'NONE',  ( 1.000000000000000000, -0.0000000000000000000, -0.0000000000000000000 ) ) ;
#1904 = DIRECTION ( 'NONE',  ( 1.000000000000000000, -0.0000000000000000000, -0.0000000000000000000 ) ) ;
#1905 = AXIS2_PLACEMENT_3D ( 'NONE', #251, #3605, #301 ) ;
#1906 = DIRECTION ( 'NONE',  ( 0.0000000000000000000, 0.0000000000000000000, 1.000000000000000000 ) ) ;
#1907 = ORIENTED_EDGE ( 'NONE', *, *, #840, .T. ) ;
#1908 = ORIENTED_EDGE ( 'NONE', *, *, #1504, .T. ) ;
#1909 = CARTESIAN_POINT ( 'NONE',  ( 27.26466313014451615, -27.49999999999997868, 0.01431317551406710228 ) ) ;
#1910 = ORIENTED_EDGE ( 'NONE', *, *, #3230, .F. ) ;
#1911 = ORIENTED_EDGE ( 'NONE', *, *, #1291, .T. ) ;
#1912 = LINE ( 'NONE', #1367, #2119 ) ;
#1913 = CARTESIAN_POINT ( 'NONE',  ( 27.49999613908481422, 27.32821032034421904, -0.5257800764589685150 ) ) ;
#1914 = DIRECTION ( 'NONE',  ( -0.0000000000000000000, -0.0000000000000000000, -1.000000000000000000 ) ) ;
#1915 = EDGE_CURVE ( 'NONE', #3044, #1733, #690, .T. ) ;
#1916 = COORDINATED_UNIVERSAL_TIME_OFFSET ( 1, 0, .AHEAD. ) ;
#1917 = ORIENTED_EDGE ( 'NONE', *, *, #41, .T. ) ;
#1918 = CARTESIAN_POINT ( 'NONE',  ( 69.20000000000003126, -29.98090081228328785, 1.008788647599787371E-15 ) ) ;
#1919 = ORIENTED_EDGE ( 'NONE', *, *, #390, .T. ) ;
#1920 = CARTESIAN_POINT ( 'NONE',  ( 29.59999999999997655, 32.59999999999999432, -1.999999999999999556 ) ) ;
#1921 = DIRECTION ( 'NONE',  ( 0.0000000000000000000, -0.0000000000000000000, 1.000000000000000000 ) ) ;
#1922 = CARTESIAN_POINT ( 'NONE',  ( -27.49999999999997513, -2.934498945218459554, -1.999999999999999112 ) ) ;
#1923 = CARTESIAN_POINT ( 'NONE',  ( -26.49999999999997513, 3.000000000000014655, 2.000000000000000000 ) ) ;
#1924 = CARTESIAN_POINT ( 'NONE',  ( 60.31000000000003070, -29.98090081228329140, 1.008788647599787371E-15 ) ) ;
#1925 = VERTEX_POINT ( 'NONE', #423 ) ;
#1926 = ADVANCED_FACE ( 'NONE', ( #3211 ), #2719, .F. ) ;
#1927 = CARTESIAN_POINT ( 'NONE',  ( 27.49999588237250236, -27.38097449638632952, 0.4270257322516823328 ) ) ;
#1928 = CARTESIAN_POINT ( 'NONE',  ( 60.31000000000003070, -28.33927229735236608, 1.008788647599787371E-15 ) ) ;
#1929 = ORIENTED_EDGE ( 'NONE', *, *, #2797, .F. ) ;
#1930 = FACE_OUTER_BOUND ( 'NONE', #1751, .T. ) ;
#1931 = CARTESIAN_POINT ( 'NONE',  ( 27.27746033784076474, 27.50000000000002487, -0.007894714333652777874 ) ) ;
#1932 = DIRECTION ( 'NONE',  ( 1.000000000000000000, -0.0000000000000000000, -0.0000000000000000000 ) ) ;
#1933 = ORIENTED_EDGE ( 'NONE', *, *, #2449, .T. ) ;
#1934 = ADVANCED_FACE ( 'NONE', ( #483 ), #2230, .F. ) ;
#1935 = ADVANCED_FACE ( 'NONE', ( #1570, #2669 ), #1280, .F. ) ;
#1936 = DIRECTION ( 'NONE',  ( -1.000000000000000000, 0.0000000000000000000, 0.0000000000000000000 ) ) ;
#1937 = VERTEX_POINT ( 'NONE', #182 ) ;
#1938 = DIRECTION ( 'NONE',  ( 0.0000000000000000000, 1.000000000000000000, -0.0000000000000000000 ) ) ;
#1939 = LINE ( 'NONE', #1120, #3410 ) ;
#1940 = DIRECTION ( 'NONE',  ( 1.000000000000000000, 0.0000000000000000000, 0.0000000000000000000 ) ) ;
#1941 = CARTESIAN_POINT ( 'NONE',  ( 26.50000000000002487, 17.75000000000001066, -2.000000000000000000 ) ) ;
#1942 = ORIENTED_EDGE ( 'NONE', *, *, #1982, .F. ) ;
#1943 = CARTESIAN_POINT ( 'NONE',  ( 27.27276810810543850, -27.49999999999997868, 0.01052400654958780303 ) ) ;
#1944 = ADVANCED_FACE ( 'NONE', ( #2731 ), #3556, .F. ) ;
#1945 = DIRECTION ( 'NONE',  ( 1.000000000000000000, 0.0000000000000000000, 0.0000000000000000000 ) ) ;
#1946 = ORIENTED_EDGE ( 'NONE', *, *, #1538, .T. ) ;
#1947 = DIRECTION ( 'NONE',  ( 0.0000000000000000000, 0.0000000000000000000, -1.000000000000000000 ) ) ;
#1948 = CIRCLE ( 'NONE', #2299, 2.999999999999999112 ) ;
#1949 = CARTESIAN_POINT ( 'NONE',  ( 27.39359118898446255, 27.50000000000002132, -0.1182409429985518262 ) ) ;
#1950 = AXIS2_PLACEMENT_3D ( 'NONE', #2618, #3195, #153 ) ;
#1951 = DIRECTION ( 'NONE',  ( -1.000000000000000000, 0.0000000000000000000, 0.0000000000000000000 ) ) ;
#1952 = VECTOR ( 'NONE', #1102, 1000.000000000000000 ) ;
#1953 = VECTOR ( 'NONE', #2877, 1000.000000000000000 ) ;
#1954 = CIRCLE ( 'NONE', #2358, 3.175000000000000711 ) ;
#1955 = CARTESIAN_POINT ( 'NONE',  ( 26.56764133573682329, -16.68678924310077960, 2.000000000000000000 ) ) ;
#1956 = VERTEX_POINT ( 'NONE', #3576 ) ;
#1957 = CARTESIAN_POINT ( 'NONE',  ( 54.20000000000000284, 6.938893903907229955E-15, -4.500000000000000000 ) ) ;
#1958 = AXIS2_PLACEMENT_3D ( 'NONE', #22, #2546, #43 ) ;
#1959 = EDGE_CURVE ( 'NONE', #499, #1779, #852, .T. ) ;
#1960 = CARTESIAN_POINT ( 'NONE',  ( -60.58479997962216856, 18.76616765744416782, 1.008788647599787371E-15 ) ) ;
#1961 = DIRECTION ( 'NONE',  ( -1.000000000000000000, 0.0000000000000000000, 0.0000000000000000000 ) ) ;
#1962 = CARTESIAN_POINT ( 'NONE',  ( 15.75000000000002132, 1.000000000000013989, -2.000000000000000000 ) ) ;
#1963 = CIRCLE ( 'NONE', #1439, 3.174999999999997158 ) ;
#1964 = ORIENTED_EDGE ( 'NONE', *, *, #2522, .T. ) ;
#1965 = CARTESIAN_POINT ( 'NONE',  ( 27.28175692214532688, -27.49999999999997868, -0.004863481250395255105 ) ) ;
#1966 = AXIS2_PLACEMENT_3D ( 'NONE', #3624, #862, #11 ) ;
#1967 = DIRECTION ( 'NONE',  ( -0.0000000000000000000, -0.0000000000000000000, -1.000000000000000000 ) ) ;
#1968 = ORIENTED_EDGE ( 'NONE', *, *, #461, .F. ) ;
#1969 = FACE_BOUND ( 'NONE', #581, .T. ) ;
#1970 = CARTESIAN_POINT ( 'NONE',  ( 27.49998745802039934, 27.42322288586424506, -0.3250907476532915452 ) ) ;
#1971 = EDGE_CURVE ( 'NONE', #2980, #2713, #1878, .T. ) ;
#1972 = CARTESIAN_POINT ( 'NONE',  ( -29.60000000000000497, -29.60000000000001208, -1.999999999999999556 ) ) ;
#1973 = EDGE_LOOP ( 'NONE', ( #2202, #2561, #1910, #396 ) ) ;
#1974 = CARTESIAN_POINT ( 'NONE',  ( -22.49999999999997513, 27.50000000000001776, -1.999999999999999112 ) ) ;
#1975 = DIRECTION ( 'NONE',  ( 0.0000000000000000000, 0.0000000000000000000, 1.000000000000000000 ) ) ;
#1976 =( BOUNDED_CURVE ( )  B_SPLINE_CURVE ( 3, ( #566, #3016, #1595, #1637 ),
 .UNSPECIFIED., .F., .T. ) 
 B_SPLINE_CURVE_WITH_KNOTS ( ( 4, 4 ),
 ( 4.739698983637990359, 6.283185307179586232 ),
 .UNSPECIFIED. ) 
 CURVE ( )  GEOMETRIC_REPRESENTATION_ITEM ( )  RATIONAL_B_SPLINE_CURVE ( ( 1.000000000000000000, 0.8111307354427694793, 0.8111307354427694793, 1.000000000000000000 ) ) 
 REPRESENTATION_ITEM ( '' )  );
#1977 = DIRECTION ( 'NONE',  ( -0.0000000000000000000, -0.0000000000000000000, -1.000000000000000000 ) ) ;
#1978 = CARTESIAN_POINT ( 'NONE',  ( 55.85831239517770541, 7.151197478993434373E-15, -5.000000000000000000 ) ) ;
#1979 = VERTEX_POINT ( 'NONE', #2705 ) ;
#1980 = CARTESIAN_POINT ( 'NONE',  ( 27.50000627098887307, -27.44413959735984676, 0.2527576546656112311 ) ) ;
#1981 = DIRECTION ( 'NONE',  ( -1.000000000000000000, -1.133806193448893442E-16, 0.0000000000000000000 ) ) ;
#1982 = EDGE_CURVE ( 'NONE', #1592, #3282, #760, .T. ) ;
#1983 = EDGE_CURVE ( 'NONE', #599, #1327, #2172, .T. ) ;
#1984 = ORIENTED_EDGE ( 'NONE', *, *, #1708, .F. ) ;
#1985 = CARTESIAN_POINT ( 'NONE',  ( 26.50000000000002487, -26.49999999999997868, -0.9996271050385666657 ) ) ;
#1986 = CARTESIAN_POINT ( 'NONE',  ( 27.49999987905505705, 26.86630921209300027, 0.9205233891113405731 ) ) ;
#1987 = CARTESIAN_POINT ( 'NONE',  ( 27.27832934056901593, 27.50000000000002487, -0.007626248543969301429 ) ) ;
#1988 = ORIENTED_EDGE ( 'NONE', *, *, #3190, .F. ) ;
#1989 = LINE ( 'NONE', #3112, #776 ) ;
#1990 = CYLINDRICAL_SURFACE ( 'NONE', #364, 2.999999999999999112 ) ;
#1991 = DIRECTION ( 'NONE',  ( -0.0000000000000000000, -0.0000000000000000000, -1.000000000000000000 ) ) ;
#1992 = CARTESIAN_POINT ( 'NONE',  ( 26.50000000000002487, 27.50000000000002487, 1.999999999999999556 ) ) ;
#1993 = ORIENTED_EDGE ( 'NONE', *, *, #2642, .T. ) ;
#1994 = CARTESIAN_POINT ( 'NONE',  ( 27.39331891021810605, -27.49999999999998579, -0.004172875942764038212 ) ) ;
#1995 = CARTESIAN_POINT ( 'NONE',  ( 0.0000000000000000000, 0.0000000000000000000, 5.000000000000000000 ) ) ;
#1996 = EDGE_LOOP ( 'NONE', ( #1438, #2595, #2746, #1451 ) ) ;
#1997 = CARTESIAN_POINT ( 'NONE',  ( -32.60000000000000142, 29.59999999999997655, -4.500000000000000000 ) ) ;
#1998 = EDGE_CURVE ( 'NONE', #3203, #811, #474, .T. ) ;
#1999 = CARTESIAN_POINT ( 'NONE',  ( 27.40138373269363470, 27.50000000000002842, 0.6080085615898549456 ) ) ;
#2000 = CIRCLE ( 'NONE', #836, 5.000000000000000888 ) ;
#2001 = FACE_OUTER_BOUND ( 'NONE', #1881, .T. ) ;
#2002 = VECTOR ( 'NONE', #1902, 1000.000000000000000 ) ;
#2003 = EDGE_CURVE ( 'NONE', #2969, #872, #2821, .T. ) ;
#2004 = VERTEX_POINT ( 'NONE', #3392 ) ;
#2005 = VECTOR ( 'NONE', #2471, 1000.000000000000000 ) ;
#2006 = CYLINDRICAL_SURFACE ( 'NONE', #3597, 2.999999999999999112 ) ;
#2007 = CARTESIAN_POINT ( 'NONE',  ( -26.56764133573676645, -1.936789243100783153, -1.999999999999999112 ) ) ;
#2008 = LINE ( 'NONE', #1205, #1203 ) ;
#2009 = AXIS2_PLACEMENT_3D ( 'NONE', #3272, #2994, #530 ) ;
#2010 = AXIS2_PLACEMENT_3D ( 'NONE', #2828, #2863, #320 ) ;
#2011 = CARTESIAN_POINT ( 'NONE',  ( 60.31000000000003070, 1.000000000000008660, 0.0000000000000000000 ) ) ;
#2012 = VERTEX_POINT ( 'NONE', #1137 ) ;
#2013 = VECTOR ( 'NONE', #2045, 1000.000000000000000 ) ;
#2014 = CARTESIAN_POINT ( 'NONE',  ( 27.50000301260172009, -27.39347038369879428, -0.3992697268322464299 ) ) ;
#2015 = AXIS2_PLACEMENT_3D ( 'NONE', #1836, #2959, #469 ) ;
#2016 = DIRECTION ( 'NONE',  ( 0.0000000000000000000, 0.0000000000000000000, -1.000000000000000000 ) ) ;
#2017 = ORIENTED_EDGE ( 'NONE', *, *, #3285, .T. ) ;
#2018 = LINE ( 'NONE', #3107, #946 ) ;
#2019 = CARTESIAN_POINT ( 'NONE',  ( 27.09898267155618257, 27.50000000000002487, 0.07935489668542343444 ) ) ;
#2020 = CIRCLE ( 'NONE', #2498, 1.000000000000000888 ) ;
#2021 = CARTESIAN_POINT ( 'NONE',  ( 27.25053685974046758, 27.50000000000002132, 0.01998985636083601067 ) ) ;
#2022 = ORIENTED_EDGE ( 'NONE', *, *, #900, .T. ) ;
#2023 = EDGE_CURVE ( 'NONE', #1361, #3408, #2216, .T. ) ;
#2024 = EDGE_CURVE ( 'NONE', #3087, #2440, #3138, .T. ) ;
#2025 = FACE_OUTER_BOUND ( 'NONE', #2090, .T. ) ;
#2026 = DIRECTION ( 'NONE',  ( -1.000000000000000000, 0.0000000000000000000, 0.0000000000000000000 ) ) ;
#2027 = LINE ( 'NONE', #1220, #95 ) ;
#2028 = CARTESIAN_POINT ( 'NONE',  ( -41.27500000000000568, -19.04999999999999716, 4.500000000000000000 ) ) ;
#2029 = ORIENTED_EDGE ( 'NONE', *, *, #1655, .F. ) ;
#2030 = CARTESIAN_POINT ( 'NONE',  ( 27.39359118899073309, -27.49999999999997868, 0.1182409444540716142 ) ) ;
#2031 = DIRECTION ( 'NONE',  ( 1.000000000000000000, 1.280238727658160503E-16, -0.0000000000000000000 ) ) ;
#2032 = ORIENTED_EDGE ( 'NONE', *, *, #1389, .T. ) ;
#2033 = CARTESIAN_POINT ( 'NONE',  ( 32.59999999999999432, 29.59999999999997655, -4.500000000000000000 ) ) ;
#2034 = CARTESIAN_POINT ( 'NONE',  ( 27.25800028801182506, 27.50000000000002487, 0.01715806063743059370 ) ) ;
#2035 = CARTESIAN_POINT ( 'NONE',  ( 27.22527469706499303, 27.50000000000003553, -0.02923477985933211828 ) ) ;
#2036 = ORIENTED_EDGE ( 'NONE', *, *, #327, .T. ) ;
#2037 = LINE ( 'NONE', #1520, #317 ) ;
#2038 = CARTESIAN_POINT ( 'NONE',  ( -32.60000000000000142, -29.59999999999999076, -4.500000000000000000 ) ) ;
#2039 = CARTESIAN_POINT ( 'NONE',  ( -19.05000000000000071, 44.45000000000000284, -4.500000000000000000 ) ) ;
#2040 = ADVANCED_FACE ( 'NONE', ( #2807 ), #2790, .F. ) ;
#2041 = EDGE_CURVE ( 'NONE', #2876, #71, #54, .T. ) ;
#2042 = FACE_OUTER_BOUND ( 'NONE', #149, .T. ) ;
#2043 = ORIENTED_EDGE ( 'NONE', *, *, #2521, .T. ) ;
#2044 = CARTESIAN_POINT ( 'NONE',  ( 27.50000000014948398, -26.52002172985039508, -0.9989040119343036706 ) ) ;
#2045 = DIRECTION ( 'NONE',  ( -0.0000000000000000000, -0.0000000000000000000, 1.000000000000000000 ) ) ;
#2046 = ORIENTED_EDGE ( 'NONE', *, *, #2269, .T. ) ;
#2047 = CARTESIAN_POINT ( 'NONE',  ( 26.88300726095540938, 27.50000000000002842, -0.2034526100432292872 ) ) ;
#2048 = ORIENTED_EDGE ( 'NONE', *, *, #366, .F. ) ;
#2049 = DIRECTION ( 'NONE',  ( -1.000000000000000000, -1.261617073437677999E-16, 0.0000000000000000000 ) ) ;
#2050 = FACE_OUTER_BOUND ( 'NONE', #1157, .T. ) ;
#2051 = DIRECTION ( 'NONE',  ( 1.000000000000000000, 0.0000000000000000000, 0.0000000000000000000 ) ) ;
#2052 = AXIS2_PLACEMENT_3D ( 'NONE', #2151, #2436, #3278 ) ;
#2053 = DIRECTION ( 'NONE',  ( 1.000000000000000000, 0.0000000000000000000, 0.0000000000000000000 ) ) ;
#2054 = ORIENTED_EDGE ( 'NONE', *, *, #2744, .T. ) ;
#2055 = EDGE_CURVE ( 'NONE', #1342, #925, #568, .T. ) ;
#2056 = CARTESIAN_POINT ( 'NONE',  ( 27.15130684671268924, -27.49999999999997868, -0.05710624869078931298 ) ) ;
#2057 = CIRCLE ( 'NONE', #2712, 1.000000000000000888 ) ;
#2058 = DIRECTION ( 'NONE',  ( -1.000000000000000000, -1.280238727658159763E-16, 0.0000000000000000000 ) ) ;
#2059 = CIRCLE ( 'NONE', #134, 1.000000000000000888 ) ;
#2060 = EDGE_LOOP ( 'NONE', ( #2179, #2398 ) ) ;
#2061 = EDGE_CURVE ( 'NONE', #1956, #3332, #147, .T. ) ;
#2062 = EDGE_CURVE ( 'NONE', #1589, #211, #311, .T. ) ;
#2063 = DIRECTION ( 'NONE',  ( -1.000000000000000000, 0.0000000000000000000, 0.0000000000000000000 ) ) ;
#2064 = VECTOR ( 'NONE', #1605, 1000.000000000000000 ) ;
#2065 = DIRECTION ( 'NONE',  ( 1.000000000000000000, 0.0000000000000000000, 0.0000000000000000000 ) ) ;
#2066 = CARTESIAN_POINT ( 'NONE',  ( 26.79945128479953809, 27.50000000000002487, -0.2828757850874375479 ) ) ;
#2067 = CIRCLE ( 'NONE', #3611, 1.000000000000000888 ) ;
#2068 = ORIENTED_EDGE ( 'NONE', *, *, #1285, .T. ) ;
#2069 = ADVANCED_FACE ( 'NONE', ( #1698 ), #602, .F. ) ;
#2070 = FACE_OUTER_BOUND ( 'NONE', #1282, .T. ) ;
#2071 = CARTESIAN_POINT ( 'NONE',  ( -19.05000000000000071, -44.45000000000000284, -4.500000000000000000 ) ) ;
#2072 = DIRECTION ( 'NONE',  ( 1.000000000000000000, 0.0000000000000000000, 0.0000000000000000000 ) ) ;
#2073 = CARTESIAN_POINT ( 'NONE',  ( -15.74999999999997158, 15.75000000000000355, 2.000000000000000000 ) ) ;
#2074 = ORIENTED_EDGE ( 'NONE', *, *, #3442, .T. ) ;
#2075 = EDGE_LOOP ( 'NONE', ( #241, #1057, #1187, #3185 ) ) ;
#2076 = CARTESIAN_POINT ( 'NONE',  ( 27.49686316594302582, -27.50000000000018474, -0.9995417500508593234 ) ) ;
#2077 = VERTEX_POINT ( 'NONE', #3048 ) ;
#2078 = DIRECTION ( 'NONE',  ( -0.0000000000000000000, 0.0000000000000000000, 1.000000000000000000 ) ) ;
#2079 = VERTEX_POINT ( 'NONE', #7 ) ;
#2080 = CARTESIAN_POINT ( 'NONE',  ( 27.50000000014651746, -26.52013580016075167, 0.9988987079176613326 ) ) ;
#2081 = EDGE_CURVE ( 'NONE', #1257, #1636, #856, .T. ) ;
#2082 = EDGE_CURVE ( 'NONE', #1589, #1937, #1544, .T. ) ;
#2083 = CARTESIAN_POINT ( 'NONE',  ( 60.31000000000003070, -0.9999999999999931166, 1.224646799147354193E-16 ) ) ;
#2084 = CARTESIAN_POINT ( 'NONE',  ( 27.45642859185638684, 27.50000000000002132, -0.9526661937414742098 ) ) ;
#2085 = ORIENTED_EDGE ( 'NONE', *, *, #2997, .T. ) ;
#2086 = CARTESIAN_POINT ( 'NONE',  ( 27.50000000000002487, 25.46876924706666756, 0.5985507879119889019 ) ) ;
#2087 = DIRECTION ( 'NONE',  ( -1.000000000000000000, 0.0000000000000000000, 0.0000000000000000000 ) ) ;
#2088 = DIRECTION ( 'NONE',  ( 0.0000000000000000000, -0.0000000000000000000, 1.000000000000000000 ) ) ;
#2089 = DIRECTION ( 'NONE',  ( -0.0000000000000000000, -0.0000000000000000000, 1.000000000000000000 ) ) ;
#2090 = EDGE_LOOP ( 'NONE', ( #667, #169, #2379, #1900 ) ) ;
#2091 = ORIENTED_EDGE ( 'NONE', *, *, #580, .T. ) ;
#2092 = LINE ( 'NONE', #697, #3308 ) ;
#2093 = ORIENTED_EDGE ( 'NONE', *, *, #2796, .T. ) ;
#2094 = CARTESIAN_POINT ( 'NONE',  ( 27.28301263625361628, 27.50000000000002487, 0.003042622878133079307 ) ) ;
#2095 = CARTESIAN_POINT ( 'NONE',  ( -29.59999999999998366, -32.60000000000000853, 4.500000000000000000 ) ) ;
#2096 = ORIENTED_EDGE ( 'NONE', *, *, #1234, .T. ) ;
#2097 = CARTESIAN_POINT ( 'NONE',  ( 27.49999999789032756, -26.52874117214113170, 0.9985797540716310206 ) ) ;
#2098 = ORIENTED_EDGE ( 'NONE', *, *, #1011, .F. ) ;
#2099 = EDGE_CURVE ( 'NONE', #2079, #1222, #2067, .T. ) ;
#2100 = CARTESIAN_POINT ( 'NONE',  ( 29.59999999999997655, -32.60000000000000853, 1.999999999999999556 ) ) ;
#2101 = CARTESIAN_POINT ( 'NONE',  ( 27.43853021996790886, 27.50000000000012790, -0.9047465983868383521 ) ) ;
#2102 = DIRECTION ( 'NONE',  ( -0.0000000000000000000, -0.0000000000000000000, 1.000000000000000000 ) ) ;
#2103 = EDGE_CURVE ( 'NONE', #925, #3306, #2231, .T. ) ;
#2104 = CARTESIAN_POINT ( 'NONE',  ( -44.45000000000000284, 19.04999999999999716, -4.500000000000000000 ) ) ;
#2105 = DIRECTION ( 'NONE',  ( 1.280238727658160256E-16, -1.000000000000000000, 0.0000000000000000000 ) ) ;
#2106 = VERTEX_POINT ( 'NONE', #3357 ) ;
#2107 = EDGE_LOOP ( 'NONE', ( #2786, #1353, #1279, #764 ) ) ;
#2108 = CARTESIAN_POINT ( 'NONE',  ( 27.50000000000002487, 26.50000000000002487, 0.9996271050385675538 ) ) ;
#2109 = AXIS2_PLACEMENT_3D ( 'NONE', #2526, #3098, #2544 ) ;
#2110 = CARTESIAN_POINT ( 'NONE',  ( 27.49999835449749241, -27.11044907419160310, -0.7785892043921299743 ) ) ;
#2111 = VERTEX_POINT ( 'NONE', #3620 ) ;
#2112 = CARTESIAN_POINT ( 'NONE',  ( 27.50000001183406440, 26.66503750456530497, 0.9815949020329148844 ) ) ;
#2113 = AXIS2_PLACEMENT_3D ( 'NONE', #1731, #2291, #374 ) ;
#2114 = CYLINDRICAL_SURFACE ( 'NONE', #2361, 3.174999999999997158 ) ;
#2115 = ORIENTED_EDGE ( 'NONE', *, *, #2857, .F. ) ;
#2116 = ORIENTED_EDGE ( 'NONE', *, *, #767, .F. ) ;
#2117 = ADVANCED_FACE ( 'NONE', ( #332 ), #3062, .F. ) ;
#2118 = DIRECTION ( 'NONE',  ( 0.0000000000000000000, 0.0000000000000000000, 1.000000000000000000 ) ) ;
#2119 = VECTOR ( 'NONE', #3054, 1000.000000000000000 ) ;
#2120 = EDGE_LOOP ( 'NONE', ( #36, #2919 ) ) ;
#2121 = AXIS2_PLACEMENT_3D ( 'NONE', #426, #156, #752 ) ;
#2122 = AXIS2_PLACEMENT_3D ( 'NONE', #104, #3164, #3473 ) ;
#2123 = VECTOR ( 'NONE', #3411, 1000.000000000000000 ) ;
#2124 = CARTESIAN_POINT ( 'NONE',  ( -44.45000000000000284, -19.04999999999999716, -4.500000000000000000 ) ) ;
#2125 = DIRECTION ( 'NONE',  ( -0.0000000000000000000, -0.0000000000000000000, -1.000000000000000000 ) ) ;
#2126 = AXIS2_PLACEMENT_3D ( 'NONE', #1509, #2625, #120 ) ;
#2127 = DIRECTION ( 'NONE',  ( -1.000000000000000000, 0.0000000000000000000, 0.0000000000000000000 ) ) ;
#2128 = VECTOR ( 'NONE', #284, 1000.000000000000000 ) ;
#2129 = APPROVAL_DATE_TIME ( #1311, #3291 ) ;
#2130 = DIRECTION ( 'NONE',  ( 1.000000000000000000, 0.0000000000000000000, 0.0000000000000000000 ) ) ;
#2131 = ADVANCED_FACE ( 'NONE', ( #575 ), #1684, .F. ) ;
#2132 = EDGE_CURVE ( 'NONE', #1284, #2862, #588, .T. ) ;
#2133 = CARTESIAN_POINT ( 'NONE',  ( -54.20100000000002893, -6.939021927779998036E-15, 0.0000000000000000000 ) ) ;
#2134 = EDGE_LOOP ( 'NONE', ( #522, #1166, #3305, #1201 ) ) ;
#2135 = ORIENTED_EDGE ( 'NONE', *, *, #3562, .F. ) ;
#2136 = CARTESIAN_POINT ( 'NONE',  ( 27.50000000000002487, 27.47640892215336095, 1.008788647599787371E-15 ) ) ;
#2137 = CARTESIAN_POINT ( 'NONE',  ( -22.49999999999997513, -27.49999999999997868, 1.999999999999999556 ) ) ;
#2138 = CARTESIAN_POINT ( 'NONE',  ( 32.59999999999999432, -29.59999999999999076, -1.999999999999999556 ) ) ;
#2139 = CARTESIAN_POINT ( 'NONE',  ( 27.50000000000002487, 16.75000000000001066, 2.000000000000000000 ) ) ;
#2140 = ORIENTED_EDGE ( 'NONE', *, *, #1982, .T. ) ;
#2141 = EDGE_LOOP ( 'NONE', ( #352, #1316 ) ) ;
#2142 = CARTESIAN_POINT ( 'NONE',  ( 27.49999986052749534, -26.87956361462240906, 0.9148797289931573928 ) ) ;
#2143 = VERTEX_POINT ( 'NONE', #1717 ) ;
#2144 = CARTESIAN_POINT ( 'NONE',  ( 19.05000000000000071, 44.45000000000000284, -4.500000000000000000 ) ) ;
#2145 = CARTESIAN_POINT ( 'NONE',  ( 27.50000000000002487, 26.50316931289147249, -0.9995408591894241468 ) ) ;
#2146 = DIRECTION ( 'NONE',  ( -0.0000000000000000000, -0.0000000000000000000, 1.000000000000000000 ) ) ;
#2147 = CARTESIAN_POINT ( 'NONE',  ( 27.25053685984195795, -27.49999999999998224, -0.01998985632243081845 ) ) ;
#2148 = CARTESIAN_POINT ( 'NONE',  ( -32.60000000000000142, -29.59999999999999076, -1.999999999999999556 ) ) ;
#2149 = ORIENTED_EDGE ( 'NONE', *, *, #595, .F. ) ;
#2150 = FACE_OUTER_BOUND ( 'NONE', #9, .T. ) ;
#2151 = CARTESIAN_POINT ( 'NONE',  ( 29.59999999999999787, 29.59999999999999787, -1.999999999999999556 ) ) ;
#2152 = ADVANCED_FACE ( 'NONE', ( #1447 ), #665, .F. ) ;
#2153 = DIRECTION ( 'NONE',  ( 0.0000000000000000000, 0.0000000000000000000, 1.000000000000000000 ) ) ;
#2154 = EDGE_CURVE ( 'NONE', #2111, #2435, #906, .T. ) ;
#2155 = CARTESIAN_POINT ( 'NONE',  ( 0.0000000000000000000, 0.0000000000000000000, -2.000000000000000000 ) ) ;
#2156 = DIRECTION ( 'NONE',  ( 1.000000000000000000, 0.0000000000000000000, 0.0000000000000000000 ) ) ;
#2157 = ORIENTED_EDGE ( 'NONE', *, *, #2830, .F. ) ;
#2158 = EDGE_LOOP ( 'NONE', ( #229, #1558, #1240, #2068, #2835, #1576 ) ) ;
#2159 = CARTESIAN_POINT ( 'NONE',  ( 27.02769704366848202, -27.49999999999997868, 0.1151208566453763987 ) ) ;
#2160 = ORIENTED_EDGE ( 'NONE', *, *, #2352, .F. ) ;
#2161 = ORIENTED_EDGE ( 'NONE', *, *, #998, .T. ) ;
#2162 = DIRECTION ( 'NONE',  ( -1.000000000000000000, 0.0000000000000000000, 0.0000000000000000000 ) ) ;
#2163 = CARTESIAN_POINT ( 'NONE',  ( 27.49994368038965220, 27.47119145288403885, -0.1039358478914261391 ) ) ;
#2164 = DIRECTION ( 'NONE',  ( 0.0000000000000000000, 1.000000000000000000, -0.0000000000000000000 ) ) ;
#2165 = APPROVAL_STATUS ( 'not_yet_approved' ) ;
#2166 = CARTESIAN_POINT ( 'NONE',  ( 27.02119039882279239, -27.49999999999998224, -0.1174042844613086972 ) ) ;
#2167 = DIRECTION ( 'NONE',  ( 1.280238727658160256E-16, -1.000000000000000000, 0.0000000000000000000 ) ) ;
#2168 = ORIENTED_EDGE ( 'NONE', *, *, #986, .F. ) ;
#2169 = LINE ( 'NONE', #1294, #1188 ) ;
#2170 = CARTESIAN_POINT ( 'NONE',  ( 27.50000000000002487, -12.74999999999997868, -2.000000000000000000 ) ) ;
#2171 = DIRECTION ( 'NONE',  ( 0.0000000000000000000, -0.0000000000000000000, -1.000000000000000000 ) ) ;
#2172 = LINE ( 'NONE', #2138, #1148 ) ;
#2173 = FACE_BOUND ( 'NONE', #2867, .T. ) ;
#2174 = EDGE_CURVE ( 'NONE', #994, #1505, #2641, .T. ) ;
#2175 = ORIENTED_EDGE ( 'NONE', *, *, #2249, .T. ) ;
#2176 = VERTEX_POINT ( 'NONE', #1461 ) ;
#2177 = VECTOR ( 'NONE', #1039, 1000.000000000000000 ) ;
#2178 = CARTESIAN_POINT ( 'NONE',  ( 27.49999956882111363, -27.08537024283041461, 0.7930310668541373786 ) ) ;
#2179 = ORIENTED_EDGE ( 'NONE', *, *, #3627, .F. ) ;
#2180 = CC_DESIGN_SECURITY_CLASSIFICATION ( #487, ( #3363 ) ) ;
#2181 = EDGE_CURVE ( 'NONE', #250, #717, #2573, .T. ) ;
#2182 = ORIENTED_EDGE ( 'NONE', *, *, #1043, .T. ) ;
#2183 = CARTESIAN_POINT ( 'NONE',  ( -15.74999999999997158, 16.68449894521847909, 2.000000000000000000 ) ) ;
#2184 = VECTOR ( 'NONE', #1492, 1000.000000000000000 ) ;
#2185 = CARTESIAN_POINT ( 'NONE',  ( 27.39506971938362767, 27.50000000000002842, -0.3175398314226026142 ) ) ;
#2186 = CIRCLE ( 'NONE', #1377, 3.175000000000000711 ) ;
#2187 = AXIS2_PLACEMENT_3D ( 'NONE', #3100, #786, #589 ) ;
#2188 = CARTESIAN_POINT ( 'NONE',  ( 29.59999999999999787, 29.59999999999999787, -1.999999999999999556 ) ) ;
#2189 = COORDINATED_UNIVERSAL_TIME_OFFSET ( 1, 0, .AHEAD. ) ;
#2190 = ORIENTED_EDGE ( 'NONE', *, *, #938, .T. ) ;
#2191 = CARTESIAN_POINT ( 'NONE',  ( 29.59999999999997655, 32.59999999999999432, 1.999999999999999556 ) ) ;
#2192 = AXIS2_PLACEMENT_3D ( 'NONE', #3393, #381, #1783 ) ;
#2193 = EDGE_CURVE ( 'NONE', #2313, #2267, #1223, .T. ) ;
#2194 = CARTESIAN_POINT ( 'NONE',  ( 26.50000000000002487, 26.50000000000002487, 0.9996271050385675538 ) ) ;
#2195 = ORIENTED_EDGE ( 'NONE', *, *, #2003, .T. ) ;
#2196 = CARTESIAN_POINT ( 'NONE',  ( 27.50000000000002487, 17.75000000000001066, -1.999999999999999112 ) ) ;
#2197 = DIRECTION ( 'NONE',  ( 1.000000000000000000, -0.0000000000000000000, -0.0000000000000000000 ) ) ;
#2198 = CARTESIAN_POINT ( 'NONE',  ( 60.31000000000003070, 7.721119766506371280E-15, 0.0000000000000000000 ) ) ;
#2199 = CARTESIAN_POINT ( 'NONE',  ( 27.46183768982713147, 27.50000000000002132, 0.9629779129028697149 ) ) ;
#2200 = AXIS2_PLACEMENT_3D ( 'NONE', #2039, #1508, #1797 ) ;
#2201 = DIRECTION ( 'NONE',  ( -0.0000000000000000000, 0.0000000000000000000, 1.000000000000000000 ) ) ;
#2202 = ORIENTED_EDGE ( 'NONE', *, *, #651, .F. ) ;
#2203 = CARTESIAN_POINT ( 'NONE',  ( 27.39443898856714910, -27.49999999999998224, 0.2479458014344246564 ) ) ;
#2204 = PLANE ( 'NONE',  #2307 ) ;
#2205 = EDGE_LOOP ( 'NONE', ( #816, #2757, #910, #3603 ) ) ;
#2206 = DIRECTION ( 'NONE',  ( 1.000000000000000000, 0.0000000000000000000, 0.0000000000000000000 ) ) ;
#2207 = EDGE_CURVE ( 'NONE', #2106, #1956, #2027, .T. ) ;
#2208 = CARTESIAN_POINT ( 'NONE',  ( 27.39873438109218640, 27.50000000000002842, -0.5326507347364952683 ) ) ;
#2209 = EDGE_CURVE ( 'NONE', #3424, #1979, #3613, .T. ) ;
#2210 = CARTESIAN_POINT ( 'NONE',  ( 26.56764133573682329, -16.68678924310077960, -2.000000000000000000 ) ) ;
#2211 = ORIENTED_EDGE ( 'NONE', *, *, #930, .F. ) ;
#2212 = CARTESIAN_POINT ( 'NONE',  ( 15.75000000000002132, 1.000000000000013989, 2.000000000000000000 ) ) ;
#2213 = VERTEX_POINT ( 'NONE', #885 ) ;
#2214 = CARTESIAN_POINT ( 'NONE',  ( -41.27500000000000568, 19.04999999999999716, -4.500000000000000000 ) ) ;
#2215 = CARTESIAN_POINT ( 'NONE',  ( -48.20000000000000284, 49.20000000000000995, -4.500000000000000000 ) ) ;
#2216 = LINE ( 'NONE', #870, #3317 ) ;
#2217 = CARTESIAN_POINT ( 'NONE',  ( 69.20000000000003126, 29.98090081228328785, 1.008788647599787371E-15 ) ) ;
#2218 = ORIENTED_EDGE ( 'NONE', *, *, #3258, .F. ) ;
#2219 = CARTESIAN_POINT ( 'NONE',  ( 27.41646078460432889, -27.49999999999997868, 0.7909339057946979112 ) ) ;
#2220 = DIRECTION ( 'NONE',  ( -1.133806193448893442E-16, 1.000000000000000000, 0.0000000000000000000 ) ) ;
#2221 = ORIENTED_EDGE ( 'NONE', *, *, #270, .T. ) ;
#2222 = DIRECTION ( 'NONE',  ( 1.000000000000000000, -0.0000000000000000000, -0.0000000000000000000 ) ) ;
#2223 = CARTESIAN_POINT ( 'NONE',  ( 27.24467548603023559, 27.50000000000002487, -0.02220476690165893233 ) ) ;
#2224 = EDGE_CURVE ( 'NONE', #1755, #126, #2659, .T. ) ;
#2225 = CARTESIAN_POINT ( 'NONE',  ( 26.50000000000002487, 27.50000000000002487, -1.999999999999999112 ) ) ;
#2226 = DIRECTION ( 'NONE',  ( 1.000000000000000000, 0.0000000000000000000, 8.673617379884027583E-16 ) ) ;
#2227 = ORIENTED_EDGE ( 'NONE', *, *, #3458, .F. ) ;
#2228 = CARTESIAN_POINT ( 'NONE',  ( -54.20100000000002893, -1.000000000000007772, 1.224646799147354193E-16 ) ) ;
#2229 = LINE ( 'NONE', #310, #257 ) ;
#2230 =( BOUNDED_SURFACE ( )  B_SPLINE_SURFACE ( 3, 2, ( 
 ( #2658, #1792, #3508 ),
 ( #751, #3525, #2145 ),
 ( #2426, #970, #155 ),
 ( #2954, #2912, #2383 ),
 ( #404, #3468, #733 ),
 ( #2635, #1541, #1008 ),
 ( #2066, #2084, #2975 ),
 ( #3254, #3546, #1850 ),
 ( #987, #2101, #465 ),
 ( #171, #215, #2364 ),
 ( #3271, #1869, #3196 ),
 ( #2340, #675, #3228 ),
 ( #1249, #446, #1560 ),
 ( #1288, #1578, #1619 ),
 ( #2800, #2506, #2759 ),
 ( #1678, #583, #3350 ),
 ( #254, #2740, #3628 ),
 ( #292, #2208, #1406 ),
 ( #3077, #3290, #235 ),
 ( #3316, #3334, #2488 ),
 ( #2223, #2520, #1097 ),
 ( #771, #1892, #1369 ),
 ( #546, #3610, #3094 ),
 ( #3037, #2185, #3018 ),
 ( #1638, #796, #1913 ),
 ( #1692, #508, #2446 ),
 ( #528, #2814, #813 ),
 ( #1931, #3055, #1654 ),
 ( #2779, #276, #1970 ),
 ( #1392, #1348, #1112 ),
 ( #829, #1949, #2465 ),
 ( #15, #3584, #567 ),
 ( #1128, #1072, #2239 ),
 ( #3368, #3565, #851 ),
 ( #1330, #1051, #2163 ),
 ( #31, #49, #916 ),
 ( #2582, #2922, #2309 ),
 ( #340, #1441, #354 ),
 ( #630, #1820, #322 ),
 ( #644, #1757, #1419 ),
 ( #2094, #3222, #3146 ),
 ( #2535, #1163, #1147 ),
 ( #2259, #3386, #415 ),
 ( #1531, #1707, #3108 ),
 ( #2649, #699, #3438 ),
 ( #2850, #596, #1469 ),
 ( #146, #1178, #1262 ),
 ( #2034, #865, #2829 ),
 ( #2275, #2287, #1456 ),
 ( #1198, #2375, #63 ),
 ( #304, #3401, #1744 ),
 ( #877, #1999, #3124 ),
 ( #3417, #2567, #3159 ),
 ( #612, #3500, #1986 ),
 ( #898, #2554, #1729 ),
 ( #2019, #980, #2864 ),
 ( #79, #1358, #3596 ),
 ( #164, #1320, #1843 ),
 ( #3005, #2750, #2112 ),
 ( #457, #744, #1085 ),
 ( #3518, #1860, #806 ),
 ( #1630, #244, #2438 ),
 ( #1554, #2199, #519 ),
 ( #226, #2474, #1340 ),
 ( #2943, #2455, #2967 ),
 ( #3280, #3327, #1610 ),
 ( #3029, #204, #496 ),
 ( #438, #3244, #785 ) ),
 .UNSPECIFIED., .F., .F., .F. ) 
 B_SPLINE_SURFACE_WITH_KNOTS ( ( 4, 2, 2, 2, 2, 2, 2, 2, 2, 2, 2, 2, 2, 2, 2, 2, 2, 2, 2, 2, 2, 2, 2, 2, 2, 2, 2, 2, 2, 2, 2, 2, 2, 4 ),
 ( 3, 3 ),
 ( 0.001563740470212149477, 0.001903449059840738901, 0.002243157649469328541, 0.002413011944283623145, 0.002582866239097918182, 0.002667793386505065700, 0.002752720533912212785, 0.002795184107615786111, 0.002837647681319359870, 0.002858879468171146750, 0.002880111255022933629, 0.002890727148448827069, 0.002901343041874720509, 0.002906650988587667229, 0.002911958935300613949, 0.002914612908657087526, 0.002915939895335324314, 0.002917266882013560669, 0.002919920855370033812, 0.002921247842048270600, 0.002922574828726507389, 0.002927882775439454108, 0.002933190722152400828, 0.002943806615578294268, 0.002965038402430081148, 0.003007501976133654907, 0.003049965549837228666, 0.003092429123540801992, 0.003177356270947949077, 0.003262283418355096595, 0.003432137713169391632, 0.003601992007983686236, 0.003941700597612275876, 0.004281409187240865083 ),
 ( 0.0000000000000000000, 1.000000000000000000 ),
 .UNSPECIFIED. ) 
 GEOMETRIC_REPRESENTATION_ITEM ( )  RATIONAL_B_SPLINE_SURFACE ( (
 ( 1.000000000000000000, 0.7071067811865475727, 1.000000000000000000),
 ( 1.000000000000000000, 0.7082264543791590983, 1.000000000000000000),
 ( 1.000000000000000000, 0.7096208081848902616, 1.000000000000000000),
 ( 1.000000000000000000, 0.7141940412673501992, 1.000000000000000000),
 ( 1.000000000000000000, 0.7172206102647468162, 1.000000000000000000),
 ( 1.000000000000000000, 0.7260714551605225164, 1.000000000000000000),
 ( 1.000000000000000000, 0.7298185966982937423, 1.000000000000000000),
 ( 1.000000000000000000, 0.7406668931369605469, 1.000000000000000000),
 ( 1.000000000000000000, 0.7475868153127278593, 1.000000000000000000),
 ( 1.000000000000000000, 0.7645348185621024806, 1.000000000000000000),
 ( 1.000000000000000000, 0.7713096805170066572, 1.000000000000000000),
 ( 1.000000000000000000, 0.7890359511408623350, 1.000000000000000000),
 ( 1.000000000000000000, 0.7999193967207445244, 1.000000000000000000),
 ( 1.000000000000000000, 0.8221648263652310273, 1.000000000000000000),
 ( 1.000000000000000000, 0.8305907019835943039, 1.000000000000000000),
 ( 1.000000000000000000, 0.8504873614509119717, 1.000000000000000000),
 ( 1.000000000000000000, 0.8619288794896448058, 1.000000000000000000),
 ( 1.000000000000000000, 0.8827908207275189101, 1.000000000000000000),
 ( 1.000000000000000000, 0.8903689021860411446, 1.000000000000000000),
 ( 1.000000000000000000, 0.9072297650147082004, 1.000000000000000000),
 ( 1.000000000000000000, 0.9165034545072854311, 1.000000000000000000),
 ( 1.000000000000000000, 0.9322761306882093590, 1.000000000000000000),
 ( 1.000000000000000000, 0.9378472540811223501, 1.000000000000000000),
 ( 1.000000000000000000, 0.9497682780646211631, 1.000000000000000000),
 ( 1.000000000000000000, 0.9561163803655362559, 1.000000000000000000),
 ( 1.000000000000000000, 0.9662915445215812804, 1.000000000000000000),
 ( 1.000000000000000000, 0.9697981083356361776, 1.000000000000000000),
 ( 1.000000000000000000, 0.9769688220841781234, 1.000000000000000000),
 ( 1.000000000000000000, 0.9806378184232869000, 1.000000000000000000),
 ( 1.000000000000000000, 0.9859308259851745637, 1.000000000000000000),
 ( 1.000000000000000000, 0.9877858653458301275, 1.000000000000000000),
 ( 1.000000000000000000, 0.9900151237188976605, 1.000000000000000000),
 ( 1.000000000000000000, 0.9908975784925982966, 1.000000000000000000),
 ( 1.000000000000000000, 0.9920805699554883228, 1.000000000000000000),
 ( 1.000000000000000000, 0.9928348642965532100, 1.000000000000000000),
 ( 1.000000000000000000, 0.9939214636299604777, 1.000000000000000000),
 ( 1.000000000000000000, 0.9942071932977849524, 1.000000000000000000),
 ( 1.000000000000000000, 0.9935517278567986832, 1.000000000000000000),
 ( 1.000000000000000000, 0.9929490512516907508, 1.000000000000000000),
 ( 1.000000000000000000, 0.9919910662761544096, 1.000000000000000000),
 ( 1.000000000000000000, 0.9911556508993921710, 1.000000000000000000),
 ( 1.000000000000000000, 0.9877930884682678547, 1.000000000000000000),
 ( 1.000000000000000000, 0.9837903173302740001, 1.000000000000000000),
 ( 1.000000000000000000, 0.9766004079209287259, 1.000000000000000000),
 ( 1.000000000000000000, 0.9730064136954427179, 1.000000000000000000),
 ( 1.000000000000000000, 0.9625185838633513180, 1.000000000000000000),
 ( 1.000000000000000000, 0.9558867131536626927, 1.000000000000000000),
 ( 1.000000000000000000, 0.9373256004722940737, 1.000000000000000000),
 ( 1.000000000000000000, 0.9265838705021592903, 1.000000000000000000),
 ( 1.000000000000000000, 0.8975531074870172210, 1.000000000000000000),
 ( 1.000000000000000000, 0.8823553366010649102, 1.000000000000000000),
 ( 1.000000000000000000, 0.8562466408670342810, 1.000000000000000000),
 ( 1.000000000000000000, 0.8454340623713793024, 1.000000000000000000),
 ( 1.000000000000000000, 0.8265854702430738277, 1.000000000000000000),
 ( 1.000000000000000000, 0.8185727269849295551, 1.000000000000000000),
 ( 1.000000000000000000, 0.7973769938792270029, 1.000000000000000000),
 ( 1.000000000000000000, 0.7869674149817932340, 1.000000000000000000),
 ( 1.000000000000000000, 0.7698723229347176344, 1.000000000000000000),
 ( 1.000000000000000000, 0.7632489106971032111, 1.000000000000000000),
 ( 1.000000000000000000, 0.7467750296073819571, 1.000000000000000000),
 ( 1.000000000000000000, 0.7400586002791871287, 1.000000000000000000),
 ( 1.000000000000000000, 0.7295231146855354343, 1.000000000000000000),
 ( 1.000000000000000000, 0.7258461611158697480, 1.000000000000000000),
 ( 1.000000000000000000, 0.7170911558739430092, 1.000000000000000000),
 ( 1.000000000000000000, 0.7141540972945367161, 1.000000000000000000),
 ( 1.000000000000000000, 0.7095890664012270976, 1.000000000000000000),
 ( 1.000000000000000000, 0.7082356679314364412, 1.000000000000000000),
 ( 1.000000000000000000, 0.7071067811865475727, 1.000000000000000000) ) ) 
 REPRESENTATION_ITEM ( '' )  SURFACE ( )  );
#2231 = LINE ( 'NONE', #2767, #505 ) ;
#2232 = DIRECTION ( 'NONE',  ( 1.000000000000000000, 0.0000000000000000000, 0.0000000000000000000 ) ) ;
#2233 = VERTEX_POINT ( 'NONE', #3182 ) ;
#2234 = CARTESIAN_POINT ( 'NONE',  ( 27.50006518167769798, -27.47218394249746609, -0.09354081161264631017 ) ) ;
#2235 = CARTESIAN_POINT ( 'NONE',  ( -19.05000000000000071, -44.45000000000000284, -4.500000000000000000 ) ) ;
#2236 = EDGE_CURVE ( 'NONE', #2366, #1742, #2008, .T. ) ;
#2237 = ORIENTED_EDGE ( 'NONE', *, *, #2507, .T. ) ;
#2238 = CARTESIAN_POINT ( 'NONE',  ( 60.31000000000003070, 28.33927229735236608, 1.131253327514522716E-15 ) ) ;
#2239 = CARTESIAN_POINT ( 'NONE',  ( 27.49993309577947898, 27.46346042948381339, -0.1612580746341706339 ) ) ;
#2240 = VECTOR ( 'NONE', #2278, 1000.000000000000000 ) ;
#2241 = VECTOR ( 'NONE', #1890, 1000.000000000000000 ) ;
#2242 = CIRCLE ( 'NONE', #3076, 2.999999999999999112 ) ;
#2243 = CARTESIAN_POINT ( 'NONE',  ( 29.59999999999997655, 32.59999999999999432, -1.999999999999999556 ) ) ;
#2244 = ORIENTED_EDGE ( 'NONE', *, *, #3109, .F. ) ;
#2245 = CARTESIAN_POINT ( 'NONE',  ( 27.50000000000002487, 3.520656501059945993E-15, 0.0000000000000000000 ) ) ;
#2246 = CIRCLE ( 'NONE', #660, 1.000000000000000888 ) ;
#2247 = CARTESIAN_POINT ( 'NONE',  ( 41.27500000000000568, 19.04999999999999716, 4.500000000000000000 ) ) ;
#2248 = DIRECTION ( 'NONE',  ( -0.0000000000000000000, 0.0000000000000000000, -1.000000000000000000 ) ) ;
#2249 = EDGE_CURVE ( 'NONE', #3073, #880, #2020, .T. ) ;
#2250 = ADVANCED_FACE ( 'NONE', ( #622 ), #69, .F. ) ;
#2251 = DIRECTION ( 'NONE',  ( -0.0000000000000000000, 0.0000000000000000000, -1.000000000000000000 ) ) ;
#2252 = VECTOR ( 'NONE', #3495, 1000.000000000000000 ) ;
#2253 = ORIENTED_EDGE ( 'NONE', *, *, #2099, .F. ) ;
#2254 = CARTESIAN_POINT ( 'NONE',  ( 27.28291223762881046, -27.49999999999997868, 0.003260839331593758279 ) ) ;
#2255 = VECTOR ( 'NONE', #2677, 1000.000000000000000 ) ;
#2256 = CARTESIAN_POINT ( 'NONE',  ( 26.50000000000002487, 26.50000000000002487, 4.500000000000000000 ) ) ;
#2257 = ORIENTED_EDGE ( 'NONE', *, *, #447, .T. ) ;
#2258 = CARTESIAN_POINT ( 'NONE',  ( -15.87500000000000000, 44.45000000000000284, 4.500000000000000000 ) ) ;
#2259 = CARTESIAN_POINT ( 'NONE',  ( 27.28023094331012643, 27.50000000000002487, 0.005976923684098762318 ) ) ;
#2260 = CC_DESIGN_PERSON_AND_ORGANIZATION_ASSIGNMENT ( #1623, #990, ( #487 ) ) ;
#2261 = CARTESIAN_POINT ( 'NONE',  ( 26.79189504164392588, 27.50000000000002132, 0.2836284306708079517 ) ) ;
#2262 = VERTEX_POINT ( 'NONE', #648 ) ;
#2263 = DIRECTION ( 'NONE',  ( 1.000000000000000000, 0.0000000000000000000, 0.0000000000000000000 ) ) ;
#2264 = DIRECTION ( 'NONE',  ( 0.0000000000000000000, 0.0000000000000000000, -1.000000000000000000 ) ) ;
#2265 = DIRECTION ( 'NONE',  ( -1.000000000000000000, 0.0000000000000000000, 0.0000000000000000000 ) ) ;
#2266 = FACE_OUTER_BOUND ( 'NONE', #1996, .T. ) ;
#2267 = VERTEX_POINT ( 'NONE', #2885 ) ;
#2268 = ADVANCED_FACE ( 'NONE', ( #1494 ), #2297, .F. ) ;
#2269 = EDGE_CURVE ( 'NONE', #2366, #3032, #3445, .T. ) ;
#2270 = CARTESIAN_POINT ( 'NONE',  ( 27.49988926333153572, -27.45095479548442086, 0.2262644326370534253 ) ) ;
#2271 = DIRECTION ( 'NONE',  ( 1.000000000000000000, 0.0000000000000000000, 0.0000000000000000000 ) ) ;
#2272 = ORIENTED_EDGE ( 'NONE', *, *, #350, .F. ) ;
#2273 = ADVANCED_FACE ( 'NONE', ( #105 ), #3428, .F. ) ;
#2274 = CARTESIAN_POINT ( 'NONE',  ( -3.469446951953617344E-15, 27.50000000000002132, 4.500000000000000000 ) ) ;
#2275 = CARTESIAN_POINT ( 'NONE',  ( 27.25133983240414182, 27.50000000000002487, 0.01968493935541132736 ) ) ;
#2276 = CARTESIAN_POINT ( 'NONE',  ( 26.50000000000002487, 27.50000000000002487, 0.9996271050385675538 ) ) ;
#2277 = ORIENTED_EDGE ( 'NONE', *, *, #1708, .T. ) ;
#2278 = DIRECTION ( 'NONE',  ( -0.0000000000000000000, -0.0000000000000000000, -1.000000000000000000 ) ) ;
#2279 = CARTESIAN_POINT ( 'NONE',  ( 26.56764133573682329, 12.81321075689921507, 2.000000000000000000 ) ) ;
#2280 = CARTESIAN_POINT ( 'NONE',  ( 27.50000000000002487, 11.81550105478153867, 4.500000000000000000 ) ) ;
#2281 = DIRECTION ( 'NONE',  ( -1.280238727658160256E-16, 1.000000000000000000, 0.0000000000000000000 ) ) ;
#2282 = ORIENTED_EDGE ( 'NONE', *, *, #3575, .F. ) ;
#2283 = CARTESIAN_POINT ( 'NONE',  ( 27.27730533807817537, -27.49999999999997868, -0.008009983842447674154 ) ) ;
#2284 = CARTESIAN_POINT ( 'NONE',  ( 27.50000000000002487, 0.0000000000000000000, 4.500000000000000000 ) ) ;
#2285 = EDGE_LOOP ( 'NONE', ( #976, #1038, #3217, #3520 ) ) ;
#2286 = CARTESIAN_POINT ( 'NONE',  ( 27.50000000000002487, 11.81550105478153867, 1.999999999999999556 ) ) ;
#2287 = CARTESIAN_POINT ( 'NONE',  ( 27.39602533797916095, 27.50000000000002842, 0.3998198255478260799 ) ) ;
#2288 = EDGE_CURVE ( 'NONE', #2077, #424, #1705, .T. ) ;
#2289 = EDGE_CURVE ( 'NONE', #722, #3625, #2996, .T. ) ;
#2290 = AXIS2_PLACEMENT_3D ( 'NONE', #39, #1975, #820 ) ;
#2291 = DIRECTION ( 'NONE',  ( -1.000000000000000000, 0.0000000000000000000, 0.0000000000000000000 ) ) ;
#2292 = CIRCLE ( 'NONE', #3465, 3.174999999999997158 ) ;
#2293 = ORIENTED_EDGE ( 'NONE', *, *, #1420, .T. ) ;
#2294 = VECTOR ( 'NONE', #1938, 1000.000000000000000 ) ;
#2295 = AXIS2_PLACEMENT_3D ( 'NONE', #1391, #2505, #3315 ) ;
#2296 = DIRECTION ( 'NONE',  ( -0.0000000000000000000, -0.0000000000000000000, 1.000000000000000000 ) ) ;
#2297 = CYLINDRICAL_SURFACE ( 'NONE', #3142, 3.175000000000000711 ) ;
#2298 = ADVANCED_FACE ( 'NONE', ( #1055, #513 ), #1290, .T. ) ;
#2299 = AXIS2_PLACEMENT_3D ( 'NONE', #2686, #3326, #2454 ) ;
#2300 = LINE ( 'NONE', #3116, #141 ) ;
#2301 = ORIENTED_EDGE ( 'NONE', *, *, #1226, .T. ) ;
#2302 = CIRCLE ( 'NONE', #714, 3.175000000000000711 ) ;
#2303 = CARTESIAN_POINT ( 'NONE',  ( 27.50000177554316849, -27.32736858835157534, -0.5259722302441043329 ) ) ;
#2304 = AXIS2_PLACEMENT_3D ( 'NONE', #2979, #1547, #3236 ) ;
#2305 = CARTESIAN_POINT ( 'NONE',  ( -32.60000000000000142, -29.59999999999999076, -1.999999999999999556 ) ) ;
#2306 = VERTEX_POINT ( 'NONE', #1015 ) ;
#2307 = AXIS2_PLACEMENT_3D ( 'NONE', #2551, #2220, #1981 ) ;
#2308 = FACE_BOUND ( 'NONE', #2575, .T. ) ;
#2309 = CARTESIAN_POINT ( 'NONE',  ( 27.50007442099710886, 27.47722744166136621, 0.008314663666098750724 ) ) ;
#2310 = EDGE_CURVE ( 'NONE', #904, #1592, #1073, .T. ) ;
#2311 = CARTESIAN_POINT ( 'NONE',  ( 27.07208628414031892, 27.50000000000002132, 0.09097382103741033510 ) ) ;
#2312 = EDGE_CURVE ( 'NONE', #1500, #2313, #2604, .T. ) ;
#2313 = VERTEX_POINT ( 'NONE', #2977 ) ;
#2314 = CARTESIAN_POINT ( 'NONE',  ( 27.50000000000002487, -17.68449894521845422, 1.999999999999999556 ) ) ;
#2315 = LINE ( 'NONE', #678, #1528 ) ;
#2316 = CARTESIAN_POINT ( 'NONE',  ( 19.05000000000000071, 44.45000000000000284, 4.500000000000000000 ) ) ;
#2317 = CARTESIAN_POINT ( 'NONE',  ( -53.19999999999999574, 0.0000000000000000000, -4.500000000000000000 ) ) ;
#2318 = VERTEX_POINT ( 'NONE', #429 ) ;
#2319 = EDGE_CURVE ( 'NONE', #1848, #232, #2725, .T. ) ;
#2320 = CARTESIAN_POINT ( 'NONE',  ( 27.45681005330269642, -27.50000000000007816, -0.9534402993707965512 ) ) ;
#2321 =( BOUNDED_CURVE ( )  B_SPLINE_CURVE ( 3, ( #1462, #623, #2842, #2574 ),
 .UNSPECIFIED., .F., .T. ) 
 B_SPLINE_CURVE_WITH_KNOTS ( ( 4, 4 ),
 ( 3.141592653589793116, 6.283185307179586232 ),
 .UNSPECIFIED. ) 
 CURVE ( )  GEOMETRIC_REPRESENTATION_ITEM ( )  RATIONAL_B_SPLINE_CURVE ( ( 1.000000000000000000, 0.3333333333333333703, 0.3333333333333333703, 1.000000000000000000 ) ) 
 REPRESENTATION_ITEM ( '' )  );
#2322 = FACE_OUTER_BOUND ( 'NONE', #698, .T. ) ;
#2323 = ORIENTED_EDGE ( 'NONE', *, *, #2181, .F. ) ;
#2324 = DIRECTION ( 'NONE',  ( 1.000000000000000000, 0.0000000000000000000, 0.0000000000000000000 ) ) ;
#2325 = DIRECTION ( 'NONE',  ( 1.280238727658160256E-16, -1.000000000000000000, 0.0000000000000000000 ) ) ;
#2326 = EDGE_CURVE ( 'NONE', #2645, #211, #1370, .T. ) ;
#2327 = ORIENTED_EDGE ( 'NONE', *, *, #2326, .T. ) ;
#2328 = DIRECTION ( 'NONE',  ( 1.000000000000000000, 0.0000000000000000000, 0.0000000000000000000 ) ) ;
#2329 = CARTESIAN_POINT ( 'NONE',  ( 69.20000000000003126, 29.98090081228328785, 1.008788647599787371E-15 ) ) ;
#2330 = CARTESIAN_POINT ( 'NONE',  ( 27.50000000000002487, -25.89938689446437436, 1.015971497120123468 ) ) ;
#2331 = DIRECTION ( 'NONE',  ( -0.0000000000000000000, 0.0000000000000000000, 1.000000000000000000 ) ) ;
#2332 = ORIENTED_EDGE ( 'NONE', *, *, #1647, .T. ) ;
#2333 = CARTESIAN_POINT ( 'NONE',  ( 27.40794397032996699, -27.49999999999998224, -0.7104955604643932165 ) ) ;
#2334 = B_SPLINE_CURVE_WITH_KNOTS ( 'NONE', 3,
 ( #3420, #306, #33, #645, #2047, #1758, #3110, #866, #341, #2035, #931, #1200, #3174, #614, #1987, #2866, #1421, #3161, #901, #2879, #2021, #1470, #2584, #3147, #100, #2311, #1644, #2537, #2261, #879, #1214, #3387, #1457, #2276 ),
 .UNSPECIFIED., .F., .F.,
 ( 4, 2, 2, 2, 2, 2, 2, 2, 2, 2, 2, 2, 2, 2, 2, 2, 4 ),
 ( 0.0000000000000000000, 0.0006880926095158448712, 0.001032138914273770776, 0.001204162066652733620, 0.001290173642842210163, 0.001333179430936948543, 0.001354682324984312963, 0.001365433772007999726, 0.001376185219031686490, 0.001397688113079066955, 0.001419191007126447638, 0.001462196795221208569, 0.001548208371410730649, 0.001720231523789765701, 0.002064277828547835154, 0.002408324133305904391, 0.002752370438063973627 ),
 .UNSPECIFIED. ) ;
#2335 = LINE ( 'NONE', #1173, #2781 ) ;
#2336 = VERTEX_POINT ( 'NONE', #2405 ) ;
#2337 = CARTESIAN_POINT ( 'NONE',  ( 27.50000000000002487, -12.74999999999997868, 2.000000000000000000 ) ) ;
#2338 =( BOUNDED_SURFACE ( )  B_SPLINE_SURFACE ( 3, 2, ( 
 ( #729, #3172, #1501 ),
 ( #2397, #1775, #3464 ),
 ( #2894, #2360, #111 ),
 ( #1228, #3487, #2080 ),
 ( #151, #983, #2097 ),
 ( #702, #1824, #2948 ),
 ( #3286, #3601, #3010 ),
 ( #3069, #3542, #3560 ),
 ( #1672, #2481, #2772 ),
 ( #561, #231, #1326 ),
 ( #2159, #524, #186 ),
 ( #249, #2219, #3346 ),
 ( #1650, #271, #1385 ),
 ( #501, #2421, #1047 ),
 ( #1067, #1302, #2142 ),
 ( #1028, #2501, #1591 ),
 ( #1344, #542, #3268 ),
 ( #748, #2736, #478 ),
 ( #1866, #3623, #2178 ),
 ( #2461, #1089, #1615 ),
 ( #765, #1883, #3307 ),
 ( #1108, #3580, #2989 ),
 ( #790, #2711, #209 ),
 ( #1909, #824, #3033 ),
 ( #1363, #1634, #2754 ),
 ( #1943, #2203, #2442 ),
 ( #3330, #809, #1927 ),
 ( #3051, #1159, #3432 ),
 ( #300, #1723, #3409 ),
 ( #287, #3102, #1980 ),
 ( #1702, #2030, #2270 ),
 ( #591, #3395, #2845 ),
 ( #2254, #2824, #315 ),
 ( #1435, #605, #45 ),
 ( #3362, #2549, #873 ),
 ( #1189, #3155, #1401 ),
 ( #1124, #1994, #3141 ),
 ( #2516, #10, #912 ),
 ( #3118, #2810, #2234 ),
 ( #336, #1740, #1452 ),
 ( #845, #2860, #640 ),
 ( #1965, #2563, #625 ),
 ( #1172, #2794, #58 ),
 ( #2283, #3090, #349 ),
 ( #1465, #891, #2014 ),
 ( #1415, #2530, #1141 ),
 ( #2576, #72, #2303 ),
 ( #26, #578, #1687 ),
 ( #3381, #861, #108 ),
 ( #683, #398, #2110 ),
 ( #123, #3168, #384 ),
 ( #413, #2647, #436 ),
 ( #1498, #94, #1239 ),
 ( #2056, #2613, #1801 ),
 ( #2890, #2333, #2941 ),
 ( #3242, #668, #996 ),
 ( #2597, #1224, #652 ),
 ( #1512, #2392, #162 ),
 ( #2667, #1208, #2353 ),
 ( #1278, #2920, #1551 ),
 ( #3219, #3461, #3187 ),
 ( #3516, #2320, #363 ),
 ( #1529, #1753, #2874 ),
 ( #1479, #3480, #3448 ),
 ( #926, #143, #2044 ),
 ( #961, #1768, #1260 ),
 ( #939, #2076, #1785 ),
 ( #2905, #1818, #2628 ) ),
 .UNSPECIFIED., .F., .F., .F. ) 
 B_SPLINE_SURFACE_WITH_KNOTS ( ( 4, 2, 2, 2, 2, 2, 2, 2, 2, 2, 2, 2, 2, 2, 2, 2, 2, 2, 2, 2, 2, 2, 2, 2, 2, 2, 2, 2, 2, 2, 2, 2, 2, 4 ),
 ( 3, 3 ),
 ( 0.001563740470221787384, 0.001903449059829113435, 0.002243157649436439485, 0.002413011944240102402, 0.002582866239043765753, 0.002667793386445597645, 0.002752720533847429103, 0.002795184107548344832, 0.002837647681249260562, 0.002858879468099718643, 0.002880111254950176291, 0.002890727148375404898, 0.002901343041800633939, 0.002906650988513248459, 0.002911958935225862979, 0.002914612908582170023, 0.002915939895260323544, 0.002917266881938477500, 0.002919920855294784977, 0.002921247841972938498, 0.002922574828651092020, 0.002927882775363706541, 0.002933190722076321061, 0.002943806615501550102, 0.002965038402352007749, 0.003007501976052923479, 0.003049965549753839208, 0.003092429123454754937, 0.003177356270856586395, 0.003262283418258417854, 0.003432137713062080771, 0.003601992007865744121, 0.003941700597473070389, 0.004281409187080396223 ),
 ( 0.0000000000000000000, 1.000000000000000000 ),
 .UNSPECIFIED. ) 
 GEOMETRIC_REPRESENTATION_ITEM ( )  RATIONAL_B_SPLINE_SURFACE ( (
 ( 1.000000000000000000, 0.7071067811865475727, 1.000000000000000000),
 ( 1.000000000000000000, 0.7082264543790227629, 1.000000000000000000),
 ( 1.000000000000000000, 0.7096208081847991123, 1.000000000000000000),
 ( 1.000000000000000000, 0.7141940412665667148, 1.000000000000000000),
 ( 1.000000000000000000, 0.7172206102637932457, 1.000000000000000000),
 ( 1.000000000000000000, 0.7260714551576353815, 1.000000000000000000),
 ( 1.000000000000000000, 0.7298185966946317826, 1.000000000000000000),
 ( 1.000000000000000000, 0.7406668931303528325, 1.000000000000000000),
 ( 1.000000000000000000, 0.7475868153042399822, 1.000000000000000000),
 ( 1.000000000000000000, 0.7645348185471313451, 1.000000000000000000),
 ( 1.000000000000000000, 0.7713096804997686684, 1.000000000000000000),
 ( 1.000000000000000000, 0.7890359511146919358, 1.000000000000000000),
 ( 1.000000000000000000, 0.7999193966870805639, 1.000000000000000000),
 ( 1.000000000000000000, 0.8221648263237313348, 1.000000000000000000),
 ( 1.000000000000000000, 0.8305907019347020803, 1.000000000000000000),
 ( 1.000000000000000000, 0.8504873613901058338, 1.000000000000000000),
 ( 1.000000000000000000, 0.8619288793513000257, 1.000000000000000000),
 ( 1.000000000000000000, 0.8827908206805233915, 1.000000000000000000),
 ( 1.000000000000000000, 0.8903689020964228318, 1.000000000000000000),
 ( 1.000000000000000000, 0.9072297649108698181, 1.000000000000000000),
 ( 1.000000000000000000, 0.9165034544494580215, 1.000000000000000000),
 ( 1.000000000000000000, 0.9322761305332403214, 1.000000000000000000),
 ( 1.000000000000000000, 0.9378472538663592539, 1.000000000000000000),
 ( 1.000000000000000000, 0.9497682778418407024, 1.000000000000000000),
 ( 1.000000000000000000, 0.9561163803058224664, 1.000000000000000000),
 ( 1.000000000000000000, 0.9662915442887523021, 1.000000000000000000),
 ( 1.000000000000000000, 0.9697981081214294141, 1.000000000000000000),
 ( 1.000000000000000000, 0.9769688219103495053, 1.000000000000000000),
 ( 1.000000000000000000, 0.9806378182410351307, 1.000000000000000000),
 ( 1.000000000000000000, 0.9859308258342246445, 1.000000000000000000),
 ( 1.000000000000000000, 0.9877858651815734081, 1.000000000000000000),
 ( 1.000000000000000000, 0.9900151235741152522, 1.000000000000000000),
 ( 1.000000000000000000, 0.9908975783518912950, 1.000000000000000000),
 ( 1.000000000000000000, 0.9920805698371991665, 1.000000000000000000),
 ( 1.000000000000000000, 0.9928348641942865704, 1.000000000000000000),
 ( 1.000000000000000000, 0.9939214635802682274, 1.000000000000000000),
 ( 1.000000000000000000, 0.9942071933163363351, 1.000000000000000000),
 ( 1.000000000000000000, 0.9935517279277553682, 1.000000000000000000),
 ( 1.000000000000000000, 0.9929490513425119902, 1.000000000000000000),
 ( 1.000000000000000000, 0.9919910663957124397, 1.000000000000000000),
 ( 1.000000000000000000, 0.9911556510297903078, 1.000000000000000000),
 ( 1.000000000000000000, 0.9877930886431190993, 1.000000000000000000),
 ( 1.000000000000000000, 0.9837903175169379066, 1.000000000000000000),
 ( 1.000000000000000000, 0.9766004081240832191, 1.000000000000000000),
 ( 1.000000000000000000, 0.9730064138668657048, 1.000000000000000000),
 ( 1.000000000000000000, 0.9625185839777815611, 1.000000000000000000),
 ( 1.000000000000000000, 0.9558867133783549574, 1.000000000000000000),
 ( 1.000000000000000000, 0.9373256004192280777, 1.000000000000000000),
 ( 1.000000000000000000, 0.9265838706229541089, 1.000000000000000000),
 ( 1.000000000000000000, 0.8975531075808549364, 1.000000000000000000),
 ( 1.000000000000000000, 0.8823553366847703971, 1.000000000000000000),
 ( 1.000000000000000000, 0.8562466409266181744, 1.000000000000000000),
 ( 1.000000000000000000, 0.8454340624328736675, 1.000000000000000000),
 ( 1.000000000000000000, 0.8265854702834264378, 1.000000000000000000),
 ( 1.000000000000000000, 0.8185727270269704814, 1.000000000000000000),
 ( 1.000000000000000000, 0.7973769939089692116, 1.000000000000000000),
 ( 1.000000000000000000, 0.7869674150083840747, 1.000000000000000000),
 ( 1.000000000000000000, 0.7698723229557793424, 1.000000000000000000),
 ( 1.000000000000000000, 0.7632489107130755457, 1.000000000000000000),
 ( 1.000000000000000000, 0.7467750296134475496, 1.000000000000000000),
 ( 1.000000000000000000, 0.7400586002837519217, 1.000000000000000000),
 ( 1.000000000000000000, 0.7295231146884382234, 1.000000000000000000),
 ( 1.000000000000000000, 0.7258461611193914864, 1.000000000000000000),
 ( 1.000000000000000000, 0.7170911558735197922, 1.000000000000000000),
 ( 1.000000000000000000, 0.7141540972956340605, 1.000000000000000000),
 ( 1.000000000000000000, 0.7095890664009801840, 1.000000000000000000),
 ( 1.000000000000000000, 0.7082356679314707470, 1.000000000000000000),
 ( 1.000000000000000000, 0.7071067811865475727, 1.000000000000000000) ) ) 
 REPRESENTATION_ITEM ( '' )  SURFACE ( )  );
#2339 = CARTESIAN_POINT ( 'NONE',  ( 15.81764133573681441, 0.9367892431008167931, 2.000000000000000000 ) ) ;
#2340 = CARTESIAN_POINT ( 'NONE',  ( 27.07856521996211541, 27.50000000000002487, -0.08892647650430303419 ) ) ;
#2341 = ORIENTED_EDGE ( 'NONE', *, *, #1131, .T. ) ;
#2342 = DIRECTION ( 'NONE',  ( -0.0000000000000000000, -0.0000000000000000000, 1.000000000000000000 ) ) ;
#2343 = CIRCLE ( 'NONE', #1882, 3.175000000000000711 ) ;
#2344 = CYLINDRICAL_SURFACE ( 'NONE', #1763, 5.000000000000000888 ) ;
#2345 = LOCAL_TIME ( 15, 1, 45.00000000000000000, #237 ) ;
#2346 = DIRECTION ( 'NONE',  ( -0.0000000000000000000, 0.0000000000000000000, 1.000000000000000000 ) ) ;
#2347 = AXIS2_PLACEMENT_3D ( 'NONE', #718, #3514, #3298 ) ;
#2348 = CYLINDRICAL_SURFACE ( 'NONE', #3608, 1.000000000000000888 ) ;
#2349 = ORIENTED_EDGE ( 'NONE', *, *, #1502, .F. ) ;
#2350 = ORIENTED_EDGE ( 'NONE', *, *, #1524, .F. ) ;
#2351 = CIRCLE ( 'NONE', #2646, 1.000000000000000888 ) ;
#2352 = EDGE_CURVE ( 'NONE', #417, #299, #2480, .T. ) ;
#2353 = CARTESIAN_POINT ( 'NONE',  ( 27.50000001183406440, -26.66503750461397004, -0.9815949020236249822 ) ) ;
#2354 = EDGE_CURVE ( 'NONE', #1675, #3178, #3000, .T. ) ;
#2355 = ORIENTED_EDGE ( 'NONE', *, *, #2694, .T. ) ;
#2356 = CIRCLE ( 'NONE', #780, 2.999999999999999112 ) ;
#2357 = DIRECTION ( 'NONE',  ( 1.000000000000000000, 0.0000000000000000000, 0.0000000000000000000 ) ) ;
#2358 = AXIS2_PLACEMENT_3D ( 'NONE', #125, #2078, #337 ) ;
#2359 = ORIENTED_EDGE ( 'NONE', *, *, #1915, .T. ) ;
#2360 = CARTESIAN_POINT ( 'NONE',  ( 27.49281362029280729, -27.49999999999997868, 0.9985004148318655792 ) ) ;
#2361 = AXIS2_PLACEMENT_3D ( 'NONE', #2458, #183, #1263 ) ;
#2362 = PLANE ( 'NONE',  #1656 ) ;
#2363 = CC_DESIGN_PERSON_AND_ORGANIZATION_ASSIGNMENT ( #1871, #219, ( #3175 ) ) ;
#2364 = CARTESIAN_POINT ( 'NONE',  ( 27.50000001248234582, 26.66896316230720032, -0.9808320913813515229 ) ) ;
#2365 = AXIS2_PLACEMENT_3D ( 'NONE', #3091, #1402, #579 ) ;
#2366 = VERTEX_POINT ( 'NONE', #3528 ) ;
#2367 = CARTESIAN_POINT ( 'NONE',  ( 27.50000000000002487, 26.50000000000002487, 0.9996271050385675538 ) ) ;
#2368 = CARTESIAN_POINT ( 'NONE',  ( -32.60000000000000142, -29.59999999999999076, 1.999999999999999556 ) ) ;
#2369 = DIRECTION ( 'NONE',  ( 1.000000000000000000, 1.261617073437677999E-16, 0.0000000000000000000 ) ) ;
#2370 = FACE_OUTER_BOUND ( 'NONE', #655, .T. ) ;
#2371 = VERTEX_POINT ( 'NONE', #3257 ) ;
#2372 = ORIENTED_EDGE ( 'NONE', *, *, #1502, .T. ) ;
#2373 = LINE ( 'NONE', #3498, #1246 ) ;
#2374 = ORIENTED_EDGE ( 'NONE', *, *, #3169, .T. ) ;
#2375 = CARTESIAN_POINT ( 'NONE',  ( 27.39754026928432040, 27.50000000000002842, 0.4925896706191343899 ) ) ;
#2376 = LINE ( 'NONE', #2985, #1897 ) ;
#2377 = EDGE_CURVE ( 'NONE', #2999, #2435, #2432, .T. ) ;
#2378 = EDGE_CURVE ( 'NONE', #2938, #521, #2292, .T. ) ;
#2379 = ORIENTED_EDGE ( 'NONE', *, *, #3336, .F. ) ;
#2380 = CARTESIAN_POINT ( 'NONE',  ( 26.50000000000002487, 27.50000000000002487, -0.9996271050385656665 ) ) ;
#2381 = ORIENTED_EDGE ( 'NONE', *, *, #66, .T. ) ;
#2382 = CARTESIAN_POINT ( 'NONE',  ( 15.81764133573681441, 0.9367892431008167931, 2.000000000000000000 ) ) ;
#2383 = CARTESIAN_POINT ( 'NONE',  ( 27.50000000014650681, 26.52013580016284422, -0.9988987079175973838 ) ) ;
#2384 = LINE ( 'NONE', #1013, #425 ) ;
#2385 = APPROVAL_ROLE ( '' ) ;
#2386 = DIRECTION ( 'NONE',  ( 1.000000000000000000, 0.0000000000000000000, 0.0000000000000000000 ) ) ;
#2387 = ADVANCED_FACE ( 'NONE', ( #3588 ), #2468, .F. ) ;
#2388 = CARTESIAN_POINT ( 'NONE',  ( 26.50000000000002487, 16.75000000000001066, 2.000000000000000000 ) ) ;
#2389 = ORIENTED_EDGE ( 'NONE', *, *, #900, .F. ) ;
#2390 = ORIENTED_EDGE ( 'NONE', *, *, #986, .T. ) ;
#2391 = CARTESIAN_POINT ( 'NONE',  ( 27.50000000000002487, 17.75000000000001066, 1.999999999999999556 ) ) ;
#2392 = CARTESIAN_POINT ( 'NONE',  ( 27.42479870548407561, -27.49999999999998224, -0.8433145715459743341 ) ) ;
#2393 = ORIENTED_EDGE ( 'NONE', *, *, #2478, .T. ) ;
#2394 = DIRECTION ( 'NONE',  ( 1.000000000000000000, 0.0000000000000000000, -0.0000000000000000000 ) ) ;
#2395 = LINE ( 'NONE', #2475, #1436 ) ;
#2396 = EDGE_LOOP ( 'NONE', ( #2648, #3243, #386, #1704 ) ) ;
#2397 = CARTESIAN_POINT ( 'NONE',  ( 26.49999999396754902, -27.49999999999997868, 0.8853452144111283451 ) ) ;
#2398 = ORIENTED_EDGE ( 'NONE', *, *, #2082, .F. ) ;
#2399 = PLANE ( 'NONE',  #895 ) ;
#2400 = EDGE_CURVE ( 'NONE', #3276, #2675, #3046, .T. ) ;
#2401 = LINE ( 'NONE', #1031, #2255 ) ;
#2402 = EDGE_CURVE ( 'NONE', #3591, #2966, #2978, .T. ) ;
#2403 = FACE_OUTER_BOUND ( 'NONE', #2972, .T. ) ;
#2404 =( NAMED_UNIT ( * ) PLANE_ANGLE_UNIT ( ) SI_UNIT ( $, .RADIAN. ) );
#2405 = CARTESIAN_POINT ( 'NONE',  ( -16.74999999999997158, -13.74999999999998401, 2.000000000000000000 ) ) ;
#2406 = DIRECTION ( 'NONE',  ( 0.0000000000000000000, 0.0000000000000000000, -1.000000000000000000 ) ) ;
#2407 = ORIENTED_EDGE ( 'NONE', *, *, #2722, .T. ) ;
#2408 = ORIENTED_EDGE ( 'NONE', *, *, #2103, .T. ) ;
#2409 = DIRECTION ( 'NONE',  ( 0.9961946980917452121, 0.08715574274766223206, -0.0000000000000000000 ) ) ;
#2410 = VECTOR ( 'NONE', #883, 1000.000000000000000 ) ;
#2411 = CARTESIAN_POINT ( 'NONE',  ( -27.49999999999997513, 3.000000000000014655, 1.999999999999999556 ) ) ;
#2412 = VERTEX_POINT ( 'NONE', #1059 ) ;
#2413 = EDGE_CURVE ( 'NONE', #2752, #1376, #720, .T. ) ;
#2414 = CARTESIAN_POINT ( 'NONE',  ( -22.49999999999997513, -27.49999999999997868, 4.500000000000000000 ) ) ;
#2415 = AXIS2_PLACEMENT_3D ( 'NONE', #2144, #2676, #422 ) ;
#2416 = PRODUCT_DEFINITION_SHAPE ( 'NONE', 'NONE',  #3175 ) ;
#2417 = LINE ( 'NONE', #761, #323 ) ;
#2418 = ORIENTED_EDGE ( 'NONE', *, *, #113, .T. ) ;
#2419 = VERTEX_POINT ( 'NONE', #3515 ) ;
#2420 = VECTOR ( 'NONE', #19, 1000.000000000000000 ) ;
#2421 = CARTESIAN_POINT ( 'NONE',  ( 27.40713941892835237, -27.49999999999998224, 0.7007435399247983199 ) ) ;
#2422 = ORIENTED_EDGE ( 'NONE', *, *, #1983, .T. ) ;
#2423 = VECTOR ( 'NONE', #2660, 1000.000000000000000 ) ;
#2424 = AXIS2_PLACEMENT_3D ( 'NONE', #3065, #2201, #3328 ) ;
#2425 = PLANE ( 'NONE',  #704 ) ;
#2426 = CARTESIAN_POINT ( 'NONE',  ( 26.51970676196602739, 27.50000000000002487, -0.7717801060188081985 ) ) ;
#2427 = EDGE_CURVE ( 'NONE', #2770, #3277, #1532, .T. ) ;
#2428 = EDGE_CURVE ( 'NONE', #2980, #604, #2666, .T. ) ;
#2429 = FACE_OUTER_BOUND ( 'NONE', #1414, .T. ) ;
#2430 = CIRCLE ( 'NONE', #2952, 3.174999999999998046 ) ;
#2431 = CALENDAR_DATE ( 2021, 9, 6 ) ;
#2432 = LINE ( 'NONE', #1333, #1593 ) ;
#2433 = DIRECTION ( 'NONE',  ( -1.000000000000000000, 0.0000000000000000000, 0.0000000000000000000 ) ) ;
#2434 = ORIENTED_EDGE ( 'NONE', *, *, #1427, .T. ) ;
#2435 = VERTEX_POINT ( 'NONE', #3299 ) ;
#2436 = DIRECTION ( 'NONE',  ( -0.0000000000000000000, -0.0000000000000000000, 1.000000000000000000 ) ) ;
#2437 = CARTESIAN_POINT ( 'NONE',  ( -27.49999999999997513, 2.000000000000014655, 2.000000000000000000 ) ) ;
#2438 = CARTESIAN_POINT ( 'NONE',  ( 27.49999999578764687, 26.56435244722195321, 0.9959337818092868222 ) ) ;
#2439 = CARTESIAN_POINT ( 'NONE',  ( 60.31000000000002359, -29.98090081228328785, -3.174999999999996270 ) ) ;
#2440 = VERTEX_POINT ( 'NONE', #1021 ) ;
#2441 = VERTEX_POINT ( 'NONE', #3572 ) ;
#2442 = CARTESIAN_POINT ( 'NONE',  ( 27.50000193045872976, -27.36742304712053198, 0.4539780714042346288 ) ) ;
#2443 = VERTEX_POINT ( 'NONE', #740 ) ;
#2444 = ORIENTED_EDGE ( 'NONE', *, *, #216, .T. ) ;
#2445 = FACE_OUTER_BOUND ( 'NONE', #894, .T. ) ;
#2446 = CARTESIAN_POINT ( 'NONE',  ( 27.50000193045763197, 27.36742304801529002, -0.4539780696861134834 ) ) ;
#2447 = DIRECTION ( 'NONE',  ( -0.0000000000000000000, 0.0000000000000000000, -1.000000000000000000 ) ) ;
#2448 = DIRECTION ( 'NONE',  ( -0.0000000000000000000, -0.0000000000000000000, -1.000000000000000000 ) ) ;
#2449 = EDGE_CURVE ( 'NONE', #1690, #2004, #1596, .T. ) ;
#2450 = DIRECTION ( 'NONE',  ( 2.168404344971006896E-16, 2.735695943731867218E-32, -1.000000000000000000 ) ) ;
#2451 = ORIENTED_EDGE ( 'NONE', *, *, #3127, .F. ) ;
#2452 = DIRECTION ( 'NONE',  ( -0.0000000000000000000, 0.0000000000000000000, 1.000000000000000000 ) ) ;
#2453 = DIRECTION ( 'NONE',  ( 0.0000000000000000000, 0.0000000000000000000, -1.000000000000000000 ) ) ;
#2454 = DIRECTION ( 'NONE',  ( 1.000000000000000000, 0.0000000000000000000, 0.0000000000000000000 ) ) ;
#2455 = CARTESIAN_POINT ( 'NONE',  ( 27.48197474660300443, 27.50000000000002487, 0.9909470657349754852 ) ) ;
#2456 = ADVANCED_FACE ( 'NONE', ( #1277 ), #3002, .F. ) ;
#2457 = ADVANCED_FACE ( 'NONE', ( #1567 ), #2685, .F. ) ;
#2458 = CARTESIAN_POINT ( 'NONE',  ( 69.20000000000003126, -29.98090081228328785, 1.008788647599787371E-15 ) ) ;
#2459 = VERTEX_POINT ( 'NONE', #1585 ) ;
#2460 = VERTEX_POINT ( 'NONE', #2391 ) ;
#2461 = CARTESIAN_POINT ( 'NONE',  ( 27.23794562657999663, -27.49999999999997868, 0.02465790225680875719 ) ) ;
#2462 = ORIENTED_EDGE ( 'NONE', *, *, #1066, .T. ) ;
#2463 = VERTEX_POINT ( 'NONE', #2748 ) ;
#2464 = CARTESIAN_POINT ( 'NONE',  ( 60.31000000000002359, 6.681829986510477683E-15, 0.0000000000000000000 ) ) ;
#2465 = CARTESIAN_POINT ( 'NONE',  ( 27.49988926332995831, 27.45095479612635003, -0.2262644299256786062 ) ) ;
#2466 = CARTESIAN_POINT ( 'NONE',  ( -16.74999999999997158, -13.74999999999998401, 2.000000000000000000 ) ) ;
#2467 = PERSON_AND_ORGANIZATION ( #14, #421 ) ;
#2468 = PLANE ( 'NONE',  #1185 ) ;
#2469 = CYLINDRICAL_SURFACE ( 'NONE', #3250, 1.000000000000000888 ) ;
#2470 = ORIENTED_EDGE ( 'NONE', *, *, #101, .T. ) ;
#2471 = DIRECTION ( 'NONE',  ( 0.0000000000000000000, -1.000000000000000000, 0.0000000000000000000 ) ) ;
#2472 = DIRECTION ( 'NONE',  ( -0.0000000000000000000, -0.0000000000000000000, 1.000000000000000000 ) ) ;
#2473 = DIRECTION ( 'NONE',  ( -0.0000000000000000000, -0.0000000000000000000, -1.000000000000000000 ) ) ;
#2474 = CARTESIAN_POINT ( 'NONE',  ( 27.47531415459535964, 27.50000000000001776, 0.9850702456563967813 ) ) ;
#2475 = CARTESIAN_POINT ( 'NONE',  ( 27.50000000000002487, 26.50000000000002487, -1.999999999999999112 ) ) ;
#2476 = VECTOR ( 'NONE', #2749, 1000.000000000000000 ) ;
#2477 = ORIENTED_EDGE ( 'NONE', *, *, #2354, .F. ) ;
#2478 = EDGE_CURVE ( 'NONE', #2693, #1237, #3176, .T. ) ;
#2479 = EDGE_CURVE ( 'NONE', #1690, #3591, #179, .T. ) ;
#2480 = CIRCLE ( 'NONE', #1422, 1.000000000000000888 ) ;
#2481 = CARTESIAN_POINT ( 'NONE',  ( 27.43853021997509956, -27.49999999999998224, 0.9047465984098047587 ) ) ;
#2482 = ORIENTED_EDGE ( 'NONE', *, *, #3129, .T. ) ;
#2483 = AXIS2_PLACEMENT_3D ( 'NONE', #193, #3273, #1332 ) ;
#2484 = CARTESIAN_POINT ( 'NONE',  ( 19.05000000000000071, 44.45000000000000284, 4.500000000000000000 ) ) ;
#2485 = VERTEX_POINT ( 'NONE', #3534 ) ;
#2486 = CARTESIAN_POINT ( 'NONE',  ( -48.20000000000000284, 49.20000000000000995, 4.500000000000000000 ) ) ;
#2487 = VECTOR ( 'NONE', #2102, 1000.000000000000000 ) ;
#2488 = CARTESIAN_POINT ( 'NONE',  ( 27.50000043117893611, 27.14599072517256673, -0.7426446210204914467 ) ) ;
#2489 = VECTOR ( 'NONE', #2222, 1000.000000000000000 ) ;
#2490 = VECTOR ( 'NONE', #1359, 1000.000000000000000 ) ;
#2491 = DIRECTION ( 'NONE',  ( 1.133806193448893442E-16, -1.000000000000000000, -0.0000000000000000000 ) ) ;
#2492 = EDGE_LOOP ( 'NONE', ( #2738, #1433, #3354, #2776 ) ) ;
#2493 = DIRECTION ( 'NONE',  ( 1.000000000000000000, 0.0000000000000000000, 0.0000000000000000000 ) ) ;
#2494 = VERTEX_POINT ( 'NONE', #493 ) ;
#2495 = CARTESIAN_POINT ( 'NONE',  ( 29.59999999999999787, 29.59999999999999787, 1.999999999999999556 ) ) ;
#2496 = DIRECTION ( 'NONE',  ( 1.000000000000000000, -0.0000000000000000000, -0.0000000000000000000 ) ) ;
#2497 = CARTESIAN_POINT ( 'NONE',  ( -41.27500000000000568, 19.04999999999999716, 4.500000000000000000 ) ) ;
#2498 = AXIS2_PLACEMENT_3D ( 'NONE', #955, #3136, #2072 ) ;
#2499 = DIRECTION ( 'NONE',  ( -1.000000000000000000, 0.0000000000000000000, 0.0000000000000000000 ) ) ;
#2500 = ORIENTED_EDGE ( 'NONE', *, *, #1153, .F. ) ;
#2501 = CARTESIAN_POINT ( 'NONE',  ( 27.40217336185916608, -27.49999999999998224, 0.6234833896558672484 ) ) ;
#2502 = EDGE_CURVE ( 'NONE', #2435, #2111, #2343, .T. ) ;
#2503 = CYLINDRICAL_SURFACE ( 'NONE', #1832, 2.999999999999999112 ) ;
#2504 = EDGE_LOOP ( 'NONE', ( #1759, #781, #1395, #122 ) ) ;
#2505 = DIRECTION ( 'NONE',  ( -0.0000000000000000000, -0.0000000000000000000, -1.000000000000000000 ) ) ;
#2506 = CARTESIAN_POINT ( 'NONE',  ( 27.40540113391415389, 27.50000000000002132, -0.6779939003522587049 ) ) ;
#2507 = EDGE_CURVE ( 'NONE', #1327, #1069, #129, .T. ) ;
#2508 = CARTESIAN_POINT ( 'NONE',  ( -23.19999999999999929, -53.20000000000001705, -5.000000000000000000 ) ) ;
#2509 = LINE ( 'NONE', #549, #2839 ) ;
#2510 = ORIENTED_EDGE ( 'NONE', *, *, #2352, .T. ) ;
#2511 = LINE ( 'NONE', #1957, #1952 ) ;
#2512 = FACE_OUTER_BOUND ( 'NONE', #1161, .T. ) ;
#2513 = CARTESIAN_POINT ( 'NONE',  ( 69.20000000000001705, 54.20000000000001705, 5.000000000000000000 ) ) ;
#2514 = DIRECTION ( 'NONE',  ( 0.0000000000000000000, 0.0000000000000000000, -1.000000000000000000 ) ) ;
#2515 = ORIENTED_EDGE ( 'NONE', *, *, #2023, .T. ) ;
#2516 = CARTESIAN_POINT ( 'NONE',  ( 27.28387784484482381, -27.49999999999997868, -0.001412811385575979276 ) ) ;
#2517 = FACE_OUTER_BOUND ( 'NONE', #391, .T. ) ;
#2518 = ORIENTED_EDGE ( 'NONE', *, *, #3231, .F. ) ;
#2519 = CARTESIAN_POINT ( 'NONE',  ( 29.59999999999999787, -29.60000000000001208, 4.500000000000000000 ) ) ;
#2520 = CARTESIAN_POINT ( 'NONE',  ( 27.39651718500466160, 27.50000000000002132, -0.4325870149636361073 ) ) ;
#2521 = EDGE_CURVE ( 'NONE', #2818, #811, #260, .T. ) ;
#2522 = EDGE_CURVE ( 'NONE', #417, #3096, #782, .T. ) ;
#2523 = DIRECTION ( 'NONE',  ( -0.0000000000000000000, 0.0000000000000000000, -1.000000000000000000 ) ) ;
#2524 = EDGE_LOOP ( 'NONE', ( #2607, #1091, #1463, #1569, #124, #3490, #1867, #1627 ) ) ;
#2525 = LINE ( 'NONE', #819, #3013 ) ;
#2526 = CARTESIAN_POINT ( 'NONE',  ( 27.50000000000002487, 16.75000000000001066, 2.000000000000000000 ) ) ;
#2527 = DIRECTION ( 'NONE',  ( -0.0000000000000000000, -0.0000000000000000000, -1.000000000000000000 ) ) ;
#2528 = LINE ( 'NONE', #1122, #2889 ) ;
#2529 = ORIENTED_EDGE ( 'NONE', *, *, #2797, .T. ) ;
#2530 = CARTESIAN_POINT ( 'NONE',  ( 27.39458545747653417, -27.49999999999997868, -0.2667796862010138881 ) ) ;
#2531 = CARTESIAN_POINT ( 'NONE',  ( -22.49999999999997513, 22.50000000000001776, 1.999999999999999556 ) ) ;
#2532 = ORIENTED_EDGE ( 'NONE', *, *, #16, .F. ) ;
#2533 = DIRECTION ( 'NONE',  ( -0.0000000000000000000, 0.0000000000000000000, 1.000000000000000000 ) ) ;
#2534 = VECTOR ( 'NONE', #1507, 1000.000000000000114 ) ;
#2535 = CARTESIAN_POINT ( 'NONE',  ( 27.28175692207783598, 27.50000000000002487, 0.004863481309764740128 ) ) ;
#2536 = VECTOR ( 'NONE', #2325, 1000.000000000000000 ) ;
#2537 = CARTESIAN_POINT ( 'NONE',  ( 26.87719148134881308, 27.50000000000001776, 0.2080351857612294519 ) ) ;
#2538 = CIRCLE ( 'NONE', #3011, 2.999999999999999112 ) ;
#2539 = EDGE_CURVE ( 'NONE', #232, #2412, #887, .T. ) ;
#2540 = CARTESIAN_POINT ( 'NONE',  ( 55.85831239517771252, -53.20000000000000284, -2.000000000000000000 ) ) ;
#2541 = EDGE_LOOP ( 'NONE', ( #2587, #1171 ) ) ;
#2542 = DIRECTION ( 'NONE',  ( -0.0000000000000000000, -0.0000000000000000000, -1.000000000000000000 ) ) ;
#2543 = VECTOR ( 'NONE', #1861, 1000.000000000000000 ) ;
#2544 = DIRECTION ( 'NONE',  ( 1.000000000000000000, 1.568111616702198845E-16, 0.0000000000000000000 ) ) ;
#2545 = DIRECTION ( 'NONE',  ( 1.000000000000000000, -0.0000000000000000000, -0.0000000000000000000 ) ) ;
#2546 = DIRECTION ( 'NONE',  ( 1.000000000000000000, -0.0000000000000000000, -0.0000000000000000000 ) ) ;
#2547 = VECTOR ( 'NONE', #694, 1000.000000000000114 ) ;
#2548 = VERTEX_POINT ( 'NONE', #64 ) ;
#2549 = CARTESIAN_POINT ( 'NONE',  ( 27.39337764454538160, -27.49999999999998224, 0.05379077186162121993 ) ) ;
#2550 = CIRCLE ( 'NONE', #3319, 3.000000000000002665 ) ;
#2551 = CARTESIAN_POINT ( 'NONE',  ( 69.20000000000001705, -53.20000000000000284, -5.000000000000000000 ) ) ;
#2552 = EDGE_LOOP ( 'NONE', ( #1584, #3207, #3559, #335 ) ) ;
#2553 = DIRECTION ( 'NONE',  ( -0.0000000000000000000, -0.0000000000000000000, 1.000000000000000000 ) ) ;
#2554 = CARTESIAN_POINT ( 'NONE',  ( 27.40794397033981866, 27.50000000000002842, 0.7104955605784084582 ) ) ;
#2555 = CYLINDRICAL_SURFACE ( 'NONE', #2639, 3.174999999999997158 ) ;
#2556 = ORIENTED_EDGE ( 'NONE', *, *, #2413, .T. ) ;
#2557 = DIRECTION ( 'NONE',  ( 0.0000000000000000000, 0.0000000000000000000, -1.000000000000000000 ) ) ;
#2558 = CARTESIAN_POINT ( 'NONE',  ( -16.74999999999997158, -13.74999999999998401, -2.000000000000000000 ) ) ;
#2559 = DIRECTION ( 'NONE',  ( -1.000000000000000000, 0.0000000000000000000, 0.0000000000000000000 ) ) ;
#2560 = PLANE ( 'NONE',  #953 ) ;
#2561 = ORIENTED_EDGE ( 'NONE', *, *, #2579, .F. ) ;
#2562 = EDGE_CURVE ( 'NONE', #107, #1925, #355, .T. ) ;
#2563 = CARTESIAN_POINT ( 'NONE',  ( 27.39359135718356342, -27.49999999999998579, -0.1239568039581519510 ) ) ;
#2564 = DIRECTION ( 'NONE',  ( -0.0000000000000000000, -0.0000000000000000000, -1.000000000000000000 ) ) ;
#2565 = EDGE_LOOP ( 'NONE', ( #1681, #1746, #161, #121 ) ) ;
#2566 = LINE ( 'NONE', #864, #841 ) ;
#2567 = CARTESIAN_POINT ( 'NONE',  ( 27.40290618824902324, 27.50000000000002842, 0.6373382034010304231 ) ) ;
#2568 = DIRECTION ( 'NONE',  ( 1.000000000000000000, 0.0000000000000000000, 0.0000000000000000000 ) ) ;
#2569 = ADVANCED_FACE ( 'NONE', ( #1443 ), #1149, .F. ) ;
#2570 = ORIENTED_EDGE ( 'NONE', *, *, #3285, .F. ) ;
#2571 = DIRECTION ( 'NONE',  ( 1.000000000000000000, 0.0000000000000000000, 0.0000000000000000000 ) ) ;
#2572 = FACE_OUTER_BOUND ( 'NONE', #984, .T. ) ;
#2573 = LINE ( 'NONE', #2855, #620 ) ;
#2574 = CARTESIAN_POINT ( 'NONE',  ( 60.31000000000003070, -30.34691197243906302, 1.131253327514522716E-15 ) ) ;
#2575 = EDGE_LOOP ( 'NONE', ( #3531, #1068 ) ) ;
#2576 = CARTESIAN_POINT ( 'NONE',  ( 27.26782106295484098, -27.49999999999997868, -0.01292407760911242973 ) ) ;
#2577 = DIRECTION ( 'NONE',  ( -1.280238727658160256E-16, 1.000000000000000000, -0.0000000000000000000 ) ) ;
#2578 = ADVANCED_FACE ( 'NONE', ( #2606 ), #2555, .F. ) ;
#2579 = EDGE_CURVE ( 'NONE', #3296, #1076, #3453, .T. ) ;
#2580 = ORIENTED_EDGE ( 'NONE', *, *, #175, .T. ) ;
#2581 = FACE_OUTER_BOUND ( 'NONE', #3059, .T. ) ;
#2582 = CARTESIAN_POINT ( 'NONE',  ( 27.28411786252059201, 27.50000000000002487, 0.0001526363672091667675 ) ) ;
#2583 = AXIS2_PLACEMENT_3D ( 'NONE', #1859, #1877, #1103 ) ;
#2584 = CARTESIAN_POINT ( 'NONE',  ( 27.21706372449412115, 27.50000000000003197, 0.03219073398021696231 ) ) ;
#2585 = CIRCLE ( 'NONE', #2415, 3.175000000000000711 ) ;
#2586 = EDGE_CURVE ( 'NONE', #181, #3277, #2816, .T. ) ;
#2587 = ORIENTED_EDGE ( 'NONE', *, *, #1362, .F. ) ;
#2588 = AXIS2_PLACEMENT_3D ( 'NONE', #868, #1715, #1119 ) ;
#2589 = CARTESIAN_POINT ( 'NONE',  ( -16.74999999999997158, -13.74999999999998401, -2.000000000000000000 ) ) ;
#2590 = AXIS2_PLACEMENT_3D ( 'NONE', #370, #339, #3385 ) ;
#2591 = DIRECTION ( 'NONE',  ( -0.0000000000000000000, 0.0000000000000000000, 1.000000000000000000 ) ) ;
#2592 = DIRECTION ( 'NONE',  ( -0.0000000000000000000, -0.0000000000000000000, -1.000000000000000000 ) ) ;
#2593 = AXIS2_PLACEMENT_3D ( 'NONE', #815, #2491, #3056 ) ;
#2594 = CARTESIAN_POINT ( 'NONE',  ( -53.19999999999999574, 49.20000000000000995, 4.500000000000000000 ) ) ;
#2595 = ORIENTED_EDGE ( 'NONE', *, *, #1597, .F. ) ;
#2596 = AXIS2_PLACEMENT_3D ( 'NONE', #312, #520, #842 ) ;
#2597 = CARTESIAN_POINT ( 'NONE',  ( 27.07327604020625600, -27.49999999999997868, -0.09149896328616449748 ) ) ;
#2598 = VECTOR ( 'NONE', #514, 1000.000000000000000 ) ;
#2599 = DIRECTION ( 'NONE',  ( 1.000000000000000000, 0.0000000000000000000, 0.0000000000000000000 ) ) ;
#2600 = VERTEX_POINT ( 'NONE', #50 ) ;
#2601 = AXIS2_PLACEMENT_3D ( 'NONE', #1270, #1598, #1830 ) ;
#2602 = FACE_BOUND ( 'NONE', #1151, .T. ) ;
#2603 = EDGE_CURVE ( 'NONE', #3053, #3587, #2334, .T. ) ;
#2604 =( BOUNDED_CURVE ( )  B_SPLINE_CURVE ( 3, ( #468, #775, #1580, #1603 ),
 .UNSPECIFIED., .F., .T. ) 
 B_SPLINE_CURVE_WITH_KNOTS ( ( 4, 4 ),
 ( 1.224646799147355426E-16, 1.543486323541640948 ),
 .UNSPECIFIED. ) 
 CURVE ( )  GEOMETRIC_REPRESENTATION_ITEM ( )  RATIONAL_B_SPLINE_CURVE ( ( 1.000000000000000000, 0.8111307354427591543, 0.8111307354427591543, 1.000000000000000000 ) ) 
 REPRESENTATION_ITEM ( '' )  );
#2605 = ORIENTED_EDGE ( 'NONE', *, *, #406, .F. ) ;
#2606 = FACE_OUTER_BOUND ( 'NONE', #2075, .T. ) ;
#2607 = ORIENTED_EDGE ( 'NONE', *, *, #3160, .F. ) ;
#2608 = CARTESIAN_POINT ( 'NONE',  ( 27.50000000000002842, -27.07515468964036032, -0.9839755089138969568 ) ) ;
#2609 = DIRECTION ( 'NONE',  ( -1.000000000000000000, -1.280238727658160256E-16, 0.0000000000000000000 ) ) ;
#2610 = DIRECTION ( 'NONE',  ( -0.0000000000000000000, -1.000000000000000000, -0.0000000000000000000 ) ) ;
#2611 = CARTESIAN_POINT ( 'NONE',  ( -53.19999999999999574, 49.20000000000000995, -4.500000000000000000 ) ) ;
#2612 = ORIENTED_EDGE ( 'NONE', *, *, #998, .F. ) ;
#2613 = CARTESIAN_POINT ( 'NONE',  ( 27.40619021702801206, -27.49999999999998579, -0.6888595740401636247 ) ) ;
#2614 = EDGE_CURVE ( 'NONE', #1323, #1251, #2827, .T. ) ;
#2615 = CARTESIAN_POINT ( 'NONE',  ( 26.50000000000002487, 26.50000000000002487, 4.500000000000000000 ) ) ;
#2616 = ORIENTED_EDGE ( 'NONE', *, *, #3486, .F. ) ;
#2617 = CARTESIAN_POINT ( 'NONE',  ( -23.19999999999999929, -23.20000000000001705, 4.500000000000000000 ) ) ;
#2618 = CARTESIAN_POINT ( 'NONE',  ( 29.59999999999999787, 29.59999999999999787, 1.999999999999999556 ) ) ;
#2619 = ORIENTED_EDGE ( 'NONE', *, *, #2428, .F. ) ;
#2620 = ADVANCED_FACE ( 'NONE', ( #2001 ), #324, .F. ) ;
#2621 = EDGE_CURVE ( 'NONE', #1979, #2938, #3488, .T. ) ;
#2622 = DIRECTION ( 'NONE',  ( -1.000000000000000000, 0.0000000000000000000, 0.0000000000000000000 ) ) ;
#2623 = CARTESIAN_POINT ( 'NONE',  ( 26.56764133573682329, -16.68678924310077960, 2.000000000000000000 ) ) ;
#2624 = CARTESIAN_POINT ( 'NONE',  ( 26.88300726089809700, -27.49999999999997868, 0.2034526100892545264 ) ) ;
#2625 = DIRECTION ( 'NONE',  ( -0.0000000000000000000, 0.0000000000000000000, -1.000000000000000000 ) ) ;
#2626 = ORIENTED_EDGE ( 'NONE', *, *, #1427, .F. ) ;
#2627 = ORIENTED_EDGE ( 'NONE', *, *, #3382, .F. ) ;
#2628 = CARTESIAN_POINT ( 'NONE',  ( 27.50000000000002487, -26.49999999999997868, -0.9996271050385666657 ) ) ;
#2629 = ORIENTED_EDGE ( 'NONE', *, *, #3336, .T. ) ;
#2630 = DIRECTION ( 'NONE',  ( 1.000000000000000000, 0.0000000000000000000, 0.0000000000000000000 ) ) ;
#2631 = EDGE_CURVE ( 'NONE', #3309, #2336, #389, .T. ) ;
#2632 = ORIENTED_EDGE ( 'NONE', *, *, #1197, .T. ) ;
#2633 = DIRECTION ( 'NONE',  ( -1.000000000000000000, 0.0000000000000000000, 0.0000000000000000000 ) ) ;
#2634 = CYLINDRICAL_SURFACE ( 'NONE', #708, 1.000000000000000888 ) ;
#2635 = CARTESIAN_POINT ( 'NONE',  ( 26.75943884509460702, 27.50000000000002487, -0.3245151170137003938 ) ) ;
#2636 = CIRCLE ( 'NONE', #3119, 3.175000000000000711 ) ;
#2637 = ORIENTED_EDGE ( 'NONE', *, *, #2154, .T. ) ;
#2638 = CARTESIAN_POINT ( 'NONE',  ( 27.50000000000002487, 25.89938689446439213, 1.015971497120149891 ) ) ;
#2639 = AXIS2_PLACEMENT_3D ( 'NONE', #631, #3402, #2832 ) ;
#2640 = CARTESIAN_POINT ( 'NONE',  ( -44.45000000000000284, 19.04999999999999716, 4.500000000000000000 ) ) ;
#2641 = LINE ( 'NONE', #380, #3434 ) ;
#2642 = EDGE_CURVE ( 'NONE', #1636, #1293, #3592, .T. ) ;
#2643 = DIRECTION ( 'NONE',  ( -1.000000000000000000, 0.0000000000000000000, 0.0000000000000000000 ) ) ;
#2644 = ORIENTED_EDGE ( 'NONE', *, *, #1851, .T. ) ;
#2645 = VERTEX_POINT ( 'NONE', #1229 ) ;
#2646 = AXIS2_PLACEMENT_3D ( 'NONE', #87, #3425, #633 ) ;
#2647 = CARTESIAN_POINT ( 'NONE',  ( 27.40138373268744942, -27.49999999999997868, -0.6080085614264516547 ) ) ;
#2648 = ORIENTED_EDGE ( 'NONE', *, *, #3491, .T. ) ;
#2649 = CARTESIAN_POINT ( 'NONE',  ( 27.27576997665229186, 27.50000000000002487, 0.008904049879567258255 ) ) ;
#2650 = CIRCLE ( 'NONE', #1825, 2.999999999999999112 ) ;
#2651 = FACE_OUTER_BOUND ( 'NONE', #2141, .T. ) ;
#2652 = CIRCLE ( 'NONE', #1664, 3.174999999999997158 ) ;
#2653 = ORIENTED_EDGE ( 'NONE', *, *, #3398, .F. ) ;
#2654 = DIRECTION ( 'NONE',  ( -0.0000000000000000000, -0.0000000000000000000, 1.000000000000000000 ) ) ;
#2655 = CIRCLE ( 'NONE', #2949, 3.175000000000000711 ) ;
#2656 = AXIS2_PLACEMENT_3D ( 'NONE', #2531, #3364, #2271 ) ;
#2657 = LINE ( 'NONE', #2339, #1821 ) ;
#2658 = CARTESIAN_POINT ( 'NONE',  ( 26.50000000000002487, 27.50000000000002487, -0.9996271050385727719 ) ) ;
#2659 = CIRCLE ( 'NONE', #279, 3.174999999999997158 ) ;
#2660 = DIRECTION ( 'NONE',  ( -0.0000000000000000000, -0.0000000000000000000, -1.000000000000000000 ) ) ;
#2661 = CARTESIAN_POINT ( 'NONE',  ( -15.74999999999997158, 16.75000000000000355, 2.000000000000000000 ) ) ;
#2662 = DIRECTION ( 'NONE',  ( 0.0000000000000000000, 1.000000000000000000, 0.0000000000000000000 ) ) ;
#2663 = CARTESIAN_POINT ( 'NONE',  ( 60.31000000000003070, 30.34691197243906302, 1.008788647599787371E-15 ) ) ;
#2664 = ORIENTED_EDGE ( 'NONE', *, *, #1887, .T. ) ;
#2665 = PLANE ( 'NONE',  #3529 ) ;
#2666 = LINE ( 'NONE', #3594, #656 ) ;
#2667 = CARTESIAN_POINT ( 'NONE',  ( 26.99794807726357959, -27.49999999999997868, -0.1320612574109777948 ) ) ;
#2668 = EDGE_LOOP ( 'NONE', ( #47, #2626, #2556, #670 ) ) ;
#2669 = FACE_OUTER_BOUND ( 'NONE', #1364, .T. ) ;
#2670 = DIRECTION ( 'NONE',  ( -1.000000000000000000, 0.0000000000000000000, 0.0000000000000000000 ) ) ;
#2671 = ORIENTED_EDGE ( 'NONE', *, *, #1291, .F. ) ;
#2672 = ADVANCED_FACE ( 'NONE', ( #705 ), #2695, .F. ) ;
#2673 = EDGE_CURVE ( 'NONE', #1856, #2770, #2657, .T. ) ;
#2674 = DIRECTION ( 'NONE',  ( 0.0000000000000000000, 0.0000000000000000000, 1.000000000000000000 ) ) ;
#2675 = VERTEX_POINT ( 'NONE', #2100 ) ;
#2676 = DIRECTION ( 'NONE',  ( -0.0000000000000000000, 0.0000000000000000000, 1.000000000000000000 ) ) ;
#2677 = DIRECTION ( 'NONE',  ( -1.000000000000000000, -1.133806193448893442E-16, 0.0000000000000000000 ) ) ;
#2678 = ADVANCED_FACE ( 'NONE', ( #2973 ), #2425, .F. ) ;
#2679 = CARTESIAN_POINT ( 'NONE',  ( 15.75000000000002132, 1.934498945218493526, -2.000000000000000000 ) ) ;
#2680 = APPROVAL_STATUS ( 'not_yet_approved' ) ;
#2681 = CARTESIAN_POINT ( 'NONE',  ( 27.27513148629766704, -27.49999999999997868, 0.009327554318425225477 ) ) ;
#2682 = LINE ( 'NONE', #2917, #2547 ) ;
#2683 = ORIENTED_EDGE ( 'NONE', *, *, #2642, .F. ) ;
#2684 = DIRECTION ( 'NONE',  ( 0.0000000000000000000, -0.0000000000000000000, -1.000000000000000000 ) ) ;
#2685 = CYLINDRICAL_SURFACE ( 'NONE', #1134, 2.999999999999999112 ) ;
#2686 = CARTESIAN_POINT ( 'NONE',  ( -29.60000000000000497, -29.60000000000001208, -4.500000000000000000 ) ) ;
#2687 = EDGE_LOOP ( 'NONE', ( #1787, #102, #3544, #2644 ) ) ;
#2688 = DIRECTION ( 'NONE',  ( 0.0000000000000000000, -0.0000000000000000000, 1.000000000000000000 ) ) ;
#2689 = FACE_BOUND ( 'NONE', #133, .T. ) ;
#2690 = ORIENTED_EDGE ( 'NONE', *, *, #570, .T. ) ;
#2691 = ORIENTED_EDGE ( 'NONE', *, *, #2963, .F. ) ;
#2692 = CARTESIAN_POINT ( 'NONE',  ( -16.74999999999997158, -12.74999999999998757, -2.000000000000000000 ) ) ;
#2693 = VERTEX_POINT ( 'NONE', #2083 ) ;
#2694 = EDGE_CURVE ( 'NONE', #3403, #2306, #3233, .T. ) ;
#2695 = PLANE ( 'NONE',  #3413 ) ;
#2696 = CARTESIAN_POINT ( 'NONE',  ( 47.62500000000000000, -19.04999999999999716, 4.500000000000000000 ) ) ;
#2697 = LINE ( 'NONE', #236, #2423 ) ;
#2698 = DIRECTION ( 'NONE',  ( -0.0000000000000000000, 0.0000000000000000000, 1.000000000000000000 ) ) ;
#2699 = CARTESIAN_POINT ( 'NONE',  ( 29.59999999999999787, 29.59999999999999787, -4.500000000000000000 ) ) ;
#2700 = ORIENTED_EDGE ( 'NONE', *, *, #2174, .T. ) ;
#2701 = ORIENTED_EDGE ( 'NONE', *, *, #2673, .T. ) ;
#2702 = CARTESIAN_POINT ( 'NONE',  ( 60.31000000000003070, 7.721119766506371280E-15, 0.0000000000000000000 ) ) ;
#2703 = CIRCLE ( 'NONE', #2583, 3.174999999999997158 ) ;
#2704 = CARTESIAN_POINT ( 'NONE',  ( 16.75000000000002132, 1.000000000000017319, 2.000000000000000000 ) ) ;
#2705 = CARTESIAN_POINT ( 'NONE',  ( 47.62500000000000000, 19.04999999999999716, 4.500000000000000000 ) ) ;
#2706 = AXIS2_PLACEMENT_3D ( 'NONE', #394, #935, #908 ) ;
#2707 = FACE_BOUND ( 'NONE', #2120, .T. ) ;
#2708 = EDGE_LOOP ( 'NONE', ( #1140, #681, #1107, #1993 ) ) ;
#2709 = VERTEX_POINT ( 'NONE', #1577 ) ;
#2710 = AXIS2_PLACEMENT_3D ( 'NONE', #1920, #492, #2684 ) ;
#2711 = CARTESIAN_POINT ( 'NONE',  ( 27.39554933883105292, -27.49999999999998224, 0.3611781074181260043 ) ) ;
#2712 = AXIS2_PLACEMENT_3D ( 'NONE', #1985, #1706, #1468 ) ;
#2713 = VERTEX_POINT ( 'NONE', #1030 ) ;
#2714 = CIRCLE ( 'NONE', #1434, 5.000000000000000888 ) ;
#2715 = ORIENTED_EDGE ( 'NONE', *, *, #2522, .F. ) ;
#2716 = VECTOR ( 'NONE', #638, 1000.000000000000000 ) ;
#2717 = ADVANCED_FACE ( 'NONE', ( #2953 ), #2362, .F. ) ;
#2718 = CARTESIAN_POINT ( 'NONE',  ( -53.19999999999999574, 0.0000000000000000000, 4.500000000000000000 ) ) ;
#2719 = CYLINDRICAL_SURFACE ( 'NONE', #2601, 1.000000000000001110 ) ;
#2720 = AXIS2_PLACEMENT_3D ( 'NONE', #258, #3616, #2803 ) ;
#2721 = LINE ( 'NONE', #3292, #607 ) ;
#2722 = EDGE_CURVE ( 'NONE', #3092, #3408, #2585, .T. ) ;
#2723 = VECTOR ( 'NONE', #3537, 1000.000000000000000 ) ;
#2724 = PERSON_AND_ORGANIZATION ( #14, #421 ) ;
#2725 = LINE ( 'NONE', #2742, #76 ) ;
#2726 = DIRECTION ( 'NONE',  ( 1.000000000000000000, 1.280238727658160503E-16, -0.0000000000000000000 ) ) ;
#2727 = ORIENTED_EDGE ( 'NONE', *, *, #672, .F. ) ;
#2728 = ORIENTED_EDGE ( 'NONE', *, *, #2378, .T. ) ;
#2729 = DIRECTION ( 'NONE',  ( 1.000000000000000000, -0.0000000000000000000, -0.0000000000000000000 ) ) ;
#2730 = CARTESIAN_POINT ( 'NONE',  ( 60.31000000000003070, -30.34691197243906302, 1.131253327514522716E-15 ) ) ;
#2731 = FACE_OUTER_BOUND ( 'NONE', #3154, .T. ) ;
#2732 = PLANE ( 'NONE',  #3186 ) ;
#2733 = ORIENTED_EDGE ( 'NONE', *, *, #511, .F. ) ;
#2734 = ORIENTED_EDGE ( 'NONE', *, *, #2132, .T. ) ;
#2735 = EDGE_CURVE ( 'NONE', #599, #3248, #969, .T. ) ;
#2736 = CARTESIAN_POINT ( 'NONE',  ( 27.39873438108356396, -27.49999999999998224, 0.5326507348783608986 ) ) ;
#2737 = EDGE_LOOP ( 'NONE', ( #1661, #2227, #3067, #1816 ) ) ;
#2738 = ORIENTED_EDGE ( 'NONE', *, *, #1235, .F. ) ;
#2739 = DIRECTION ( 'NONE',  ( -0.0000000000000000000, -0.0000000000000000000, 1.000000000000000000 ) ) ;
#2740 = CARTESIAN_POINT ( 'NONE',  ( 27.40069233463842124, 27.50000000000002842, -0.5923922288815397508 ) ) ;
#2741 = CYLINDRICAL_SURFACE ( 'NONE', #1718, 30.00000000000000000 ) ;
#2742 = CARTESIAN_POINT ( 'NONE',  ( 32.59999999999999432, -29.59999999999999076, 4.500000000000000000 ) ) ;
#2743 = EDGE_CURVE ( 'NONE', #2460, #577, #2880, .T. ) ;
#2744 = EDGE_CURVE ( 'NONE', #1614, #3541, #2186, .T. ) ;
#2745 = LINE ( 'NONE', #17, #3370 ) ;
#2746 = ORIENTED_EDGE ( 'NONE', *, *, #2041, .F. ) ;
#2747 = CARTESIAN_POINT ( 'NONE',  ( -27.49999999999997513, 0.0000000000000000000, -1.999999999999999112 ) ) ;
#2748 = CARTESIAN_POINT ( 'NONE',  ( 26.50000000000002487, -27.49999999999997868, -1.999999999999999112 ) ) ;
#2749 = DIRECTION ( 'NONE',  ( 0.0000000000000000000, 1.000000000000000000, 0.0000000000000000000 ) ) ;
#2750 = CARTESIAN_POINT ( 'NONE',  ( 27.42851196206926190, 27.50000000000002487, 0.8613597486097583911 ) ) ;
#2751 = DIRECTION ( 'NONE',  ( 1.000000000000000000, 0.0000000000000000000, 0.0000000000000000000 ) ) ;
#2752 = VERTEX_POINT ( 'NONE', #3545 ) ;
#2753 = ORIENTED_EDGE ( 'NONE', *, *, #128, .T. ) ;
#2754 = CARTESIAN_POINT ( 'NONE',  ( 27.49999613908261509, -27.32821032011008100, 0.5257800767280903509 ) ) ;
#2755 = ORIENTED_EDGE ( 'NONE', *, *, #636, .F. ) ;
#2756 = DIRECTION ( 'NONE',  ( 1.000000000000000000, 0.0000000000000000000, 0.0000000000000000000 ) ) ;
#2757 = ORIENTED_EDGE ( 'NONE', *, *, #2579, .T. ) ;
#2758 = FACE_OUTER_BOUND ( 'NONE', #75, .T. ) ;
#2759 = CARTESIAN_POINT ( 'NONE',  ( 27.49999986052752021, 26.87956361478471123, -0.9148797289226477947 ) ) ;
#2760 = CARTESIAN_POINT ( 'NONE',  ( -29.59999999999998366, -32.60000000000000853, 1.999999999999999556 ) ) ;
#2761 = ORIENTED_EDGE ( 'NONE', *, *, #366, .T. ) ;
#2762 = CARTESIAN_POINT ( 'NONE',  ( 26.50000000000002487, -17.68449894521845422, 2.000000000000000000 ) ) ;
#2763 = ORIENTED_EDGE ( 'NONE', *, *, #2312, .F. ) ;
#2764 = CARTESIAN_POINT ( 'NONE',  ( 32.59999999999999432, 29.59999999999997655, 4.500000000000000000 ) ) ;
#2765 = ADVANCED_FACE ( 'NONE', ( #3253 ), #2399, .F. ) ;
#2766 = DIRECTION ( 'NONE',  ( -0.0000000000000000000, -0.0000000000000000000, -1.000000000000000000 ) ) ;
#2767 = CARTESIAN_POINT ( 'NONE',  ( 29.59999999999997655, -32.60000000000000853, 4.500000000000000000 ) ) ;
#2768 = FACE_OUTER_BOUND ( 'NONE', #1123, .T. ) ;
#2769 = AXIS2_PLACEMENT_3D ( 'NONE', #2840, #331, #1446 ) ;
#2770 = VERTEX_POINT ( 'NONE', #2382 ) ;
#2771 = VECTOR ( 'NONE', #2197, 1000.000000000000000 ) ;
#2772 = CARTESIAN_POINT ( 'NONE',  ( 27.49999997503539362, -26.61751674364224840, 0.9901320029573783543 ) ) ;
#2773 = CIRCLE ( 'NONE', #889, 3.174999999999997158 ) ;
#2774 = CARTESIAN_POINT ( 'NONE',  ( -16.74999999999997158, -12.74999999999998757, 2.000000000000000000 ) ) ;
#2775 = CIRCLE ( 'NONE', #1714, 3.174999999999997158 ) ;
#2776 = ORIENTED_EDGE ( 'NONE', *, *, #217, .T. ) ;
#2777 = FACE_OUTER_BOUND ( 'NONE', #3111, .T. ) ;
#2778 = AXIS2_PLACEMENT_3D ( 'NONE', #3443, #1780, #920 ) ;
#2779 = CARTESIAN_POINT ( 'NONE',  ( 27.27897027734317348, 27.50000000000002487, -0.006934840547510239678 ) ) ;
#2780 = AXIS2_PLACEMENT_3D ( 'NONE', #2329, #1781, #1813 ) ;
#2781 = VECTOR ( 'NONE', #1210, 1000.000000000000000 ) ;
#2782 = DIRECTION ( 'NONE',  ( -0.0000000000000000000, -0.0000000000000000000, -1.000000000000000000 ) ) ;
#2783 = ADVANCED_FACE ( 'NONE', ( #1516 ), #2634, .T. ) ;
#2784 = VECTOR ( 'NONE', #1694, 1000.000000000000000 ) ;
#2785 = CARTESIAN_POINT ( 'NONE',  ( 55.85831239517769831, 54.20000000000001705, -2.000000000000000000 ) ) ;
#2786 = ORIENTED_EDGE ( 'NONE', *, *, #2895, .T. ) ;
#2787 = DIRECTION ( 'NONE',  ( -1.000000000000000000, -1.280238727658159763E-16, 0.0000000000000000000 ) ) ;
#2788 = VECTOR ( 'NONE', #2125, 1000.000000000000000 ) ;
#2789 = CARTESIAN_POINT ( 'NONE',  ( 27.50000000000002487, -26.49999999999997868, -0.9996271050385666657 ) ) ;
#2790 = CYLINDRICAL_SURFACE ( 'NONE', #92, 3.175000000000000711 ) ;
#2791 = AXIS2_PLACEMENT_3D ( 'NONE', #3377, #1977, #2265 ) ;
#2792 = DIRECTION ( 'NONE',  ( 0.0000000000000000000, 0.0000000000000000000, -1.000000000000000000 ) ) ;
#2793 = VERTEX_POINT ( 'NONE', #1807 ) ;
#2794 = CARTESIAN_POINT ( 'NONE',  ( 27.39375668112718643, -27.49999999999997868, -0.1501459737856986332 ) ) ;
#2795 = FACE_OUTER_BOUND ( 'NONE', #2205, .T. ) ;
#2796 = EDGE_CURVE ( 'NONE', #126, #1755, #3074, .T. ) ;
#2797 = EDGE_CURVE ( 'NONE', #2233, #1690, #1976, .T. ) ;
#2798 = EDGE_LOOP ( 'NONE', ( #2218, #1018, #2422, #56 ) ) ;
#2799 = DIRECTION ( 'NONE',  ( 1.000000000000000000, 0.0000000000000000000, 0.0000000000000000000 ) ) ;
#2800 = CARTESIAN_POINT ( 'NONE',  ( 27.15741927211079343, 27.50000000000002487, -0.05465301470986147492 ) ) ;
#2801 = LINE ( 'NONE', #798, #893 ) ;
#2802 = ADVANCED_FACE ( 'NONE', ( #3333 ), #527, .T. ) ;
#2803 = DIRECTION ( 'NONE',  ( 0.0000000000000000000, 1.000000000000000000, 0.0000000000000000000 ) ) ;
#2804 = ORIENTED_EDGE ( 'NONE', *, *, #2883, .F. ) ;
#2805 = FACE_OUTER_BOUND ( 'NONE', #504, .T. ) ;
#2806 = LINE ( 'NONE', #2007, #73 ) ;
#2807 = FACE_OUTER_BOUND ( 'NONE', #3012, .T. ) ;
#2808 = CARTESIAN_POINT ( 'NONE',  ( 55.85831239517771252, -53.20000000000000284, 5.000000000000000000 ) ) ;
#2809 = ORIENTED_EDGE ( 'NONE', *, *, #839, .T. ) ;
#2810 = CARTESIAN_POINT ( 'NONE',  ( 27.39337321806485193, -27.49999999999997868, -0.04830914554033600983 ) ) ;
#2811 = DIRECTION ( 'NONE',  ( -0.0000000000000000000, 0.0000000000000000000, 1.000000000000000000 ) ) ;
#2812 = ORIENTED_EDGE ( 'NONE', *, *, #3573, .F. ) ;
#2813 = LINE ( 'NONE', #610, #1658 ) ;
#2814 = CARTESIAN_POINT ( 'NONE',  ( 27.39430559316209113, 27.50000000000002487, -0.2315011238245610614 ) ) ;
#2815 = ADVANCED_FACE ( 'NONE', ( #2758 ), #3289, .F. ) ;
#2816 = LINE ( 'NONE', #1489, #944 ) ;
#2817 = DIRECTION ( 'NONE',  ( -0.0000000000000000000, -0.0000000000000000000, 1.000000000000000000 ) ) ;
#2818 = VERTEX_POINT ( 'NONE', #750 ) ;
#2819 = CARTESIAN_POINT ( 'NONE',  ( 27.50000000000002487, 25.89938689446439213, -1.015971497120147671 ) ) ;
#2820 = CARTESIAN_POINT ( 'NONE',  ( 60.31000000000002359, 29.98090081228328785, 3.174999999999998046 ) ) ;
#2821 = LINE ( 'NONE', #2280, #2128 ) ;
#2822 = CARTESIAN_POINT ( 'NONE',  ( -47.62500000000000000, 19.04999999999999716, 4.500000000000000000 ) ) ;
#2823 = ORIENTED_EDGE ( 'NONE', *, *, #523, .F. ) ;
#2824 = CARTESIAN_POINT ( 'NONE',  ( 27.39346037522197008, -27.49999999999997868, 0.08374896164322433167 ) ) ;
#2825 = CARTESIAN_POINT ( 'NONE',  ( -41.27500000000000568, -19.04999999999999716, -4.500000000000000000 ) ) ;
#2826 = ORIENTED_EDGE ( 'NONE', *, *, #2830, .T. ) ;
#2827 = CIRCLE ( 'NONE', #940, 3.174999999999997158 ) ;
#2828 = CARTESIAN_POINT ( 'NONE',  ( 44.45000000000000284, -19.04999999999999716, -4.500000000000000000 ) ) ;
#2829 = CARTESIAN_POINT ( 'NONE',  ( 27.49999644891213180, 27.25683966793539170, 0.6297673672973282955 ) ) ;
#2830 = EDGE_CURVE ( 'NONE', #3306, #1848, #2650, .T. ) ;
#2831 = VECTOR ( 'NONE', #2049, 1000.000000000000000 ) ;
#2832 = DIRECTION ( 'NONE',  ( -1.000000000000000000, 0.0000000000000000000, 0.0000000000000000000 ) ) ;
#2833 = CIRCLE ( 'NONE', #2010, 3.174999999999997158 ) ;
#2834 = CIRCLE ( 'NONE', #206, 1.000000000000000888 ) ;
#2835 = ORIENTED_EDGE ( 'NONE', *, *, #406, .T. ) ;
#2836 = EDGE_CURVE ( 'NONE', #1118, #1779, #1111, .T. ) ;
#2837 = ADVANCED_FACE ( 'NONE', ( #3349 ), #812, .F. ) ;
#2838 = LINE ( 'NONE', #1378, #1535 ) ;
#2839 = VECTOR ( 'NONE', #293, 1000.000000000000000 ) ;
#2840 = CARTESIAN_POINT ( 'NONE',  ( 19.05000000000000071, -44.45000000000000284, 4.500000000000000000 ) ) ;
#2841 = DIRECTION ( 'NONE',  ( 0.0000000000000000000, 0.0000000000000000000, 1.000000000000000000 ) ) ;
#2842 = CARTESIAN_POINT ( 'NONE',  ( 60.31000000000003070, -30.34691197243905947, -2.000000000000000000 ) ) ;
#2843 = VECTOR ( 'NONE', #2433, 1000.000000000000000 ) ;
#2844 = ORIENTED_EDGE ( 'NONE', *, *, #1043, .F. ) ;
#2845 = CARTESIAN_POINT ( 'NONE',  ( 27.50005536833426945, -27.46050009445922058, 0.1780154835316750950 ) ) ;
#2846 = CYLINDRICAL_SURFACE ( 'NONE', #846, 1.000000000000000888 ) ;
#2847 = EDGE_CURVE ( 'NONE', #3053, #2233, #3130, .T. ) ;
#2848 = ORIENTED_EDGE ( 'NONE', *, *, #326, .T. ) ;
#2849 = PLANE ( 'NONE',  #2590 ) ;
#2850 = CARTESIAN_POINT ( 'NONE',  ( 27.27107734346762413, 27.50000000000002487, 0.01144017085888474408 ) ) ;
#2851 = DIRECTION ( 'NONE',  ( 0.0000000000000000000, 0.0000000000000000000, 1.000000000000000000 ) ) ;
#2852 = ORIENTED_EDGE ( 'NONE', *, *, #3416, .F. ) ;
#2853 = CYLINDRICAL_SURFACE ( 'NONE', #1600, 1.000000000000000888 ) ;
#2854 = DIRECTION ( 'NONE',  ( -0.9977097021176764002, 0.06764133573679137479, 0.0000000000000000000 ) ) ;
#2855 = CARTESIAN_POINT ( 'NONE',  ( -3.469446951953617344E-15, 27.50000000000002132, -1.999999999999999112 ) ) ;
#2856 = EDGE_CURVE ( 'NONE', #827, #3248, #427, .T. ) ;
#2857 = EDGE_CURVE ( 'NONE', #1925, #1527, #234, .T. ) ;
#2858 = DIRECTION ( 'NONE',  ( -0.0000000000000000000, -0.0000000000000000000, -1.000000000000000000 ) ) ;
#2859 = ORIENTED_EDGE ( 'NONE', *, *, #3549, .T. ) ;
#2860 = CARTESIAN_POINT ( 'NONE',  ( 27.39344984135959749, -27.49999999999997868, -0.07826135507888073994 ) ) ;
#2861 = PLANE ( 'NONE',  #1196 ) ;
#2862 = VERTEX_POINT ( 'NONE', #3270 ) ;
#2863 = DIRECTION ( 'NONE',  ( -0.0000000000000000000, 0.0000000000000000000, 1.000000000000000000 ) ) ;
#2864 = CARTESIAN_POINT ( 'NONE',  ( 27.49999988917121030, 26.77122061539956377, 0.9559620162985056346 ) ) ;
#2865 = EDGE_CURVE ( 'NONE', #479, #1227, #1347, .T. ) ;
#2866 = CARTESIAN_POINT ( 'NONE',  ( 27.28369072699855735, 27.50000000000002842, -0.002883759647722739655 ) ) ;
#2867 = EDGE_LOOP ( 'NONE', ( #3139, #3571 ) ) ;
#2868 = DIRECTION ( 'NONE',  ( -0.0000000000000000000, -0.0000000000000000000, 1.000000000000000000 ) ) ;
#2869 = CYLINDRICAL_SURFACE ( 'NONE', #2780, 3.174999999999997158 ) ;
#2870 = DIRECTION ( 'NONE',  ( -0.0000000000000000000, -0.0000000000000000000, 1.000000000000000000 ) ) ;
#2871 = CARTESIAN_POINT ( 'NONE',  ( 32.59999999999999432, 29.59999999999997655, -1.999999999999999556 ) ) ;
#2872 = ORIENTED_EDGE ( 'NONE', *, *, #3397, .T. ) ;
#2873 = ADVANCED_FACE ( 'NONE', ( #1930, #1868 ), #770, .F. ) ;
#2874 = CARTESIAN_POINT ( 'NONE',  ( 27.50000000104718012, -26.55368826692807005, -0.9967667370279040817 ) ) ;
#2875 = CARTESIAN_POINT ( 'NONE',  ( 29.59999999999997655, -32.60000000000000853, -1.999999999999999556 ) ) ;
#2876 = VERTEX_POINT ( 'NONE', #1050 ) ;
#2877 = DIRECTION ( 'NONE',  ( -0.0000000000000000000, -0.0000000000000000000, -1.000000000000000000 ) ) ;
#2878 = VECTOR ( 'NONE', #2087, 1000.000000000000000 ) ;
#2879 = CARTESIAN_POINT ( 'NONE',  ( 27.25720049875646467, 27.50000000000002132, 0.01746969443633358821 ) ) ;
#2880 = CIRCLE ( 'NONE', #1304, 1.000000000000000888 ) ;
#2881 = ORIENTED_EDGE ( 'NONE', *, *, #762, .F. ) ;
#2882 = VECTOR ( 'NONE', #2557, 1000.000000000000000 ) ;
#2883 = EDGE_CURVE ( 'NONE', #872, #299, #1912, .T. ) ;
#2884 = AXIS2_PLACEMENT_3D ( 'NONE', #2124, #732, #1849 ) ;
#2885 = CARTESIAN_POINT ( 'NONE',  ( 27.50000000000002487, -25.46876924706666756, 1.008788647599787371E-15 ) ) ;
#2886 = CIRCLE ( 'NONE', #1891, 3.174999999999997158 ) ;
#2887 = CARTESIAN_POINT ( 'NONE',  ( 26.50000000000002487, -27.49999999999997868, 4.500000000000000000 ) ) ;
#2888 = ORIENTED_EDGE ( 'NONE', *, *, #3088, .T. ) ;
#2889 = VECTOR ( 'NONE', #1700, 1000.000000000000000 ) ;
#2890 = CARTESIAN_POINT ( 'NONE',  ( 27.13815008378721672, -27.49999999999997868, -0.06249887942109803168 ) ) ;
#2891 = CIRCLE ( 'NONE', #435, 1.000000000000000888 ) ;
#2892 = CARTESIAN_POINT ( 'NONE',  ( -15.87500000000000000, -44.45000000000000284, 4.500000000000000000 ) ) ;
#2893 = ORIENTED_EDGE ( 'NONE', *, *, #1581, .T. ) ;
#2894 = CARTESIAN_POINT ( 'NONE',  ( 26.51970676196366838, -27.49999999999997868, 0.7717801060329284590 ) ) ;
#2895 = EDGE_CURVE ( 'NONE', #608, #2106, #214, .T. ) ;
#2896 = ADVANCED_FACE ( 'NONE', ( #2777 ), #275, .T. ) ;
#2897 = DIRECTION ( 'NONE',  ( -0.0000000000000000000, -0.0000000000000000000, 1.000000000000000000 ) ) ;
#2898 = ORIENTED_EDGE ( 'NONE', *, *, #2694, .F. ) ;
#2899 = DIRECTION ( 'NONE',  ( 0.0000000000000000000, 0.0000000000000000000, -1.000000000000000000 ) ) ;
#2900 = DIRECTION ( 'NONE',  ( -0.0000000000000000000, -0.0000000000000000000, 1.000000000000000000 ) ) ;
#2901 = CARTESIAN_POINT ( 'NONE',  ( -32.60000000000000142, -29.59999999999999076, 1.999999999999999556 ) ) ;
#2902 = LINE ( 'NONE', #1992, #1901 ) ;
#2903 = ORIENTED_EDGE ( 'NONE', *, *, #16, .T. ) ;
#2904 = ORIENTED_EDGE ( 'NONE', *, *, #715, .T. ) ;
#2905 = CARTESIAN_POINT ( 'NONE',  ( 26.50000000000002487, -27.49999999999997868, -0.9996271050385666657 ) ) ;
#2906 = PLANE ( 'NONE',  #1247 ) ;
#2907 = ORIENTED_EDGE ( 'NONE', *, *, #1011, .T. ) ;
#2908 = DIRECTION ( 'NONE',  ( 1.000000000000000000, 0.0000000000000000000, 0.0000000000000000000 ) ) ;
#2909 = ADVANCED_FACE ( 'NONE', ( #2445 ), #3564, .F. ) ;
#2910 = DIRECTION ( 'NONE',  ( 1.000000000000000000, -0.0000000000000000000, 0.0000000000000000000 ) ) ;
#2911 = ADVANCED_FACE ( 'NONE', ( #3036 ), #3437, .T. ) ;
#2912 = CARTESIAN_POINT ( 'NONE',  ( 27.48188807301677627, 27.49999999999982592, -0.9908660991776274685 ) ) ;
#2913 = ORIENTED_EDGE ( 'NONE', *, *, #3039, .T. ) ;
#2914 = CARTESIAN_POINT ( 'NONE',  ( 27.50000000000002487, -26.49999999999997868, -0.9996271050385666657 ) ) ;
#2915 = CARTESIAN_POINT ( 'NONE',  ( -29.59999999999998366, 32.59999999999999432, -4.500000000000000000 ) ) ;
#2916 = CARTESIAN_POINT ( 'NONE',  ( 26.58127354940678444, -27.49999999999997513, 0.5441980696115685801 ) ) ;
#2917 = CARTESIAN_POINT ( 'NONE',  ( -16.74999999999997158, -13.74999999999998401, -2.000000000000000000 ) ) ;
#2918 = VERTEX_POINT ( 'NONE', #594 ) ;
#2919 = ORIENTED_EDGE ( 'NONE', *, *, #3442, .F. ) ;
#2920 = CARTESIAN_POINT ( 'NONE',  ( 27.43919959855121249, -27.49999999999997868, -0.9069536145290166829 ) ) ;
#2921 = ORIENTED_EDGE ( 'NONE', *, *, #3148, .T. ) ;
#2922 = CARTESIAN_POINT ( 'NONE',  ( 27.39331891021918253, 27.50000000000002132, 0.004172878208711487853 ) ) ;
#2923 = DIRECTION ( 'NONE',  ( -0.0000000000000000000, 0.0000000000000000000, -1.000000000000000000 ) ) ;
#2924 = ORIENTED_EDGE ( 'NONE', *, *, #3505, .F. ) ;
#2925 = CARTESIAN_POINT ( 'NONE',  ( 22.22500000000000142, 44.45000000000000284, -4.500000000000000000 ) ) ;
#2926 = DIRECTION ( 'NONE',  ( 0.0000000000000000000, 0.0000000000000000000, -1.000000000000000000 ) ) ;
#2927 = CARTESIAN_POINT ( 'NONE',  ( 29.59999999999997655, -32.60000000000000853, -1.999999999999999556 ) ) ;
#2928 = CIRCLE ( 'NONE', #419, 1.000000000000000888 ) ;
#2929 = ORIENTED_EDGE ( 'NONE', *, *, #3397, .F. ) ;
#2930 = DIRECTION ( 'NONE',  ( 0.9977097021176764002, -0.06764133573679152744, 0.0000000000000000000 ) ) ;
#2931 = AXIS2_PLACEMENT_3D ( 'NONE', #3524, #3227, #2926 ) ;
#2932 = CARTESIAN_POINT ( 'NONE',  ( 29.59999999999997655, 32.59999999999999432, 1.999999999999999556 ) ) ;
#2933 =( GEOMETRIC_REPRESENTATION_CONTEXT ( 3 ) GLOBAL_UNCERTAINTY_ASSIGNED_CONTEXT ( ( #921 ) ) GLOBAL_UNIT_ASSIGNED_CONTEXT ( ( #1254, #2404, #467 ) ) REPRESENTATION_CONTEXT ( 'NONE', 'WORKASPACE' ) );
#2934 = CARTESIAN_POINT ( 'NONE',  ( 27.26552940271254855, -27.49999999999998224, 0.01413792672488033142 ) ) ;
#2935 = ADVANCED_FACE ( 'NONE', ( #2581, #643, #3366, #2308, #1455, #1440, #29, #1969, #3123, #2602 ), #98, .F. ) ;
#2936 = ADVANCED_FACE ( 'NONE', ( #353 ), #77, .T. ) ;
#2937 = DIRECTION ( 'NONE',  ( 1.000000000000000000, 1.280238727658160256E-16, 0.0000000000000000000 ) ) ;
#2938 = VERTEX_POINT ( 'NONE', #850 ) ;
#2939 = ORIENTED_EDGE ( 'NONE', *, *, #2400, .F. ) ;
#2940 = VECTOR ( 'NONE', #1914, 1000.000000000000000 ) ;
#2941 = CARTESIAN_POINT ( 'NONE',  ( 27.50000005541443215, -26.84002287546477916, -0.9309186652668756112 ) ) ;
#2942 = ORIENTED_EDGE ( 'NONE', *, *, #305, .T. ) ;
#2943 = CARTESIAN_POINT ( 'NONE',  ( 26.59485110696146748, 27.50000000000002487, 0.5593375122568553515 ) ) ;
#2944 = VECTOR ( 'NONE', #1070, 1000.000000000000000 ) ;
#2945 = CARTESIAN_POINT ( 'NONE',  ( 19.05000000000000071, 44.45000000000000284, 4.500000000000000000 ) ) ;
#2946 = CIRCLE ( 'NONE', #2424, 3.174999999999997158 ) ;
#2947 = EDGE_LOOP ( 'NONE', ( #1606, #2913, #2727, #2809, #789, #1519 ) ) ;
#2948 = CARTESIAN_POINT ( 'NONE',  ( 27.50000000105487530, -26.55434210873579559, 0.9967145358953880541 ) ) ;
#2949 = AXIS2_PLACEMENT_3D ( 'NONE', #888, #1274, #1314 ) ;
#2950 = ORIENTED_EDGE ( 'NONE', *, *, #1915, .F. ) ;
#2951 = EDGE_CURVE ( 'NONE', #3320, #2600, #2813, .T. ) ;
#2952 = AXIS2_PLACEMENT_3D ( 'NONE', #3052, #543, #1651 ) ;
#2953 = FACE_OUTER_BOUND ( 'NONE', #1384, .T. ) ;
#2954 = CARTESIAN_POINT ( 'NONE',  ( 26.59554083108785960, 27.50000000000002487, -0.5579930298596453841 ) ) ;
#2955 = AXIS2_PLACEMENT_3D ( 'NONE', #1522, #1736, #1255 ) ;
#2956 = DIRECTION ( 'NONE',  ( 1.000000000000000000, 0.0000000000000000000, 0.0000000000000000000 ) ) ;
#2957 = DATE_AND_TIME ( #1833, #3177 ) ;
#2958 = CARTESIAN_POINT ( 'NONE',  ( 27.25885038112400949, -27.49999999999998224, 0.01676485647768541712 ) ) ;
#2959 = DIRECTION ( 'NONE',  ( -0.0000000000000000000, 0.0000000000000000000, 1.000000000000000000 ) ) ;
#2960 = ORIENTED_EDGE ( 'NONE', *, *, #2743, .T. ) ;
#2961 = CYLINDRICAL_SURFACE ( 'NONE', #3303, 1.000000000000000888 ) ;
#2962 = DIRECTION ( 'NONE',  ( 0.0000000000000000000, 0.0000000000000000000, -1.000000000000000000 ) ) ;
#2963 = EDGE_CURVE ( 'NONE', #550, #3625, #876, .T. ) ;
#2964 = DIRECTION ( 'NONE',  ( -1.280238727658160256E-16, 1.000000000000000000, -0.0000000000000000000 ) ) ;
#2965 = EDGE_CURVE ( 'NONE', #3332, #604, #48, .T. ) ;
#2966 = VERTEX_POINT ( 'NONE', #2238 ) ;
#2967 = CARTESIAN_POINT ( 'NONE',  ( 27.50000000014948398, 26.52002172984712303, 0.9989040119344435587 ) ) ;
#2968 = CARTESIAN_POINT ( 'NONE',  ( 44.45000000000000284, 19.04999999999999716, 4.500000000000000000 ) ) ;
#2969 = VERTEX_POINT ( 'NONE', #2286 ) ;
#2970 = EDGE_LOOP ( 'NONE', ( #3563, #2691, #2091, #2434 ) ) ;
#2971 = PLANE ( 'NONE',  #1138 ) ;
#2972 = EDGE_LOOP ( 'NONE', ( #833, #1176, #3447, #503 ) ) ;
#2973 = FACE_OUTER_BOUND ( 'NONE', #3561, .T. ) ;
#2974 = EDGE_CURVE ( 'NONE', #1742, #1342, #2566, .T. ) ;
#2975 = CARTESIAN_POINT ( 'NONE',  ( 27.49999999561969588, 26.56521152095876559, -0.9958623347076442922 ) ) ;
#2976 = CARTESIAN_POINT ( 'NONE',  ( -27.49999999999997513, 22.50000000000001776, 1.999999999999999556 ) ) ;
#2977 = CARTESIAN_POINT ( 'NONE',  ( 27.50000000000002487, -26.49999999999997868, 0.9996271050385684420 ) ) ;
#2978 =( BOUNDED_CURVE ( )  B_SPLINE_CURVE ( 3, ( #3554, #3262, #3240, #200 ),
 .UNSPECIFIED., .F., .T. ) 
 B_SPLINE_CURVE_WITH_KNOTS ( ( 4, 4 ),
 ( 0.0000000000000000000, 3.141592653589793116 ),
 .UNSPECIFIED. ) 
 CURVE ( )  GEOMETRIC_REPRESENTATION_ITEM ( )  RATIONAL_B_SPLINE_CURVE ( ( 1.000000000000000000, 0.3333333333333333703, 0.3333333333333333703, 1.000000000000000000 ) ) 
 REPRESENTATION_ITEM ( '' )  );
#2979 = CARTESIAN_POINT ( 'NONE',  ( 60.31000000000002359, 8.859251995394472435E-15, 0.0000000000000000000 ) ) ;
#2980 = VERTEX_POINT ( 'NONE', #3400 ) ;
#2981 = EDGE_LOOP ( 'NONE', ( #1483, #1633 ) ) ;
#2982 = CARTESIAN_POINT ( 'NONE',  ( 27.50000000000002842, 27.47640892215336095, 0.5731797882573645975 ) ) ;
#2983 = CARTESIAN_POINT ( 'NONE',  ( 16.63412551730307243, 1.467249472609253758, 2.000000000000000000 ) ) ;
#2984 = CARTESIAN_POINT ( 'NONE',  ( -60.58479997962216856, -18.76616765744416782, 1.008788647599787371E-15 ) ) ;
#2985 = CARTESIAN_POINT ( 'NONE',  ( 69.20000000000003126, 8.859251995394472435E-15, 5.000000000000000000 ) ) ;
#2986 = EDGE_CURVE ( 'NONE', #3504, #1101, #915, .T. ) ;
#2987 = ORIENTED_EDGE ( 'NONE', *, *, #2024, .F. ) ;
#2988 = ORIENTED_EDGE ( 'NONE', *, *, #1655, .T. ) ;
#2989 = CARTESIAN_POINT ( 'NONE',  ( 27.50000061806417762, -27.23822424227266836, 0.6473780585102305585 ) ) ;
#2990 = EDGE_LOOP ( 'NONE', ( #347, #3288 ) ) ;
#2991 = EDGE_CURVE ( 'NONE', #2709, #424, #2057, .T. ) ;
#2992 = CARTESIAN_POINT ( 'NONE',  ( -19.05000000000000071, -44.45000000000000284, 4.500000000000000000 ) ) ;
#2993 = DIRECTION ( 'NONE',  ( 0.0000000000000000000, -0.0000000000000000000, 1.000000000000000000 ) ) ;
#2994 = DIRECTION ( 'NONE',  ( -0.0000000000000000000, 0.0000000000000000000, 1.000000000000000000 ) ) ;
#2995 = DATE_AND_TIME ( #2431, #772 ) ;
#2996 = LINE ( 'NONE', #1273, #1241 ) ;
#2997 = EDGE_CURVE ( 'NONE', #2485, #2012, #2018, .T. ) ;
#2998 = DIRECTION ( 'NONE',  ( 0.0000000000000000000, 0.0000000000000000000, -1.000000000000000000 ) ) ;
#2999 = VERTEX_POINT ( 'NONE', #2258 ) ;
#3000 = CIRCLE ( 'NONE', #192, 1.000000000000000888 ) ;
#3001 = FACE_OUTER_BOUND ( 'NONE', #763, .T. ) ;
#3002 = CYLINDRICAL_SURFACE ( 'NONE', #1005, 3.174999999999998934 ) ;
#3003 = VECTOR ( 'NONE', #225, 1000.000000000000000 ) ;
#3004 = CARTESIAN_POINT ( 'NONE',  ( 55.85831239517769831, 54.20000000000001705, 2.000000000000000000 ) ) ;
#3005 = CARTESIAN_POINT ( 'NONE',  ( 26.99794807719953837, 27.50000000000002487, 0.1320612574490900304 ) ) ;
#3006 = VECTOR ( 'NONE', #83, 1000.000000000000000 ) ;
#3007 = LINE ( 'NONE', #2139, #3604 ) ;
#3008 = ORIENTED_EDGE ( 'NONE', *, *, #1971, .T. ) ;
#3009 = ORIENTED_EDGE ( 'NONE', *, *, #1265, .T. ) ;
#3010 = CARTESIAN_POINT ( 'NONE',  ( 27.49999999561970654, -26.56521152094800797, 0.9958623347085592270 ) ) ;
#3011 = AXIS2_PLACEMENT_3D ( 'NONE', #1557, #2674, #2324 ) ;
#3012 = EDGE_LOOP ( 'NONE', ( #274, #2074, #559, #3050 ) ) ;
#3013 = VECTOR ( 'NONE', #3060, 1000.000000000000000 ) ;
#3014 = VERTEX_POINT ( 'NONE', #1997 ) ;
#3015 = CIRCLE ( 'NONE', #783, 3.175000000000000711 ) ;
#3016 = CARTESIAN_POINT ( 'NONE',  ( 27.50000000000002842, 27.07515468964038163, -0.9839755089138702004 ) ) ;
#3017 = ADVANCED_FACE ( 'NONE', ( #1728 ), #2849, .T. ) ;
#3018 = CARTESIAN_POINT ( 'NONE',  ( 27.50000131227338684, 27.30405304564098401, -0.5615625879268537624 ) ) ;
#3019 = EDGE_CURVE ( 'NONE', #1733, #3144, #2833, .T. ) ;
#3020 = VECTOR ( 'NONE', #280, 1000.000000000000114 ) ;
#3021 = DIRECTION ( 'NONE',  ( 2.341876692568687684E-14, 0.0000000000000000000, -1.000000000000000000 ) ) ;
#3022 = AXIS2_PLACEMENT_3D ( 'NONE', #2484, #1109, #3105 ) ;
#3023 = DATE_TIME_ROLE ( 'creation_date' ) ;
#3024 = CARTESIAN_POINT ( 'NONE',  ( 26.50000000000002487, -27.49999999999997868, -0.9996271050385666657 ) ) ;
#3025 = DIRECTION ( 'NONE',  ( 0.0000000000000000000, 0.0000000000000000000, -1.000000000000000000 ) ) ;
#3026 = ORIENTED_EDGE ( 'NONE', *, *, #1504, .F. ) ;
#3027 = VERTEX_POINT ( 'NONE', #2033 ) ;
#3028 = DIRECTION ( 'NONE',  ( 0.0000000000000000000, -0.0000000000000000000, 1.000000000000000000 ) ) ;
#3029 = CARTESIAN_POINT ( 'NONE',  ( 26.49999998431643888, 27.50000000000002487, 0.8850190768459975654 ) ) ;
#3030 = DIRECTION ( 'NONE',  ( -1.280238727658160256E-16, 1.000000000000000000, -0.0000000000000000000 ) ) ;
#3031 = ORIENTED_EDGE ( 'NONE', *, *, #2586, .T. ) ;
#3032 = VERTEX_POINT ( 'NONE', #3158 ) ;
#3033 = CARTESIAN_POINT ( 'NONE',  ( 27.50000131227745825, -27.30405304480968454, 0.5615625891421843763 ) ) ;
#3034 = ORIENTED_EDGE ( 'NONE', *, *, #245, .T. ) ;
#3035 = ORIENTED_EDGE ( 'NONE', *, *, #326, .F. ) ;
#3036 = FACE_OUTER_BOUND ( 'NONE', #2798, .T. ) ;
#3037 = CARTESIAN_POINT ( 'NONE',  ( 27.26466313022186938, 27.50000000000002487, -0.01431317548078819141 ) ) ;
#3038 = EDGE_CURVE ( 'NONE', #2999, #3261, #1480, .T. ) ;
#3039 = EDGE_CURVE ( 'NONE', #479, #993, #372, .T. ) ;
#3040 = LINE ( 'NONE', #2760, #3419 ) ;
#3041 = DATE_AND_TIME ( #531, #2345 ) ;
#3042 = ORIENTED_EDGE ( 'NONE', *, *, #2400, .T. ) ;
#3043 = DIRECTION ( 'NONE',  ( 0.0000000000000000000, 0.0000000000000000000, -1.000000000000000000 ) ) ;
#3044 = VERTEX_POINT ( 'NONE', #443 ) ;
#3045 = CARTESIAN_POINT ( 'NONE',  ( 55.85831239517771252, -53.20000000000000284, -5.000000000000000000 ) ) ;
#3046 = LINE ( 'NONE', #3325, #2771 ) ;
#3047 = LINE ( 'NONE', #742, #3589 ) ;
#3048 = CARTESIAN_POINT ( 'NONE',  ( 26.50000000000002487, -27.49999999999997868, 0.9996271050385684420 ) ) ;
#3049 = CARTESIAN_POINT ( 'NONE',  ( -47.62500000000000000, -19.04999999999999716, 4.500000000000000000 ) ) ;
#3050 = ORIENTED_EDGE ( 'NONE', *, *, #1234, .F. ) ;
#3051 = CARTESIAN_POINT ( 'NONE',  ( 27.27746033776854162, -27.49999999999997868, 0.007894714378926992807 ) ) ;
#3052 = CARTESIAN_POINT ( 'NONE',  ( 60.31000000000002359, 8.859251995394472435E-15, 0.0000000000000000000 ) ) ;
#3053 = VERTEX_POINT ( 'NONE', #2380 ) ;
#3054 = DIRECTION ( 'NONE',  ( 0.0000000000000000000, -1.000000000000000000, 0.0000000000000000000 ) ) ;
#3055 = CARTESIAN_POINT ( 'NONE',  ( 27.39402789760302781, 27.50000000000002842, -0.1934259175325315772 ) ) ;
#3056 = DIRECTION ( 'NONE',  ( -1.000000000000000000, 0.0000000000000000000, 2.602085213965208275E-15 ) ) ;
#3057 = EDGE_LOOP ( 'NONE', ( #1701, #2470, #2393, #24 ) ) ;
#3058 = CARTESIAN_POINT ( 'NONE',  ( 69.20000000000003126, 29.98090081228328785, -3.174999999999996270 ) ) ;
#3059 = EDGE_LOOP ( 'NONE', ( #746, #3323, #222, #2017, #1275, #1126 ) ) ;
#3060 = DIRECTION ( 'NONE',  ( -1.000000000000000000, 0.0000000000000000000, 0.0000000000000000000 ) ) ;
#3061 = DIRECTION ( 'NONE',  ( -1.000000000000000000, -1.133806193448893442E-16, 0.0000000000000000000 ) ) ;
#3062 = CYLINDRICAL_SURFACE ( 'NONE', #1838, 3.174999999999997158 ) ;
#3063 = ADVANCED_FACE ( 'NONE', ( #967 ), #3208, .F. ) ;
#3064 = ADVANCED_FACE ( 'NONE', ( #1575 ), #2971, .T. ) ;
#3065 = CARTESIAN_POINT ( 'NONE',  ( 44.45000000000000284, 19.04999999999999716, -4.500000000000000000 ) ) ;
#3066 = VECTOR ( 'NONE', #3595, 1000.000000000000114 ) ;
#3067 = ORIENTED_EDGE ( 'NONE', *, *, #1810, .F. ) ;
#3068 = AXIS2_PLACEMENT_3D ( 'NONE', #758, #2729, #2453 ) ;
#3069 = CARTESIAN_POINT ( 'NONE',  ( 26.88502750085155313, -27.49999999999997868, 0.2077081031583480064 ) ) ;
#3070 = APPROVAL_PERSON_ORGANIZATION ( #2724, #90, #1075 ) ;
#3071 = CYLINDRICAL_SURFACE ( 'NONE', #1966, 1.000000000000000888 ) ;
#3072 = AXIS2_PLACEMENT_3D ( 'NONE', #1167, #3618, #261 ) ;
#3073 = VERTEX_POINT ( 'NONE', #418 ) ;
#3074 = CIRCLE ( 'NONE', #2884, 3.174999999999997158 ) ;
#3075 = DIRECTION ( 'NONE',  ( -1.000000000000000000, 1.960139520877748248E-17, -0.0000000000000000000 ) ) ;
#3076 = AXIS2_PLACEMENT_3D ( 'NONE', #1831, #485, #466 ) ;
#3077 = CARTESIAN_POINT ( 'NONE',  ( 27.22447842771251914, 27.50000000000002487, -0.02954477911163619699 ) ) ;
#3078 = CARTESIAN_POINT ( 'NONE',  ( 60.31000000000002359, -29.98090081228328785, 1.008788647599787371E-15 ) ) ;
#3079 = AXIS2_PLACEMENT_3D ( 'NONE', #1221, #3459, #666 ) ;
#3080 = DIRECTION ( 'NONE',  ( -0.0000000000000000000, -0.0000000000000000000, 1.000000000000000000 ) ) ;
#3081 = ORIENTED_EDGE ( 'NONE', *, *, #2099, .T. ) ;
#3082 = LINE ( 'NONE', #52, #2420 ) ;
#3083 = AXIS2_PLACEMENT_3D ( 'NONE', #2984, #999, #723 ) ;
#3084 = DIRECTION ( 'NONE',  ( 0.0000000000000000000, 0.0000000000000000000, 1.000000000000000000 ) ) ;
#3085 = CARTESIAN_POINT ( 'NONE',  ( 27.50000000000002487, 3.520656501059945993E-15, 0.0000000000000000000 ) ) ;
#3086 = CYLINDRICAL_SURFACE ( 'NONE', #2596, 3.174999999999997158 ) ;
#3087 = VERTEX_POINT ( 'NONE', #687 ) ;
#3088 = EDGE_CURVE ( 'NONE', #2441, #3144, #671, .T. ) ;
#3089 = ADVANCED_FACE ( 'NONE', ( #1002 ), #3225, .F. ) ;
#3090 = CARTESIAN_POINT ( 'NONE',  ( 27.39404270743499836, -27.49999999999997513, -0.1960493509222280550 ) ) ;
#3091 = CARTESIAN_POINT ( 'NONE',  ( -16.74999999999997158, -13.74999999999998401, 2.000000000000000000 ) ) ;
#3092 = VERTEX_POINT ( 'NONE', #2925 ) ;
#3093 = CARTESIAN_POINT ( 'NONE',  ( -27.49999999999997513, 0.0000000000000000000, 1.999999999999999556 ) ) ;
#3094 = CARTESIAN_POINT ( 'NONE',  ( 27.49999868772666289, 27.25903935155692182, -0.6225985145408028387 ) ) ;
#3095 = CARTESIAN_POINT ( 'NONE',  ( 26.50000000000002487, -26.49999999999997868, -2.000000000000000000 ) ) ;
#3096 = VERTEX_POINT ( 'NONE', #2692 ) ;
#3097 = CARTESIAN_POINT ( 'NONE',  ( 27.50000000000002487, 25.46876924706666756, 1.131253327514522716E-15 ) ) ;
#3098 = DIRECTION ( 'NONE',  ( 1.568111616702198845E-16, -1.000000000000000000, 0.0000000000000000000 ) ) ;
#3099 = DIRECTION ( 'NONE',  ( -1.000000000000000000, 0.0000000000000000000, 0.0000000000000000000 ) ) ;
#3100 = CARTESIAN_POINT ( 'NONE',  ( 26.50000000000002487, 11.81550105478153867, 4.500000000000000000 ) ) ;
#3101 = EDGE_LOOP ( 'NONE', ( #437, #2812, #2898, #1049 ) ) ;
#3102 = CARTESIAN_POINT ( 'NONE',  ( 27.39366808397359421, -27.49999999999998224, 0.1325354731941845721 ) ) ;
#3103 = EDGE_CURVE ( 'NONE', #994, #2366, #2538, .T. ) ;
#3104 =( BOUNDED_CURVE ( )  B_SPLINE_CURVE ( 3, ( #1411, #1183, #3342, #3376 ),
 .UNSPECIFIED., .F., .F. ) 
 B_SPLINE_CURVE_WITH_KNOTS ( ( 4, 4 ),
 ( 1.224646799147351235E-16, 3.141592653589793116 ),
 .UNSPECIFIED. ) 
 CURVE ( )  GEOMETRIC_REPRESENTATION_ITEM ( )  RATIONAL_B_SPLINE_CURVE ( ( 1.000000000000000000, 0.3333333333333333703, 0.3333333333333333703, 1.000000000000000000 ) ) 
 REPRESENTATION_ITEM ( '' )  );
#3105 = DIRECTION ( 'NONE',  ( -1.000000000000000000, 0.0000000000000000000, 0.0000000000000000000 ) ) ;
#3106 = ORIENTED_EDGE ( 'NONE', *, *, #1552, .T. ) ;
#3107 = CARTESIAN_POINT ( 'NONE',  ( -16.74999999999997158, 15.75000000000000355, -2.000000000000000000 ) ) ;
#3108 = CARTESIAN_POINT ( 'NONE',  ( 27.49999190627551116, 27.40743716581043543, 0.3668319358886011905 ) ) ;
#3109 = EDGE_CURVE ( 'NONE', #3218, #3309, #387, .T. ) ;
#3110 = CARTESIAN_POINT ( 'NONE',  ( 27.07901868556059810, 27.50000000000002842, -0.08760781871829877165 ) ) ;
#3111 = EDGE_LOOP ( 'NONE', ( #163, #2734, #2098, #2823 ) ) ;
#3112 = CARTESIAN_POINT ( 'NONE',  ( -60.49764423687450687, 17.76997295935242249, 1.131253327514522716E-15 ) ) ;
#3113 = DIRECTION ( 'NONE',  ( -0.08715574274766037244, 0.9961946980917453232, 0.0000000000000000000 ) ) ;
#3114 = DIRECTION ( 'NONE',  ( 1.000000000000000000, 0.0000000000000000000, 0.0000000000000000000 ) ) ;
#3115 = ADVANCED_FACE ( 'NONE', ( #1212 ), #1283, .F. ) ;
#3116 = CARTESIAN_POINT ( 'NONE',  ( -22.49999999999997513, 27.50000000000001776, 4.500000000000000000 ) ) ;
#3117 = ORIENTED_EDGE ( 'NONE', *, *, #2539, .F. ) ;
#3118 = CARTESIAN_POINT ( 'NONE',  ( 27.28366579851589790, -27.49999999999997868, -0.001864858743696476417 ) ) ;
#3119 = AXIS2_PLACEMENT_3D ( 'NONE', #2071, #1493, #393 ) ;
#3120 = CYLINDRICAL_SURFACE ( 'NONE', #3022, 3.175000000000000711 ) ;
#3121 = ORIENTED_EDGE ( 'NONE', *, *, #918, .F. ) ;
#3122 = AXIS2_PLACEMENT_3D ( 'NONE', #1814, #1854, #1624 ) ;
#3123 = FACE_BOUND ( 'NONE', #1458, .T. ) ;
#3124 = CARTESIAN_POINT ( 'NONE',  ( 27.49999966726519673, 26.96597501526902008, 0.8725205075077034911 ) ) ;
#3125 = VECTOR ( 'NONE', #471, 1000.000000000000000 ) ;
#3126 = AXIS2_PLACEMENT_3D ( 'NONE', #1053, #2127, #3255 ) ;
#3127 = EDGE_CURVE ( 'NONE', #1527, #1227, #3472, .T. ) ;
#3128 = DIRECTION ( 'NONE',  ( -0.0000000000000000000, -0.0000000000000000000, -1.000000000000000000 ) ) ;
#3129 = EDGE_CURVE ( 'NONE', #3625, #3014, #2356, .T. ) ;
#3130 = CIRCLE ( 'NONE', #198, 1.000000000000000888 ) ;
#3131 = CIRCLE ( 'NONE', #1604, 3.174999999999997158 ) ;
#3132 = ORIENTED_EDGE ( 'NONE', *, *, #2836, .F. ) ;
#3133 = LINE ( 'NONE', #1410, #2294 ) ;
#3134 = CIRCLE ( 'NONE', #1199, 3.175000000000000711 ) ;
#3135 = CARTESIAN_POINT ( 'NONE',  ( 27.50000000000002487, 25.46876924706666756, 1.131253327514522716E-15 ) ) ;
#3136 = DIRECTION ( 'NONE',  ( -0.0000000000000000000, 0.0000000000000000000, -1.000000000000000000 ) ) ;
#3137 = CARTESIAN_POINT ( 'NONE',  ( 69.20000000000003126, -29.98090081228328785, -3.174999999999996270 ) ) ;
#3138 = CIRCLE ( 'NONE', #3193, 30.00000000000000000 ) ;
#3139 = ORIENTED_EDGE ( 'NONE', *, *, #3629, .F. ) ;
#3140 = ADVANCED_FACE ( 'NONE', ( #3503 ), #2338, .F. ) ;
#3141 = CARTESIAN_POINT ( 'NONE',  ( 27.50007442099047950, -27.47722744170556197, -0.008314659273406993512 ) ) ;
#3142 = AXIS2_PLACEMENT_3D ( 'NONE', #2316, #2592, #3457 ) ;
#3143 = DIRECTION ( 'NONE',  ( 0.0000000000000000000, 0.0000000000000000000, -1.000000000000000000 ) ) ;
#3144 = VERTEX_POINT ( 'NONE', #3204 ) ;
#3145 = DIRECTION ( 'NONE',  ( -1.000000000000000000, 0.0000000000000000000, 0.0000000000000000000 ) ) ;
#3146 = CARTESIAN_POINT ( 'NONE',  ( 27.50006316435155185, 27.46505510758985480, 0.1509031896720093580 ) ) ;
#3147 = CARTESIAN_POINT ( 'NONE',  ( 27.17693384929963685, 27.50000000000002132, 0.04690022203337724377 ) ) ;
#3148 = EDGE_CURVE ( 'NONE', #1444, #3403, #2373, .T. ) ;
#3149 = ORIENTED_EDGE ( 'NONE', *, *, #2209, .T. ) ;
#3150 = DIRECTION ( 'NONE',  ( 0.9961946980917452121, 0.08715574274766223206, -0.0000000000000000000 ) ) ;
#3151 = LINE ( 'NONE', #2368, #831 ) ;
#3152 = CARTESIAN_POINT ( 'NONE',  ( 44.45000000000000284, 19.04999999999999716, 4.500000000000000000 ) ) ;
#3153 = CYLINDRICAL_SURFACE ( 'NONE', #2192, 3.175000000000000711 ) ;
#3154 = EDGE_LOOP ( 'NONE', ( #160, #1425, #3617, #1642, #2653 ) ) ;
#3155 = CARTESIAN_POINT ( 'NONE',  ( 27.39333151009253342, -27.49999999999997868, 0.02229334028057511005 ) ) ;
#3156 = CARTESIAN_POINT ( 'NONE',  ( -32.60000000000000142, -29.59999999999999076, -1.999999999999999556 ) ) ;
#3157 = EDGE_LOOP ( 'NONE', ( #966, #1968, #139, #2844 ) ) ;
#3158 = CARTESIAN_POINT ( 'NONE',  ( -32.60000000000000142, -29.59999999999999076, 1.999999999999999556 ) ) ;
#3159 = CARTESIAN_POINT ( 'NONE',  ( 27.50000012094498913, 26.92934010535130085, 0.8911590088488521300 ) ) ;
#3160 = EDGE_CURVE ( 'NONE', #2918, #3087, #2092, .T. ) ;
#3161 = CARTESIAN_POINT ( 'NONE',  ( 27.27740984261730617, 27.50000000000002132, 0.009425445803248225923 ) ) ;
#3162 = ORIENTED_EDGE ( 'NONE', *, *, #1265, .F. ) ;
#3163 = DIRECTION ( 'NONE',  ( 0.0000000000000000000, 0.0000000000000000000, 1.000000000000000000 ) ) ;
#3164 = DIRECTION ( 'NONE',  ( -0.0000000000000000000, 0.0000000000000000000, 1.000000000000000000 ) ) ;
#3165 = CARTESIAN_POINT ( 'NONE',  ( 27.50000000000002487, -26.49999999999997868, 0.9996271050385684420 ) ) ;
#3166 = EDGE_LOOP ( 'NONE', ( #977, #1984, #526, #2612 ) ) ;
#3167 = EDGE_CURVE ( 'NONE', #1237, #2693, #609, .T. ) ;
#3168 = CARTESIAN_POINT ( 'NONE',  ( 27.39869120774138267, -27.49999999999998224, -0.5345390979857020941 ) ) ;
#3169 = EDGE_CURVE ( 'NONE', #2548, #3092, #3047, .T. ) ;
#3170 = DIRECTION ( 'NONE',  ( 1.000000000000000000, -0.0000000000000000000, 0.0000000000000000000 ) ) ;
#3171 = ORIENTED_EDGE ( 'NONE', *, *, #2289, .T. ) ;
#3172 = CARTESIAN_POINT ( 'NONE',  ( 27.50000000000002487, -27.49999999999997868, 0.9996271050385688861 ) ) ;
#3173 = AXIS2_PLACEMENT_3D ( 'NONE', #721, #3555, #1022 ) ;
#3174 = CARTESIAN_POINT ( 'NONE',  ( 27.26552940281316140, 27.50000000000002842, -0.01413792668341194714 ) ) ;
#3175 = PRODUCT_DEFINITION ( 'UNKNOWN', '', #3363, #882 ) ;
#3176 = CIRCLE ( 'NONE', #25, 1.000000000000000888 ) ;
#3177 = LOCAL_TIME ( 15, 1, 45.00000000000000000, #1916 ) ;
#3178 = VERTEX_POINT ( 'NONE', #1609 ) ;
#3179 = FACE_OUTER_BOUND ( 'NONE', #3192, .T. ) ;
#3180 = AXIS2_PLACEMENT_3D ( 'NONE', #1847, #1515, #2063 ) ;
#3181 = CARTESIAN_POINT ( 'NONE',  ( -22.49999999999997513, 22.50000000000001776, 4.500000000000000000 ) ) ;
#3182 = CARTESIAN_POINT ( 'NONE',  ( 27.50000000000002487, 26.50000000000002487, -0.9996271050385656665 ) ) ;
#3183 = AXIS2_PLACEMENT_3D ( 'NONE', #1218, #392, #2328 ) ;
#3184 = CARTESIAN_POINT ( 'NONE',  ( -16.63412551730302269, 16.21724947260923955, 2.000000000000000000 ) ) ;
#3185 = ORIENTED_EDGE ( 'NONE', *, *, #2224, .F. ) ;
#3186 = AXIS2_PLACEMENT_3D ( 'NONE', #227, #981, #2156 ) ;
#3187 = CARTESIAN_POINT ( 'NONE',  ( 27.50000000421240998, -26.59531796975015183, -0.9926190965252267295 ) ) ;
#3188 = CIRCLE ( 'NONE', #330, 2.999999999999999112 ) ;
#3189 = DIRECTION ( 'NONE',  ( 0.0000000000000000000, 0.0000000000000000000, 1.000000000000000000 ) ) ;
#3190 = EDGE_CURVE ( 'NONE', #2713, #2106, #2928, .T. ) ;
#3191 = EDGE_CURVE ( 'NONE', #2494, #608, #3279, .T. ) ;
#3192 = EDGE_LOOP ( 'NONE', ( #1491, #2149, #2160, #962 ) ) ;
#3193 = AXIS2_PLACEMENT_3D ( 'NONE', #3343, #1666, #1398 ) ;
#3194 = DIRECTION ( 'NONE',  ( 1.000000000000000000, 0.0000000000000000000, 0.0000000000000000000 ) ) ;
#3195 = DIRECTION ( 'NONE',  ( 0.0000000000000000000, 0.0000000000000000000, 1.000000000000000000 ) ) ;
#3196 = CARTESIAN_POINT ( 'NONE',  ( 27.49999996440863370, 26.68968008777624590, -0.9767480382204996037 ) ) ;
#3197 = VERTEX_POINT ( 'NONE', #2730 ) ;
#3198 = CARTESIAN_POINT ( 'NONE',  ( 29.59999999999997655, -32.60000000000000853, 1.999999999999999556 ) ) ;
#3199 = CARTESIAN_POINT ( 'NONE',  ( 60.31000000000003070, 30.34691197243906302, 1.008788647599787371E-15 ) ) ;
#3200 = CARTESIAN_POINT ( 'NONE',  ( 26.50000000000002842, -27.49999999999998934, 0.7698779064439017494 ) ) ;
#3201 = CARTESIAN_POINT ( 'NONE',  ( 19.05000000000000071, -44.45000000000000284, 4.500000000000000000 ) ) ;
#3202 = ORIENTED_EDGE ( 'NONE', *, *, #2603, .F. ) ;
#3203 = VERTEX_POINT ( 'NONE', #1296 ) ;
#3204 = CARTESIAN_POINT ( 'NONE',  ( 41.27500000000000568, -19.04999999999999716, -4.500000000000000000 ) ) ;
#3205 = ORIENTED_EDGE ( 'NONE', *, *, #3549, .F. ) ;
#3206 = DIRECTION ( 'NONE',  ( 0.0000000000000000000, 0.0000000000000000000, -1.000000000000000000 ) ) ;
#3207 = ORIENTED_EDGE ( 'NONE', *, *, #3485, .T. ) ;
#3208 = CYLINDRICAL_SURFACE ( 'NONE', #3180, 3.174999999999997158 ) ;
#3209 = DIRECTION ( 'NONE',  ( -0.0000000000000000000, -0.0000000000000000000, -1.000000000000000000 ) ) ;
#3210 = ADVANCED_FACE ( 'NONE', ( #3574 ), #1645, .F. ) ;
#3211 = FACE_OUTER_BOUND ( 'NONE', #1346, .T. ) ;
#3212 = EDGE_LOOP ( 'NONE', ( #3558, #1243, #3481, #1652, #3117, #532, #2157, #1046 ) ) ;
#3213 = DIRECTION ( 'NONE',  ( 1.000000000000000000, 0.0000000000000000000, 0.0000000000000000000 ) ) ;
#3214 = FACE_OUTER_BOUND ( 'NONE', #2552, .T. ) ;
#3215 = CARTESIAN_POINT ( 'NONE',  ( 27.28461061135142884, -27.49999999999998579, -0.001395934981388095722 ) ) ;
#3216 = CARTESIAN_POINT ( 'NONE',  ( -32.60000000000000142, 29.59999999999997655, -1.999999999999999556 ) ) ;
#3217 = ORIENTED_EDGE ( 'NONE', *, *, #2326, .F. ) ;
#3218 = VERTEX_POINT ( 'NONE', #759 ) ;
#3219 = CARTESIAN_POINT ( 'NONE',  ( 26.88080538390997631, -27.49999999999997868, -0.2110785334240581346 ) ) ;
#3220 = ORIENTED_EDGE ( 'NONE', *, *, #1523, .F. ) ;
#3221 = EDGE_CURVE ( 'NONE', #914, #1614, #784, .T. ) ;
#3222 = CARTESIAN_POINT ( 'NONE',  ( 27.39344984136500116, 27.50000000000002842, 0.07826135685100658879 ) ) ;
#3223 = CARTESIAN_POINT ( 'NONE',  ( 60.31000000000003070, 29.98090081228328430, 1.008788647599787371E-15 ) ) ;
#3224 = ORIENTED_EDGE ( 'NONE', *, *, #1042, .T. ) ;
#3225 = CYLINDRICAL_SURFACE ( 'NONE', #491, 3.174999999999997158 ) ;
#3226 = ORIENTED_EDGE ( 'NONE', *, *, #288, .F. ) ;
#3227 = DIRECTION ( 'NONE',  ( 1.000000000000000000, -0.0000000000000000000, -0.0000000000000000000 ) ) ;
#3228 = CARTESIAN_POINT ( 'NONE',  ( 27.50000003559141604, 26.74499840245759330, -0.9628935645412157740 ) ) ;
#3229 = CIRCLE ( 'NONE', #884, 4.999999999999997335 ) ;
#3230 = EDGE_CURVE ( 'NONE', #2262, #3296, #1004, .T. ) ;
#3231 = EDGE_CURVE ( 'NONE', #1118, #1003, #2703, .T. ) ;
#3232 = CARTESIAN_POINT ( 'NONE',  ( 44.45000000000000284, -19.04999999999999716, 4.500000000000000000 ) ) ;
#3233 = CIRCLE ( 'NONE', #1950, 2.999999999999999112 ) ;
#3234 = APPROVAL_DATE_TIME ( #1853, #90 ) ;
#3235 = CARTESIAN_POINT ( 'NONE',  ( 27.27740984274152325, -27.49999999999997513, -0.009425445764828606007 ) ) ;
#3236 = DIRECTION ( 'NONE',  ( 0.0000000000000000000, 0.0000000000000000000, -1.000000000000000000 ) ) ;
#3237 = ORIENTED_EDGE ( 'NONE', *, *, #2621, .T. ) ;
#3238 = AXIS2_PLACEMENT_3D ( 'NONE', #2464, #828, #482 ) ;
#3239 = DIRECTION ( 'NONE',  ( 0.0000000000000000000, 0.0000000000000000000, -1.000000000000000000 ) ) ;
#3240 = CARTESIAN_POINT ( 'NONE',  ( 60.31000000000003070, 28.33927229735236963, 2.000000000000002220 ) ) ;
#3241 = CIRCLE ( 'NONE', #1245, 1.000000000000000888 ) ;
#3242 = CARTESIAN_POINT ( 'NONE',  ( 27.09898267162596142, -27.49999999999997868, -0.07935489665345700494 ) ) ;
#3243 = ORIENTED_EDGE ( 'NONE', *, *, #2174, .F. ) ;
#3244 = CARTESIAN_POINT ( 'NONE',  ( 27.50000000000002487, 27.50000000000002487, 0.9996271050385675538 ) ) ;
#3245 = CARTESIAN_POINT ( 'NONE',  ( 0.0000000000000000000, -27.49999999999997868, -1.999999999999999112 ) ) ;
#3246 = AXIS2_PLACEMENT_3D ( 'NONE', #1062, #1555, #3538 ) ;
#3247 = ORIENTED_EDGE ( 'NONE', *, *, #3312, .T. ) ;
#3248 = VERTEX_POINT ( 'NONE', #1357 ) ;
#3249 = CARTESIAN_POINT ( 'NONE',  ( 27.50000000000002487, 0.0000000000000000000, 4.500000000000000000 ) ) ;
#3250 = AXIS2_PLACEMENT_3D ( 'NONE', #2212, #817, #1936 ) ;
#3251 = ORIENTED_EDGE ( 'NONE', *, *, #506, .T. ) ;
#3252 = AXIS2_PLACEMENT_3D ( 'NONE', #1061, #1041, #1587 ) ;
#3253 = FACE_OUTER_BOUND ( 'NONE', #2492, .T. ) ;
#3254 = CARTESIAN_POINT ( 'NONE',  ( 26.88502750089616100, 27.50000000000002487, -0.2077081031231223229 ) ) ;
#3255 = DIRECTION ( 'NONE',  ( 0.0000000000000000000, 0.0000000000000000000, 1.000000000000000000 ) ) ;
#3256 = APPLICATION_PROTOCOL_DEFINITION ( 'international standard', 'config_control_design', 1994, #1268 ) ;
#3257 = CARTESIAN_POINT ( 'NONE',  ( 69.20000000000001705, -53.20000000000000284, 5.000000000000000000 ) ) ;
#3258 = EDGE_CURVE ( 'NONE', #3248, #3027, #1060, .T. ) ;
#3259 = FACE_OUTER_BOUND ( 'NONE', #2134, .T. ) ;
#3260 = ORIENTED_EDGE ( 'NONE', *, *, #2735, .T. ) ;
#3261 = VERTEX_POINT ( 'NONE', #455 ) ;
#3262 = CARTESIAN_POINT ( 'NONE',  ( 60.31000000000003070, 30.34691197243905947, 2.000000000000001776 ) ) ;
#3263 = CARTESIAN_POINT ( 'NONE',  ( -16.74999999999997158, -12.74999999999998757, 2.000000000000000000 ) ) ;
#3264 = DIRECTION ( 'NONE',  ( 0.0000000000000000000, 1.000000000000000000, 0.0000000000000000000 ) ) ;
#3265 = LINE ( 'NONE', #745, #2543 ) ;
#3266 = EDGE_LOOP ( 'NONE', ( #3329, #2135 ) ) ;
#3267 = ORIENTED_EDGE ( 'NONE', *, *, #3109, .T. ) ;
#3268 = CARTESIAN_POINT ( 'NONE',  ( 27.49999959074602174, -26.98545493800552464, 0.8616242976275150234 ) ) ;
#3269 = ORIENTED_EDGE ( 'NONE', *, *, #636, .T. ) ;
#3270 = CARTESIAN_POINT ( 'NONE',  ( -16.63412551730302269, 16.21724947260923955, -2.000000000000000000 ) ) ;
#3271 = CARTESIAN_POINT ( 'NONE',  ( 27.02769704372790116, 27.50000000000002487, -0.1151208566127211869 ) ) ;
#3272 = CARTESIAN_POINT ( 'NONE',  ( 44.45000000000000284, -19.04999999999999716, -4.500000000000000000 ) ) ;
#3273 = DIRECTION ( 'NONE',  ( 0.0000000000000000000, 0.0000000000000000000, 1.000000000000000000 ) ) ;
#3274 = CARTESIAN_POINT ( 'NONE',  ( 26.87719148139717262, -27.49999999999998224, -0.2080351857184323250 ) ) ;
#3275 = CARTESIAN_POINT ( 'NONE',  ( 26.50000000000002487, 27.50000000000002487, 1.999999999999999556 ) ) ;
#3276 = VERTEX_POINT ( 'NONE', #1568 ) ;
#3277 = VERTEX_POINT ( 'NONE', #2983 ) ;
#3278 = DIRECTION ( 'NONE',  ( 1.000000000000000000, 0.0000000000000000000, 0.0000000000000000000 ) ) ;
#3279 = LINE ( 'NONE', #1841, #3003 ) ;
#3280 = CARTESIAN_POINT ( 'NONE',  ( 26.51920820943981738, 27.50000000000002487, 0.7737950209375410449 ) ) ;
#3281 = CARTESIAN_POINT ( 'NONE',  ( 15.87500000000000000, -44.45000000000000284, 4.500000000000000000 ) ) ;
#3282 = VERTEX_POINT ( 'NONE', #2137 ) ;
#3283 = ORIENTED_EDGE ( 'NONE', *, *, #2614, .F. ) ;
#3284 = EDGE_CURVE ( 'NONE', #3513, #2213, #1948, .T. ) ;
#3285 = EDGE_CURVE ( 'NONE', #1264, #1925, #3229, .T. ) ;
#3286 = CARTESIAN_POINT ( 'NONE',  ( 26.79945128476386884, -27.49999999999997868, 0.2828757851227318154 ) ) ;
#3287 = ORIENTED_EDGE ( 'NONE', *, *, #3506, .T. ) ;
#3288 = ORIENTED_EDGE ( 'NONE', *, *, #3019, .T. ) ;
#3289 = CYLINDRICAL_SURFACE ( 'NONE', #1769, 3.174999999999998934 ) ;
#3290 = CARTESIAN_POINT ( 'NONE',  ( 27.39813418235982567, 27.50000000000003553, -0.5109310749400342022 ) ) ;
#3291 = APPROVAL ( #3586, 'UNSPECIFIED' ) ;
#3292 = CARTESIAN_POINT ( 'NONE',  ( -15.81764133573676467, 15.68678924310080269, 2.000000000000000000 ) ) ;
#3293 = PERSON_AND_ORGANIZATION_ROLE ( 'creator' ) ;
#3294 = CARTESIAN_POINT ( 'NONE',  ( 0.0000000000000000000, 0.0000000000000000000, 2.000000000000000000 ) ) ;
#3295 = LINE ( 'NONE', #2, #1488 ) ;
#3296 = VERTEX_POINT ( 'NONE', #243 ) ;
#3297 = VECTOR ( 'NONE', #1540, 1000.000000000000000 ) ;
#3298 = DIRECTION ( 'NONE',  ( 0.0000000000000000000, 0.0000000000000000000, -1.000000000000000000 ) ) ;
#3299 = CARTESIAN_POINT ( 'NONE',  ( -15.87500000000000000, 44.45000000000000284, -4.500000000000000000 ) ) ;
#3300 = APPROVAL_PERSON_ORGANIZATION ( #1272, #3291, #2385 ) ;
#3301 = DIRECTION ( 'NONE',  ( 1.000000000000000000, 0.0000000000000000000, 0.0000000000000000000 ) ) ;
#3302 = CARTESIAN_POINT ( 'NONE',  ( 69.20000000000003126, 9.248077354123756846E-15, 3.174999999999998934 ) ) ;
#3303 = AXIS2_PLACEMENT_3D ( 'NONE', #1337, #3239, #516 ) ;
#3304 = CARTESIAN_POINT ( 'NONE',  ( 26.50000000000002487, 11.81550105478153867, 2.000000000000000000 ) ) ;
#3305 = ORIENTED_EDGE ( 'NONE', *, *, #3506, .F. ) ;
#3306 = VERTEX_POINT ( 'NONE', #1586 ) ;
#3307 = CARTESIAN_POINT ( 'NONE',  ( 27.49999876387171938, -27.17973211065718075, 0.7121235621167781860 ) ) ;
#3308 = VECTOR ( 'NONE', #473, 1000.000000000000000 ) ;
#3309 = VERTEX_POINT ( 'NONE', #3263 ) ;
#3310 = VECTOR ( 'NONE', #3378, 1000.000000000000000 ) ;
#3311 = ADVANCED_FACE ( 'NONE', ( #3536 ), #805, .F. ) ;
#3312 = EDGE_CURVE ( 'NONE', #3470, #2770, #180, .T. ) ;
#3313 = ORIENTED_EDGE ( 'NONE', *, *, #189, .F. ) ;
#3314 = AXIS2_PLACEMENT_3D ( 'NONE', #1750, #1450, #70 ) ;
#3315 = DIRECTION ( 'NONE',  ( -1.000000000000000000, 0.0000000000000000000, 0.0000000000000000000 ) ) ;
#3316 = CARTESIAN_POINT ( 'NONE',  ( 27.23794562665738184, 27.50000000000002487, -0.02465790222853183819 ) ) ;
#3317 = VECTOR ( 'NONE', #1991, 1000.000000000000000 ) ;
#3318 = LINE ( 'NONE', #1679, #268 ) ;
#3319 = AXIS2_PLACEMENT_3D ( 'NONE', #2540, #35, #1150 ) ;
#3320 = VERTEX_POINT ( 'NONE', #1922 ) ;
#3321 = DIRECTION ( 'NONE',  ( -0.0000000000000000000, 0.0000000000000000000, 1.000000000000000000 ) ) ;
#3322 = CARTESIAN_POINT ( 'NONE',  ( 15.87500000000000000, -44.45000000000000284, -4.500000000000000000 ) ) ;
#3323 = ORIENTED_EDGE ( 'NONE', *, *, #2024, .T. ) ;
#3324 = FACE_OUTER_BOUND ( 'NONE', #240, .T. ) ;
#3325 = CARTESIAN_POINT ( 'NONE',  ( 29.59999999999997655, -32.60000000000000853, 1.999999999999999556 ) ) ;
#3326 = DIRECTION ( 'NONE',  ( -0.0000000000000000000, -0.0000000000000000000, 1.000000000000000000 ) ) ;
#3327 = CARTESIAN_POINT ( 'NONE',  ( 27.49289827416525611, 27.50000000000002487, 0.9985387085217407588 ) ) ;
#3328 = DIRECTION ( 'NONE',  ( 1.000000000000000000, 0.0000000000000000000, 0.0000000000000000000 ) ) ;
#3329 = ORIENTED_EDGE ( 'NONE', *, *, #439, .F. ) ;
#3330 = CARTESIAN_POINT ( 'NONE',  ( 27.27435907683805283, -27.49999999999997868, 0.009697777045720811992 ) ) ;
#3331 = CARTESIAN_POINT ( 'NONE',  ( -32.60000000000000142, 29.59999999999997655, 4.500000000000000000 ) ) ;
#3332 = VERTEX_POINT ( 'NONE', #2411 ) ;
#3333 = FACE_OUTER_BOUND ( 'NONE', #1366, .T. ) ;
#3334 = CARTESIAN_POINT ( 'NONE',  ( 27.39702444941204362, 27.50000000000001066, -0.4606773634884767099 ) ) ;
#3335 = CARTESIAN_POINT ( 'NONE',  ( 6.031848949148114413E-15, -53.20000000000000995, 4.500000000000000000 ) ) ;
#3336 = EDGE_CURVE ( 'NONE', #3032, #3276, #1828, .T. ) ;
#3337 = ADVANCED_FACE ( 'NONE', ( #202 ), #1319, .F. ) ;
#3338 = VERTEX_POINT ( 'NONE', #2820 ) ;
#3339 = CARTESIAN_POINT ( 'NONE',  ( -15.81764133573676467, 15.68678924310080269, 2.000000000000000000 ) ) ;
#3340 = ORIENTED_EDGE ( 'NONE', *, *, #3103, .F. ) ;
#3341 = CARTESIAN_POINT ( 'NONE',  ( 54.19999999999999574, 54.20000000000001705, -4.500000000000000000 ) ) ;
#3342 = CARTESIAN_POINT ( 'NONE',  ( 60.31000000000003070, -28.33927229735236963, 2.000000000000002220 ) ) ;
#3343 = CARTESIAN_POINT ( 'NONE',  ( -23.19999999999999929, -23.20000000000001705, -4.500000000000000000 ) ) ;
#3344 = CARTESIAN_POINT ( 'NONE',  ( -16.74999999999997158, 15.75000000000000355, 2.000000000000000000 ) ) ;
#3345 = ORIENTED_EDGE ( 'NONE', *, *, #506, .F. ) ;
#3346 = CARTESIAN_POINT ( 'NONE',  ( 27.50000003559141604, -26.74499840237511350, 0.9628935645639153940 ) ) ;
#3347 = FACE_OUTER_BOUND ( 'NONE', #252, .T. ) ;
#3348 = ORIENTED_EDGE ( 'NONE', *, *, #3312, .F. ) ;
#3349 = FACE_OUTER_BOUND ( 'NONE', #979, .T. ) ;
#3350 = CARTESIAN_POINT ( 'NONE',  ( 27.50000013947252597, 26.94645984057604693, -0.8823418284055379868 ) ) ;
#3351 = DIRECTION ( 'NONE',  ( -0.0000000000000000000, -0.0000000000000000000, -1.000000000000000000 ) ) ;
#3352 = ADVANCED_FACE ( 'NONE', ( #1460 ), #1990, .F. ) ;
#3353 = DIRECTION ( 'NONE',  ( -0.0000000000000000000, -0.0000000000000000000, 1.000000000000000000 ) ) ;
#3354 = ORIENTED_EDGE ( 'NONE', *, *, #2865, .T. ) ;
#3355 = LINE ( 'NONE', #2228, #556 ) ;
#3356 = CARTESIAN_POINT ( 'NONE',  ( -26.49999999999997513, -2.934498945218459554, 2.000000000000000000 ) ) ;
#3357 = CARTESIAN_POINT ( 'NONE',  ( -26.49999999999997513, 2.000000000000014655, -2.000000000000000000 ) ) ;
#3358 = LINE ( 'NONE', #3137, #2716 ) ;
#3359 = AXIS2_PLACEMENT_3D ( 'NONE', #116, #664, #1748 ) ;
#3360 = EDGE_LOOP ( 'NONE', ( #2518, #3440, #3106, #1842 ) ) ;
#3361 = AXIS2_PLACEMENT_3D ( 'NONE', #1608, #1921, #1840 ) ;
#3362 = CARTESIAN_POINT ( 'NONE',  ( 27.28361890628267261, -27.49999999999997868, 0.002082238588731196750 ) ) ;
#3363 = PRODUCT_DEFINITION_FORMATION_WITH_SPECIFIED_SOURCE ( 'ANY', '', #1762, .NOT_KNOWN. ) ;
#3364 = DIRECTION ( 'NONE',  ( -0.0000000000000000000, -0.0000000000000000000, -1.000000000000000000 ) ) ;
#3365 = ORIENTED_EDGE ( 'NONE', *, *, #2883, .T. ) ;
#3366 = FACE_BOUND ( 'NONE', #328, .T. ) ;
#3367 = CIRCLE ( 'NONE', #2009, 3.174999999999997158 ) ;
#3368 = CARTESIAN_POINT ( 'NONE',  ( 27.28335103392821637, 27.50000000000002487, -0.002498704665558301643 ) ) ;
#3369 = AXIS2_PLACEMENT_3D ( 'NONE', #3435, #1481, #3189 ) ;
#3370 = VECTOR ( 'NONE', #239, 1000.000000000000000 ) ;
#3371 = CARTESIAN_POINT ( 'NONE',  ( 27.50000000000002487, 27.47640892215336095, 1.008788647599787371E-15 ) ) ;
#3372 = ORIENTED_EDGE ( 'NONE', *, *, #673, .T. ) ;
#3373 = DIRECTION ( 'NONE',  ( -0.0000000000000000000, -0.0000000000000000000, -1.000000000000000000 ) ) ;
#3374 = CIRCLE ( 'NONE', #1258, 1.000000000000000888 ) ;
#3375 = EDGE_CURVE ( 'NONE', #2371, #1076, #1939, .T. ) ;
#3376 = CARTESIAN_POINT ( 'NONE',  ( 60.31000000000003070, -28.33927229735236608, 1.008788647599787371E-15 ) ) ;
#3377 = CARTESIAN_POINT ( 'NONE',  ( 44.45000000000000284, -19.04999999999999716, 4.500000000000000000 ) ) ;
#3378 = DIRECTION ( 'NONE',  ( -0.0000000000000000000, -0.0000000000000000000, -1.000000000000000000 ) ) ;
#3379 = ORIENTED_EDGE ( 'NONE', *, *, #715, .F. ) ;
#3380 = ADVANCED_FACE ( 'NONE', ( #2572 ), #20, .F. ) ;
#3381 = CARTESIAN_POINT ( 'NONE',  ( 27.25133983248174019, -27.49999999999997868, -0.01968493932595440088 ) ) ;
#3382 = EDGE_CURVE ( 'NONE', #3470, #2318, #2806, .T. ) ;
#3383 = CARTESIAN_POINT ( 'NONE',  ( 47.62500000000000000, -19.04999999999999716, -4.500000000000000000 ) ) ;
#3384 = ORIENTED_EDGE ( 'NONE', *, *, #930, .T. ) ;
#3385 = DIRECTION ( 'NONE',  ( 0.0000000000000000000, 0.0000000000000000000, 1.000000000000000000 ) ) ;
#3386 = CARTESIAN_POINT ( 'NONE',  ( 27.39375668113779128, 27.50000000000002132, 0.1501459751121657360 ) ) ;
#3387 = CARTESIAN_POINT ( 'NONE',  ( 26.51902224688636522, 27.50000000000002487, 0.7746394843020807386 ) ) ;
#3388 = ADVANCED_FACE ( 'NONE', ( #621 ), #68, .F. ) ;
#3389 = ORIENTED_EDGE ( 'NONE', *, *, #2402, .F. ) ;
#3390 = LINE ( 'NONE', #282, #2240 ) ;
#3391 = DIRECTION ( 'NONE',  ( -0.0000000000000000000, -0.0000000000000000000, -1.000000000000000000 ) ) ;
#3392 = CARTESIAN_POINT ( 'NONE',  ( 27.50000000000002487, 26.50000000000002487, 0.9996271050385675538 ) ) ;
#3393 = CARTESIAN_POINT ( 'NONE',  ( 19.05000000000000071, -44.45000000000000284, 4.500000000000000000 ) ) ;
#3394 = ORIENTED_EDGE ( 'NONE', *, *, #1362, .T. ) ;
#3395 = CARTESIAN_POINT ( 'NONE',  ( 27.39349804013256673, -27.49999999999997868, 0.09255129320550312122 ) ) ;
#3396 = DIRECTION ( 'NONE',  ( -1.000000000000000000, 0.0000000000000000000, 0.0000000000000000000 ) ) ;
#3397 = EDGE_CURVE ( 'NONE', #2419, #2213, #2229, .T. ) ;
#3398 = EDGE_CURVE ( 'NONE', #3197, #1819, #3104, .T. ) ;
#3399 = ORIENTED_EDGE ( 'NONE', *, *, #3284, .T. ) ;
#3400 = CARTESIAN_POINT ( 'NONE',  ( -27.49999999999997513, 22.50000000000001776, -1.999999999999999112 ) ) ;
#3401 = CARTESIAN_POINT ( 'NONE',  ( 27.39869120774879008, 27.50000000000002132, 0.5345390982237316901 ) ) ;
#3402 = DIRECTION ( 'NONE',  ( -0.0000000000000000000, -0.0000000000000000000, -1.000000000000000000 ) ) ;
#3403 = VERTEX_POINT ( 'NONE', #283 ) ;
#3404 = CYLINDRICAL_SURFACE ( 'NONE', #3418, 3.000000000000002665 ) ;
#3405 = DIRECTION ( 'NONE',  ( -0.0000000000000000000, -0.0000000000000000000, -1.000000000000000000 ) ) ;
#3406 = DIRECTION ( 'NONE',  ( 0.0000000000000000000, 0.0000000000000000000, 1.000000000000000000 ) ) ;
#3407 = CARTESIAN_POINT ( 'NONE',  ( 15.87500000000000000, 44.45000000000000284, 4.500000000000000000 ) ) ;
#3408 = VERTEX_POINT ( 'NONE', #1136 ) ;
#3409 = CARTESIAN_POINT ( 'NONE',  ( 27.49998745802232136, -27.42322288515743267, 0.3250907496815487741 ) ) ;
#3410 = VECTOR ( 'NONE', #3061, 1000.000000000000000 ) ;
#3411 = DIRECTION ( 'NONE',  ( 1.000000000000000000, 0.0000000000000000000, 0.0000000000000000000 ) ) ;
#3412 = VERTEX_POINT ( 'NONE', #869 ) ;
#3413 = AXIS2_PLACEMENT_3D ( 'NONE', #1829, #464, #3467 ) ;
#3414 = DIRECTION ( 'NONE',  ( 1.000000000000000000, 0.0000000000000000000, 0.0000000000000000000 ) ) ;
#3415 = LOCAL_TIME ( 15, 1, 45.00000000000000000, #2189 ) ;
#3416 = EDGE_CURVE ( 'NONE', #2267, #2709, #228, .T. ) ;
#3417 = CARTESIAN_POINT ( 'NONE',  ( 27.17779079796789787, 27.50000000000002487, 0.04670256106681948405 ) ) ;
#3418 = AXIS2_PLACEMENT_3D ( 'NONE', #881, #855, #2787 ) ;
#3419 = VECTOR ( 'NONE', #1393, 1000.000000000000000 ) ;
#3420 = CARTESIAN_POINT ( 'NONE',  ( 26.50000000000002487, 27.50000000000002487, -0.9996271050385656665 ) ) ;
#3421 = ADVANCED_FACE ( 'NONE', ( #5 ), #837, .F. ) ;
#3422 = AXIS2_PLACEMENT_3D ( 'NONE', #495, #2473, #1040 ) ;
#3423 = VECTOR ( 'NONE', #1322, 1000.000000000000000 ) ;
#3424 = VERTEX_POINT ( 'NONE', #2247 ) ;
#3425 = DIRECTION ( 'NONE',  ( 0.0000000000000000000, -0.0000000000000000000, 1.000000000000000000 ) ) ;
#3426 = VECTOR ( 'NONE', #924, 1000.000000000000000 ) ;
#3427 = CARTESIAN_POINT ( 'NONE',  ( 29.59999999999997655, 32.59999999999999432, 4.500000000000000000 ) ) ;
#3428 = PLANE ( 'NONE',  #2706 ) ;
#3429 = CYLINDRICAL_SURFACE ( 'NONE', #3079, 1.000000000000001110 ) ;
#3430 = VECTOR ( 'NONE', #1298, 1000.000000000000000 ) ;
#3431 = VERTEX_POINT ( 'NONE', #3135 ) ;
#3432 = CARTESIAN_POINT ( 'NONE',  ( 27.50000411762754737, -27.40892698347898460, 0.3621799104684748638 ) ) ;
#3433 = ADVANCED_FACE ( 'NONE', ( #2512 ), #574, .F. ) ;
#3434 = VECTOR ( 'NONE', #2870, 1000.000000000000000 ) ;
#3435 = CARTESIAN_POINT ( 'NONE',  ( -27.49999999999997513, 0.0000000000000000000, 4.500000000000000000 ) ) ;
#3436 = ORIENTED_EDGE ( 'NONE', *, *, #3398, .T. ) ;
#3437 = PLANE ( 'NONE',  #1190 ) ;
#3438 = CARTESIAN_POINT ( 'NONE',  ( 27.50000301259877489, 27.39347038301980319, 0.3992697283643075190 ) ) ;
#3439 = CARTESIAN_POINT ( 'NONE',  ( -44.45000000000000284, -19.04999999999999716, 4.500000000000000000 ) ) ;
#3440 = ORIENTED_EDGE ( 'NONE', *, *, #2836, .T. ) ;
#3441 = ADVANCED_FACE ( 'NONE', ( #601 ), #1154, .F. ) ;
#3442 = EDGE_CURVE ( 'NONE', #256, #914, #1071, .T. ) ;
#3443 = CARTESIAN_POINT ( 'NONE',  ( 26.50000000000002487, -17.68449894521845422, 4.500000000000000000 ) ) ;
#3444 = DIRECTION ( 'NONE',  ( -1.000000000000000000, 0.0000000000000000000, 0.0000000000000000000 ) ) ;
#3445 = LINE ( 'NONE', #2901, #1095 ) ;
#3446 = CARTESIAN_POINT ( 'NONE',  ( 69.20000000000003126, 29.98090081228328785, 3.174999999999998046 ) ) ;
#3447 = ORIENTED_EDGE ( 'NONE', *, *, #1971, .F. ) ;
#3448 = CARTESIAN_POINT ( 'NONE',  ( 27.49999999790571081, -26.52837131609906152, -0.9985971035802729823 ) ) ;
#3449 = FACE_OUTER_BOUND ( 'NONE', #1973, .T. ) ;
#3450 = CC_DESIGN_DATE_AND_TIME_ASSIGNMENT ( #3041, #1350, ( #487 ) ) ;
#3451 = ORIENTED_EDGE ( 'NONE', *, *, #142, .F. ) ;
#3452 = DIRECTION ( 'NONE',  ( 0.0000000000000000000, -0.0000000000000000000, -1.000000000000000000 ) ) ;
#3453 = LINE ( 'NONE', #1745, #2536 ) ;
#3454 = VERTEX_POINT ( 'NONE', #2558 ) ;
#3455 = DIRECTION ( 'NONE',  ( 1.000000000000000000, 0.0000000000000000000, 0.0000000000000000000 ) ) ;
#3456 = CARTESIAN_POINT ( 'NONE',  ( -26.56764133573677356, -1.936789243100783819, 2.000000000000000000 ) ) ;
#3457 = DIRECTION ( 'NONE',  ( -1.000000000000000000, 0.0000000000000000000, 0.0000000000000000000 ) ) ;
#3458 = EDGE_CURVE ( 'NONE', #2012, #3412, #53, .T. ) ;
#3459 = DIRECTION ( 'NONE',  ( 0.9961946980917453232, 0.08715574274766224594, -0.0000000000000000000 ) ) ;
#3460 = ORIENTED_EDGE ( 'NONE', *, *, #1851, .F. ) ;
#3461 = CARTESIAN_POINT ( 'NONE',  ( 27.44548014255894941, -27.49999999999987921, -0.9250357617718535375 ) ) ;
#3462 = CARTESIAN_POINT ( 'NONE',  ( 29.59999999999997655, -32.60000000000000853, -4.500000000000000000 ) ) ;
#3463 = ORIENTED_EDGE ( 'NONE', *, *, #1620, .F. ) ;
#3464 = CARTESIAN_POINT ( 'NONE',  ( 27.50000000000002487, -26.50316931289117051, 0.9995408591894345829 ) ) ;
#3465 = AXIS2_PLACEMENT_3D ( 'NONE', #1077, #3321, #800 ) ;
#3466 = AXIS2_PLACEMENT_3D ( 'NONE', #2198, #1903, #2153 ) ;
#3467 = DIRECTION ( 'NONE',  ( 0.0000000000000000000, 0.0000000000000000000, -1.000000000000000000 ) ) ;
#3468 = CARTESIAN_POINT ( 'NONE',  ( 27.47505791002071618, 27.50000000000001776, -0.9847803176507210488 ) ) ;
#3469 =( BOUNDED_CURVE ( )  B_SPLINE_CURVE ( 3, ( #1525, #138, #159, #2663 ),
 .UNSPECIFIED., .F., .T. ) 
 B_SPLINE_CURVE_WITH_KNOTS ( ( 4, 4 ),
 ( 3.141592653589793116, 6.283185307179586232 ),
 .UNSPECIFIED. ) 
 CURVE ( )  GEOMETRIC_REPRESENTATION_ITEM ( )  RATIONAL_B_SPLINE_CURVE ( ( 1.000000000000000000, 0.3333333333333333703, 0.3333333333333333703, 1.000000000000000000 ) ) 
 REPRESENTATION_ITEM ( '' )  );
#3470 = VERTEX_POINT ( 'NONE', #3456 ) ;
#3471 = LINE ( 'NONE', #952, #1659 ) ;
#3472 = CIRCLE ( 'NONE', #319, 4.999999999999997335 ) ;
#3473 = DIRECTION ( 'NONE',  ( 1.000000000000000000, 0.0000000000000000000, 0.0000000000000000000 ) ) ;
#3474 = CARTESIAN_POINT ( 'NONE',  ( -44.45000000000000284, -19.04999999999999716, -4.500000000000000000 ) ) ;
#3475 = LINE ( 'NONE', #3530, #2843 ) ;
#3476 = EDGE_LOOP ( 'NONE', ( #2477, #727, #2690, #338 ) ) ;
#3477 = ORIENTED_EDGE ( 'NONE', *, *, #3167, .F. ) ;
#3478 = VECTOR ( 'NONE', #2564, 1000.000000000000000 ) ;
#3479 = EDGE_CURVE ( 'NONE', #3032, #1342, #3151, .T. ) ;
#3480 = CARTESIAN_POINT ( 'NONE',  ( 27.47531415459517490, -27.50000000000017764, -0.9850702456579750743 ) ) ;
#3481 = ORIENTED_EDGE ( 'NONE', *, *, #447, .F. ) ;
#3482 = AXIS2_PLACEMENT_3D ( 'NONE', #1855, #2105, #2937 ) ;
#3483 = CARTESIAN_POINT ( 'NONE',  ( -0.0000000000000000000, 54.20000000000001705, -5.000000000000000000 ) ) ;
#3484 = ORIENTED_EDGE ( 'NONE', *, *, #1130, .F. ) ;
#3485 = EDGE_CURVE ( 'NONE', #3338, #1293, #954, .T. ) ;
#3486 = EDGE_CURVE ( 'NONE', #2262, #1527, #1761, .T. ) ;
#3487 = CARTESIAN_POINT ( 'NONE',  ( 27.48188807301855263, -27.49999999999998224, 0.9908660991790247952 ) ) ;
#3488 = LINE ( 'NONE', #112, #1711 ) ;
#3489 = FACE_OUTER_BOUND ( 'NONE', #1207, .T. ) ;
#3490 = ORIENTED_EDGE ( 'NONE', *, *, #651, .T. ) ;
#3491 = EDGE_CURVE ( 'NONE', #2412, #1505, #1232, .T. ) ;
#3492 = LINE ( 'NONE', #3198, #30 ) ;
#3493 = CARTESIAN_POINT ( 'NONE',  ( -60.49764423687450687, -17.76997295935242249, 1.008788647599787371E-15 ) ) ;
#3494 = CARTESIAN_POINT ( 'NONE',  ( 27.23049991210350385, -27.49999999999996447, -0.02743014683455944486 ) ) ;
#3495 = DIRECTION ( 'NONE',  ( -0.0000000000000000000, -0.0000000000000000000, -1.000000000000000000 ) ) ;
#3496 = EDGE_LOOP ( 'NONE', ( #3226, #730, #490, #434, #463 ) ) ;
#3497 = ORIENTED_EDGE ( 'NONE', *, *, #1426, .F. ) ;
#3498 = CARTESIAN_POINT ( 'NONE',  ( 32.59999999999999432, -29.59999999999999076, 1.999999999999999556 ) ) ;
#3499 = VERTEX_POINT ( 'NONE', #2623 ) ;
#3500 = CARTESIAN_POINT ( 'NONE',  ( 27.40619021703409075, 27.50000000000002132, 0.6888595741500642688 ) ) ;
#3501 = PLANE ( 'NONE',  #1379 ) ;
#3502 = ORIENTED_EDGE ( 'NONE', *, *, #2377, .F. ) ;
#3503 = FACE_OUTER_BOUND ( 'NONE', #646, .T. ) ;
#3504 = VERTEX_POINT ( 'NONE', #157 ) ;
#3505 = EDGE_CURVE ( 'NONE', #2267, #1819, #428, .T. ) ;
#3506 = EDGE_CURVE ( 'NONE', #2793, #1802, #1545, .T. ) ;
#3507 = CARTESIAN_POINT ( 'NONE',  ( 0.0000000000000000000, 0.0000000000000000000, -5.000000000000000000 ) ) ;
#3508 = CARTESIAN_POINT ( 'NONE',  ( 27.50000000000002487, 26.50000000000002487, -0.9996271050385654444 ) ) ;
#3509 = LINE ( 'NONE', #989, #2487 ) ;
#3510 = SECURITY_CLASSIFICATION_LEVEL ( 'unclassified' ) ;
#3511 = CARTESIAN_POINT ( 'NONE',  ( 27.17693384939796886, -27.49999999999997868, -0.04690022199612464693 ) ) ;
#3512 = CARTESIAN_POINT ( 'NONE',  ( 27.50000000000002487, -26.49999999999997868, 4.500000000000000000 ) ) ;
#3513 = VERTEX_POINT ( 'NONE', #2038 ) ;
#3514 = DIRECTION ( 'NONE',  ( 1.000000000000000000, -0.0000000000000000000, -0.0000000000000000000 ) ) ;
#3515 = CARTESIAN_POINT ( 'NONE',  ( -29.59999999999998366, -32.60000000000000853, -1.999999999999999556 ) ) ;
#3516 = CARTESIAN_POINT ( 'NONE',  ( 26.79649254206043807, -27.49999999999997868, -0.2858428283149079818 ) ) ;
#3517 = ORIENTED_EDGE ( 'NONE', *, *, #3103, .T. ) ;
#3518 = CARTESIAN_POINT ( 'NONE',  ( 26.88080538387845664, 27.50000000000002487, 0.2110785334490438703 ) ) ;
#3519 = DIRECTION ( 'NONE',  ( -1.000000000000000000, -1.568111616702198598E-16, 0.0000000000000000000 ) ) ;
#3520 = ORIENTED_EDGE ( 'NONE', *, *, #1066, .F. ) ;
#3521 = DIRECTION ( 'NONE',  ( 0.0000000000000000000, -1.000000000000000000, 0.0000000000000000000 ) ) ;
#3522 = EDGE_LOOP ( 'NONE', ( #1276, #411, #747, #342 ) ) ;
#3523 = ADVANCED_FACE ( 'NONE', ( #2050 ), #2344, .F. ) ;
#3524 = CARTESIAN_POINT ( 'NONE',  ( 69.20000000000003126, 29.98090081228328785, 1.008788647599787371E-15 ) ) ;
#3525 = CARTESIAN_POINT ( 'NONE',  ( 27.49688576748198798, 27.50000000000002487, -0.9995423645178599381 ) ) ;
#3526 = CARTESIAN_POINT ( 'NONE',  ( 41.27500000000000568, 19.04999999999999716, -4.500000000000000000 ) ) ;
#3527 = AXIS2_PLACEMENT_3D ( 'NONE', #242, #2851, #2568 ) ;
#3528 = CARTESIAN_POINT ( 'NONE',  ( -32.60000000000000142, 29.59999999999997655, 1.999999999999999556 ) ) ;
#3529 = AXIS2_PLACEMENT_3D ( 'NONE', #37, #4, #295 ) ;
#3530 = CARTESIAN_POINT ( 'NONE',  ( 29.59999999999997655, 32.59999999999999432, 1.999999999999999556 ) ) ;
#3531 = ORIENTED_EDGE ( 'NONE', *, *, #1793, .T. ) ;
#3532 = AXIS2_PLACEMENT_3D ( 'NONE', #62, #629, #1743 ) ;
#3533 = ORIENTED_EDGE ( 'NONE', *, *, #2478, .F. ) ;
#3534 = CARTESIAN_POINT ( 'NONE',  ( -15.81764133573676467, 15.68678924310080269, -2.000000000000000000 ) ) ;
#3535 = VECTOR ( 'NONE', #2782, 1000.000000000000000 ) ;
#3536 = FACE_OUTER_BOUND ( 'NONE', #1553, .T. ) ;
#3537 = DIRECTION ( 'NONE',  ( -0.0000000000000000000, -0.0000000000000000000, 1.000000000000000000 ) ) ;
#3538 = DIRECTION ( 'NONE',  ( 1.000000000000000000, 0.0000000000000000000, 0.0000000000000000000 ) ) ;
#3539 = AXIS2_PLACEMENT_3D ( 'NONE', #1924, #2499, #1906 ) ;
#3540 = ORIENTED_EDGE ( 'NONE', *, *, #2354, .T. ) ;
#3541 = VERTEX_POINT ( 'NONE', #634 ) ;
#3542 = CARTESIAN_POINT ( 'NONE',  ( 27.44489928579339022, -27.49999999999987921, 0.9233843068203531068 ) ) ;
#3543 = CIRCLE ( 'NONE', #719, 1.000000000000000888 ) ;
#3544 = ORIENTED_EDGE ( 'NONE', *, *, #2631, .F. ) ;
#3545 = CARTESIAN_POINT ( 'NONE',  ( -32.60000000000000142, 29.59999999999997655, -1.999999999999999556 ) ) ;
#3546 = CARTESIAN_POINT ( 'NONE',  ( 27.44489928578719073, 27.50000000000002132, -0.9233843068024006895 ) ) ;
#3547 = DIRECTION ( 'NONE',  ( 1.000000000000000000, 0.0000000000000000000, 0.0000000000000000000 ) ) ;
#3548 = CARTESIAN_POINT ( 'NONE',  ( 26.51902224688791065, -27.49999999999997513, -0.7746394842760171429 ) ) ;
#3549 = EDGE_CURVE ( 'NONE', #2600, #3470, #711, .T. ) ;
#3550 = ADVANCED_FACE ( 'NONE', ( #3214 ), #2869, .F. ) ;
#3551 = DIRECTION ( 'NONE',  ( 1.000000000000000000, 0.0000000000000000000, 0.0000000000000000000 ) ) ;
#3552 = ORIENTED_EDGE ( 'NONE', *, *, #2427, .T. ) ;
#3553 = ORIENTED_EDGE ( 'NONE', *, *, #968, .T. ) ;
#3554 = CARTESIAN_POINT ( 'NONE',  ( 60.31000000000003070, 30.34691197243906302, 1.008788647599787371E-15 ) ) ;
#3555 = DIRECTION ( 'NONE',  ( 0.0000000000000000000, 0.0000000000000000000, 1.000000000000000000 ) ) ;
#3556 = CYLINDRICAL_SURFACE ( 'NONE', #3083, 1.000000000000001110 ) ;
#3557 = CARTESIAN_POINT ( 'NONE',  ( -15.74999999999997158, 16.68449894521847909, -2.000000000000000000 ) ) ;
#3558 = ORIENTED_EDGE ( 'NONE', *, *, #2055, .F. ) ;
#3559 = ORIENTED_EDGE ( 'NONE', *, *, #1130, .T. ) ;
#3560 = CARTESIAN_POINT ( 'NONE',  ( 27.50000000438034320, -26.59711605483777674, 0.9924043279421453922 ) ) ;
#3561 = EDGE_LOOP ( 'NONE', ( #2664, #233, #302, #593 ) ) ;
#3562 = EDGE_CURVE ( 'NONE', #3044, #2441, #1194, .T. ) ;
#3563 = ORIENTED_EDGE ( 'NONE', *, *, #3129, .F. ) ;
#3564 = CYLINDRICAL_SURFACE ( 'NONE', #2295, 3.175000000000000711 ) ;
#3565 = CARTESIAN_POINT ( 'NONE',  ( 27.39341045914874684, 27.50000000000002487, -0.06449635804519122939 ) ) ;
#3566 = DIRECTION ( 'NONE',  ( 0.0000000000000000000, -1.000000000000000000, 0.0000000000000000000 ) ) ;
#3567 = PERSON_AND_ORGANIZATION ( #14, #421 ) ;
#3568 = CARTESIAN_POINT ( 'NONE',  ( 26.64974525606495703, -27.49999999999997513, -0.4607953011869151405 ) ) ;
#3569 = DIRECTION ( 'NONE',  ( -1.000000000000000000, 0.0000000000000000000, -2.168404344971006896E-16 ) ) ;
#3570 = EDGE_LOOP ( 'NONE', ( #2054, #2096 ) ) ;
#3571 = ORIENTED_EDGE ( 'NONE', *, *, #1175, .F. ) ;
#3572 = CARTESIAN_POINT ( 'NONE',  ( 41.27500000000000568, -19.04999999999999716, 4.500000000000000000 ) ) ;
#3573 = EDGE_CURVE ( 'NONE', #2306, #2412, #1219, .T. ) ;
#3574 = FACE_OUTER_BOUND ( 'NONE', #2708, .T. ) ;
#3575 = EDGE_CURVE ( 'NONE', #2443, #1101, #2636, .T. ) ;
#3576 = CARTESIAN_POINT ( 'NONE',  ( -26.49999999999997513, 2.000000000000014655, 2.000000000000000000 ) ) ;
#3577 = DIRECTION ( 'NONE',  ( 1.000000000000000000, 0.0000000000000000000, 0.0000000000000000000 ) ) ;
#3578 = ORIENTED_EDGE ( 'NONE', *, *, #216, .F. ) ;
#3579 = ORIENTED_EDGE ( 'NONE', *, *, #1464, .F. ) ;
#3580 = CARTESIAN_POINT ( 'NONE',  ( 27.39578609054924740, -27.49999999999996803, 0.3801527722028577028 ) ) ;
#3581 = ORIENTED_EDGE ( 'NONE', *, *, #1550, .F. ) ;
#3582 = ORIENTED_EDGE ( 'NONE', *, *, #2857, .T. ) ;
#3583 = CARTESIAN_POINT ( 'NONE',  ( 29.59999999999999787, -29.60000000000001208, -4.500000000000000000 ) ) ;
#3584 = CARTESIAN_POINT ( 'NONE',  ( 27.39349804012653067, 27.50000000000002487, -0.09255129153073878012 ) ) ;
#3585 = DIRECTION ( 'NONE',  ( 0.0000000000000000000, -0.0000000000000000000, 1.000000000000000000 ) ) ;
#3586 = APPROVAL_STATUS ( 'not_yet_approved' ) ;
#3587 = VERTEX_POINT ( 'NONE', #359 ) ;
#3588 = FACE_OUTER_BOUND ( 'NONE', #2396, .T. ) ;
#3589 = VECTOR ( 'NONE', #2766, 1000.000000000000000 ) ;
#3590 = LINE ( 'NONE', #534, #325 ) ;
#3591 = VERTEX_POINT ( 'NONE', #3199 ) ;
#3592 = CIRCLE ( 'NONE', #2931, 3.174999999999997158 ) ;
#3593 = CARTESIAN_POINT ( 'NONE',  ( -44.45000000000000284, 19.04999999999999716, -4.500000000000000000 ) ) ;
#3594 = CARTESIAN_POINT ( 'NONE',  ( -27.49999999999997513, 22.50000000000001776, 4.500000000000000000 ) ) ;
#3595 = DIRECTION ( 'NONE',  ( 0.9977097021176764002, 0.06764133573679165234, -0.0000000000000000000 ) ) ;
#3596 = CARTESIAN_POINT ( 'NONE',  ( 27.50000003190398346, 26.73848934619241646, 0.9646654241197595292 ) ) ;
#3597 = AXIS2_PLACEMENT_3D ( 'NONE', #2495, #1396, #2263 ) ;
#3598 = LINE ( 'NONE', #1978, #137 ) ;
#3599 = ORIENTED_EDGE ( 'NONE', *, *, #3629, .T. ) ;
#3600 = AXIS2_PLACEMENT_3D ( 'NONE', #191, #1310, #1032 ) ;
#3601 = CARTESIAN_POINT ( 'NONE',  ( 27.45642859186112261, -27.50000000000007816, 0.9526661937510828571 ) ) ;
#3602 = AXIS2_PLACEMENT_3D ( 'NONE', #127, #3521, #3452 ) ;
#3603 = ORIENTED_EDGE ( 'NONE', *, *, #988, .F. ) ;
#3604 = VECTOR ( 'NONE', #3519, 1000.000000000000000 ) ;
#3605 = DIRECTION ( 'NONE',  ( -0.0000000000000000000, -0.0000000000000000000, -1.000000000000000000 ) ) ;
#3606 = EDGE_CURVE ( 'NONE', #1500, #3197, #2315, .T. ) ;
#3607 = ORIENTED_EDGE ( 'NONE', *, *, #1552, .F. ) ;
#3608 = AXIS2_PLACEMENT_3D ( 'NONE', #2073, #2998, #489 ) ;
#3609 = DIRECTION ( 'NONE',  ( 1.000000000000000000, -0.0000000000000000000, -0.0000000000000000000 ) ) ;
#3610 = CARTESIAN_POINT ( 'NONE',  ( 27.39554933880227239, 27.50000000000002487, -0.3611781066647294369 ) ) ;
#3611 = AXIS2_PLACEMENT_3D ( 'NONE', #3085, #2545, #2841 ) ;
#3612 = LINE ( 'NONE', #255, #2940 ) ;
#3613 = CIRCLE ( 'NONE', #1676, 3.174999999999997158 ) ;
#3614 = ORIENTED_EDGE ( 'NONE', *, *, #3169, .F. ) ;
#3615 = EDGE_CURVE ( 'NONE', #250, #2980, #2000, .T. ) ;
#3616 = DIRECTION ( 'NONE',  ( 1.000000000000000000, 1.280238727658160503E-16, -0.0000000000000000000 ) ) ;
#3617 = ORIENTED_EDGE ( 'NONE', *, *, #2193, .T. ) ;
#3618 = DIRECTION ( 'NONE',  ( -0.06764133573679166622, 0.9977097021176765113, 0.0000000000000000000 ) ) ;
#3619 = DIRECTION ( 'NONE',  ( 1.000000000000000000, 0.0000000000000000000, -3.614007241618345221E-15 ) ) ;
#3620 = CARTESIAN_POINT ( 'NONE',  ( -22.22500000000000142, 44.45000000000000284, -4.500000000000000000 ) ) ;
#3621 = DIRECTION ( 'NONE',  ( 1.000000000000000000, 0.0000000000000000000, 0.0000000000000000000 ) ) ;
#3622 = ORIENTED_EDGE ( 'NONE', *, *, #128, .F. ) ;
#3623 = CARTESIAN_POINT ( 'NONE',  ( 27.39813418236659004, -27.49999999999998224, 0.5109310752002075295 ) ) ;
#3624 = CARTESIAN_POINT ( 'NONE',  ( 26.50000000000002487, 17.75000000000001066, 2.000000000000000000 ) ) ;
#3625 = VERTEX_POINT ( 'NONE', #2915 ) ;
#3626 = DIRECTION ( 'NONE',  ( -0.0000000000000000000, -0.0000000000000000000, -1.000000000000000000 ) ) ;
#3627 = EDGE_CURVE ( 'NONE', #1937, #1589, #2773, .T. ) ;
#3628 = CARTESIAN_POINT ( 'NONE',  ( 27.49999959074577305, 26.98545493848527244, -0.8616242973280523465 ) ) ;
#3629 = EDGE_CURVE ( 'NONE', #3504, #769, #1135, .T. ) ;
ENDSEC;
END-ISO-10303-21;
